{
  "count": 3,
  "results": [
    {
      "height": 950748,
      "nodes": 118,
      "percent": 81.37931
    },
    {
      "height": 950746,
      "nodes": 1,
      "percent": 0.689655
    },
    {
      "height": 0,
      "nodes": 26,
      "percent": 17.931034
    }
  ]
}
