{
  "count": 4,
  "results": [
    {
      "height": 950665,
      "nodes": 107,
      "percent": 82.945736
    },
    {
      "height": 950664,
      "nodes": 1,
      "percent": 0.775194
    },
    {
      "height": 542560,
      "nodes": 1,
      "percent": 0.775194
    },
    {
      "height": 0,
      "nodes": 20,
      "percent": 15.503876
    }
  ]
}
