{
  "count": 3,
  "results": [
    {
      "height": 950753,
      "nodes": 114,
      "percent": 83.211679
    },
    {
      "height": 950752,
      "nodes": 2,
      "percent": 1.459854
    },
    {
      "height": 0,
      "nodes": 21,
      "percent": 15.328467
    }
  ]
}
