{
  "count": 3,
  "results": [
    {
      "height": 950752,
      "nodes": 127,
      "percent": 88.194444
    },
    {
      "height": 950750,
      "nodes": 1,
      "percent": 0.694444
    },
    {
      "height": 0,
      "nodes": 16,
      "percent": 11.111111
    }
  ]
}
