{
  "count": 3,
  "results": [
    {
      "height": 950712,
      "nodes": 103,
      "percent": 76.865672
    },
    {
      "height": 950711,
      "nodes": 3,
      "percent": 2.238806
    },
    {
      "height": 0,
      "nodes": 28,
      "percent": 20.895522
    }
  ]
}
