{
  "count": 4,
  "results": [
    {
      "height": 950722,
      "nodes": 115,
      "percent": 78.231293
    },
    {
      "height": 950721,
      "nodes": 1,
      "percent": 0.680272
    },
    {
      "height": 950720,
      "nodes": 2,
      "percent": 1.360544
    },
    {
      "height": 0,
      "nodes": 29,
      "percent": 19.727891
    }
  ]
}
