{
  "count": 4,
  "results": [
    {
      "height": 950648,
      "nodes": 108,
      "percent": 76.056338
    },
    {
      "height": 950645,
      "nodes": 8,
      "percent": 5.633803
    },
    {
      "height": 535786,
      "nodes": 1,
      "percent": 0.704225
    },
    {
      "height": 0,
      "nodes": 25,
      "percent": 17.605634
    }
  ]
}
