{
  "count": 3,
  "results": [
    {
      "height": 950706,
      "nodes": 109,
      "percent": 83.846154
    },
    {
      "height": 950703,
      "nodes": 1,
      "percent": 0.769231
    },
    {
      "height": 0,
      "nodes": 20,
      "percent": 15.384615
    }
  ]
}
