{
  "count": 3,
  "results": [
    {
      "height": 950699,
      "nodes": 119,
      "percent": 83.216783
    },
    {
      "height": 950697,
      "nodes": 3,
      "percent": 2.097902
    },
    {
      "height": 0,
      "nodes": 21,
      "percent": 14.685315
    }
  ]
}
