{
  "count": 3,
  "results": [
    {
      "height": 950691,
      "nodes": 115,
      "percent": 83.941606
    },
    {
      "height": 950690,
      "nodes": 1,
      "percent": 0.729927
    },
    {
      "height": 0,
      "nodes": 21,
      "percent": 15.328467
    }
  ]
}
