{
  "count": 4,
  "results": [
    {
      "height": 950659,
      "nodes": 125,
      "percent": 83.892617
    },
    {
      "height": 949816,
      "nodes": 1,
      "percent": 0.671141
    },
    {
      "height": 884595,
      "nodes": 1,
      "percent": 0.671141
    },
    {
      "height": 0,
      "nodes": 22,
      "percent": 14.765101
    }
  ]
}
