{"type":"FeatureCollection","schema":"zzx-bitnodes-map-polygons-v4","name":"ZZX Bitnodes Map Polygons","generated_at":"2026-10-11T10:15:24+00:00","polygon_dir":"/home/runner/work/zzx-labs-website/zzx-labs-website/bitcoin/bitnodes/data/geo/polygons","feature_count":892,"density_feature_count":803,"country_footprint_count":86,"overlay_feature_count":2,"external_feature_count":0,"red_ring_semantics":{"sanctioned_density_or_country":"red polygon stroke/fill and marker_ring=true","policy_restricted_density_or_country":"red-orange polygon stroke/fill and marker_ring=true","threat_density_or_country":"orange threat polygon stroke/fill and marker_ring=true"},"false_positive_control":{"threat_infrastructure":"defensive infrastructure correlation only","threat_actor_labels":"explicit trusted metadata/feed labels only","no_country_to_apt_inference":true},"features":[{"type":"Feature","id":"world_bounds","geometry":{"type":"Polygon","coordinates":[[[-180.0,-85.0],[180.0,-85.0],[180.0,85.0],[-180.0,85.0],[-180.0,-85.0]]]},"properties":{"name":"World Bounds","kind":"reference-bounds","stroke":"#c0d674","fill":"transparent","opacity":0.22,"interactive":false}},{"type":"Feature","id":"node-density-grid-10:50:0","geometry":{"type":"Polygon","coordinates":[[[0,50],[10,50],[10,60],[0,60],[0,50]]]},"properties":{"name":"10° Density Cell 50,0","kind":"density-grid","grid_size_degrees":10,"point_count":791,"intensity":1.0,"networks":{"ipv4":791},"statuses":{"duplicate-location":703,"Unknown":88},"countries":{"DE":481,"NL":226,"FR":50,"BE":15,"GB":13,"DK":4,"NO":2},"sanctioned_nodes":0,"policy_restricted_nodes":0,"threat_infrastructure_nodes":0,"stroke":"#c0d674","fill":"#c0d674","opacity":0.55,"marker_ring":false}},{"type":"Feature","id":"node-density-grid-10:40:-80","geometry":{"type":"Polygon","coordinates":[[[-80,40],[-70,40],[-70,50],[-80,50],[-80,40]]]},"properties":{"name":"10° Density Cell 40,-80","kind":"density-grid","grid_size_degrees":10,"point_count":436,"intensity":0.551201,"networks":{"ipv4":436},"statuses":{"duplicate-location":350,"Unknown":86},"countries":{"US":221,"CA":215},"sanctioned_nodes":0,"policy_restricted_nodes":0,"threat_infrastructure_nodes":0,"stroke":"#c0d674","fill":"#c0d674","opacity":0.3032,"marker_ring":false}},{"type":"Feature","id":"node-density-grid-10:50:10","geometry":{"type":"Polygon","coordinates":[[[10,50],[20,50],[20,60],[10,60],[10,50]]]},"properties":{"name":"10° Density Cell 50,10","kind":"density-grid","grid_size_degrees":10,"point_count":356,"intensity":0.450063,"networks":{"ipv4":356},"statuses":{"duplicate-location":288,"Unknown":68},"countries":{"DE":257,"SE":60,"CZ":16,"PL":12,"NO":7,"DK":4},"sanctioned_nodes":0,"policy_restricted_nodes":0,"threat_infrastructure_nodes":0,"stroke":"#c0d674","fill":"#c0d674","opacity":0.2475,"marker_ring":false}},{"type":"Feature","id":"node-density-grid-10:40:0","geometry":{"type":"Polygon","coordinates":[[[0,40],[10,40],[10,50],[0,50],[0,40]]]},"properties":{"name":"10° Density Cell 40,0","kind":"density-grid","grid_size_degrees":10,"point_count":265,"intensity":0.335019,"networks":{"ipv4":265},"statuses":{"duplicate-location":167,"Unknown":98},"countries":{"CH":107,"FR":98,"DE":28,"IT":22,"ES":3,"AT":2,"LI":2,"LU":2,"AD":1},"sanctioned_nodes":0,"policy_restricted_nodes":0,"threat_infrastructure_nodes":0,"stroke":"#c0d674","fill":"#c0d674","opacity":0.1843,"marker_ring":false}},{"type":"Feature","id":"node-density-grid-10:30:-120","geometry":{"type":"Polygon","coordinates":[[[-120,30],[-110,30],[-110,40],[-120,40],[-120,30]]]},"properties":{"name":"10° Density Cell 30,-120","kind":"density-grid","grid_size_degrees":10,"point_count":243,"intensity":0.307206,"networks":{"ipv4":243},"statuses":{"duplicate-location":188,"Unknown":55},"countries":{"US":243},"sanctioned_nodes":0,"policy_restricted_nodes":0,"threat_infrastructure_nodes":0,"stroke":"#c0d674","fill":"#c0d674","opacity":0.169,"marker_ring":false}},{"type":"Feature","id":"node-density-grid-10:30:-100","geometry":{"type":"Polygon","coordinates":[[[-100,30],[-90,30],[-90,40],[-100,40],[-100,30]]]},"properties":{"name":"10° Density Cell 30,-100","kind":"density-grid","grid_size_degrees":10,"point_count":224,"intensity":0.283186,"networks":{"ipv4":224},"statuses":{"duplicate-location":157,"Unknown":67},"countries":{"US":224},"sanctioned_nodes":0,"policy_restricted_nodes":0,"threat_infrastructure_nodes":0,"stroke":"#c0d674","fill":"#c0d674","opacity":0.1558,"marker_ring":false}},{"type":"Feature","id":"node-density-grid-10:40:-130","geometry":{"type":"Polygon","coordinates":[[[-130,40],[-120,40],[-120,50],[-130,50],[-130,40]]]},"properties":{"name":"10° Density Cell 40,-130","kind":"density-grid","grid_size_degrees":10,"point_count":218,"intensity":0.275601,"networks":{"ipv4":218},"statuses":{"duplicate-location":170,"Unknown":48},"countries":{"US":188,"CA":30},"sanctioned_nodes":0,"policy_restricted_nodes":0,"threat_infrastructure_nodes":0,"stroke":"#c0d674","fill":"#c0d674","opacity":0.1516,"marker_ring":false}},{"type":"Feature","id":"node-density-grid-10:40:-90","geometry":{"type":"Polygon","coordinates":[[[-90,40],[-80,40],[-80,50],[-90,50],[-90,40]]]},"properties":{"name":"10° Density Cell 40,-90","kind":"density-grid","grid_size_degrees":10,"point_count":201,"intensity":0.254109,"networks":{"ipv4":201},"statuses":{"duplicate-location":131,"Unknown":70},"countries":{"US":192,"CA":9},"sanctioned_nodes":0,"policy_restricted_nodes":0,"threat_infrastructure_nodes":0,"stroke":"#c0d674","fill":"#c0d674","opacity":0.1398,"marker_ring":false}},{"type":"Feature","id":"node-density-grid-10:40:10","geometry":{"type":"Polygon","coordinates":[[[10,40],[20,40],[20,50],[10,50],[10,40]]]},"properties":{"name":"10° Density Cell 40,10","kind":"density-grid","grid_size_degrees":10,"point_count":197,"intensity":0.249052,"networks":{"ipv4":197},"statuses":{"duplicate-location":125,"Unknown":72},"countries":{"DE":117,"AT":29,"IT":14,"CZ":13,"HU":8,"SI":5,"SK":5,"HR":4,"CH":1,"RS":1},"sanctioned_nodes":0,"policy_restricted_nodes":0,"threat_infrastructure_nodes":0,"stroke":"#c0d674","fill":"#c0d674","opacity":0.137,"marker_ring":false}},{"type":"Feature","id":"node-density-grid-10:30:-80","geometry":{"type":"Polygon","coordinates":[[[-80,30],[-70,30],[-70,40],[-80,40],[-80,30]]]},"properties":{"name":"10° Density Cell 30,-80","kind":"density-grid","grid_size_degrees":10,"point_count":192,"intensity":0.242731,"networks":{"ipv4":192},"statuses":{"duplicate-location":161,"Unknown":31},"countries":{"US":192},"sanctioned_nodes":0,"policy_restricted_nodes":0,"threat_infrastructure_nodes":0,"stroke":"#c0d674","fill":"#c0d674","opacity":0.1335,"marker_ring":false}},{"type":"Feature","id":"node-density-grid-10:50:-10","geometry":{"type":"Polygon","coordinates":[[[-10,50],[0,50],[0,60],[-10,60],[-10,50]]]},"properties":{"name":"10° Density Cell 50,-10","kind":"density-grid","grid_size_degrees":10,"point_count":177,"intensity":0.223767,"networks":{"ipv4":177},"statuses":{"duplicate-location":122,"Unknown":55},"countries":{"GB":160,"IE":17},"sanctioned_nodes":0,"policy_restricted_nodes":0,"threat_infrastructure_nodes":0,"stroke":"#c0d674","fill":"#c0d674","opacity":0.1231,"marker_ring":false}},{"type":"Feature","id":"node-density-grid-10:30:-90","geometry":{"type":"Polygon","coordinates":[[[-90,30],[-80,30],[-80,40],[-90,40],[-90,30]]]},"properties":{"name":"10° Density Cell 30,-90","kind":"density-grid","grid_size_degrees":10,"point_count":131,"intensity":0.165613,"networks":{"ipv4":131},"statuses":{"Unknown":83,"duplicate-location":48},"countries":{"US":131},"sanctioned_nodes":0,"policy_restricted_nodes":0,"threat_infrastructure_nodes":0,"stroke":"#c0d674","fill":"#c0d674","opacity":0.0911,"marker_ring":false}},{"type":"Feature","id":"node-density-grid-10:0:100","geometry":{"type":"Polygon","coordinates":[[[100,0],[110,0],[110,10],[100,10],[100,0]]]},"properties":{"name":"10° Density Cell 0,100","kind":"density-grid","grid_size_degrees":10,"point_count":123,"intensity":0.155499,"networks":{"ipv4":123},"statuses":{"duplicate-location":110,"Unknown":13},"countries":{"SG":121,"MY":2},"sanctioned_nodes":0,"policy_restricted_nodes":0,"threat_infrastructure_nodes":0,"stroke":"#c0d674","fill":"#c0d674","opacity":0.0855,"marker_ring":false}},{"type":"Feature","id":"node-density-grid-10:30:120","geometry":{"type":"Polygon","coordinates":[[[120,30],[130,30],[130,40],[120,40],[120,30]]]},"properties":{"name":"10° Density Cell 30,120","kind":"density-grid","grid_size_degrees":10,"point_count":122,"intensity":0.154235,"networks":{"ipv4":122},"statuses":{"duplicate-location":105,"Unknown":17},"countries":{"KR":113,"CN":9},"sanctioned_nodes":0,"policy_restricted_nodes":0,"threat_infrastructure_nodes":0,"stroke":"#c0d674","fill":"#c0d674","opacity":0.0848,"marker_ring":false}},{"type":"Feature","id":"node-density-grid-10:30:130","geometry":{"type":"Polygon","coordinates":[[[130,30],[140,30],[140,40],[130,40],[130,30]]]},"properties":{"name":"10° Density Cell 30,130","kind":"density-grid","grid_size_degrees":10,"point_count":99,"intensity":0.125158,"networks":{"ipv4":99},"statuses":{"duplicate-location":85,"Unknown":14},"countries":{"JP":99},"sanctioned_nodes":0,"policy_restricted_nodes":0,"threat_infrastructure_nodes":0,"stroke":"#c0d674","fill":"#c0d674","opacity":0.08,"marker_ring":false}},{"type":"Feature","id":"node-density-grid-10:60:20","geometry":{"type":"Polygon","coordinates":[[[20,60],[30,60],[30,70],[20,70],[20,60]]]},"properties":{"name":"10° Density Cell 60,20","kind":"density-grid","grid_size_degrees":10,"point_count":84,"intensity":0.106195,"networks":{"ipv4":84},"statuses":{"duplicate-location":71,"Unknown":13},"countries":{"FI":80,"SE":4},"sanctioned_nodes":0,"policy_restricted_nodes":0,"threat_infrastructure_nodes":0,"stroke":"#c0d674","fill":"#c0d674","opacity":0.08,"marker_ring":false}},{"type":"Feature","id":"node-density-grid-10:40:-120","geometry":{"type":"Polygon","coordinates":[[[-120,40],[-110,40],[-110,50],[-120,50],[-120,40]]]},"properties":{"name":"10° Density Cell 40,-120","kind":"density-grid","grid_size_degrees":10,"point_count":82,"intensity":0.103666,"networks":{"ipv4":82},"statuses":{"duplicate-location":63,"Unknown":19},"countries":{"US":80,"CA":2},"sanctioned_nodes":0,"policy_restricted_nodes":0,"threat_infrastructure_nodes":0,"stroke":"#c0d674","fill":"#c0d674","opacity":0.08,"marker_ring":false}},{"type":"Feature","id":"node-density-grid-10:30:-130","geometry":{"type":"Polygon","coordinates":[[[-130,30],[-120,30],[-120,40],[-130,40],[-130,30]]]},"properties":{"name":"10° Density Cell 30,-130","kind":"density-grid","grid_size_degrees":10,"point_count":78,"intensity":0.098609,"networks":{"ipv4":78},"statuses":{"duplicate-location":57,"Unknown":21},"countries":{"US":78},"sanctioned_nodes":0,"policy_restricted_nodes":0,"threat_infrastructure_nodes":0,"stroke":"#c0d674","fill":"#c0d674","opacity":0.08,"marker_ring":false}},{"type":"Feature","id":"node-density-grid-10:-40:150","geometry":{"type":"Polygon","coordinates":[[[150,-40],[160,-40],[160,-30],[150,-30],[150,-40]]]},"properties":{"name":"10° Density Cell -40,150","kind":"density-grid","grid_size_degrees":10,"point_count":72,"intensity":0.091024,"networks":{"ipv4":72},"statuses":{"duplicate-location":61,"Unknown":11},"countries":{"AU":72},"sanctioned_nodes":0,"policy_restricted_nodes":0,"threat_infrastructure_nodes":0,"stroke":"#c0d674","fill":"#c0d674","opacity":0.08,"marker_ring":false}},{"type":"Feature","id":"node-density-grid-10:20:110","geometry":{"type":"Polygon","coordinates":[[[110,20],[120,20],[120,30],[110,30],[110,20]]]},"properties":{"name":"10° Density Cell 20,110","kind":"density-grid","grid_size_degrees":10,"point_count":65,"intensity":0.082174,"networks":{"ipv4":65},"statuses":{"duplicate-location":53,"Unknown":12},"countries":{"HK":60,"CN":5},"sanctioned_nodes":0,"policy_restricted_nodes":0,"threat_infrastructure_nodes":0,"stroke":"#c0d674","fill":"#c0d674","opacity":0.08,"marker_ring":false}},{"type":"Feature","id":"node-density-grid-10:40:-100","geometry":{"type":"Polygon","coordinates":[[[-100,40],[-90,40],[-90,50],[-100,50],[-100,40]]]},"properties":{"name":"10° Density Cell 40,-100","kind":"density-grid","grid_size_degrees":10,"point_count":64,"intensity":0.08091,"networks":{"ipv4":64},"statuses":{"duplicate-location":38,"Unknown":26},"countries":{"US":56,"CA":8},"sanctioned_nodes":0,"policy_restricted_nodes":0,"threat_infrastructure_nodes":0,"stroke":"#c0d674","fill":"#c0d674","opacity":0.08,"marker_ring":false}},{"type":"Feature","id":"node-density-grid-10:50:30","geometry":{"type":"Polygon","coordinates":[[[30,50],[40,50],[40,60],[30,60],[30,50]]]},"properties":{"name":"10° Density Cell 50,30","kind":"density-grid","grid_size_degrees":10,"point_count":61,"intensity":0.077118,"networks":{"ipv4":61},"statuses":{"duplicate-location":40,"Unknown":21},"countries":{"RU":47,"UA":12,"BY":2},"sanctioned_nodes":0,"policy_restricted_nodes":0,"threat_infrastructure_nodes":0,"stroke":"#c0d674","fill":"#c0d674","opacity":0.08,"marker_ring":false}},{"type":"Feature","id":"node-density-grid-10:20:-90","geometry":{"type":"Polygon","coordinates":[[[-90,20],[-80,20],[-80,30],[-90,30],[-90,20]]]},"properties":{"name":"10° Density Cell 20,-90","kind":"density-grid","grid_size_degrees":10,"point_count":59,"intensity":0.074589,"networks":{"ipv4":59},"statuses":{"Unknown":46,"duplicate-location":13},"countries":{"US":59},"sanctioned_nodes":0,"policy_restricted_nodes":0,"threat_infrastructure_nodes":0,"stroke":"#c0d674","fill":"#c0d674","opacity":0.08,"marker_ring":false}},{"type":"Feature","id":"node-density-grid-10:-40:140","geometry":{"type":"Polygon","coordinates":[[[140,-40],[150,-40],[150,-30],[140,-30],[140,-40]]]},"properties":{"name":"10° Density Cell -40,140","kind":"density-grid","grid_size_degrees":10,"point_count":49,"intensity":0.061947,"networks":{"ipv4":49},"statuses":{"duplicate-location":32,"Unknown":17},"countries":{"AU":49},"sanctioned_nodes":0,"policy_restricted_nodes":0,"threat_infrastructure_nodes":0,"stroke":"#c0d674","fill":"#c0d674","opacity":0.08,"marker_ring":false}},{"type":"Feature","id":"node-density-grid-10:40:20","geometry":{"type":"Polygon","coordinates":[[[20,40],[30,40],[30,50],[20,50],[20,40]]]},"properties":{"name":"10° Density Cell 40,20","kind":"density-grid","grid_size_degrees":10,"point_count":47,"intensity":0.059418,"networks":{"ipv4":47},"statuses":{"Unknown":24,"duplicate-location":23},"countries":{"BG":17,"RO":14,"MD":7,"TR":3,"GR":2,"UA":2,"PL":1,"SK":1},"sanctioned_nodes":0,"policy_restricted_nodes":0,"threat_infrastructure_nodes":0,"stroke":"#c0d674","fill":"#c0d674","opacity":0.08,"marker_ring":false}},{"type":"Feature","id":"node-density-grid-10:-30:-50","geometry":{"type":"Polygon","coordinates":[[[-50,-30],[-40,-30],[-40,-20],[-50,-20],[-50,-30]]]},"properties":{"name":"10° Density Cell -30,-50","kind":"density-grid","grid_size_degrees":10,"point_count":36,"intensity":0.045512,"networks":{"ipv4":36},"statuses":{"duplicate-location":22,"Unknown":14},"countries":{"BR":36},"sanctioned_nodes":0,"policy_restricted_nodes":0,"threat_infrastructure_nodes":0,"stroke":"#c0d674","fill":"#c0d674","opacity":0.08,"marker_ring":false}},{"type":"Feature","id":"node-density-grid-10:30:-110","geometry":{"type":"Polygon","coordinates":[[[-110,30],[-100,30],[-100,40],[-110,40],[-110,30]]]},"properties":{"name":"10° Density Cell 30,-110","kind":"density-grid","grid_size_degrees":10,"point_count":35,"intensity":0.044248,"networks":{"ipv4":35},"statuses":{"Unknown":18,"duplicate-location":17},"countries":{"US":35},"sanctioned_nodes":0,"policy_restricted_nodes":0,"threat_infrastructure_nodes":0,"stroke":"#c0d674","fill":"#c0d674","opacity":0.08,"marker_ring":false}},{"type":"Feature","id":"node-density-grid-10:40:-10","geometry":{"type":"Polygon","coordinates":[[[-10,40],[0,40],[0,50],[-10,50],[-10,40]]]},"properties":{"name":"10° Density Cell 40,-10","kind":"density-grid","grid_size_degrees":10,"point_count":30,"intensity":0.037927,"networks":{"ipv4":30},"statuses":{"Unknown":18,"duplicate-location":12},"countries":{"ES":13,"FR":11,"PT":5,"JE":1},"sanctioned_nodes":0,"policy_restricted_nodes":0,"threat_infrastructure_nodes":0,"stroke":"#c0d674","fill":"#c0d674","opacity":0.08,"marker_ring":false}},{"type":"Feature","id":"node-density-grid-10:50:-120","geometry":{"type":"Polygon","coordinates":[[[-120,50],[-110,50],[-110,60],[-120,60],[-120,50]]]},"properties":{"name":"10° Density Cell 50,-120","kind":"density-grid","grid_size_degrees":10,"point_count":29,"intensity":0.036662,"networks":{"ipv4":29},"statuses":{"Unknown":16,"duplicate-location":13},"countries":{"CA":29},"sanctioned_nodes":0,"policy_restricted_nodes":0,"threat_infrastructure_nodes":0,"stroke":"#c0d674","fill":"#c0d674","opacity":0.08,"marker_ring":false}},{"type":"Feature","id":"node-density-grid-10:50:20","geometry":{"type":"Polygon","coordinates":[[[20,50],[30,50],[30,60],[20,60],[20,50]]]},"properties":{"name":"10° Density Cell 50,20","kind":"density-grid","grid_size_degrees":10,"point_count":28,"intensity":0.035398,"networks":{"ipv4":28},"statuses":{"duplicate-location":16,"Unknown":12},"countries":{"PL":12,"LT":7,"LV":5,"EE":3,"BY":1},"sanctioned_nodes":0,"policy_restricted_nodes":0,"threat_infrastructure_nodes":0,"stroke":"#c0d674","fill":"#c0d674","opacity":0.08,"marker_ring":false}},{"type":"Feature","id":"node-density-grid-10:20:-100","geometry":{"type":"Polygon","coordinates":[[[-100,20],[-90,20],[-90,30],[-100,30],[-100,20]]]},"properties":{"name":"10° Density Cell 20,-100","kind":"density-grid","grid_size_degrees":10,"point_count":26,"intensity":0.03287,"networks":{"ipv4":26},"statuses":{"duplicate-location":14,"Unknown":12},"countries":{"US":26},"sanctioned_nodes":0,"policy_restricted_nodes":0,"threat_infrastructure_nodes":0,"stroke":"#c0d674","fill":"#c0d674","opacity":0.08,"marker_ring":false}},{"type":"Feature","id":"node-density-grid-10:-30:150","geometry":{"type":"Polygon","coordinates":[[[150,-30],[160,-30],[160,-20],[150,-20],[150,-30]]]},"properties":{"name":"10° Density Cell -30,150","kind":"density-grid","grid_size_degrees":10,"point_count":22,"intensity":0.027813,"networks":{"ipv4":22},"statuses":{"duplicate-location":16,"Unknown":6},"countries":{"AU":22},"sanctioned_nodes":0,"policy_restricted_nodes":0,"threat_infrastructure_nodes":0,"stroke":"#c0d674","fill":"#c0d674","opacity":0.08,"marker_ring":false}},{"type":"Feature","id":"node-density-grid-10:20:120","geometry":{"type":"Polygon","coordinates":[[[120,20],[130,20],[130,30],[120,30],[120,20]]]},"properties":{"name":"10° Density Cell 20,120","kind":"density-grid","grid_size_degrees":10,"point_count":22,"intensity":0.027813,"networks":{"ipv4":22},"statuses":{"duplicate-location":19,"Unknown":3},"countries":{"TW":20,"CN":1,"JP":1},"sanctioned_nodes":0,"policy_restricted_nodes":0,"threat_infrastructure_nodes":0,"stroke":"#c0d674","fill":"#c0d674","opacity":0.08,"marker_ring":false}},{"type":"Feature","id":"node-density-grid-10:10:70","geometry":{"type":"Polygon","coordinates":[[[70,10],[80,10],[80,20],[70,20],[70,10]]]},"properties":{"name":"10° Density Cell 10,70","kind":"density-grid","grid_size_degrees":10,"point_count":20,"intensity":0.025284,"networks":{"ipv4":20},"statuses":{"duplicate-location":16,"Unknown":4},"countries":{"IN":20},"sanctioned_nodes":0,"policy_restricted_nodes":0,"threat_infrastructure_nodes":0,"stroke":"#c0d674","fill":"#c0d674","opacity":0.08,"marker_ring":false}},{"type":"Feature","id":"node-density-grid-10:-40:170","geometry":{"type":"Polygon","coordinates":[[[170,-40],[180.0,-40],[180.0,-30],[170,-30],[170,-40]]]},"properties":{"name":"10° Density Cell -40,170","kind":"density-grid","grid_size_degrees":10,"point_count":17,"intensity":0.021492,"networks":{"ipv4":17},"statuses":{"Unknown":10,"duplicate-location":7},"countries":{"NZ":17},"sanctioned_nodes":0,"policy_restricted_nodes":0,"threat_infrastructure_nodes":0,"stroke":"#c0d674","fill":"#c0d674","opacity":0.08,"marker_ring":false}},{"type":"Feature","id":"node-density-grid-10:30:-10","geometry":{"type":"Polygon","coordinates":[[[-10,30],[0,30],[0,40],[-10,40],[-10,30]]]},"properties":{"name":"10° Density Cell 30,-10","kind":"density-grid","grid_size_degrees":10,"point_count":16,"intensity":0.020228,"networks":{"ipv4":16},"statuses":{"Unknown":16},"countries":{"ES":10,"PT":6},"sanctioned_nodes":0,"policy_restricted_nodes":0,"threat_infrastructure_nodes":0,"stroke":"#c0d674","fill":"#c0d674","opacity":0.08,"marker_ring":false}},{"type":"Feature","id":"node-density-grid-10:10:100","geometry":{"type":"Polygon","coordinates":[[[100,10],[110,10],[110,20],[100,20],[100,10]]]},"properties":{"name":"10° Density Cell 10,100","kind":"density-grid","grid_size_degrees":10,"point_count":15,"intensity":0.018963,"networks":{"ipv4":15},"statuses":{"Unknown":13,"duplicate-location":2},"countries":{"TH":13,"KH":2},"sanctioned_nodes":0,"policy_restricted_nodes":0,"threat_infrastructure_nodes":0,"stroke":"#c0d674","fill":"#c0d674","opacity":0.08,"marker_ring":false}},{"type":"Feature","id":"node-density-grid-10:-10:100","geometry":{"type":"Polygon","coordinates":[[[100,-10],[110,-10],[110,0],[100,0],[100,-10]]]},"properties":{"name":"10° Density Cell -10,100","kind":"density-grid","grid_size_degrees":10,"point_count":13,"intensity":0.016435,"networks":{"ipv4":13},"statuses":{"duplicate-location":9,"Unknown":4},"countries":{"ID":13},"sanctioned_nodes":0,"policy_restricted_nodes":0,"threat_infrastructure_nodes":0,"stroke":"#c0d674","fill":"#c0d674","opacity":0.08,"marker_ring":false}},{"type":"Feature","id":"node-density-grid-10:40:30","geometry":{"type":"Polygon","coordinates":[[[30,40],[40,40],[40,50],[30,50],[30,40]]]},"properties":{"name":"10° Density Cell 40,30","kind":"density-grid","grid_size_degrees":10,"point_count":13,"intensity":0.016435,"networks":{"ipv4":13},"statuses":{"Unknown":7,"duplicate-location":6},"countries":{"UA":11,"RU":2},"sanctioned_nodes":0,"policy_restricted_nodes":0,"threat_infrastructure_nodes":0,"stroke":"#c0d674","fill":"#c0d674","opacity":0.08,"marker_ring":false}},{"type":"Feature","id":"node-density-grid-10:20:50","geometry":{"type":"Polygon","coordinates":[[[50,20],[60,20],[60,30],[50,30],[50,20]]]},"properties":{"name":"10° Density Cell 20,50","kind":"density-grid","grid_size_degrees":10,"point_count":12,"intensity":0.015171,"networks":{"ipv4":12},"statuses":{"duplicate-location":8,"Unknown":4},"countries":{"OM":5,"AE":4,"QA":2,"BH":1},"sanctioned_nodes":0,"policy_restricted_nodes":0,"threat_infrastructure_nodes":0,"stroke":"#c0d674","fill":"#c0d674","opacity":0.08,"marker_ring":false}},{"type":"Feature","id":"node-density-grid-10:40:-70","geometry":{"type":"Polygon","coordinates":[[[-70,40],[-60,40],[-60,50],[-70,50],[-70,40]]]},"properties":{"name":"10° Density Cell 40,-70","kind":"density-grid","grid_size_degrees":10,"point_count":12,"intensity":0.015171,"networks":{"ipv4":12},"statuses":{"Unknown":12},"countries":{"CA":11,"US":1},"sanctioned_nodes":0,"policy_restricted_nodes":0,"threat_infrastructure_nodes":0,"stroke":"#c0d674","fill":"#c0d674","opacity":0.08,"marker_ring":false}},{"type":"Feature","id":"node-density-grid-10:-40:-60","geometry":{"type":"Polygon","coordinates":[[[-60,-40],[-50,-40],[-50,-30],[-60,-30],[-60,-40]]]},"properties":{"name":"10° Density Cell -40,-60","kind":"density-grid","grid_size_degrees":10,"point_count":11,"intensity":0.013906,"networks":{"ipv4":11},"statuses":{"duplicate-location":6,"Unknown":5},"countries":{"AR":9,"UY":2},"sanctioned_nodes":0,"policy_restricted_nodes":0,"threat_infrastructure_nodes":0,"stroke":"#c0d674","fill":"#c0d674","opacity":0.08,"marker_ring":false}},{"type":"Feature","id":"node-density-grid-10:-40:10","geometry":{"type":"Polygon","coordinates":[[[10,-40],[20,-40],[20,-30],[10,-30],[10,-40]]]},"properties":{"name":"10° Density Cell -40,10","kind":"density-grid","grid_size_degrees":10,"point_count":11,"intensity":0.013906,"networks":{"ipv4":11},"statuses":{"duplicate-location":6,"Unknown":5},"countries":{"ZA":11},"sanctioned_nodes":0,"policy_restricted_nodes":0,"threat_infrastructure_nodes":0,"stroke":"#c0d674","fill":"#c0d674","opacity":0.08,"marker_ring":false}},{"type":"Feature","id":"node-density-grid-10:-40:110","geometry":{"type":"Polygon","coordinates":[[[110,-40],[120,-40],[120,-30],[110,-30],[110,-40]]]},"properties":{"name":"10° Density Cell -40,110","kind":"density-grid","grid_size_degrees":10,"point_count":10,"intensity":0.012642,"networks":{"ipv4":10},"statuses":{"Unknown":6,"duplicate-location":4},"countries":{"AU":10},"sanctioned_nodes":0,"policy_restricted_nodes":0,"threat_infrastructure_nodes":0,"stroke":"#c0d674","fill":"#c0d674","opacity":0.08,"marker_ring":false}},{"type":"Feature","id":"node-density-grid-10:-30:-60","geometry":{"type":"Polygon","coordinates":[[[-60,-30],[-50,-30],[-50,-20],[-60,-20],[-60,-30]]]},"properties":{"name":"10° Density Cell -30,-60","kind":"density-grid","grid_size_degrees":10,"point_count":9,"intensity":0.011378,"networks":{"ipv4":9},"statuses":{"Unknown":9},"countries":{"BR":9},"sanctioned_nodes":0,"policy_restricted_nodes":0,"threat_infrastructure_nodes":0,"stroke":"#c0d674","fill":"#c0d674","opacity":0.08,"marker_ring":false}},{"type":"Feature","id":"node-density-grid-10:40:-110","geometry":{"type":"Polygon","coordinates":[[[-110,40],[-100,40],[-100,50],[-110,50],[-110,40]]]},"properties":{"name":"10° Density Cell 40,-110","kind":"density-grid","grid_size_degrees":10,"point_count":9,"intensity":0.011378,"networks":{"ipv4":9},"statuses":{"Unknown":6,"duplicate-location":3},"countries":{"US":9},"sanctioned_nodes":0,"policy_restricted_nodes":0,"threat_infrastructure_nodes":0,"stroke":"#c0d674","fill":"#c0d674","opacity":0.08,"marker_ring":false}},{"type":"Feature","id":"node-density-grid-10:-20:-50","geometry":{"type":"Polygon","coordinates":[[[-50,-20],[-40,-20],[-40,-10],[-50,-10],[-50,-20]]]},"properties":{"name":"10° Density Cell -20,-50","kind":"density-grid","grid_size_degrees":10,"point_count":8,"intensity":0.010114,"networks":{"ipv4":8},"statuses":{"Unknown":6,"duplicate-location":2},"countries":{"BR":8},"sanctioned_nodes":0,"policy_restricted_nodes":0,"threat_infrastructure_nodes":0,"stroke":"#c0d674","fill":"#c0d674","opacity":0.08,"marker_ring":false}},{"type":"Feature","id":"node-density-grid-10:30:30","geometry":{"type":"Polygon","coordinates":[[[30,30],[40,30],[40,40],[30,40],[30,30]]]},"properties":{"name":"10° Density Cell 30,30","kind":"density-grid","grid_size_degrees":10,"point_count":8,"intensity":0.010114,"networks":{"ipv4":8},"statuses":{"Unknown":6,"duplicate-location":2},"countries":{"IL":5,"TR":2,"CY":1},"sanctioned_nodes":0,"policy_restricted_nodes":0,"threat_infrastructure_nodes":0,"stroke":"#c0d674","fill":"#c0d674","opacity":0.08,"marker_ring":false}},{"type":"Feature","id":"node-density-grid-10:10:-100","geometry":{"type":"Polygon","coordinates":[[[-100,10],[-90,10],[-90,20],[-100,20],[-100,10]]]},"properties":{"name":"10° Density Cell 10,-100","kind":"density-grid","grid_size_degrees":10,"point_count":7,"intensity":0.00885,"networks":{"ipv4":7},"statuses":{"Unknown":7},"countries":{"MX":7},"sanctioned_nodes":0,"policy_restricted_nodes":0,"threat_infrastructure_nodes":0,"stroke":"#c0d674","fill":"#c0d674","opacity":0.08,"marker_ring":false}},{"type":"Feature","id":"node-density-grid-10:-40:-80","geometry":{"type":"Polygon","coordinates":[[[-80,-40],[-70,-40],[-70,-30],[-80,-30],[-80,-40]]]},"properties":{"name":"10° Density Cell -40,-80","kind":"density-grid","grid_size_degrees":10,"point_count":5,"intensity":0.006321,"networks":{"ipv4":5},"statuses":{"Unknown":3,"duplicate-location":2},"countries":{"CL":5},"sanctioned_nodes":0,"policy_restricted_nodes":0,"threat_infrastructure_nodes":0,"stroke":"#c0d674","fill":"#c0d674","opacity":0.08,"marker_ring":false}},{"type":"Feature","id":"node-density-grid-10:-30:20","geometry":{"type":"Polygon","coordinates":[[[20,-30],[30,-30],[30,-20],[20,-20],[20,-30]]]},"properties":{"name":"10° Density Cell -30,20","kind":"density-grid","grid_size_degrees":10,"point_count":5,"intensity":0.006321,"networks":{"ipv4":5},"statuses":{"Unknown":5},"countries":{"ZA":5},"sanctioned_nodes":0,"policy_restricted_nodes":0,"threat_infrastructure_nodes":0,"stroke":"#c0d674","fill":"#c0d674","opacity":0.08,"marker_ring":false}},{"type":"Feature","id":"node-density-grid-10:20:40","geometry":{"type":"Polygon","coordinates":[[[40,20],[50,20],[50,30],[40,30],[40,20]]]},"properties":{"name":"10° Density Cell 20,40","kind":"density-grid","grid_size_degrees":10,"point_count":5,"intensity":0.006321,"networks":{"ipv4":5},"statuses":{"Unknown":5},"countries":{"KW":3,"SA":2},"sanctioned_nodes":0,"policy_restricted_nodes":0,"threat_infrastructure_nodes":0,"stroke":"#c0d674","fill":"#c0d674","opacity":0.08,"marker_ring":false}},{"type":"Feature","id":"node-density-grid-10:50:40","geometry":{"type":"Polygon","coordinates":[[[40,50],[50,50],[50,60],[40,60],[40,50]]]},"properties":{"name":"10° Density Cell 50,40","kind":"density-grid","grid_size_degrees":10,"point_count":5,"intensity":0.006321,"networks":{"ipv4":5},"statuses":{"Unknown":3,"duplicate-location":2},"countries":{"RU":5},"sanctioned_nodes":0,"policy_restricted_nodes":0,"threat_infrastructure_nodes":0,"stroke":"#c0d674","fill":"#c0d674","opacity":0.08,"marker_ring":false}},{"type":"Feature","id":"node-density-grid-10:50:80","geometry":{"type":"Polygon","coordinates":[[[80,50],[90,50],[90,60],[80,60],[80,50]]]},"properties":{"name":"10° Density Cell 50,80","kind":"density-grid","grid_size_degrees":10,"point_count":5,"intensity":0.006321,"networks":{"ipv4":5},"statuses":{"duplicate-location":3,"Unknown":2},"countries":{"RU":5},"sanctioned_nodes":0,"policy_restricted_nodes":0,"threat_infrastructure_nodes":0,"stroke":"#c0d674","fill":"#c0d674","opacity":0.08,"marker_ring":false}},{"type":"Feature","id":"node-density-grid-10:-50:170","geometry":{"type":"Polygon","coordinates":[[[170,-50],[180.0,-50],[180.0,-40],[170,-40],[170,-50]]]},"properties":{"name":"10° Density Cell -50,170","kind":"density-grid","grid_size_degrees":10,"point_count":4,"intensity":0.005057,"networks":{"ipv4":4},"statuses":{"Unknown":4},"countries":{"NZ":4},"sanctioned_nodes":0,"policy_restricted_nodes":0,"threat_infrastructure_nodes":0,"stroke":"#c0d674","fill":"#c0d674","opacity":0.08,"marker_ring":false}},{"type":"Feature","id":"node-density-grid-10:-40:130","geometry":{"type":"Polygon","coordinates":[[[130,-40],[140,-40],[140,-30],[130,-30],[130,-40]]]},"properties":{"name":"10° Density Cell -40,130","kind":"density-grid","grid_size_degrees":10,"point_count":4,"intensity":0.005057,"networks":{"ipv4":4},"statuses":{"Unknown":4},"countries":{"AU":4},"sanctioned_nodes":0,"policy_restricted_nodes":0,"threat_infrastructure_nodes":0,"stroke":"#c0d674","fill":"#c0d674","opacity":0.08,"marker_ring":false}},{"type":"Feature","id":"node-density-grid-10:0:-90","geometry":{"type":"Polygon","coordinates":[[[-90,0],[-80,0],[-80,10],[-90,10],[-90,0]]]},"properties":{"name":"10° Density Cell 0,-90","kind":"density-grid","grid_size_degrees":10,"point_count":4,"intensity":0.005057,"networks":{"ipv4":4},"statuses":{"Unknown":4},"countries":{"CR":4},"sanctioned_nodes":0,"policy_restricted_nodes":0,"threat_infrastructure_nodes":0,"stroke":"#c0d674","fill":"#c0d674","opacity":0.08,"marker_ring":false}},{"type":"Feature","id":"node-density-grid-10:0:-80","geometry":{"type":"Polygon","coordinates":[[[-80,0],[-70,0],[-70,10],[-80,10],[-80,0]]]},"properties":{"name":"10° Density Cell 0,-80","kind":"density-grid","grid_size_degrees":10,"point_count":4,"intensity":0.005057,"networks":{"ipv4":4},"statuses":{"Unknown":4},"countries":{"CO":4},"sanctioned_nodes":0,"policy_restricted_nodes":0,"threat_infrastructure_nodes":0,"stroke":"#c0d674","fill":"#c0d674","opacity":0.08,"marker_ring":false}},{"type":"Feature","id":"node-density-grid-10:10:-70","geometry":{"type":"Polygon","coordinates":[[[-70,10],[-60,10],[-60,20],[-70,20],[-70,10]]]},"properties":{"name":"10° Density Cell 10,-70","kind":"density-grid","grid_size_degrees":10,"point_count":4,"intensity":0.005057,"networks":{"ipv4":4},"statuses":{"Unknown":4},"countries":{"VE":2,"CW":1,"PR":1},"sanctioned_nodes":0,"policy_restricted_nodes":0,"threat_infrastructure_nodes":0,"stroke":"#c0d674","fill":"#c0d674","opacity":0.08,"marker_ring":false}},{"type":"Feature","id":"node-density-grid-10:20:-160","geometry":{"type":"Polygon","coordinates":[[[-160,20],[-150,20],[-150,30],[-160,30],[-160,20]]]},"properties":{"name":"10° Density Cell 20,-160","kind":"density-grid","grid_size_degrees":10,"point_count":4,"intensity":0.005057,"networks":{"ipv4":4},"statuses":{"Unknown":2,"duplicate-location":2},"countries":{"US":4},"sanctioned_nodes":0,"policy_restricted_nodes":0,"threat_infrastructure_nodes":0,"stroke":"#c0d674","fill":"#c0d674","opacity":0.08,"marker_ring":false}},{"type":"Feature","id":"node-density-grid-10:30:20","geometry":{"type":"Polygon","coordinates":[[[20,30],[30,30],[30,40],[20,40],[20,30]]]},"properties":{"name":"10° Density Cell 30,20","kind":"density-grid","grid_size_degrees":10,"point_count":4,"intensity":0.005057,"networks":{"ipv4":4},"statuses":{"Unknown":4},"countries":{"GR":4},"sanctioned_nodes":0,"policy_restricted_nodes":0,"threat_infrastructure_nodes":0,"stroke":"#c0d674","fill":"#c0d674","opacity":0.08,"marker_ring":false}},{"type":"Feature","id":"node-density-grid-10:50:50","geometry":{"type":"Polygon","coordinates":[[[50,50],[60,50],[60,60],[50,60],[50,50]]]},"properties":{"name":"10° Density Cell 50,50","kind":"density-grid","grid_size_degrees":10,"point_count":4,"intensity":0.005057,"networks":{"ipv4":4},"statuses":{"Unknown":4},"countries":{"RU":4},"sanctioned_nodes":0,"policy_restricted_nodes":0,"threat_infrastructure_nodes":0,"stroke":"#c0d674","fill":"#c0d674","opacity":0.08,"marker_ring":false}},{"type":"Feature","id":"node-density-grid-10:50:60","geometry":{"type":"Polygon","coordinates":[[[60,50],[70,50],[70,60],[60,60],[60,50]]]},"properties":{"name":"10° Density Cell 50,60","kind":"density-grid","grid_size_degrees":10,"point_count":4,"intensity":0.005057,"networks":{"ipv4":4},"statuses":{"duplicate-location":3,"Unknown":1},"countries":{"RU":4},"sanctioned_nodes":0,"policy_restricted_nodes":0,"threat_infrastructure_nodes":0,"stroke":"#c0d674","fill":"#c0d674","opacity":0.08,"marker_ring":false}},{"type":"Feature","id":"node-density-grid-10:-50:160","geometry":{"type":"Polygon","coordinates":[[[160,-50],[170,-50],[170,-40],[160,-40],[160,-50]]]},"properties":{"name":"10° Density Cell -50,160","kind":"density-grid","grid_size_degrees":10,"point_count":3,"intensity":0.003793,"networks":{"ipv4":3},"statuses":{"Unknown":3},"countries":{"NZ":3},"sanctioned_nodes":0,"policy_restricted_nodes":0,"threat_infrastructure_nodes":0,"stroke":"#c0d674","fill":"#c0d674","opacity":0.08,"marker_ring":false}},{"type":"Feature","id":"node-density-grid-10:-30:140","geometry":{"type":"Polygon","coordinates":[[[140,-30],[150,-30],[150,-20],[140,-20],[140,-30]]]},"properties":{"name":"10° Density Cell -30,140","kind":"density-grid","grid_size_degrees":10,"point_count":3,"intensity":0.003793,"networks":{"ipv4":3},"statuses":{"Unknown":3},"countries":{"AU":3},"sanctioned_nodes":0,"policy_restricted_nodes":0,"threat_infrastructure_nodes":0,"stroke":"#c0d674","fill":"#c0d674","opacity":0.08,"marker_ring":false}},{"type":"Feature","id":"node-density-grid-10:-20:140","geometry":{"type":"Polygon","coordinates":[[[140,-20],[150,-20],[150,-10],[140,-10],[140,-20]]]},"properties":{"name":"10° Density Cell -20,140","kind":"density-grid","grid_size_degrees":10,"point_count":3,"intensity":0.003793,"networks":{"ipv4":3},"statuses":{"Unknown":3},"countries":{"AU":3},"sanctioned_nodes":0,"policy_restricted_nodes":0,"threat_infrastructure_nodes":0,"stroke":"#c0d674","fill":"#c0d674","opacity":0.08,"marker_ring":false}},{"type":"Feature","id":"node-density-grid-10:-10:110","geometry":{"type":"Polygon","coordinates":[[[110,-10],[120,-10],[120,0],[110,0],[110,-10]]]},"properties":{"name":"10° Density Cell -10,110","kind":"density-grid","grid_size_degrees":10,"point_count":3,"intensity":0.003793,"networks":{"ipv4":3},"statuses":{"duplicate-location":2,"Unknown":1},"countries":{"ID":3},"sanctioned_nodes":0,"policy_restricted_nodes":0,"threat_infrastructure_nodes":0,"stroke":"#c0d674","fill":"#c0d674","opacity":0.08,"marker_ring":false}},{"type":"Feature","id":"node-density-grid-10:10:-90","geometry":{"type":"Polygon","coordinates":[[[-90,10],[-80,10],[-80,20],[-90,20],[-90,10]]]},"properties":{"name":"10° Density Cell 10,-90","kind":"density-grid","grid_size_degrees":10,"point_count":3,"intensity":0.003793,"networks":{"ipv4":3},"statuses":{"Unknown":3},"countries":{"HN":2,"SV":1},"sanctioned_nodes":0,"policy_restricted_nodes":0,"threat_infrastructure_nodes":0,"stroke":"#c0d674","fill":"#c0d674","opacity":0.08,"marker_ring":false}},{"type":"Feature","id":"node-density-grid-10:20:-110","geometry":{"type":"Polygon","coordinates":[[[-110,20],[-100,20],[-100,30],[-110,30],[-110,20]]]},"properties":{"name":"10° Density Cell 20,-110","kind":"density-grid","grid_size_degrees":10,"point_count":3,"intensity":0.003793,"networks":{"ipv4":3},"statuses":{"Unknown":3},"countries":{"MX":3},"sanctioned_nodes":0,"policy_restricted_nodes":0,"threat_infrastructure_nodes":0,"stroke":"#c0d674","fill":"#c0d674","opacity":0.08,"marker_ring":false}},{"type":"Feature","id":"node-density-grid-10:20:70","geometry":{"type":"Polygon","coordinates":[[[70,20],[80,20],[80,30],[70,30],[70,20]]]},"properties":{"name":"10° Density Cell 20,70","kind":"density-grid","grid_size_degrees":10,"point_count":3,"intensity":0.003793,"networks":{"ipv4":3},"statuses":{"Unknown":3},"countries":{"IN":3},"sanctioned_nodes":0,"policy_restricted_nodes":0,"threat_infrastructure_nodes":0,"stroke":"#c0d674","fill":"#c0d674","opacity":0.08,"marker_ring":false}},{"type":"Feature","id":"node-density-grid-10:30:100","geometry":{"type":"Polygon","coordinates":[[[100,30],[110,30],[110,40],[100,40],[100,30]]]},"properties":{"name":"10° Density Cell 30,100","kind":"density-grid","grid_size_degrees":10,"point_count":3,"intensity":0.003793,"networks":{"ipv4":3},"statuses":{"duplicate-location":2,"Unknown":1},"countries":{"CN":3},"sanctioned_nodes":0,"policy_restricted_nodes":0,"threat_infrastructure_nodes":0,"stroke":"#c0d674","fill":"#c0d674","opacity":0.08,"marker_ring":false}},{"type":"Feature","id":"node-density-grid-10:40:40","geometry":{"type":"Polygon","coordinates":[[[40,40],[50,40],[50,50],[40,50],[40,40]]]},"properties":{"name":"10° Density Cell 40,40","kind":"density-grid","grid_size_degrees":10,"point_count":3,"intensity":0.003793,"networks":{"ipv4":3},"statuses":{"duplicate-location":2,"Unknown":1},"countries":{"GE":3},"sanctioned_nodes":0,"policy_restricted_nodes":0,"threat_infrastructure_nodes":0,"stroke":"#c0d674","fill":"#c0d674","opacity":0.08,"marker_ring":false}},{"type":"Feature","id":"node-density-grid-10:60:-30","geometry":{"type":"Polygon","coordinates":[[[-30,60],[-20,60],[-20,70],[-30,70],[-30,60]]]},"properties":{"name":"10° Density Cell 60,-30","kind":"density-grid","grid_size_degrees":10,"point_count":3,"intensity":0.003793,"networks":{"ipv4":3},"statuses":{"Unknown":3},"countries":{"IS":3},"sanctioned_nodes":0,"policy_restricted_nodes":0,"threat_infrastructure_nodes":0,"stroke":"#c0d674","fill":"#c0d674","opacity":0.08,"marker_ring":false}},{"type":"Feature","id":"node-density-grid-10:60:10","geometry":{"type":"Polygon","coordinates":[[[10,60],[20,60],[20,70],[10,70],[10,60]]]},"properties":{"name":"10° Density Cell 60,10","kind":"density-grid","grid_size_degrees":10,"point_count":3,"intensity":0.003793,"networks":{"ipv4":3},"statuses":{"Unknown":3},"countries":{"NO":2,"SE":1},"sanctioned_nodes":0,"policy_restricted_nodes":0,"threat_infrastructure_nodes":0,"stroke":"#c0d674","fill":"#c0d674","opacity":0.08,"marker_ring":false}},{"type":"Feature","id":"node-density-grid-10:60:30","geometry":{"type":"Polygon","coordinates":[[[30,60],[40,60],[40,70],[30,70],[30,60]]]},"properties":{"name":"10° Density Cell 60,30","kind":"density-grid","grid_size_degrees":10,"point_count":3,"intensity":0.003793,"networks":{"ipv4":3},"statuses":{"Unknown":3},"countries":{"RU":3},"sanctioned_nodes":0,"policy_restricted_nodes":0,"threat_infrastructure_nodes":0,"stroke":"#c0d674","fill":"#c0d674","opacity":0.08,"marker_ring":false}},{"type":"Feature","id":"node-density-grid-10:10:120","geometry":{"type":"Polygon","coordinates":[[[120,10],[130,10],[130,20],[120,20],[120,10]]]},"properties":{"name":"10° Density Cell 10,120","kind":"density-grid","grid_size_degrees":10,"point_count":2,"intensity":0.002528,"networks":{"ipv4":2},"statuses":{"Unknown":2},"countries":{"PH":2},"sanctioned_nodes":0,"policy_restricted_nodes":0,"threat_infrastructure_nodes":0,"stroke":"#c0d674","fill":"#c0d674","opacity":0.08,"marker_ring":false}},{"type":"Feature","id":"node-density-grid-10:20:80","geometry":{"type":"Polygon","coordinates":[[[80,20],[90,20],[90,30],[80,30],[80,20]]]},"properties":{"name":"10° Density Cell 20,80","kind":"density-grid","grid_size_degrees":10,"point_count":2,"intensity":0.002528,"networks":{"ipv4":2},"statuses":{"Unknown":2},"countries":{"IN":2},"sanctioned_nodes":0,"policy_restricted_nodes":0,"threat_infrastructure_nodes":0,"stroke":"#c0d674","fill":"#c0d674","opacity":0.08,"marker_ring":false}},{"type":"Feature","id":"node-density-grid-10:20:100","geometry":{"type":"Polygon","coordinates":[[[100,20],[110,20],[110,30],[100,30],[100,20]]]},"properties":{"name":"10° Density Cell 20,100","kind":"density-grid","grid_size_degrees":10,"point_count":2,"intensity":0.002528,"networks":{"ipv4":2},"statuses":{"duplicate-location":2},"countries":{"VN":2},"sanctioned_nodes":0,"policy_restricted_nodes":0,"threat_infrastructure_nodes":0,"stroke":"#c0d674","fill":"#c0d674","opacity":0.08,"marker_ring":false}},{"type":"Feature","id":"node-density-grid-10:30:10","geometry":{"type":"Polygon","coordinates":[[[10,30],[20,30],[20,40],[10,40],[10,30]]]},"properties":{"name":"10° Density Cell 30,10","kind":"density-grid","grid_size_degrees":10,"point_count":2,"intensity":0.002528,"networks":{"ipv4":2},"statuses":{"Unknown":2},"countries":{"MT":2},"sanctioned_nodes":0,"policy_restricted_nodes":0,"threat_infrastructure_nodes":0,"stroke":"#c0d674","fill":"#c0d674","opacity":0.08,"marker_ring":false}},{"type":"Feature","id":"node-density-grid-10:30:110","geometry":{"type":"Polygon","coordinates":[[[110,30],[120,30],[120,40],[110,40],[110,30]]]},"properties":{"name":"10° Density Cell 30,110","kind":"density-grid","grid_size_degrees":10,"point_count":2,"intensity":0.002528,"networks":{"ipv4":2},"statuses":{"Unknown":2},"countries":{"CN":2},"sanctioned_nodes":0,"policy_restricted_nodes":0,"threat_infrastructure_nodes":0,"stroke":"#c0d674","fill":"#c0d674","opacity":0.08,"marker_ring":false}},{"type":"Feature","id":"node-density-grid-10:40:70","geometry":{"type":"Polygon","coordinates":[[[70,40],[80,40],[80,50],[70,50],[70,40]]]},"properties":{"name":"10° Density Cell 40,70","kind":"density-grid","grid_size_degrees":10,"point_count":2,"intensity":0.002528,"networks":{"ipv4":2},"statuses":{"Unknown":2},"countries":{"KZ":2},"sanctioned_nodes":0,"policy_restricted_nodes":0,"threat_infrastructure_nodes":0,"stroke":"#c0d674","fill":"#c0d674","opacity":0.08,"marker_ring":false}},{"type":"Feature","id":"node-density-grid-10:50:-160","geometry":{"type":"Polygon","coordinates":[[[-160,50],[-150,50],[-150,60],[-160,60],[-160,50]]]},"properties":{"name":"10° Density Cell 50,-160","kind":"density-grid","grid_size_degrees":10,"point_count":2,"intensity":0.002528,"networks":{"ipv4":2},"statuses":{"duplicate-location":2},"countries":{"US":2},"sanctioned_nodes":0,"policy_restricted_nodes":0,"threat_infrastructure_nodes":0,"stroke":"#c0d674","fill":"#c0d674","opacity":0.08,"marker_ring":false}},{"type":"Feature","id":"node-density-grid-10:50:-140","geometry":{"type":"Polygon","coordinates":[[[-140,50],[-130,50],[-130,60],[-140,60],[-140,50]]]},"properties":{"name":"10° Density Cell 50,-140","kind":"density-grid","grid_size_degrees":10,"point_count":2,"intensity":0.002528,"networks":{"ipv4":2},"statuses":{"duplicate-location":2},"countries":{"US":2},"sanctioned_nodes":0,"policy_restricted_nodes":0,"threat_infrastructure_nodes":0,"stroke":"#c0d674","fill":"#c0d674","opacity":0.08,"marker_ring":false}},{"type":"Feature","id":"node-density-grid-10:60:-150","geometry":{"type":"Polygon","coordinates":[[[-150,60],[-140,60],[-140,70],[-150,70],[-150,60]]]},"properties":{"name":"10° Density Cell 60,-150","kind":"density-grid","grid_size_degrees":10,"point_count":2,"intensity":0.002528,"networks":{"ipv4":2},"statuses":{"Unknown":2},"countries":{"US":2},"sanctioned_nodes":0,"policy_restricted_nodes":0,"threat_infrastructure_nodes":0,"stroke":"#c0d674","fill":"#c0d674","opacity":0.08,"marker_ring":false}},{"type":"Feature","id":"node-density-grid-10:60:0","geometry":{"type":"Polygon","coordinates":[[[0,60],[10,60],[10,70],[0,70],[0,60]]]},"properties":{"name":"10° Density Cell 60,0","kind":"density-grid","grid_size_degrees":10,"point_count":2,"intensity":0.002528,"networks":{"ipv4":2},"statuses":{"Unknown":2},"countries":{"NO":2},"sanctioned_nodes":0,"policy_restricted_nodes":0,"threat_infrastructure_nodes":0,"stroke":"#c0d674","fill":"#c0d674","opacity":0.08,"marker_ring":false}},{"type":"Feature","id":"node-density-grid-10:-50:-80","geometry":{"type":"Polygon","coordinates":[[[-80,-50],[-70,-50],[-70,-40],[-80,-40],[-80,-50]]]},"properties":{"name":"10° Density Cell -50,-80","kind":"density-grid","grid_size_degrees":10,"point_count":1,"intensity":0.001264,"networks":{"ipv4":1},"statuses":{"Unknown":1},"countries":{"AR":1},"sanctioned_nodes":0,"policy_restricted_nodes":0,"threat_infrastructure_nodes":0,"stroke":"#c0d674","fill":"#c0d674","opacity":0.08,"marker_ring":false}},{"type":"Feature","id":"node-density-grid-10:-50:-70","geometry":{"type":"Polygon","coordinates":[[[-70,-50],[-60,-50],[-60,-40],[-70,-40],[-70,-50]]]},"properties":{"name":"10° Density Cell -50,-70","kind":"density-grid","grid_size_degrees":10,"point_count":1,"intensity":0.001264,"networks":{"ipv4":1},"statuses":{"Unknown":1},"countries":{"AR":1},"sanctioned_nodes":0,"policy_restricted_nodes":0,"threat_infrastructure_nodes":0,"stroke":"#c0d674","fill":"#c0d674","opacity":0.08,"marker_ring":false}},{"type":"Feature","id":"node-density-grid-10:-50:140","geometry":{"type":"Polygon","coordinates":[[[140,-50],[150,-50],[150,-40],[140,-40],[140,-50]]]},"properties":{"name":"10° Density Cell -50,140","kind":"density-grid","grid_size_degrees":10,"point_count":1,"intensity":0.001264,"networks":{"ipv4":1},"statuses":{"Unknown":1},"countries":{"AU":1},"sanctioned_nodes":0,"policy_restricted_nodes":0,"threat_infrastructure_nodes":0,"stroke":"#c0d674","fill":"#c0d674","opacity":0.08,"marker_ring":false}},{"type":"Feature","id":"node-density-grid-10:-40:-70","geometry":{"type":"Polygon","coordinates":[[[-70,-40],[-60,-40],[-60,-30],[-70,-30],[-70,-40]]]},"properties":{"name":"10° Density Cell -40,-70","kind":"density-grid","grid_size_degrees":10,"point_count":1,"intensity":0.001264,"networks":{"ipv4":1},"statuses":{"Unknown":1},"countries":{"AR":1},"sanctioned_nodes":0,"policy_restricted_nodes":0,"threat_infrastructure_nodes":0,"stroke":"#c0d674","fill":"#c0d674","opacity":0.08,"marker_ring":false}},{"type":"Feature","id":"node-density-grid-10:-30:30","geometry":{"type":"Polygon","coordinates":[[[30,-30],[40,-30],[40,-20],[30,-20],[30,-30]]]},"properties":{"name":"10° Density Cell -30,30","kind":"density-grid","grid_size_degrees":10,"point_count":1,"intensity":0.001264,"networks":{"ipv4":1},"statuses":{"Unknown":1},"countries":{"ZA":1},"sanctioned_nodes":0,"policy_restricted_nodes":0,"threat_infrastructure_nodes":0,"stroke":"#c0d674","fill":"#c0d674","opacity":0.08,"marker_ring":false}},{"type":"Feature","id":"node-density-grid-10:-30:50","geometry":{"type":"Polygon","coordinates":[[[50,-30],[60,-30],[60,-20],[50,-20],[50,-30]]]},"properties":{"name":"10° Density Cell -30,50","kind":"density-grid","grid_size_degrees":10,"point_count":1,"intensity":0.001264,"networks":{"ipv4":1},"statuses":{"Unknown":1},"countries":{"RE":1},"sanctioned_nodes":0,"policy_restricted_nodes":0,"threat_infrastructure_nodes":0,"stroke":"#c0d674","fill":"#c0d674","opacity":0.08,"marker_ring":false}},{"type":"Feature","id":"node-density-grid-10:-20:-80","geometry":{"type":"Polygon","coordinates":[[[-80,-20],[-70,-20],[-70,-10],[-80,-10],[-80,-20]]]},"properties":{"name":"10° Density Cell -20,-80","kind":"density-grid","grid_size_degrees":10,"point_count":1,"intensity":0.001264,"networks":{"ipv4":1},"statuses":{"Unknown":1},"countries":{"PE":1},"sanctioned_nodes":0,"policy_restricted_nodes":0,"threat_infrastructure_nodes":0,"stroke":"#c0d674","fill":"#c0d674","opacity":0.08,"marker_ring":false}},{"type":"Feature","id":"node-density-grid-10:-20:-70","geometry":{"type":"Polygon","coordinates":[[[-70,-20],[-60,-20],[-60,-10],[-70,-10],[-70,-20]]]},"properties":{"name":"10° Density Cell -20,-70","kind":"density-grid","grid_size_degrees":10,"point_count":1,"intensity":0.001264,"networks":{"ipv4":1},"statuses":{"Unknown":1},"countries":{"BO":1},"sanctioned_nodes":0,"policy_restricted_nodes":0,"threat_infrastructure_nodes":0,"stroke":"#c0d674","fill":"#c0d674","opacity":0.08,"marker_ring":false}},{"type":"Feature","id":"node-density-grid-10:0:-70","geometry":{"type":"Polygon","coordinates":[[[-70,0],[-60,0],[-60,10],[-70,10],[-70,0]]]},"properties":{"name":"10° Density Cell 0,-70","kind":"density-grid","grid_size_degrees":10,"point_count":1,"intensity":0.001264,"networks":{"ipv4":1},"statuses":{"Unknown":1},"countries":{"VE":1},"sanctioned_nodes":0,"policy_restricted_nodes":0,"threat_infrastructure_nodes":0,"stroke":"#c0d674","fill":"#c0d674","opacity":0.08,"marker_ring":false}},{"type":"Feature","id":"node-density-grid-10:0:90","geometry":{"type":"Polygon","coordinates":[[[90,0],[100,0],[100,10],[90,10],[90,0]]]},"properties":{"name":"10° Density Cell 0,90","kind":"density-grid","grid_size_degrees":10,"point_count":1,"intensity":0.001264,"networks":{"ipv4":1},"statuses":{"Unknown":1},"countries":{"TH":1},"sanctioned_nodes":0,"policy_restricted_nodes":0,"threat_infrastructure_nodes":0,"stroke":"#c0d674","fill":"#c0d674","opacity":0.08,"marker_ring":false}},{"type":"Feature","id":"node-density-grid-10:10:-160","geometry":{"type":"Polygon","coordinates":[[[-160,10],[-150,10],[-150,20],[-160,20],[-160,10]]]},"properties":{"name":"10° Density Cell 10,-160","kind":"density-grid","grid_size_degrees":10,"point_count":1,"intensity":0.001264,"networks":{"ipv4":1},"statuses":{"Unknown":1},"countries":{"US":1},"sanctioned_nodes":0,"policy_restricted_nodes":0,"threat_infrastructure_nodes":0,"stroke":"#c0d674","fill":"#c0d674","opacity":0.08,"marker_ring":false}},{"type":"Feature","id":"node-density-grid-10:10:90","geometry":{"type":"Polygon","coordinates":[[[90,10],[100,10],[100,20],[90,20],[90,10]]]},"properties":{"name":"10° Density Cell 10,90","kind":"density-grid","grid_size_degrees":10,"point_count":1,"intensity":0.001264,"networks":{"ipv4":1},"statuses":{"Unknown":1},"countries":{"TH":1},"sanctioned_nodes":0,"policy_restricted_nodes":0,"threat_infrastructure_nodes":0,"stroke":"#c0d674","fill":"#c0d674","opacity":0.08,"marker_ring":false}},{"type":"Feature","id":"node-density-grid-10:20:-20","geometry":{"type":"Polygon","coordinates":[[[-20,20],[-10,20],[-10,30],[-20,30],[-20,20]]]},"properties":{"name":"10° Density Cell 20,-20","kind":"density-grid","grid_size_degrees":10,"point_count":1,"intensity":0.001264,"networks":{"ipv4":1},"statuses":{"Unknown":1},"countries":{"ES":1},"sanctioned_nodes":0,"policy_restricted_nodes":0,"threat_infrastructure_nodes":0,"stroke":"#c0d674","fill":"#c0d674","opacity":0.08,"marker_ring":false}},{"type":"Feature","id":"node-density-grid-10:20:60","geometry":{"type":"Polygon","coordinates":[[[60,20],[70,20],[70,30],[60,30],[60,20]]]},"properties":{"name":"10° Density Cell 20,60","kind":"density-grid","grid_size_degrees":10,"point_count":1,"intensity":0.001264,"networks":{"ipv4":1},"statuses":{"Unknown":1},"countries":{"PK":1},"sanctioned_nodes":0,"policy_restricted_nodes":0,"threat_infrastructure_nodes":0,"stroke":"#c0d674","fill":"#c0d674","opacity":0.08,"marker_ring":false}},{"type":"Feature","id":"node-density-grid-10:20:90","geometry":{"type":"Polygon","coordinates":[[[90,20],[100,20],[100,30],[90,30],[90,20]]]},"properties":{"name":"10° Density Cell 20,90","kind":"density-grid","grid_size_degrees":10,"point_count":1,"intensity":0.001264,"networks":{"ipv4":1},"statuses":{"Unknown":1},"countries":{"IN":1},"sanctioned_nodes":0,"policy_restricted_nodes":0,"threat_infrastructure_nodes":0,"stroke":"#c0d674","fill":"#c0d674","opacity":0.08,"marker_ring":false}},{"type":"Feature","id":"node-density-grid-10:30:-20","geometry":{"type":"Polygon","coordinates":[[[-20,30],[-10,30],[-10,40],[-20,40],[-20,30]]]},"properties":{"name":"10° Density Cell 30,-20","kind":"density-grid","grid_size_degrees":10,"point_count":1,"intensity":0.001264,"networks":{"ipv4":1},"statuses":{"Unknown":1},"countries":{"PT":1},"sanctioned_nodes":0,"policy_restricted_nodes":0,"threat_infrastructure_nodes":0,"stroke":"#c0d674","fill":"#c0d674","opacity":0.08,"marker_ring":false}},{"type":"Feature","id":"node-density-grid-10:30:0","geometry":{"type":"Polygon","coordinates":[[[0,30],[10,30],[10,40],[0,40],[0,30]]]},"properties":{"name":"10° Density Cell 30,0","kind":"density-grid","grid_size_degrees":10,"point_count":1,"intensity":0.001264,"networks":{"ipv4":1},"statuses":{"Unknown":1},"countries":{"DZ":1},"sanctioned_nodes":0,"policy_restricted_nodes":0,"threat_infrastructure_nodes":0,"stroke":"#c0d674","fill":"#c0d674","opacity":0.08,"marker_ring":false}},{"type":"Feature","id":"node-density-grid-10:30:50","geometry":{"type":"Polygon","coordinates":[[[50,30],[60,30],[60,40],[50,40],[50,30]]]},"properties":{"name":"10° Density Cell 30,50","kind":"density-grid","grid_size_degrees":10,"point_count":1,"intensity":0.001264,"networks":{"ipv4":1},"statuses":{"Unknown":1},"countries":{"IR":1},"sanctioned_nodes":0,"policy_restricted_nodes":0,"threat_infrastructure_nodes":0,"stroke":"#c0d674","fill":"#c0d674","opacity":0.08,"marker_ring":false}},{"type":"Feature","id":"node-density-grid-10:30:140","geometry":{"type":"Polygon","coordinates":[[[140,30],[150,30],[150,40],[140,40],[140,30]]]},"properties":{"name":"10° Density Cell 30,140","kind":"density-grid","grid_size_degrees":10,"point_count":1,"intensity":0.001264,"networks":{"ipv4":1},"statuses":{"Unknown":1},"countries":{"JP":1},"sanctioned_nodes":0,"policy_restricted_nodes":0,"threat_infrastructure_nodes":0,"stroke":"#c0d674","fill":"#c0d674","opacity":0.08,"marker_ring":false}},{"type":"Feature","id":"node-density-grid-10:40:-60","geometry":{"type":"Polygon","coordinates":[[[-60,40],[-50,40],[-50,50],[-60,50],[-60,40]]]},"properties":{"name":"10° Density Cell 40,-60","kind":"density-grid","grid_size_degrees":10,"point_count":1,"intensity":0.001264,"networks":{"ipv4":1},"statuses":{"Unknown":1},"countries":{"CA":1},"sanctioned_nodes":0,"policy_restricted_nodes":0,"threat_infrastructure_nodes":0,"stroke":"#c0d674","fill":"#c0d674","opacity":0.08,"marker_ring":false}},{"type":"Feature","id":"node-density-grid-10:50:-130","geometry":{"type":"Polygon","coordinates":[[[-130,50],[-120,50],[-120,60],[-130,60],[-130,50]]]},"properties":{"name":"10° Density Cell 50,-130","kind":"density-grid","grid_size_degrees":10,"point_count":1,"intensity":0.001264,"networks":{"ipv4":1},"statuses":{"Unknown":1},"countries":{"CA":1},"sanctioned_nodes":0,"policy_restricted_nodes":0,"threat_infrastructure_nodes":0,"stroke":"#c0d674","fill":"#c0d674","opacity":0.08,"marker_ring":false}},{"type":"Feature","id":"node-density-grid-10:50:-110","geometry":{"type":"Polygon","coordinates":[[[-110,50],[-100,50],[-100,60],[-110,60],[-110,50]]]},"properties":{"name":"10° Density Cell 50,-110","kind":"density-grid","grid_size_degrees":10,"point_count":1,"intensity":0.001264,"networks":{"ipv4":1},"statuses":{"Unknown":1},"countries":{"CA":1},"sanctioned_nodes":0,"policy_restricted_nodes":0,"threat_infrastructure_nodes":0,"stroke":"#c0d674","fill":"#c0d674","opacity":0.08,"marker_ring":false}},{"type":"Feature","id":"node-density-grid-10:50:-100","geometry":{"type":"Polygon","coordinates":[[[-100,50],[-90,50],[-90,60],[-100,60],[-100,50]]]},"properties":{"name":"10° Density Cell 50,-100","kind":"density-grid","grid_size_degrees":10,"point_count":1,"intensity":0.001264,"networks":{"ipv4":1},"statuses":{"Unknown":1},"countries":{"CA":1},"sanctioned_nodes":0,"policy_restricted_nodes":0,"threat_infrastructure_nodes":0,"stroke":"#c0d674","fill":"#c0d674","opacity":0.08,"marker_ring":false}},{"type":"Feature","id":"node-density-grid-10:50:70","geometry":{"type":"Polygon","coordinates":[[[70,50],[80,50],[80,60],[70,60],[70,50]]]},"properties":{"name":"10° Density Cell 50,70","kind":"density-grid","grid_size_degrees":10,"point_count":1,"intensity":0.001264,"networks":{"ipv4":1},"statuses":{"Unknown":1},"countries":{"RU":1},"sanctioned_nodes":0,"policy_restricted_nodes":0,"threat_infrastructure_nodes":0,"stroke":"#c0d674","fill":"#c0d674","opacity":0.08,"marker_ring":false}},{"type":"Feature","id":"node-density-grid-10:50:100","geometry":{"type":"Polygon","coordinates":[[[100,50],[110,50],[110,60],[100,60],[100,50]]]},"properties":{"name":"10° Density Cell 50,100","kind":"density-grid","grid_size_degrees":10,"point_count":1,"intensity":0.001264,"networks":{"ipv4":1},"statuses":{"Unknown":1},"countries":{"RU":1},"sanctioned_nodes":0,"policy_restricted_nodes":0,"threat_infrastructure_nodes":0,"stroke":"#c0d674","fill":"#c0d674","opacity":0.08,"marker_ring":false}},{"type":"Feature","id":"node-density-grid-10:50:120","geometry":{"type":"Polygon","coordinates":[[[120,50],[130,50],[130,60],[120,60],[120,50]]]},"properties":{"name":"10° Density Cell 50,120","kind":"density-grid","grid_size_degrees":10,"point_count":1,"intensity":0.001264,"networks":{"ipv4":1},"statuses":{"Unknown":1},"countries":{"RU":1},"sanctioned_nodes":0,"policy_restricted_nodes":0,"threat_infrastructure_nodes":0,"stroke":"#c0d674","fill":"#c0d674","opacity":0.08,"marker_ring":false}},{"type":"Feature","id":"node-density-grid-10:60:-10","geometry":{"type":"Polygon","coordinates":[[[-10,60],[0,60],[0,70],[-10,70],[-10,60]]]},"properties":{"name":"10° Density Cell 60,-10","kind":"density-grid","grid_size_degrees":10,"point_count":1,"intensity":0.001264,"networks":{"ipv4":1},"statuses":{"Unknown":1},"countries":{"FO":1},"sanctioned_nodes":0,"policy_restricted_nodes":0,"threat_infrastructure_nodes":0,"stroke":"#c0d674","fill":"#c0d674","opacity":0.08,"marker_ring":false}},{"type":"Feature","id":"node-density-grid-10:70:20","geometry":{"type":"Polygon","coordinates":[[[20,70],[30,70],[30,80],[20,80],[20,70]]]},"properties":{"name":"10° Density Cell 70,20","kind":"density-grid","grid_size_degrees":10,"point_count":1,"intensity":0.001264,"networks":{"ipv4":1},"statuses":{"Unknown":1},"countries":{"NO":1},"sanctioned_nodes":0,"policy_restricted_nodes":0,"threat_infrastructure_nodes":0,"stroke":"#c0d674","fill":"#c0d674","opacity":0.08,"marker_ring":false}},{"type":"Feature","id":"node-density-grid-5:50:5","geometry":{"type":"Polygon","coordinates":[[[5,50],[10,50],[10,55],[5,55],[5,50]]]},"properties":{"name":"5° Density Cell 50,5","kind":"density-grid","grid_size_degrees":5,"point_count":517,"intensity":1.0,"networks":{"ipv4":517},"statuses":{"duplicate-location":461,"Unknown":56},"countries":{"DE":481,"NL":35,"DK":1},"sanctioned_nodes":0,"policy_restricted_nodes":0,"threat_infrastructure_nodes":0,"stroke":"#c0d674","fill":"#c0d674","opacity":0.55,"marker_ring":false}},{"type":"Feature","id":"node-density-grid-5:50:0","geometry":{"type":"Polygon","coordinates":[[[0,50],[5,50],[5,55],[0,55],[0,50]]]},"properties":{"name":"5° Density Cell 50,0","kind":"density-grid","grid_size_degrees":5,"point_count":269,"intensity":0.520309,"networks":{"ipv4":269},"statuses":{"duplicate-location":240,"Unknown":29},"countries":{"NL":191,"FR":50,"BE":15,"GB":13},"sanctioned_nodes":0,"policy_restricted_nodes":0,"threat_infrastructure_nodes":0,"stroke":"#c0d674","fill":"#c0d674","opacity":0.2862,"marker_ring":false}},{"type":"Feature","id":"node-density-grid-5:50:10","geometry":{"type":"Polygon","coordinates":[[[10,50],[15,50],[15,55],[10,55],[10,50]]]},"properties":{"name":"5° Density Cell 50,10","kind":"density-grid","grid_size_degrees":5,"point_count":269,"intensity":0.520309,"networks":{"ipv4":269},"statuses":{"duplicate-location":244,"Unknown":25},"countries":{"DE":257,"CZ":12},"sanctioned_nodes":0,"policy_restricted_nodes":0,"threat_infrastructure_nodes":0,"stroke":"#c0d674","fill":"#c0d674","opacity":0.2862,"marker_ring":false}},{"type":"Feature","id":"node-density-grid-5:45:-125","geometry":{"type":"Polygon","coordinates":[[[-125,45],[-120,45],[-120,50],[-125,50],[-125,45]]]},"properties":{"name":"5° Density Cell 45,-125","kind":"density-grid","grid_size_degrees":5,"point_count":210,"intensity":0.40619,"networks":{"ipv4":210},"statuses":{"duplicate-location":168,"Unknown":42},"countries":{"US":180,"CA":30},"sanctioned_nodes":0,"policy_restricted_nodes":0,"threat_infrastructure_nodes":0,"stroke":"#c0d674","fill":"#c0d674","opacity":0.2234,"marker_ring":false}},{"type":"Feature","id":"node-density-grid-5:30:-120","geometry":{"type":"Polygon","coordinates":[[[-120,30],[-115,30],[-115,35],[-120,35],[-120,30]]]},"properties":{"name":"5° Density Cell 30,-120","kind":"density-grid","grid_size_degrees":5,"point_count":197,"intensity":0.381044,"networks":{"ipv4":197},"statuses":{"duplicate-location":159,"Unknown":38},"countries":{"US":197},"sanctioned_nodes":0,"policy_restricted_nodes":0,"threat_infrastructure_nodes":0,"stroke":"#c0d674","fill":"#c0d674","opacity":0.2096,"marker_ring":false}},{"type":"Feature","id":"node-density-grid-5:40:-75","geometry":{"type":"Polygon","coordinates":[[[-75,40],[-70,40],[-70,45],[-75,45],[-75,40]]]},"properties":{"name":"5° Density Cell 40,-75","kind":"density-grid","grid_size_degrees":5,"point_count":193,"intensity":0.373308,"networks":{"ipv4":193},"statuses":{"duplicate-location":155,"Unknown":38},"countries":{"US":193},"sanctioned_nodes":0,"policy_restricted_nodes":0,"threat_infrastructure_nodes":0,"stroke":"#c0d674","fill":"#c0d674","opacity":0.2053,"marker_ring":false}},{"type":"Feature","id":"node-density-grid-5:35:-80","geometry":{"type":"Polygon","coordinates":[[[-80,35],[-75,35],[-75,40],[-80,40],[-80,35]]]},"properties":{"name":"5° Density Cell 35,-80","kind":"density-grid","grid_size_degrees":5,"point_count":185,"intensity":0.357834,"networks":{"ipv4":185},"statuses":{"duplicate-location":161,"Unknown":24},"countries":{"US":185},"sanctioned_nodes":0,"policy_restricted_nodes":0,"threat_infrastructure_nodes":0,"stroke":"#c0d674","fill":"#c0d674","opacity":0.1968,"marker_ring":false}},{"type":"Feature","id":"node-density-grid-5:45:5","geometry":{"type":"Polygon","coordinates":[[[5,45],[10,45],[10,50],[5,50],[5,45]]]},"properties":{"name":"5° Density Cell 45,5","kind":"density-grid","grid_size_degrees":5,"point_count":167,"intensity":0.323017,"networks":{"ipv4":167},"statuses":{"duplicate-location":86,"Unknown":81},"countries":{"CH":107,"DE":28,"IT":22,"FR":4,"AT":2,"LI":2,"LU":2},"sanctioned_nodes":0,"policy_restricted_nodes":0,"threat_infrastructure_nodes":0,"stroke":"#c0d674","fill":"#c0d674","opacity":0.1777,"marker_ring":false}},{"type":"Feature","id":"node-density-grid-5:50:-5","geometry":{"type":"Polygon","coordinates":[[[-5,50],[0,50],[0,55],[-5,55],[-5,50]]]},"properties":{"name":"5° Density Cell 50,-5","kind":"density-grid","grid_size_degrees":5,"point_count":160,"intensity":0.309478,"networks":{"ipv4":160},"statuses":{"duplicate-location":110,"Unknown":50},"countries":{"GB":160},"sanctioned_nodes":0,"policy_restricted_nodes":0,"threat_infrastructure_nodes":0,"stroke":"#c0d674","fill":"#c0d674","opacity":0.1702,"marker_ring":false}},{"type":"Feature","id":"node-density-grid-5:30:-100","geometry":{"type":"Polygon","coordinates":[[[-100,30],[-95,30],[-95,35],[-100,35],[-100,30]]]},"properties":{"name":"5° Density Cell 30,-100","kind":"density-grid","grid_size_degrees":5,"point_count":145,"intensity":0.280464,"networks":{"ipv4":145},"statuses":{"duplicate-location":113,"Unknown":32},"countries":{"US":145},"sanctioned_nodes":0,"policy_restricted_nodes":0,"threat_infrastructure_nodes":0,"stroke":"#c0d674","fill":"#c0d674","opacity":0.1543,"marker_ring":false}},{"type":"Feature","id":"node-density-grid-5:40:-90","geometry":{"type":"Polygon","coordinates":[[[-90,40],[-85,40],[-85,45],[-90,45],[-90,40]]]},"properties":{"name":"5° Density Cell 40,-90","kind":"density-grid","grid_size_degrees":5,"point_count":143,"intensity":0.276596,"networks":{"ipv4":143},"statuses":{"duplicate-location":106,"Unknown":37},"countries":{"US":143},"sanctioned_nodes":0,"policy_restricted_nodes":0,"threat_infrastructure_nodes":0,"stroke":"#c0d674","fill":"#c0d674","opacity":0.1521,"marker_ring":false}},{"type":"Feature","id":"node-density-grid-5:45:10","geometry":{"type":"Polygon","coordinates":[[[10,45],[15,45],[15,50],[10,50],[10,45]]]},"properties":{"name":"5° Density Cell 45,10","kind":"density-grid","grid_size_degrees":5,"point_count":138,"intensity":0.266925,"networks":{"ipv4":138},"statuses":{"duplicate-location":110,"Unknown":28},"countries":{"DE":117,"AT":9,"SI":5,"CZ":4,"IT":2,"CH":1},"sanctioned_nodes":0,"policy_restricted_nodes":0,"threat_infrastructure_nodes":0,"stroke":"#c0d674","fill":"#c0d674","opacity":0.1468,"marker_ring":false}},{"type":"Feature","id":"node-density-grid-5:40:-80","geometry":{"type":"Polygon","coordinates":[[[-80,40],[-75,40],[-75,45],[-80,45],[-80,40]]]},"properties":{"name":"5° Density Cell 40,-80","kind":"density-grid","grid_size_degrees":5,"point_count":129,"intensity":0.249516,"networks":{"ipv4":129},"statuses":{"duplicate-location":104,"Unknown":25},"countries":{"CA":101,"US":28},"sanctioned_nodes":0,"policy_restricted_nodes":0,"threat_infrastructure_nodes":0,"stroke":"#c0d674","fill":"#c0d674","opacity":0.1372,"marker_ring":false}},{"type":"Feature","id":"node-density-grid-5:0:100","geometry":{"type":"Polygon","coordinates":[[[100,0],[105,0],[105,5],[100,5],[100,0]]]},"properties":{"name":"5° Density Cell 0,100","kind":"density-grid","grid_size_degrees":5,"point_count":123,"intensity":0.237911,"networks":{"ipv4":123},"statuses":{"duplicate-location":110,"Unknown":13},"countries":{"SG":121,"MY":2},"sanctioned_nodes":0,"policy_restricted_nodes":0,"threat_infrastructure_nodes":0,"stroke":"#c0d674","fill":"#c0d674","opacity":0.1309,"marker_ring":false}},{"type":"Feature","id":"node-density-grid-5:35:125","geometry":{"type":"Polygon","coordinates":[[[125,35],[130,35],[130,40],[125,40],[125,35]]]},"properties":{"name":"5° Density Cell 35,125","kind":"density-grid","grid_size_degrees":5,"point_count":113,"intensity":0.218569,"networks":{"ipv4":113},"statuses":{"duplicate-location":97,"Unknown":16},"countries":{"KR":113},"sanctioned_nodes":0,"policy_restricted_nodes":0,"threat_infrastructure_nodes":0,"stroke":"#c0d674","fill":"#c0d674","opacity":0.1202,"marker_ring":false}},{"type":"Feature","id":"node-density-grid-5:45:-75","geometry":{"type":"Polygon","coordinates":[[[-75,45],[-70,45],[-70,50],[-75,50],[-75,45]]]},"properties":{"name":"5° Density Cell 45,-75","kind":"density-grid","grid_size_degrees":5,"point_count":107,"intensity":0.206963,"networks":{"ipv4":107},"statuses":{"duplicate-location":89,"Unknown":18},"countries":{"CA":107},"sanctioned_nodes":0,"policy_restricted_nodes":0,"threat_infrastructure_nodes":0,"stroke":"#c0d674","fill":"#c0d674","opacity":0.1138,"marker_ring":false}},{"type":"Feature","id":"node-density-grid-5:35:-125","geometry":{"type":"Polygon","coordinates":[[[-125,35],[-120,35],[-120,40],[-125,40],[-125,35]]]},"properties":{"name":"5° Density Cell 35,-125","kind":"density-grid","grid_size_degrees":5,"point_count":77,"intensity":0.148936,"networks":{"ipv4":77},"statuses":{"duplicate-location":57,"Unknown":20},"countries":{"US":77},"sanctioned_nodes":0,"policy_restricted_nodes":0,"threat_infrastructure_nodes":0,"stroke":"#c0d674","fill":"#c0d674","opacity":0.0819,"marker_ring":false}},{"type":"Feature","id":"node-density-grid-5:35:135","geometry":{"type":"Polygon","coordinates":[[[135,35],[140,35],[140,40],[135,40],[135,35]]]},"properties":{"name":"5° Density Cell 35,135","kind":"density-grid","grid_size_degrees":5,"point_count":73,"intensity":0.141199,"networks":{"ipv4":73},"statuses":{"duplicate-location":62,"Unknown":11},"countries":{"JP":73},"sanctioned_nodes":0,"policy_restricted_nodes":0,"threat_infrastructure_nodes":0,"stroke":"#c0d674","fill":"#c0d674","opacity":0.08,"marker_ring":false}},{"type":"Feature","id":"node-density-grid-5:-35:150","geometry":{"type":"Polygon","coordinates":[[[150,-35],[155,-35],[155,-30],[150,-30],[150,-35]]]},"properties":{"name":"5° Density Cell -35,150","kind":"density-grid","grid_size_degrees":5,"point_count":72,"intensity":0.139265,"networks":{"ipv4":72},"statuses":{"duplicate-location":61,"Unknown":11},"countries":{"AU":72},"sanctioned_nodes":0,"policy_restricted_nodes":0,"threat_infrastructure_nodes":0,"stroke":"#c0d674","fill":"#c0d674","opacity":0.08,"marker_ring":false}},{"type":"Feature","id":"node-density-grid-5:45:0","geometry":{"type":"Polygon","coordinates":[[[0,45],[5,45],[5,50],[0,50],[0,45]]]},"properties":{"name":"5° Density Cell 45,0","kind":"density-grid","grid_size_degrees":5,"point_count":72,"intensity":0.139265,"networks":{"ipv4":72},"statuses":{"duplicate-location":62,"Unknown":10},"countries":{"FR":72},"sanctioned_nodes":0,"policy_restricted_nodes":0,"threat_infrastructure_nodes":0,"stroke":"#c0d674","fill":"#c0d674","opacity":0.08,"marker_ring":false}},{"type":"Feature","id":"node-density-grid-5:60:20","geometry":{"type":"Polygon","coordinates":[[[20,60],[25,60],[25,65],[20,65],[20,60]]]},"properties":{"name":"5° Density Cell 60,20","kind":"density-grid","grid_size_degrees":5,"point_count":70,"intensity":0.135397,"networks":{"ipv4":70},"statuses":{"duplicate-location":62,"Unknown":8},"countries":{"FI":68,"SE":2},"sanctioned_nodes":0,"policy_restricted_nodes":0,"threat_infrastructure_nodes":0,"stroke":"#c0d674","fill":"#c0d674","opacity":0.08,"marker_ring":false}},{"type":"Feature","id":"node-density-grid-5:20:110","geometry":{"type":"Polygon","coordinates":[[[110,20],[115,20],[115,25],[110,25],[110,20]]]},"properties":{"name":"5° Density Cell 20,110","kind":"density-grid","grid_size_degrees":5,"point_count":62,"intensity":0.119923,"networks":{"ipv4":62},"statuses":{"duplicate-location":53,"Unknown":9},"countries":{"HK":60,"CN":2},"sanctioned_nodes":0,"policy_restricted_nodes":0,"threat_infrastructure_nodes":0,"stroke":"#c0d674","fill":"#c0d674","opacity":0.08,"marker_ring":false}},{"type":"Feature","id":"node-density-grid-5:25:-85","geometry":{"type":"Polygon","coordinates":[[[-85,25],[-80,25],[-80,30],[-85,30],[-85,25]]]},"properties":{"name":"5° Density Cell 25,-85","kind":"density-grid","grid_size_degrees":5,"point_count":58,"intensity":0.112186,"networks":{"ipv4":58},"statuses":{"Unknown":45,"duplicate-location":13},"countries":{"US":58},"sanctioned_nodes":0,"policy_restricted_nodes":0,"threat_infrastructure_nodes":0,"stroke":"#c0d674","fill":"#c0d674","opacity":0.08,"marker_ring":false}},{"type":"Feature","id":"node-density-grid-5:30:-85","geometry":{"type":"Polygon","coordinates":[[[-85,30],[-80,30],[-80,35],[-85,35],[-85,30]]]},"properties":{"name":"5° Density Cell 30,-85","kind":"density-grid","grid_size_degrees":5,"point_count":56,"intensity":0.108317,"networks":{"ipv4":56},"statuses":{"duplicate-location":30,"Unknown":26},"countries":{"US":56},"sanctioned_nodes":0,"policy_restricted_nodes":0,"threat_infrastructure_nodes":0,"stroke":"#c0d674","fill":"#c0d674","opacity":0.08,"marker_ring":false}},{"type":"Feature","id":"node-density-grid-5:40:-85","geometry":{"type":"Polygon","coordinates":[[[-85,40],[-80,40],[-80,45],[-85,45],[-85,40]]]},"properties":{"name":"5° Density Cell 40,-85","kind":"density-grid","grid_size_degrees":5,"point_count":56,"intensity":0.108317,"networks":{"ipv4":56},"statuses":{"Unknown":31,"duplicate-location":25},"countries":{"US":47,"CA":9},"sanctioned_nodes":0,"policy_restricted_nodes":0,"threat_infrastructure_nodes":0,"stroke":"#c0d674","fill":"#c0d674","opacity":0.08,"marker_ring":false}},{"type":"Feature","id":"node-density-grid-5:35:-95","geometry":{"type":"Polygon","coordinates":[[[-95,35],[-90,35],[-90,40],[-95,40],[-95,35]]]},"properties":{"name":"5° Density Cell 35,-95","kind":"density-grid","grid_size_degrees":5,"point_count":55,"intensity":0.106383,"networks":{"ipv4":55},"statuses":{"duplicate-location":37,"Unknown":18},"countries":{"US":55},"sanctioned_nodes":0,"policy_restricted_nodes":0,"threat_infrastructure_nodes":0,"stroke":"#c0d674","fill":"#c0d674","opacity":0.08,"marker_ring":false}},{"type":"Feature","id":"node-density-grid-5:55:15","geometry":{"type":"Polygon","coordinates":[[[15,55],[20,55],[20,60],[15,60],[15,55]]]},"properties":{"name":"5° Density Cell 55,15","kind":"density-grid","grid_size_degrees":5,"point_count":48,"intensity":0.092843,"networks":{"ipv4":48},"statuses":{"duplicate-location":35,"Unknown":13},"countries":{"SE":48},"sanctioned_nodes":0,"policy_restricted_nodes":0,"threat_infrastructure_nodes":0,"stroke":"#c0d674","fill":"#c0d674","opacity":0.08,"marker_ring":false}},{"type":"Feature","id":"node-density-grid-5:40:-115","geometry":{"type":"Polygon","coordinates":[[[-115,40],[-110,40],[-110,45],[-115,45],[-115,40]]]},"properties":{"name":"5° Density Cell 40,-115","kind":"density-grid","grid_size_degrees":5,"point_count":46,"intensity":0.088975,"networks":{"ipv4":46},"statuses":{"duplicate-location":37,"Unknown":9},"countries":{"US":46},"sanctioned_nodes":0,"policy_restricted_nodes":0,"threat_infrastructure_nodes":0,"stroke":"#c0d674","fill":"#c0d674","opacity":0.08,"marker_ring":false}},{"type":"Feature","id":"node-density-grid-5:45:15","geometry":{"type":"Polygon","coordinates":[[[15,45],[20,45],[20,50],[15,50],[15,45]]]},"properties":{"name":"5° Density Cell 45,15","kind":"density-grid","grid_size_degrees":5,"point_count":46,"intensity":0.088975,"networks":{"ipv4":46},"statuses":{"Unknown":31,"duplicate-location":15},"countries":{"AT":20,"CZ":9,"HU":8,"SK":5,"HR":3,"RS":1},"sanctioned_nodes":0,"policy_restricted_nodes":0,"threat_infrastructure_nodes":0,"stroke":"#c0d674","fill":"#c0d674","opacity":0.08,"marker_ring":false}},{"type":"Feature","id":"node-density-grid-5:35:-85","geometry":{"type":"Polygon","coordinates":[[[-85,35],[-80,35],[-80,40],[-85,40],[-85,35]]]},"properties":{"name":"5° Density Cell 35,-85","kind":"density-grid","grid_size_degrees":5,"point_count":44,"intensity":0.085106,"networks":{"ipv4":44},"statuses":{"Unknown":28,"duplicate-location":16},"countries":{"US":44},"sanctioned_nodes":0,"policy_restricted_nodes":0,"threat_infrastructure_nodes":0,"stroke":"#c0d674","fill":"#c0d674","opacity":0.08,"marker_ring":false}},{"type":"Feature","id":"node-density-grid-5:-40:140","geometry":{"type":"Polygon","coordinates":[[[140,-40],[145,-40],[145,-35],[140,-35],[140,-40]]]},"properties":{"name":"5° Density Cell -40,140","kind":"density-grid","grid_size_degrees":5,"point_count":36,"intensity":0.069632,"networks":{"ipv4":36},"statuses":{"duplicate-location":27,"Unknown":9},"countries":{"AU":36},"sanctioned_nodes":0,"policy_restricted_nodes":0,"threat_infrastructure_nodes":0,"stroke":"#c0d674","fill":"#c0d674","opacity":0.08,"marker_ring":false}},{"type":"Feature","id":"node-density-grid-5:55:35","geometry":{"type":"Polygon","coordinates":[[[35,55],[40,55],[40,60],[35,60],[35,55]]]},"properties":{"name":"5° Density Cell 55,35","kind":"density-grid","grid_size_degrees":5,"point_count":34,"intensity":0.065764,"networks":{"ipv4":34},"statuses":{"duplicate-location":21,"Unknown":13},"countries":{"RU":34},"sanctioned_nodes":0,"policy_restricted_nodes":0,"threat_infrastructure_nodes":0,"stroke":"#c0d674","fill":"#c0d674","opacity":0.08,"marker_ring":false}},{"type":"Feature","id":"node-density-grid-5:-25:-50","geometry":{"type":"Polygon","coordinates":[[[-50,-25],[-45,-25],[-45,-20],[-50,-20],[-50,-25]]]},"properties":{"name":"5° Density Cell -25,-50","kind":"density-grid","grid_size_degrees":5,"point_count":31,"intensity":0.059961,"networks":{"ipv4":31},"statuses":{"duplicate-location":22,"Unknown":9},"countries":{"BR":31},"sanctioned_nodes":0,"policy_restricted_nodes":0,"threat_infrastructure_nodes":0,"stroke":"#c0d674","fill":"#c0d674","opacity":0.08,"marker_ring":false}},{"type":"Feature","id":"node-density-grid-5:40:-95","geometry":{"type":"Polygon","coordinates":[[[-95,40],[-90,40],[-90,45],[-95,45],[-95,40]]]},"properties":{"name":"5° Density Cell 40,-95","kind":"density-grid","grid_size_degrees":5,"point_count":26,"intensity":0.05029,"networks":{"ipv4":26},"statuses":{"Unknown":17,"duplicate-location":9},"countries":{"US":26},"sanctioned_nodes":0,"policy_restricted_nodes":0,"threat_infrastructure_nodes":0,"stroke":"#c0d674","fill":"#c0d674","opacity":0.08,"marker_ring":false}},{"type":"Feature","id":"node-density-grid-5:30:135","geometry":{"type":"Polygon","coordinates":[[[135,30],[140,30],[140,35],[135,35],[135,30]]]},"properties":{"name":"5° Density Cell 30,135","kind":"density-grid","grid_size_degrees":5,"point_count":25,"intensity":0.048356,"networks":{"ipv4":25},"statuses":{"duplicate-location":23,"Unknown":2},"countries":{"JP":25},"sanctioned_nodes":0,"policy_restricted_nodes":0,"threat_infrastructure_nodes":0,"stroke":"#c0d674","fill":"#c0d674","opacity":0.08,"marker_ring":false}},{"type":"Feature","id":"node-density-grid-5:35:-120","geometry":{"type":"Polygon","coordinates":[[[-120,35],[-115,35],[-115,40],[-120,40],[-120,35]]]},"properties":{"name":"5° Density Cell 35,-120","kind":"density-grid","grid_size_degrees":5,"point_count":25,"intensity":0.048356,"networks":{"ipv4":25},"statuses":{"duplicate-location":16,"Unknown":9},"countries":{"US":25},"sanctioned_nodes":0,"policy_restricted_nodes":0,"threat_infrastructure_nodes":0,"stroke":"#c0d674","fill":"#c0d674","opacity":0.08,"marker_ring":false}},{"type":"Feature","id":"node-density-grid-5:50:-115","geometry":{"type":"Polygon","coordinates":[[[-115,50],[-110,50],[-110,55],[-115,55],[-115,50]]]},"properties":{"name":"5° Density Cell 50,-115","kind":"density-grid","grid_size_degrees":5,"point_count":25,"intensity":0.048356,"networks":{"ipv4":25},"statuses":{"duplicate-location":13,"Unknown":12},"countries":{"CA":25},"sanctioned_nodes":0,"policy_restricted_nodes":0,"threat_infrastructure_nodes":0,"stroke":"#c0d674","fill":"#c0d674","opacity":0.08,"marker_ring":false}},{"type":"Feature","id":"node-density-grid-5:40:-100","geometry":{"type":"Polygon","coordinates":[[[-100,40],[-95,40],[-95,45],[-100,45],[-100,40]]]},"properties":{"name":"5° Density Cell 40,-100","kind":"density-grid","grid_size_degrees":5,"point_count":24,"intensity":0.046422,"networks":{"ipv4":24},"statuses":{"duplicate-location":21,"Unknown":3},"countries":{"US":24},"sanctioned_nodes":0,"policy_restricted_nodes":0,"threat_infrastructure_nodes":0,"stroke":"#c0d674","fill":"#c0d674","opacity":0.08,"marker_ring":false}},{"type":"Feature","id":"node-density-grid-5:25:-100","geometry":{"type":"Polygon","coordinates":[[[-100,25],[-95,25],[-95,30],[-100,30],[-100,25]]]},"properties":{"name":"5° Density Cell 25,-100","kind":"density-grid","grid_size_degrees":5,"point_count":23,"intensity":0.044487,"networks":{"ipv4":23},"statuses":{"duplicate-location":12,"Unknown":11},"countries":{"US":23},"sanctioned_nodes":0,"policy_restricted_nodes":0,"threat_infrastructure_nodes":0,"stroke":"#c0d674","fill":"#c0d674","opacity":0.08,"marker_ring":false}},{"type":"Feature","id":"node-density-grid-5:55:10","geometry":{"type":"Polygon","coordinates":[[[10,55],[15,55],[15,60],[10,60],[10,55]]]},"properties":{"name":"5° Density Cell 55,10","kind":"density-grid","grid_size_degrees":5,"point_count":23,"intensity":0.044487,"networks":{"ipv4":23},"statuses":{"Unknown":16,"duplicate-location":7},"countries":{"SE":12,"NO":7,"DK":4},"sanctioned_nodes":0,"policy_restricted_nodes":0,"threat_infrastructure_nodes":0,"stroke":"#c0d674","fill":"#c0d674","opacity":0.08,"marker_ring":false}},{"type":"Feature","id":"node-density-grid-5:-30:150","geometry":{"type":"Polygon","coordinates":[[[150,-30],[155,-30],[155,-25],[150,-25],[150,-30]]]},"properties":{"name":"5° Density Cell -30,150","kind":"density-grid","grid_size_degrees":5,"point_count":22,"intensity":0.042553,"networks":{"ipv4":22},"statuses":{"duplicate-location":16,"Unknown":6},"countries":{"AU":22},"sanctioned_nodes":0,"policy_restricted_nodes":0,"threat_infrastructure_nodes":0,"stroke":"#c0d674","fill":"#c0d674","opacity":0.08,"marker_ring":false}},{"type":"Feature","id":"node-density-grid-5:45:-120","geometry":{"type":"Polygon","coordinates":[[[-120,45],[-115,45],[-115,50],[-120,50],[-120,45]]]},"properties":{"name":"5° Density Cell 45,-120","kind":"density-grid","grid_size_degrees":5,"point_count":20,"intensity":0.038685,"networks":{"ipv4":20},"statuses":{"duplicate-location":13,"Unknown":7},"countries":{"US":18,"CA":2},"sanctioned_nodes":0,"policy_restricted_nodes":0,"threat_infrastructure_nodes":0,"stroke":"#c0d674","fill":"#c0d674","opacity":0.08,"marker_ring":false}},{"type":"Feature","id":"node-density-grid-5:30:-115","geometry":{"type":"Polygon","coordinates":[[[-115,30],[-110,30],[-110,35],[-115,35],[-115,30]]]},"properties":{"name":"5° Density Cell 30,-115","kind":"density-grid","grid_size_degrees":5,"point_count":19,"intensity":0.03675,"networks":{"ipv4":19},"statuses":{"duplicate-location":13,"Unknown":6},"countries":{"US":19},"sanctioned_nodes":0,"policy_restricted_nodes":0,"threat_infrastructure_nodes":0,"stroke":"#c0d674","fill":"#c0d674","opacity":0.08,"marker_ring":false}},{"type":"Feature","id":"node-density-grid-5:25:120","geometry":{"type":"Polygon","coordinates":[[[120,25],[125,25],[125,30],[120,30],[120,25]]]},"properties":{"name":"5° Density Cell 25,120","kind":"density-grid","grid_size_degrees":5,"point_count":18,"intensity":0.034816,"networks":{"ipv4":18},"statuses":{"duplicate-location":17,"Unknown":1},"countries":{"TW":17,"CN":1},"sanctioned_nodes":0,"policy_restricted_nodes":0,"threat_infrastructure_nodes":0,"stroke":"#c0d674","fill":"#c0d674","opacity":0.08,"marker_ring":false}},{"type":"Feature","id":"node-density-grid-5:35:-105","geometry":{"type":"Polygon","coordinates":[[[-105,35],[-100,35],[-100,40],[-105,40],[-105,35]]]},"properties":{"name":"5° Density Cell 35,-105","kind":"density-grid","grid_size_degrees":5,"point_count":18,"intensity":0.034816,"networks":{"ipv4":18},"statuses":{"duplicate-location":10,"Unknown":8},"countries":{"US":18},"sanctioned_nodes":0,"policy_restricted_nodes":0,"threat_infrastructure_nodes":0,"stroke":"#c0d674","fill":"#c0d674","opacity":0.08,"marker_ring":false}},{"type":"Feature","id":"node-density-grid-5:40:0","geometry":{"type":"Polygon","coordinates":[[[0,40],[5,40],[5,45],[0,45],[0,40]]]},"properties":{"name":"5° Density Cell 40,0","kind":"density-grid","grid_size_degrees":5,"point_count":17,"intensity":0.032882,"networks":{"ipv4":17},"statuses":{"duplicate-location":12,"Unknown":5},"countries":{"FR":13,"ES":3,"AD":1},"sanctioned_nodes":0,"policy_restricted_nodes":0,"threat_infrastructure_nodes":0,"stroke":"#c0d674","fill":"#c0d674","opacity":0.08,"marker_ring":false}},{"type":"Feature","id":"node-density-grid-5:50:-10","geometry":{"type":"Polygon","coordinates":[[[-10,50],[-5,50],[-5,55],[-10,55],[-10,50]]]},"properties":{"name":"5° Density Cell 50,-10","kind":"density-grid","grid_size_degrees":5,"point_count":17,"intensity":0.032882,"networks":{"ipv4":17},"statuses":{"duplicate-location":12,"Unknown":5},"countries":{"IE":17},"sanctioned_nodes":0,"policy_restricted_nodes":0,"threat_infrastructure_nodes":0,"stroke":"#c0d674","fill":"#c0d674","opacity":0.08,"marker_ring":false}},{"type":"Feature","id":"node-density-grid-5:-40:170","geometry":{"type":"Polygon","coordinates":[[[170,-40],[175,-40],[175,-35],[170,-35],[170,-40]]]},"properties":{"name":"5° Density Cell -40,170","kind":"density-grid","grid_size_degrees":5,"point_count":16,"intensity":0.030948,"networks":{"ipv4":16},"statuses":{"Unknown":9,"duplicate-location":7},"countries":{"NZ":16},"sanctioned_nodes":0,"policy_restricted_nodes":0,"threat_infrastructure_nodes":0,"stroke":"#c0d674","fill":"#c0d674","opacity":0.08,"marker_ring":false}},{"type":"Feature","id":"node-density-grid-5:35:-90","geometry":{"type":"Polygon","coordinates":[[[-90,35],[-85,35],[-85,40],[-90,40],[-90,35]]]},"properties":{"name":"5° Density Cell 35,-90","kind":"density-grid","grid_size_degrees":5,"point_count":16,"intensity":0.030948,"networks":{"ipv4":16},"statuses":{"Unknown":16},"countries":{"US":16},"sanctioned_nodes":0,"policy_restricted_nodes":0,"threat_infrastructure_nodes":0,"stroke":"#c0d674","fill":"#c0d674","opacity":0.08,"marker_ring":false}},{"type":"Feature","id":"node-density-grid-5:40:25","geometry":{"type":"Polygon","coordinates":[[[25,40],[30,40],[30,45],[25,45],[25,40]]]},"properties":{"name":"5° Density Cell 40,25","kind":"density-grid","grid_size_degrees":5,"point_count":16,"intensity":0.030948,"networks":{"ipv4":16},"statuses":{"duplicate-location":13,"Unknown":3},"countries":{"RO":9,"BG":4,"TR":3},"sanctioned_nodes":0,"policy_restricted_nodes":0,"threat_infrastructure_nodes":0,"stroke":"#c0d674","fill":"#c0d674","opacity":0.08,"marker_ring":false}},{"type":"Feature","id":"node-density-grid-5:50:15","geometry":{"type":"Polygon","coordinates":[[[15,50],[20,50],[20,55],[15,55],[15,50]]]},"properties":{"name":"5° Density Cell 50,15","kind":"density-grid","grid_size_degrees":5,"point_count":16,"intensity":0.030948,"networks":{"ipv4":16},"statuses":{"Unknown":14,"duplicate-location":2},"countries":{"PL":12,"CZ":4},"sanctioned_nodes":0,"policy_restricted_nodes":0,"threat_infrastructure_nodes":0,"stroke":"#c0d674","fill":"#c0d674","opacity":0.08,"marker_ring":false}},{"type":"Feature","id":"node-density-grid-5:30:-90","geometry":{"type":"Polygon","coordinates":[[[-90,30],[-85,30],[-85,35],[-90,35],[-90,30]]]},"properties":{"name":"5° Density Cell 30,-90","kind":"density-grid","grid_size_degrees":5,"point_count":15,"intensity":0.029014,"networks":{"ipv4":15},"statuses":{"Unknown":13,"duplicate-location":2},"countries":{"US":15},"sanctioned_nodes":0,"policy_restricted_nodes":0,"threat_infrastructure_nodes":0,"stroke":"#c0d674","fill":"#c0d674","opacity":0.08,"marker_ring":false}},{"type":"Feature","id":"node-density-grid-5:40:20","geometry":{"type":"Polygon","coordinates":[[[20,40],[25,40],[25,45],[20,45],[20,40]]]},"properties":{"name":"5° Density Cell 40,20","kind":"density-grid","grid_size_degrees":5,"point_count":15,"intensity":0.029014,"networks":{"ipv4":15},"statuses":{"Unknown":9,"duplicate-location":6},"countries":{"BG":13,"GR":2},"sanctioned_nodes":0,"policy_restricted_nodes":0,"threat_infrastructure_nodes":0,"stroke":"#c0d674","fill":"#c0d674","opacity":0.08,"marker_ring":false}},{"type":"Feature","id":"node-density-grid-5:50:30","geometry":{"type":"Polygon","coordinates":[[[30,50],[35,50],[35,55],[30,55],[30,50]]]},"properties":{"name":"5° Density Cell 50,30","kind":"density-grid","grid_size_degrees":5,"point_count":15,"intensity":0.029014,"networks":{"ipv4":15},"statuses":{"duplicate-location":9,"Unknown":6},"countries":{"UA":12,"BY":2,"RU":1},"sanctioned_nodes":0,"policy_restricted_nodes":0,"threat_infrastructure_nodes":0,"stroke":"#c0d674","fill":"#c0d674","opacity":0.08,"marker_ring":false}},{"type":"Feature","id":"node-density-grid-5:10:100","geometry":{"type":"Polygon","coordinates":[[[100,10],[105,10],[105,15],[100,15],[100,10]]]},"properties":{"name":"5° Density Cell 10,100","kind":"density-grid","grid_size_degrees":5,"point_count":14,"intensity":0.027079,"networks":{"ipv4":14},"statuses":{"Unknown":12,"duplicate-location":2},"countries":{"TH":12,"KH":2},"sanctioned_nodes":0,"policy_restricted_nodes":0,"threat_infrastructure_nodes":0,"stroke":"#c0d674","fill":"#c0d674","opacity":0.08,"marker_ring":false}},{"type":"Feature","id":"node-density-grid-5:15:70","geometry":{"type":"Polygon","coordinates":[[[70,15],[75,15],[75,20],[70,20],[70,15]]]},"properties":{"name":"5° Density Cell 15,70","kind":"density-grid","grid_size_degrees":5,"point_count":14,"intensity":0.027079,"networks":{"ipv4":14},"statuses":{"duplicate-location":13,"Unknown":1},"countries":{"IN":14},"sanctioned_nodes":0,"policy_restricted_nodes":0,"threat_infrastructure_nodes":0,"stroke":"#c0d674","fill":"#c0d674","opacity":0.08,"marker_ring":false}},{"type":"Feature","id":"node-density-grid-5:35:-110","geometry":{"type":"Polygon","coordinates":[[[-110,35],[-105,35],[-105,40],[-110,40],[-110,35]]]},"properties":{"name":"5° Density Cell 35,-110","kind":"density-grid","grid_size_degrees":5,"point_count":14,"intensity":0.027079,"networks":{"ipv4":14},"statuses":{"Unknown":7,"duplicate-location":7},"countries":{"US":14},"sanctioned_nodes":0,"policy_restricted_nodes":0,"threat_infrastructure_nodes":0,"stroke":"#c0d674","fill":"#c0d674","opacity":0.08,"marker_ring":false}},{"type":"Feature","id":"node-density-grid-5:-40:145","geometry":{"type":"Polygon","coordinates":[[[145,-40],[150,-40],[150,-35],[145,-35],[145,-40]]]},"properties":{"name":"5° Density Cell -40,145","kind":"density-grid","grid_size_degrees":5,"point_count":13,"intensity":0.025145,"networks":{"ipv4":13},"statuses":{"Unknown":8,"duplicate-location":5},"countries":{"AU":13},"sanctioned_nodes":0,"policy_restricted_nodes":0,"threat_infrastructure_nodes":0,"stroke":"#c0d674","fill":"#c0d674","opacity":0.08,"marker_ring":false}},{"type":"Feature","id":"node-density-grid-5:-10:105","geometry":{"type":"Polygon","coordinates":[[[105,-10],[110,-10],[110,-5],[105,-5],[105,-10]]]},"properties":{"name":"5° Density Cell -10,105","kind":"density-grid","grid_size_degrees":5,"point_count":13,"intensity":0.025145,"networks":{"ipv4":13},"statuses":{"duplicate-location":9,"Unknown":4},"countries":{"ID":13},"sanctioned_nodes":0,"policy_restricted_nodes":0,"threat_infrastructure_nodes":0,"stroke":"#c0d674","fill":"#c0d674","opacity":0.08,"marker_ring":false}},{"type":"Feature","id":"node-density-grid-5:35:-100","geometry":{"type":"Polygon","coordinates":[[[-100,35],[-95,35],[-95,40],[-100,40],[-100,35]]]},"properties":{"name":"5° Density Cell 35,-100","kind":"density-grid","grid_size_degrees":5,"point_count":13,"intensity":0.025145,"networks":{"ipv4":13},"statuses":{"Unknown":11,"duplicate-location":2},"countries":{"US":13},"sanctioned_nodes":0,"policy_restricted_nodes":0,"threat_infrastructure_nodes":0,"stroke":"#c0d674","fill":"#c0d674","opacity":0.08,"marker_ring":false}},{"type":"Feature","id":"node-density-grid-5:50:20","geometry":{"type":"Polygon","coordinates":[[[20,50],[25,50],[25,55],[20,55],[20,50]]]},"properties":{"name":"5° Density Cell 50,20","kind":"density-grid","grid_size_degrees":5,"point_count":13,"intensity":0.025145,"networks":{"ipv4":13},"statuses":{"duplicate-location":7,"Unknown":6},"countries":{"PL":12,"BY":1},"sanctioned_nodes":0,"policy_restricted_nodes":0,"threat_infrastructure_nodes":0,"stroke":"#c0d674","fill":"#c0d674","opacity":0.08,"marker_ring":false}},{"type":"Feature","id":"node-density-grid-5:45:-5","geometry":{"type":"Polygon","coordinates":[[[-5,45],[0,45],[0,50],[-5,50],[-5,45]]]},"properties":{"name":"5° Density Cell 45,-5","kind":"density-grid","grid_size_degrees":5,"point_count":12,"intensity":0.023211,"networks":{"ipv4":12},"statuses":{"duplicate-location":8,"Unknown":4},"countries":{"FR":11,"JE":1},"sanctioned_nodes":0,"policy_restricted_nodes":0,"threat_infrastructure_nodes":0,"stroke":"#c0d674","fill":"#c0d674","opacity":0.08,"marker_ring":false}},{"type":"Feature","id":"node-density-grid-5:55:20","geometry":{"type":"Polygon","coordinates":[[[20,55],[25,55],[25,60],[20,60],[20,55]]]},"properties":{"name":"5° Density Cell 55,20","kind":"density-grid","grid_size_degrees":5,"point_count":12,"intensity":0.023211,"networks":{"ipv4":12},"statuses":{"duplicate-location":7,"Unknown":5},"countries":{"LV":5,"LT":4,"EE":3},"sanctioned_nodes":0,"policy_restricted_nodes":0,"threat_infrastructure_nodes":0,"stroke":"#c0d674","fill":"#c0d674","opacity":0.08,"marker_ring":false}},{"type":"Feature","id":"node-density-grid-5:55:30","geometry":{"type":"Polygon","coordinates":[[[30,55],[35,55],[35,60],[30,60],[30,55]]]},"properties":{"name":"5° Density Cell 55,30","kind":"density-grid","grid_size_degrees":5,"point_count":12,"intensity":0.023211,"networks":{"ipv4":12},"statuses":{"duplicate-location":10,"Unknown":2},"countries":{"RU":12},"sanctioned_nodes":0,"policy_restricted_nodes":0,"threat_infrastructure_nodes":0,"stroke":"#c0d674","fill":"#c0d674","opacity":0.08,"marker_ring":false}},{"type":"Feature","id":"node-density-grid-5:-35:15","geometry":{"type":"Polygon","coordinates":[[[15,-35],[20,-35],[20,-30],[15,-30],[15,-35]]]},"properties":{"name":"5° Density Cell -35,15","kind":"density-grid","grid_size_degrees":5,"point_count":11,"intensity":0.021277,"networks":{"ipv4":11},"statuses":{"duplicate-location":6,"Unknown":5},"countries":{"ZA":11},"sanctioned_nodes":0,"policy_restricted_nodes":0,"threat_infrastructure_nodes":0,"stroke":"#c0d674","fill":"#c0d674","opacity":0.08,"marker_ring":false}},{"type":"Feature","id":"node-density-grid-5:30:-95","geometry":{"type":"Polygon","coordinates":[[[-95,30],[-90,30],[-90,35],[-95,35],[-95,30]]]},"properties":{"name":"5° Density Cell 30,-95","kind":"density-grid","grid_size_degrees":5,"point_count":11,"intensity":0.021277,"networks":{"ipv4":11},"statuses":{"Unknown":6,"duplicate-location":5},"countries":{"US":11},"sanctioned_nodes":0,"policy_restricted_nodes":0,"threat_infrastructure_nodes":0,"stroke":"#c0d674","fill":"#c0d674","opacity":0.08,"marker_ring":false}},{"type":"Feature","id":"node-density-grid-5:40:-5","geometry":{"type":"Polygon","coordinates":[[[-5,40],[0,40],[0,45],[-5,45],[-5,40]]]},"properties":{"name":"5° Density Cell 40,-5","kind":"density-grid","grid_size_degrees":5,"point_count":11,"intensity":0.021277,"networks":{"ipv4":11},"statuses":{"Unknown":7,"duplicate-location":4},"countries":{"ES":11},"sanctioned_nodes":0,"policy_restricted_nodes":0,"threat_infrastructure_nodes":0,"stroke":"#c0d674","fill":"#c0d674","opacity":0.08,"marker_ring":false}},{"type":"Feature","id":"node-density-grid-5:40:10","geometry":{"type":"Polygon","coordinates":[[[10,40],[15,40],[15,45],[10,45],[10,40]]]},"properties":{"name":"5° Density Cell 40,10","kind":"density-grid","grid_size_degrees":5,"point_count":11,"intensity":0.021277,"networks":{"ipv4":11},"statuses":{"Unknown":11},"countries":{"IT":11},"sanctioned_nodes":0,"policy_restricted_nodes":0,"threat_infrastructure_nodes":0,"stroke":"#c0d674","fill":"#c0d674","opacity":0.08,"marker_ring":false}},{"type":"Feature","id":"node-density-grid-5:45:-100","geometry":{"type":"Polygon","coordinates":[[[-100,45],[-95,45],[-95,50],[-100,50],[-100,45]]]},"properties":{"name":"5° Density Cell 45,-100","kind":"density-grid","grid_size_degrees":5,"point_count":11,"intensity":0.021277,"networks":{"ipv4":11},"statuses":{"duplicate-location":8,"Unknown":3},"countries":{"CA":8,"US":3},"sanctioned_nodes":0,"policy_restricted_nodes":0,"threat_infrastructure_nodes":0,"stroke":"#c0d674","fill":"#c0d674","opacity":0.08,"marker_ring":false}},{"type":"Feature","id":"node-density-grid-5:60:25","geometry":{"type":"Polygon","coordinates":[[[25,60],[30,60],[30,65],[25,65],[25,60]]]},"properties":{"name":"5° Density Cell 60,25","kind":"density-grid","grid_size_degrees":5,"point_count":11,"intensity":0.021277,"networks":{"ipv4":11},"statuses":{"duplicate-location":9,"Unknown":2},"countries":{"FI":11},"sanctioned_nodes":0,"policy_restricted_nodes":0,"threat_infrastructure_nodes":0,"stroke":"#c0d674","fill":"#c0d674","opacity":0.08,"marker_ring":false}},{"type":"Feature","id":"node-density-grid-5:-35:-60","geometry":{"type":"Polygon","coordinates":[[[-60,-35],[-55,-35],[-55,-30],[-60,-30],[-60,-35]]]},"properties":{"name":"5° Density Cell -35,-60","kind":"density-grid","grid_size_degrees":5,"point_count":10,"intensity":0.019342,"networks":{"ipv4":10},"statuses":{"duplicate-location":6,"Unknown":4},"countries":{"AR":8,"UY":2},"sanctioned_nodes":0,"policy_restricted_nodes":0,"threat_infrastructure_nodes":0,"stroke":"#c0d674","fill":"#c0d674","opacity":0.08,"marker_ring":false}},{"type":"Feature","id":"node-density-grid-5:-35:115","geometry":{"type":"Polygon","coordinates":[[[115,-35],[120,-35],[120,-30],[115,-30],[115,-35]]]},"properties":{"name":"5° Density Cell -35,115","kind":"density-grid","grid_size_degrees":5,"point_count":10,"intensity":0.019342,"networks":{"ipv4":10},"statuses":{"Unknown":6,"duplicate-location":4},"countries":{"AU":10},"sanctioned_nodes":0,"policy_restricted_nodes":0,"threat_infrastructure_nodes":0,"stroke":"#c0d674","fill":"#c0d674","opacity":0.08,"marker_ring":false}},{"type":"Feature","id":"node-density-grid-5:40:-120","geometry":{"type":"Polygon","coordinates":[[[-120,40],[-115,40],[-115,45],[-120,45],[-120,40]]]},"properties":{"name":"5° Density Cell 40,-120","kind":"density-grid","grid_size_degrees":5,"point_count":10,"intensity":0.019342,"networks":{"ipv4":10},"statuses":{"duplicate-location":10},"countries":{"US":10},"sanctioned_nodes":0,"policy_restricted_nodes":0,"threat_infrastructure_nodes":0,"stroke":"#c0d674","fill":"#c0d674","opacity":0.08,"marker_ring":false}},{"type":"Feature","id":"node-density-grid-5:40:5","geometry":{"type":"Polygon","coordinates":[[[5,40],[10,40],[10,45],[5,45],[5,40]]]},"properties":{"name":"5° Density Cell 40,5","kind":"density-grid","grid_size_degrees":5,"point_count":9,"intensity":0.017408,"networks":{"ipv4":9},"statuses":{"duplicate-location":7,"Unknown":2},"countries":{"FR":9},"sanctioned_nodes":0,"policy_restricted_nodes":0,"threat_infrastructure_nodes":0,"stroke":"#c0d674","fill":"#c0d674","opacity":0.08,"marker_ring":false}},{"type":"Feature","id":"node-density-grid-5:45:25","geometry":{"type":"Polygon","coordinates":[[[25,45],[30,45],[30,50],[25,50],[25,45]]]},"properties":{"name":"5° Density Cell 45,25","kind":"density-grid","grid_size_degrees":5,"point_count":9,"intensity":0.017408,"networks":{"ipv4":9},"statuses":{"Unknown":5,"duplicate-location":4},"countries":{"MD":7,"RO":1,"UA":1},"sanctioned_nodes":0,"policy_restricted_nodes":0,"threat_infrastructure_nodes":0,"stroke":"#c0d674","fill":"#c0d674","opacity":0.08,"marker_ring":false}},{"type":"Feature","id":"node-density-grid-5:30:120","geometry":{"type":"Polygon","coordinates":[[[120,30],[125,30],[125,35],[120,35],[120,30]]]},"properties":{"name":"5° Density Cell 30,120","kind":"density-grid","grid_size_degrees":5,"point_count":8,"intensity":0.015474,"networks":{"ipv4":8},"statuses":{"duplicate-location":8},"countries":{"CN":8},"sanctioned_nodes":0,"policy_restricted_nodes":0,"threat_infrastructure_nodes":0,"stroke":"#c0d674","fill":"#c0d674","opacity":0.08,"marker_ring":false}},{"type":"Feature","id":"node-density-grid-5:35:-10","geometry":{"type":"Polygon","coordinates":[[[-10,35],[-5,35],[-5,40],[-10,40],[-10,35]]]},"properties":{"name":"5° Density Cell 35,-10","kind":"density-grid","grid_size_degrees":5,"point_count":8,"intensity":0.015474,"networks":{"ipv4":8},"statuses":{"Unknown":8},"countries":{"PT":6,"ES":2},"sanctioned_nodes":0,"policy_restricted_nodes":0,"threat_infrastructure_nodes":0,"stroke":"#c0d674","fill":"#c0d674","opacity":0.08,"marker_ring":false}},{"type":"Feature","id":"node-density-grid-5:35:-5","geometry":{"type":"Polygon","coordinates":[[[-5,35],[0,35],[0,40],[-5,40],[-5,35]]]},"properties":{"name":"5° Density Cell 35,-5","kind":"density-grid","grid_size_degrees":5,"point_count":8,"intensity":0.015474,"networks":{"ipv4":8},"statuses":{"Unknown":8},"countries":{"ES":8},"sanctioned_nodes":0,"policy_restricted_nodes":0,"threat_infrastructure_nodes":0,"stroke":"#c0d674","fill":"#c0d674","opacity":0.08,"marker_ring":false}},{"type":"Feature","id":"node-density-grid-5:40:-125","geometry":{"type":"Polygon","coordinates":[[[-125,40],[-120,40],[-120,45],[-125,45],[-125,40]]]},"properties":{"name":"5° Density Cell 40,-125","kind":"density-grid","grid_size_degrees":5,"point_count":8,"intensity":0.015474,"networks":{"ipv4":8},"statuses":{"Unknown":6,"duplicate-location":2},"countries":{"US":8},"sanctioned_nodes":0,"policy_restricted_nodes":0,"threat_infrastructure_nodes":0,"stroke":"#c0d674","fill":"#c0d674","opacity":0.08,"marker_ring":false}},{"type":"Feature","id":"node-density-grid-5:45:35","geometry":{"type":"Polygon","coordinates":[[[35,45],[40,45],[40,50],[35,50],[35,45]]]},"properties":{"name":"5° Density Cell 45,35","kind":"density-grid","grid_size_degrees":5,"point_count":8,"intensity":0.015474,"networks":{"ipv4":8},"statuses":{"duplicate-location":6,"Unknown":2},"countries":{"UA":8},"sanctioned_nodes":0,"policy_restricted_nodes":0,"threat_infrastructure_nodes":0,"stroke":"#c0d674","fill":"#c0d674","opacity":0.08,"marker_ring":false}},{"type":"Feature","id":"node-density-grid-5:40:-10","geometry":{"type":"Polygon","coordinates":[[[-10,40],[-5,40],[-5,45],[-10,45],[-10,40]]]},"properties":{"name":"5° Density Cell 40,-10","kind":"density-grid","grid_size_degrees":5,"point_count":7,"intensity":0.01354,"networks":{"ipv4":7},"statuses":{"Unknown":7},"countries":{"PT":5,"ES":2},"sanctioned_nodes":0,"policy_restricted_nodes":0,"threat_infrastructure_nodes":0,"stroke":"#c0d674","fill":"#c0d674","opacity":0.08,"marker_ring":false}},{"type":"Feature","id":"node-density-grid-5:45:-80","geometry":{"type":"Polygon","coordinates":[[[-80,45],[-75,45],[-75,50],[-80,50],[-80,45]]]},"properties":{"name":"5° Density Cell 45,-80","kind":"density-grid","grid_size_degrees":5,"point_count":7,"intensity":0.01354,"networks":{"ipv4":7},"statuses":{"Unknown":5,"duplicate-location":2},"countries":{"CA":7},"sanctioned_nodes":0,"policy_restricted_nodes":0,"threat_infrastructure_nodes":0,"stroke":"#c0d674","fill":"#c0d674","opacity":0.08,"marker_ring":false}},{"type":"Feature","id":"node-density-grid-5:45:20","geometry":{"type":"Polygon","coordinates":[[[20,45],[25,45],[25,50],[20,50],[20,45]]]},"properties":{"name":"5° Density Cell 45,20","kind":"density-grid","grid_size_degrees":5,"point_count":7,"intensity":0.01354,"networks":{"ipv4":7},"statuses":{"Unknown":7},"countries":{"RO":4,"PL":1,"SK":1,"UA":1},"sanctioned_nodes":0,"policy_restricted_nodes":0,"threat_infrastructure_nodes":0,"stroke":"#c0d674","fill":"#c0d674","opacity":0.08,"marker_ring":false}},{"type":"Feature","id":"node-density-grid-5:-20:-45","geometry":{"type":"Polygon","coordinates":[[[-45,-20],[-40,-20],[-40,-15],[-45,-15],[-45,-20]]]},"properties":{"name":"5° Density Cell -20,-45","kind":"density-grid","grid_size_degrees":5,"point_count":6,"intensity":0.011605,"networks":{"ipv4":6},"statuses":{"Unknown":4,"duplicate-location":2},"countries":{"BR":6},"sanctioned_nodes":0,"policy_restricted_nodes":0,"threat_infrastructure_nodes":0,"stroke":"#c0d674","fill":"#c0d674","opacity":0.08,"marker_ring":false}},{"type":"Feature","id":"node-density-grid-5:15:-100","geometry":{"type":"Polygon","coordinates":[[[-100,15],[-95,15],[-95,20],[-100,20],[-100,15]]]},"properties":{"name":"5° Density Cell 15,-100","kind":"density-grid","grid_size_degrees":5,"point_count":6,"intensity":0.011605,"networks":{"ipv4":6},"statuses":{"Unknown":6},"countries":{"MX":6},"sanctioned_nodes":0,"policy_restricted_nodes":0,"threat_infrastructure_nodes":0,"stroke":"#c0d674","fill":"#c0d674","opacity":0.08,"marker_ring":false}},{"type":"Feature","id":"node-density-grid-5:30:30","geometry":{"type":"Polygon","coordinates":[[[30,30],[35,30],[35,35],[30,35],[30,30]]]},"properties":{"name":"5° Density Cell 30,30","kind":"density-grid","grid_size_degrees":5,"point_count":6,"intensity":0.011605,"networks":{"ipv4":6},"statuses":{"Unknown":4,"duplicate-location":2},"countries":{"IL":5,"CY":1},"sanctioned_nodes":0,"policy_restricted_nodes":0,"threat_infrastructure_nodes":0,"stroke":"#c0d674","fill":"#c0d674","opacity":0.08,"marker_ring":false}},{"type":"Feature","id":"node-density-grid-5:45:-115","geometry":{"type":"Polygon","coordinates":[[[-115,45],[-110,45],[-110,50],[-115,50],[-115,45]]]},"properties":{"name":"5° Density Cell 45,-115","kind":"density-grid","grid_size_degrees":5,"point_count":6,"intensity":0.011605,"networks":{"ipv4":6},"statuses":{"Unknown":3,"duplicate-location":3},"countries":{"US":6},"sanctioned_nodes":0,"policy_restricted_nodes":0,"threat_infrastructure_nodes":0,"stroke":"#c0d674","fill":"#c0d674","opacity":0.08,"marker_ring":false}},{"type":"Feature","id":"node-density-grid-5:-35:-75","geometry":{"type":"Polygon","coordinates":[[[-75,-35],[-70,-35],[-70,-30],[-75,-30],[-75,-35]]]},"properties":{"name":"5° Density Cell -35,-75","kind":"density-grid","grid_size_degrees":5,"point_count":5,"intensity":0.009671,"networks":{"ipv4":5},"statuses":{"Unknown":3,"duplicate-location":2},"countries":{"CL":5},"sanctioned_nodes":0,"policy_restricted_nodes":0,"threat_infrastructure_nodes":0,"stroke":"#c0d674","fill":"#c0d674","opacity":0.08,"marker_ring":false}},{"type":"Feature","id":"node-density-grid-5:-30:-55","geometry":{"type":"Polygon","coordinates":[[[-55,-30],[-50,-30],[-50,-25],[-55,-25],[-55,-30]]]},"properties":{"name":"5° Density Cell -30,-55","kind":"density-grid","grid_size_degrees":5,"point_count":5,"intensity":0.009671,"networks":{"ipv4":5},"statuses":{"Unknown":5},"countries":{"BR":5},"sanctioned_nodes":0,"policy_restricted_nodes":0,"threat_infrastructure_nodes":0,"stroke":"#c0d674","fill":"#c0d674","opacity":0.08,"marker_ring":false}},{"type":"Feature","id":"node-density-grid-5:-30:25","geometry":{"type":"Polygon","coordinates":[[[25,-30],[30,-30],[30,-25],[25,-25],[25,-30]]]},"properties":{"name":"5° Density Cell -30,25","kind":"density-grid","grid_size_degrees":5,"point_count":5,"intensity":0.009671,"networks":{"ipv4":5},"statuses":{"Unknown":5},"countries":{"ZA":5},"sanctioned_nodes":0,"policy_restricted_nodes":0,"threat_infrastructure_nodes":0,"stroke":"#c0d674","fill":"#c0d674","opacity":0.08,"marker_ring":false}},{"type":"Feature","id":"node-density-grid-5:20:55","geometry":{"type":"Polygon","coordinates":[[[55,20],[60,20],[60,25],[55,25],[55,20]]]},"properties":{"name":"5° Density Cell 20,55","kind":"density-grid","grid_size_degrees":5,"point_count":5,"intensity":0.009671,"networks":{"ipv4":5},"statuses":{"duplicate-location":4,"Unknown":1},"countries":{"OM":5},"sanctioned_nodes":0,"policy_restricted_nodes":0,"threat_infrastructure_nodes":0,"stroke":"#c0d674","fill":"#c0d674","opacity":0.08,"marker_ring":false}},{"type":"Feature","id":"node-density-grid-5:40:-110","geometry":{"type":"Polygon","coordinates":[[[-110,40],[-105,40],[-105,45],[-110,45],[-110,40]]]},"properties":{"name":"5° Density Cell 40,-110","kind":"density-grid","grid_size_degrees":5,"point_count":5,"intensity":0.009671,"networks":{"ipv4":5},"statuses":{"duplicate-location":3,"Unknown":2},"countries":{"US":5},"sanctioned_nodes":0,"policy_restricted_nodes":0,"threat_infrastructure_nodes":0,"stroke":"#c0d674","fill":"#c0d674","opacity":0.08,"marker_ring":false}},{"type":"Feature","id":"node-density-grid-5:55:5","geometry":{"type":"Polygon","coordinates":[[[5,55],[10,55],[10,60],[5,60],[5,55]]]},"properties":{"name":"5° Density Cell 55,5","kind":"density-grid","grid_size_degrees":5,"point_count":5,"intensity":0.009671,"networks":{"ipv4":5},"statuses":{"Unknown":3,"duplicate-location":2},"countries":{"DK":3,"NO":2},"sanctioned_nodes":0,"policy_restricted_nodes":0,"threat_infrastructure_nodes":0,"stroke":"#c0d674","fill":"#c0d674","opacity":0.08,"marker_ring":false}},{"type":"Feature","id":"node-density-grid-5:5:-85","geometry":{"type":"Polygon","coordinates":[[[-85,5],[-80,5],[-80,10],[-85,10],[-85,5]]]},"properties":{"name":"5° Density Cell 5,-85","kind":"density-grid","grid_size_degrees":5,"point_count":4,"intensity":0.007737,"networks":{"ipv4":4},"statuses":{"Unknown":4},"countries":{"CR":4},"sanctioned_nodes":0,"policy_restricted_nodes":0,"threat_infrastructure_nodes":0,"stroke":"#c0d674","fill":"#c0d674","opacity":0.08,"marker_ring":false}},{"type":"Feature","id":"node-density-grid-5:10:75","geometry":{"type":"Polygon","coordinates":[[[75,10],[80,10],[80,15],[75,15],[75,10]]]},"properties":{"name":"5° Density Cell 10,75","kind":"density-grid","grid_size_degrees":5,"point_count":4,"intensity":0.007737,"networks":{"ipv4":4},"statuses":{"duplicate-location":3,"Unknown":1},"countries":{"IN":4},"sanctioned_nodes":0,"policy_restricted_nodes":0,"threat_infrastructure_nodes":0,"stroke":"#c0d674","fill":"#c0d674","opacity":0.08,"marker_ring":false}},{"type":"Feature","id":"node-density-grid-5:20:-160","geometry":{"type":"Polygon","coordinates":[[[-160,20],[-155,20],[-155,25],[-160,25],[-160,20]]]},"properties":{"name":"5° Density Cell 20,-160","kind":"density-grid","grid_size_degrees":5,"point_count":4,"intensity":0.007737,"networks":{"ipv4":4},"statuses":{"Unknown":2,"duplicate-location":2},"countries":{"US":4},"sanctioned_nodes":0,"policy_restricted_nodes":0,"threat_infrastructure_nodes":0,"stroke":"#c0d674","fill":"#c0d674","opacity":0.08,"marker_ring":false}},{"type":"Feature","id":"node-density-grid-5:25:55","geometry":{"type":"Polygon","coordinates":[[[55,25],[60,25],[60,30],[55,30],[55,25]]]},"properties":{"name":"5° Density Cell 25,55","kind":"density-grid","grid_size_degrees":5,"point_count":4,"intensity":0.007737,"networks":{"ipv4":4},"statuses":{"Unknown":2,"duplicate-location":2},"countries":{"AE":4},"sanctioned_nodes":0,"policy_restricted_nodes":0,"threat_infrastructure_nodes":0,"stroke":"#c0d674","fill":"#c0d674","opacity":0.08,"marker_ring":false}},{"type":"Feature","id":"node-density-grid-5:30:-80","geometry":{"type":"Polygon","coordinates":[[[-80,30],[-75,30],[-75,35],[-80,35],[-80,30]]]},"properties":{"name":"5° Density Cell 30,-80","kind":"density-grid","grid_size_degrees":5,"point_count":4,"intensity":0.007737,"networks":{"ipv4":4},"statuses":{"Unknown":4},"countries":{"US":4},"sanctioned_nodes":0,"policy_restricted_nodes":0,"threat_infrastructure_nodes":0,"stroke":"#c0d674","fill":"#c0d674","opacity":0.08,"marker_ring":false}},{"type":"Feature","id":"node-density-grid-5:35:20","geometry":{"type":"Polygon","coordinates":[[[20,35],[25,35],[25,40],[20,40],[20,35]]]},"properties":{"name":"5° Density Cell 35,20","kind":"density-grid","grid_size_degrees":5,"point_count":4,"intensity":0.007737,"networks":{"ipv4":4},"statuses":{"Unknown":4},"countries":{"GR":4},"sanctioned_nodes":0,"policy_restricted_nodes":0,"threat_infrastructure_nodes":0,"stroke":"#c0d674","fill":"#c0d674","opacity":0.08,"marker_ring":false}},{"type":"Feature","id":"node-density-grid-5:45:-70","geometry":{"type":"Polygon","coordinates":[[[-70,45],[-65,45],[-65,50],[-70,50],[-70,45]]]},"properties":{"name":"5° Density Cell 45,-70","kind":"density-grid","grid_size_degrees":5,"point_count":4,"intensity":0.007737,"networks":{"ipv4":4},"statuses":{"Unknown":4},"countries":{"CA":4},"sanctioned_nodes":0,"policy_restricted_nodes":0,"threat_infrastructure_nodes":0,"stroke":"#c0d674","fill":"#c0d674","opacity":0.08,"marker_ring":false}},{"type":"Feature","id":"node-density-grid-5:55:60","geometry":{"type":"Polygon","coordinates":[[[60,55],[65,55],[65,60],[60,60],[60,55]]]},"properties":{"name":"5° Density Cell 55,60","kind":"density-grid","grid_size_degrees":5,"point_count":4,"intensity":0.007737,"networks":{"ipv4":4},"statuses":{"duplicate-location":3,"Unknown":1},"countries":{"RU":4},"sanctioned_nodes":0,"policy_restricted_nodes":0,"threat_infrastructure_nodes":0,"stroke":"#c0d674","fill":"#c0d674","opacity":0.08,"marker_ring":false}},{"type":"Feature","id":"node-density-grid-5:-45:170","geometry":{"type":"Polygon","coordinates":[[[170,-45],[175,-45],[175,-40],[170,-40],[170,-45]]]},"properties":{"name":"5° Density Cell -45,170","kind":"density-grid","grid_size_degrees":5,"point_count":3,"intensity":0.005803,"networks":{"ipv4":3},"statuses":{"Unknown":3},"countries":{"NZ":3},"sanctioned_nodes":0,"policy_restricted_nodes":0,"threat_infrastructure_nodes":0,"stroke":"#c0d674","fill":"#c0d674","opacity":0.08,"marker_ring":false}},{"type":"Feature","id":"node-density-grid-5:-25:-55","geometry":{"type":"Polygon","coordinates":[[[-55,-25],[-50,-25],[-50,-20],[-55,-20],[-55,-25]]]},"properties":{"name":"5° Density Cell -25,-55","kind":"density-grid","grid_size_degrees":5,"point_count":3,"intensity":0.005803,"networks":{"ipv4":3},"statuses":{"Unknown":3},"countries":{"BR":3},"sanctioned_nodes":0,"policy_restricted_nodes":0,"threat_infrastructure_nodes":0,"stroke":"#c0d674","fill":"#c0d674","opacity":0.08,"marker_ring":false}},{"type":"Feature","id":"node-density-grid-5:-25:-45","geometry":{"type":"Polygon","coordinates":[[[-45,-25],[-40,-25],[-40,-20],[-45,-20],[-45,-25]]]},"properties":{"name":"5° Density Cell -25,-45","kind":"density-grid","grid_size_degrees":5,"point_count":3,"intensity":0.005803,"networks":{"ipv4":3},"statuses":{"Unknown":3},"countries":{"BR":3},"sanctioned_nodes":0,"policy_restricted_nodes":0,"threat_infrastructure_nodes":0,"stroke":"#c0d674","fill":"#c0d674","opacity":0.08,"marker_ring":false}},{"type":"Feature","id":"node-density-grid-5:-20:145","geometry":{"type":"Polygon","coordinates":[[[145,-20],[150,-20],[150,-15],[145,-15],[145,-20]]]},"properties":{"name":"5° Density Cell -20,145","kind":"density-grid","grid_size_degrees":5,"point_count":3,"intensity":0.005803,"networks":{"ipv4":3},"statuses":{"Unknown":3},"countries":{"AU":3},"sanctioned_nodes":0,"policy_restricted_nodes":0,"threat_infrastructure_nodes":0,"stroke":"#c0d674","fill":"#c0d674","opacity":0.08,"marker_ring":false}},{"type":"Feature","id":"node-density-grid-5:0:-75","geometry":{"type":"Polygon","coordinates":[[[-75,0],[-70,0],[-70,5],[-75,5],[-75,0]]]},"properties":{"name":"5° Density Cell 0,-75","kind":"density-grid","grid_size_degrees":5,"point_count":3,"intensity":0.005803,"networks":{"ipv4":3},"statuses":{"Unknown":3},"countries":{"CO":3},"sanctioned_nodes":0,"policy_restricted_nodes":0,"threat_infrastructure_nodes":0,"stroke":"#c0d674","fill":"#c0d674","opacity":0.08,"marker_ring":false}},{"type":"Feature","id":"node-density-grid-5:10:-90","geometry":{"type":"Polygon","coordinates":[[[-90,10],[-85,10],[-85,15],[-90,15],[-90,10]]]},"properties":{"name":"5° Density Cell 10,-90","kind":"density-grid","grid_size_degrees":5,"point_count":3,"intensity":0.005803,"networks":{"ipv4":3},"statuses":{"Unknown":3},"countries":{"HN":2,"SV":1},"sanctioned_nodes":0,"policy_restricted_nodes":0,"threat_infrastructure_nodes":0,"stroke":"#c0d674","fill":"#c0d674","opacity":0.08,"marker_ring":false}},{"type":"Feature","id":"node-density-grid-5:10:-70","geometry":{"type":"Polygon","coordinates":[[[-70,10],[-65,10],[-65,15],[-70,15],[-70,10]]]},"properties":{"name":"5° Density Cell 10,-70","kind":"density-grid","grid_size_degrees":5,"point_count":3,"intensity":0.005803,"networks":{"ipv4":3},"statuses":{"Unknown":3},"countries":{"VE":2,"CW":1},"sanctioned_nodes":0,"policy_restricted_nodes":0,"threat_infrastructure_nodes":0,"stroke":"#c0d674","fill":"#c0d674","opacity":0.08,"marker_ring":false}},{"type":"Feature","id":"node-density-grid-5:20:120","geometry":{"type":"Polygon","coordinates":[[[120,20],[125,20],[125,25],[120,25],[120,20]]]},"properties":{"name":"5° Density Cell 20,120","kind":"density-grid","grid_size_degrees":5,"point_count":3,"intensity":0.005803,"networks":{"ipv4":3},"statuses":{"duplicate-location":2,"Unknown":1},"countries":{"TW":3},"sanctioned_nodes":0,"policy_restricted_nodes":0,"threat_infrastructure_nodes":0,"stroke":"#c0d674","fill":"#c0d674","opacity":0.08,"marker_ring":false}},{"type":"Feature","id":"node-density-grid-5:25:-95","geometry":{"type":"Polygon","coordinates":[[[-95,25],[-90,25],[-90,30],[-95,30],[-95,25]]]},"properties":{"name":"5° Density Cell 25,-95","kind":"density-grid","grid_size_degrees":5,"point_count":3,"intensity":0.005803,"networks":{"ipv4":3},"statuses":{"duplicate-location":2,"Unknown":1},"countries":{"US":3},"sanctioned_nodes":0,"policy_restricted_nodes":0,"threat_infrastructure_nodes":0,"stroke":"#c0d674","fill":"#c0d674","opacity":0.08,"marker_ring":false}},{"type":"Feature","id":"node-density-grid-5:25:45","geometry":{"type":"Polygon","coordinates":[[[45,25],[50,25],[50,30],[45,30],[45,25]]]},"properties":{"name":"5° Density Cell 25,45","kind":"density-grid","grid_size_degrees":5,"point_count":3,"intensity":0.005803,"networks":{"ipv4":3},"statuses":{"Unknown":3},"countries":{"KW":3},"sanctioned_nodes":0,"policy_restricted_nodes":0,"threat_infrastructure_nodes":0,"stroke":"#c0d674","fill":"#c0d674","opacity":0.08,"marker_ring":false}},{"type":"Feature","id":"node-density-grid-5:25:50","geometry":{"type":"Polygon","coordinates":[[[50,25],[55,25],[55,30],[50,30],[50,25]]]},"properties":{"name":"5° Density Cell 25,50","kind":"density-grid","grid_size_degrees":5,"point_count":3,"intensity":0.005803,"networks":{"ipv4":3},"statuses":{"duplicate-location":2,"Unknown":1},"countries":{"QA":2,"BH":1},"sanctioned_nodes":0,"policy_restricted_nodes":0,"threat_infrastructure_nodes":0,"stroke":"#c0d674","fill":"#c0d674","opacity":0.08,"marker_ring":false}},{"type":"Feature","id":"node-density-grid-5:30:-105","geometry":{"type":"Polygon","coordinates":[[[-105,30],[-100,30],[-100,35],[-105,35],[-105,30]]]},"properties":{"name":"5° Density Cell 30,-105","kind":"density-grid","grid_size_degrees":5,"point_count":3,"intensity":0.005803,"networks":{"ipv4":3},"statuses":{"Unknown":3},"countries":{"US":3},"sanctioned_nodes":0,"policy_restricted_nodes":0,"threat_infrastructure_nodes":0,"stroke":"#c0d674","fill":"#c0d674","opacity":0.08,"marker_ring":false}},{"type":"Feature","id":"node-density-grid-5:30:100","geometry":{"type":"Polygon","coordinates":[[[100,30],[105,30],[105,35],[100,35],[100,30]]]},"properties":{"name":"5° Density Cell 30,100","kind":"density-grid","grid_size_degrees":5,"point_count":3,"intensity":0.005803,"networks":{"ipv4":3},"statuses":{"duplicate-location":2,"Unknown":1},"countries":{"CN":3},"sanctioned_nodes":0,"policy_restricted_nodes":0,"threat_infrastructure_nodes":0,"stroke":"#c0d674","fill":"#c0d674","opacity":0.08,"marker_ring":false}},{"type":"Feature","id":"node-density-grid-5:35:-75","geometry":{"type":"Polygon","coordinates":[[[-75,35],[-70,35],[-70,40],[-75,40],[-75,35]]]},"properties":{"name":"5° Density Cell 35,-75","kind":"density-grid","grid_size_degrees":5,"point_count":3,"intensity":0.005803,"networks":{"ipv4":3},"statuses":{"Unknown":3},"countries":{"US":3},"sanctioned_nodes":0,"policy_restricted_nodes":0,"threat_infrastructure_nodes":0,"stroke":"#c0d674","fill":"#c0d674","opacity":0.08,"marker_ring":false}},{"type":"Feature","id":"node-density-grid-5:40:-65","geometry":{"type":"Polygon","coordinates":[[[-65,40],[-60,40],[-60,45],[-65,45],[-65,40]]]},"properties":{"name":"5° Density Cell 40,-65","kind":"density-grid","grid_size_degrees":5,"point_count":3,"intensity":0.005803,"networks":{"ipv4":3},"statuses":{"Unknown":3},"countries":{"CA":3},"sanctioned_nodes":0,"policy_restricted_nodes":0,"threat_infrastructure_nodes":0,"stroke":"#c0d674","fill":"#c0d674","opacity":0.08,"marker_ring":false}},{"type":"Feature","id":"node-density-grid-5:40:40","geometry":{"type":"Polygon","coordinates":[[[40,40],[45,40],[45,45],[40,45],[40,40]]]},"properties":{"name":"5° Density Cell 40,40","kind":"density-grid","grid_size_degrees":5,"point_count":3,"intensity":0.005803,"networks":{"ipv4":3},"statuses":{"duplicate-location":2,"Unknown":1},"countries":{"GE":3},"sanctioned_nodes":0,"policy_restricted_nodes":0,"threat_infrastructure_nodes":0,"stroke":"#c0d674","fill":"#c0d674","opacity":0.08,"marker_ring":false}},{"type":"Feature","id":"node-density-grid-5:45:-95","geometry":{"type":"Polygon","coordinates":[[[-95,45],[-90,45],[-90,50],[-95,50],[-95,45]]]},"properties":{"name":"5° Density Cell 45,-95","kind":"density-grid","grid_size_degrees":5,"point_count":3,"intensity":0.005803,"networks":{"ipv4":3},"statuses":{"Unknown":3},"countries":{"US":3},"sanctioned_nodes":0,"policy_restricted_nodes":0,"threat_infrastructure_nodes":0,"stroke":"#c0d674","fill":"#c0d674","opacity":0.08,"marker_ring":false}},{"type":"Feature","id":"node-density-grid-5:45:-65","geometry":{"type":"Polygon","coordinates":[[[-65,45],[-60,45],[-60,50],[-65,50],[-65,45]]]},"properties":{"name":"5° Density Cell 45,-65","kind":"density-grid","grid_size_degrees":5,"point_count":3,"intensity":0.005803,"networks":{"ipv4":3},"statuses":{"Unknown":3},"countries":{"CA":3},"sanctioned_nodes":0,"policy_restricted_nodes":0,"threat_infrastructure_nodes":0,"stroke":"#c0d674","fill":"#c0d674","opacity":0.08,"marker_ring":false}},{"type":"Feature","id":"node-density-grid-5:50:25","geometry":{"type":"Polygon","coordinates":[[[25,50],[30,50],[30,55],[25,55],[25,50]]]},"properties":{"name":"5° Density Cell 50,25","kind":"density-grid","grid_size_degrees":5,"point_count":3,"intensity":0.005803,"networks":{"ipv4":3},"statuses":{"duplicate-location":2,"Unknown":1},"countries":{"LT":3},"sanctioned_nodes":0,"policy_restricted_nodes":0,"threat_infrastructure_nodes":0,"stroke":"#c0d674","fill":"#c0d674","opacity":0.08,"marker_ring":false}},{"type":"Feature","id":"node-density-grid-5:55:45","geometry":{"type":"Polygon","coordinates":[[[45,55],[50,55],[50,60],[45,60],[45,55]]]},"properties":{"name":"5° Density Cell 55,45","kind":"density-grid","grid_size_degrees":5,"point_count":3,"intensity":0.005803,"networks":{"ipv4":3},"statuses":{"duplicate-location":2,"Unknown":1},"countries":{"RU":3},"sanctioned_nodes":0,"policy_restricted_nodes":0,"threat_infrastructure_nodes":0,"stroke":"#c0d674","fill":"#c0d674","opacity":0.08,"marker_ring":false}},{"type":"Feature","id":"node-density-grid-5:55:80","geometry":{"type":"Polygon","coordinates":[[[80,55],[85,55],[85,60],[80,60],[80,55]]]},"properties":{"name":"5° Density Cell 55,80","kind":"density-grid","grid_size_degrees":5,"point_count":3,"intensity":0.005803,"networks":{"ipv4":3},"statuses":{"duplicate-location":3},"countries":{"RU":3},"sanctioned_nodes":0,"policy_restricted_nodes":0,"threat_infrastructure_nodes":0,"stroke":"#c0d674","fill":"#c0d674","opacity":0.08,"marker_ring":false}},{"type":"Feature","id":"node-density-grid-5:60:-25","geometry":{"type":"Polygon","coordinates":[[[-25,60],[-20,60],[-20,65],[-25,65],[-25,60]]]},"properties":{"name":"5° Density Cell 60,-25","kind":"density-grid","grid_size_degrees":5,"point_count":3,"intensity":0.005803,"networks":{"ipv4":3},"statuses":{"Unknown":3},"countries":{"IS":3},"sanctioned_nodes":0,"policy_restricted_nodes":0,"threat_infrastructure_nodes":0,"stroke":"#c0d674","fill":"#c0d674","opacity":0.08,"marker_ring":false}},{"type":"Feature","id":"node-density-grid-5:60:30","geometry":{"type":"Polygon","coordinates":[[[30,60],[35,60],[35,65],[30,65],[30,60]]]},"properties":{"name":"5° Density Cell 60,30","kind":"density-grid","grid_size_degrees":5,"point_count":3,"intensity":0.005803,"networks":{"ipv4":3},"statuses":{"Unknown":3},"countries":{"RU":3},"sanctioned_nodes":0,"policy_restricted_nodes":0,"threat_infrastructure_nodes":0,"stroke":"#c0d674","fill":"#c0d674","opacity":0.08,"marker_ring":false}},{"type":"Feature","id":"node-density-grid-5:-50:165","geometry":{"type":"Polygon","coordinates":[[[165,-50],[170,-50],[170,-45],[165,-45],[165,-50]]]},"properties":{"name":"5° Density Cell -50,165","kind":"density-grid","grid_size_degrees":5,"point_count":2,"intensity":0.003868,"networks":{"ipv4":2},"statuses":{"Unknown":2},"countries":{"NZ":2},"sanctioned_nodes":0,"policy_restricted_nodes":0,"threat_infrastructure_nodes":0,"stroke":"#c0d674","fill":"#c0d674","opacity":0.08,"marker_ring":false}},{"type":"Feature","id":"node-density-grid-5:-40:135","geometry":{"type":"Polygon","coordinates":[[[135,-40],[140,-40],[140,-35],[135,-35],[135,-40]]]},"properties":{"name":"5° Density Cell -40,135","kind":"density-grid","grid_size_degrees":5,"point_count":2,"intensity":0.003868,"networks":{"ipv4":2},"statuses":{"Unknown":2},"countries":{"AU":2},"sanctioned_nodes":0,"policy_restricted_nodes":0,"threat_infrastructure_nodes":0,"stroke":"#c0d674","fill":"#c0d674","opacity":0.08,"marker_ring":false}},{"type":"Feature","id":"node-density-grid-5:-35:135","geometry":{"type":"Polygon","coordinates":[[[135,-35],[140,-35],[140,-30],[135,-30],[135,-35]]]},"properties":{"name":"5° Density Cell -35,135","kind":"density-grid","grid_size_degrees":5,"point_count":2,"intensity":0.003868,"networks":{"ipv4":2},"statuses":{"Unknown":2},"countries":{"AU":2},"sanctioned_nodes":0,"policy_restricted_nodes":0,"threat_infrastructure_nodes":0,"stroke":"#c0d674","fill":"#c0d674","opacity":0.08,"marker_ring":false}},{"type":"Feature","id":"node-density-grid-5:-30:-50","geometry":{"type":"Polygon","coordinates":[[[-50,-30],[-45,-30],[-45,-25],[-50,-25],[-50,-30]]]},"properties":{"name":"5° Density Cell -30,-50","kind":"density-grid","grid_size_degrees":5,"point_count":2,"intensity":0.003868,"networks":{"ipv4":2},"statuses":{"Unknown":2},"countries":{"BR":2},"sanctioned_nodes":0,"policy_restricted_nodes":0,"threat_infrastructure_nodes":0,"stroke":"#c0d674","fill":"#c0d674","opacity":0.08,"marker_ring":false}},{"type":"Feature","id":"node-density-grid-5:-25:145","geometry":{"type":"Polygon","coordinates":[[[145,-25],[150,-25],[150,-20],[145,-20],[145,-25]]]},"properties":{"name":"5° Density Cell -25,145","kind":"density-grid","grid_size_degrees":5,"point_count":2,"intensity":0.003868,"networks":{"ipv4":2},"statuses":{"Unknown":2},"countries":{"AU":2},"sanctioned_nodes":0,"policy_restricted_nodes":0,"threat_infrastructure_nodes":0,"stroke":"#c0d674","fill":"#c0d674","opacity":0.08,"marker_ring":false}},{"type":"Feature","id":"node-density-grid-5:-20:-50","geometry":{"type":"Polygon","coordinates":[[[-50,-20],[-45,-20],[-45,-15],[-50,-15],[-50,-20]]]},"properties":{"name":"5° Density Cell -20,-50","kind":"density-grid","grid_size_degrees":5,"point_count":2,"intensity":0.003868,"networks":{"ipv4":2},"statuses":{"Unknown":2},"countries":{"BR":2},"sanctioned_nodes":0,"policy_restricted_nodes":0,"threat_infrastructure_nodes":0,"stroke":"#c0d674","fill":"#c0d674","opacity":0.08,"marker_ring":false}},{"type":"Feature","id":"node-density-grid-5:-10:110","geometry":{"type":"Polygon","coordinates":[[[110,-10],[115,-10],[115,-5],[110,-5],[110,-10]]]},"properties":{"name":"5° Density Cell -10,110","kind":"density-grid","grid_size_degrees":5,"point_count":2,"intensity":0.003868,"networks":{"ipv4":2},"statuses":{"duplicate-location":2},"countries":{"ID":2},"sanctioned_nodes":0,"policy_restricted_nodes":0,"threat_infrastructure_nodes":0,"stroke":"#c0d674","fill":"#c0d674","opacity":0.08,"marker_ring":false}},{"type":"Feature","id":"node-density-grid-5:10:120","geometry":{"type":"Polygon","coordinates":[[[120,10],[125,10],[125,15],[120,15],[120,10]]]},"properties":{"name":"5° Density Cell 10,120","kind":"density-grid","grid_size_degrees":5,"point_count":2,"intensity":0.003868,"networks":{"ipv4":2},"statuses":{"Unknown":2},"countries":{"PH":2},"sanctioned_nodes":0,"policy_restricted_nodes":0,"threat_infrastructure_nodes":0,"stroke":"#c0d674","fill":"#c0d674","opacity":0.08,"marker_ring":false}},{"type":"Feature","id":"node-density-grid-5:15:75","geometry":{"type":"Polygon","coordinates":[[[75,15],[80,15],[80,20],[75,20],[75,15]]]},"properties":{"name":"5° Density Cell 15,75","kind":"density-grid","grid_size_degrees":5,"point_count":2,"intensity":0.003868,"networks":{"ipv4":2},"statuses":{"Unknown":2},"countries":{"IN":2},"sanctioned_nodes":0,"policy_restricted_nodes":0,"threat_infrastructure_nodes":0,"stroke":"#c0d674","fill":"#c0d674","opacity":0.08,"marker_ring":false}},{"type":"Feature","id":"node-density-grid-5:20:-105","geometry":{"type":"Polygon","coordinates":[[[-105,20],[-100,20],[-100,25],[-105,25],[-105,20]]]},"properties":{"name":"5° Density Cell 20,-105","kind":"density-grid","grid_size_degrees":5,"point_count":2,"intensity":0.003868,"networks":{"ipv4":2},"statuses":{"Unknown":2},"countries":{"MX":2},"sanctioned_nodes":0,"policy_restricted_nodes":0,"threat_infrastructure_nodes":0,"stroke":"#c0d674","fill":"#c0d674","opacity":0.08,"marker_ring":false}},{"type":"Feature","id":"node-density-grid-5:20:45","geometry":{"type":"Polygon","coordinates":[[[45,20],[50,20],[50,25],[45,25],[45,20]]]},"properties":{"name":"5° Density Cell 20,45","kind":"density-grid","grid_size_degrees":5,"point_count":2,"intensity":0.003868,"networks":{"ipv4":2},"statuses":{"Unknown":2},"countries":{"SA":2},"sanctioned_nodes":0,"policy_restricted_nodes":0,"threat_infrastructure_nodes":0,"stroke":"#c0d674","fill":"#c0d674","opacity":0.08,"marker_ring":false}},{"type":"Feature","id":"node-density-grid-5:20:105","geometry":{"type":"Polygon","coordinates":[[[105,20],[110,20],[110,25],[105,25],[105,20]]]},"properties":{"name":"5° Density Cell 20,105","kind":"density-grid","grid_size_degrees":5,"point_count":2,"intensity":0.003868,"networks":{"ipv4":2},"statuses":{"duplicate-location":2},"countries":{"VN":2},"sanctioned_nodes":0,"policy_restricted_nodes":0,"threat_infrastructure_nodes":0,"stroke":"#c0d674","fill":"#c0d674","opacity":0.08,"marker_ring":false}},{"type":"Feature","id":"node-density-grid-5:35:-115","geometry":{"type":"Polygon","coordinates":[[[-115,35],[-110,35],[-110,40],[-115,40],[-115,35]]]},"properties":{"name":"5° Density Cell 35,-115","kind":"density-grid","grid_size_degrees":5,"point_count":2,"intensity":0.003868,"networks":{"ipv4":2},"statuses":{"Unknown":2},"countries":{"US":2},"sanctioned_nodes":0,"policy_restricted_nodes":0,"threat_infrastructure_nodes":0,"stroke":"#c0d674","fill":"#c0d674","opacity":0.08,"marker_ring":false}},{"type":"Feature","id":"node-density-grid-5:35:10","geometry":{"type":"Polygon","coordinates":[[[10,35],[15,35],[15,40],[10,40],[10,35]]]},"properties":{"name":"5° Density Cell 35,10","kind":"density-grid","grid_size_degrees":5,"point_count":2,"intensity":0.003868,"networks":{"ipv4":2},"statuses":{"Unknown":2},"countries":{"MT":2},"sanctioned_nodes":0,"policy_restricted_nodes":0,"threat_infrastructure_nodes":0,"stroke":"#c0d674","fill":"#c0d674","opacity":0.08,"marker_ring":false}},{"type":"Feature","id":"node-density-grid-5:35:30","geometry":{"type":"Polygon","coordinates":[[[30,35],[35,35],[35,40],[30,40],[30,35]]]},"properties":{"name":"5° Density Cell 35,30","kind":"density-grid","grid_size_degrees":5,"point_count":2,"intensity":0.003868,"networks":{"ipv4":2},"statuses":{"Unknown":2},"countries":{"TR":2},"sanctioned_nodes":0,"policy_restricted_nodes":0,"threat_infrastructure_nodes":0,"stroke":"#c0d674","fill":"#c0d674","opacity":0.08,"marker_ring":false}},{"type":"Feature","id":"node-density-grid-5:40:-105","geometry":{"type":"Polygon","coordinates":[[[-105,40],[-100,40],[-100,45],[-105,45],[-105,40]]]},"properties":{"name":"5° Density Cell 40,-105","kind":"density-grid","grid_size_degrees":5,"point_count":2,"intensity":0.003868,"networks":{"ipv4":2},"statuses":{"Unknown":2},"countries":{"US":2},"sanctioned_nodes":0,"policy_restricted_nodes":0,"threat_infrastructure_nodes":0,"stroke":"#c0d674","fill":"#c0d674","opacity":0.08,"marker_ring":false}},{"type":"Feature","id":"node-density-grid-5:40:-70","geometry":{"type":"Polygon","coordinates":[[[-70,40],[-65,40],[-65,45],[-70,45],[-70,40]]]},"properties":{"name":"5° Density Cell 40,-70","kind":"density-grid","grid_size_degrees":5,"point_count":2,"intensity":0.003868,"networks":{"ipv4":2},"statuses":{"Unknown":2},"countries":{"CA":1,"US":1},"sanctioned_nodes":0,"policy_restricted_nodes":0,"threat_infrastructure_nodes":0,"stroke":"#c0d674","fill":"#c0d674","opacity":0.08,"marker_ring":false}},{"type":"Feature","id":"node-density-grid-5:40:15","geometry":{"type":"Polygon","coordinates":[[[15,40],[20,40],[20,45],[15,45],[15,40]]]},"properties":{"name":"5° Density Cell 40,15","kind":"density-grid","grid_size_degrees":5,"point_count":2,"intensity":0.003868,"networks":{"ipv4":2},"statuses":{"Unknown":2},"countries":{"HR":1,"IT":1},"sanctioned_nodes":0,"policy_restricted_nodes":0,"threat_infrastructure_nodes":0,"stroke":"#c0d674","fill":"#c0d674","opacity":0.08,"marker_ring":false}},{"type":"Feature","id":"node-density-grid-5:40:30","geometry":{"type":"Polygon","coordinates":[[[30,40],[35,40],[35,45],[30,45],[30,40]]]},"properties":{"name":"5° Density Cell 40,30","kind":"density-grid","grid_size_degrees":5,"point_count":2,"intensity":0.003868,"networks":{"ipv4":2},"statuses":{"Unknown":2},"countries":{"RU":1,"UA":1},"sanctioned_nodes":0,"policy_restricted_nodes":0,"threat_infrastructure_nodes":0,"stroke":"#c0d674","fill":"#c0d674","opacity":0.08,"marker_ring":false}},{"type":"Feature","id":"node-density-grid-5:40:75","geometry":{"type":"Polygon","coordinates":[[[75,40],[80,40],[80,45],[75,45],[75,40]]]},"properties":{"name":"5° Density Cell 40,75","kind":"density-grid","grid_size_degrees":5,"point_count":2,"intensity":0.003868,"networks":{"ipv4":2},"statuses":{"Unknown":2},"countries":{"KZ":2},"sanctioned_nodes":0,"policy_restricted_nodes":0,"threat_infrastructure_nodes":0,"stroke":"#c0d674","fill":"#c0d674","opacity":0.08,"marker_ring":false}},{"type":"Feature","id":"node-density-grid-5:45:-105","geometry":{"type":"Polygon","coordinates":[[[-105,45],[-100,45],[-100,50],[-105,50],[-105,45]]]},"properties":{"name":"5° Density Cell 45,-105","kind":"density-grid","grid_size_degrees":5,"point_count":2,"intensity":0.003868,"networks":{"ipv4":2},"statuses":{"Unknown":2},"countries":{"US":2},"sanctioned_nodes":0,"policy_restricted_nodes":0,"threat_infrastructure_nodes":0,"stroke":"#c0d674","fill":"#c0d674","opacity":0.08,"marker_ring":false}},{"type":"Feature","id":"node-density-grid-5:45:30","geometry":{"type":"Polygon","coordinates":[[[30,45],[35,45],[35,50],[30,50],[30,45]]]},"properties":{"name":"5° Density Cell 45,30","kind":"density-grid","grid_size_degrees":5,"point_count":2,"intensity":0.003868,"networks":{"ipv4":2},"statuses":{"Unknown":2},"countries":{"UA":2},"sanctioned_nodes":0,"policy_restricted_nodes":0,"threat_infrastructure_nodes":0,"stroke":"#c0d674","fill":"#c0d674","opacity":0.08,"marker_ring":false}},{"type":"Feature","id":"node-density-grid-5:50:-120","geometry":{"type":"Polygon","coordinates":[[[-120,50],[-115,50],[-115,55],[-120,55],[-120,50]]]},"properties":{"name":"5° Density Cell 50,-120","kind":"density-grid","grid_size_degrees":5,"point_count":2,"intensity":0.003868,"networks":{"ipv4":2},"statuses":{"Unknown":2},"countries":{"CA":2},"sanctioned_nodes":0,"policy_restricted_nodes":0,"threat_infrastructure_nodes":0,"stroke":"#c0d674","fill":"#c0d674","opacity":0.08,"marker_ring":false}},{"type":"Feature","id":"node-density-grid-5:55:-155","geometry":{"type":"Polygon","coordinates":[[[-155,55],[-150,55],[-150,60],[-155,60],[-155,55]]]},"properties":{"name":"5° Density Cell 55,-155","kind":"density-grid","grid_size_degrees":5,"point_count":2,"intensity":0.003868,"networks":{"ipv4":2},"statuses":{"duplicate-location":2},"countries":{"US":2},"sanctioned_nodes":0,"policy_restricted_nodes":0,"threat_infrastructure_nodes":0,"stroke":"#c0d674","fill":"#c0d674","opacity":0.08,"marker_ring":false}},{"type":"Feature","id":"node-density-grid-5:55:-135","geometry":{"type":"Polygon","coordinates":[[[-135,55],[-130,55],[-130,60],[-135,60],[-135,55]]]},"properties":{"name":"5° Density Cell 55,-135","kind":"density-grid","grid_size_degrees":5,"point_count":2,"intensity":0.003868,"networks":{"ipv4":2},"statuses":{"duplicate-location":2},"countries":{"US":2},"sanctioned_nodes":0,"policy_restricted_nodes":0,"threat_infrastructure_nodes":0,"stroke":"#c0d674","fill":"#c0d674","opacity":0.08,"marker_ring":false}},{"type":"Feature","id":"node-density-grid-5:55:55","geometry":{"type":"Polygon","coordinates":[[[55,55],[60,55],[60,60],[55,60],[55,55]]]},"properties":{"name":"5° Density Cell 55,55","kind":"density-grid","grid_size_degrees":5,"point_count":2,"intensity":0.003868,"networks":{"ipv4":2},"statuses":{"Unknown":2},"countries":{"RU":2},"sanctioned_nodes":0,"policy_restricted_nodes":0,"threat_infrastructure_nodes":0,"stroke":"#c0d674","fill":"#c0d674","opacity":0.08,"marker_ring":false}},{"type":"Feature","id":"node-density-grid-5:60:-150","geometry":{"type":"Polygon","coordinates":[[[-150,60],[-145,60],[-145,65],[-150,65],[-150,60]]]},"properties":{"name":"5° Density Cell 60,-150","kind":"density-grid","grid_size_degrees":5,"point_count":2,"intensity":0.003868,"networks":{"ipv4":2},"statuses":{"Unknown":2},"countries":{"US":2},"sanctioned_nodes":0,"policy_restricted_nodes":0,"threat_infrastructure_nodes":0,"stroke":"#c0d674","fill":"#c0d674","opacity":0.08,"marker_ring":false}},{"type":"Feature","id":"node-density-grid-5:60:5","geometry":{"type":"Polygon","coordinates":[[[5,60],[10,60],[10,65],[5,65],[5,60]]]},"properties":{"name":"5° Density Cell 60,5","kind":"density-grid","grid_size_degrees":5,"point_count":2,"intensity":0.003868,"networks":{"ipv4":2},"statuses":{"Unknown":2},"countries":{"NO":2},"sanctioned_nodes":0,"policy_restricted_nodes":0,"threat_infrastructure_nodes":0,"stroke":"#c0d674","fill":"#c0d674","opacity":0.08,"marker_ring":false}},{"type":"Feature","id":"node-density-grid-5:60:10","geometry":{"type":"Polygon","coordinates":[[[10,60],[15,60],[15,65],[10,65],[10,60]]]},"properties":{"name":"5° Density Cell 60,10","kind":"density-grid","grid_size_degrees":5,"point_count":2,"intensity":0.003868,"networks":{"ipv4":2},"statuses":{"Unknown":2},"countries":{"NO":2},"sanctioned_nodes":0,"policy_restricted_nodes":0,"threat_infrastructure_nodes":0,"stroke":"#c0d674","fill":"#c0d674","opacity":0.08,"marker_ring":false}},{"type":"Feature","id":"node-density-grid-5:65:20","geometry":{"type":"Polygon","coordinates":[[[20,65],[25,65],[25,70],[20,70],[20,65]]]},"properties":{"name":"5° Density Cell 65,20","kind":"density-grid","grid_size_degrees":5,"point_count":2,"intensity":0.003868,"networks":{"ipv4":2},"statuses":{"Unknown":2},"countries":{"SE":2},"sanctioned_nodes":0,"policy_restricted_nodes":0,"threat_infrastructure_nodes":0,"stroke":"#c0d674","fill":"#c0d674","opacity":0.08,"marker_ring":false}},{"type":"Feature","id":"node-density-grid-5:-50:-70","geometry":{"type":"Polygon","coordinates":[[[-70,-50],[-65,-50],[-65,-45],[-70,-45],[-70,-50]]]},"properties":{"name":"5° Density Cell -50,-70","kind":"density-grid","grid_size_degrees":5,"point_count":1,"intensity":0.001934,"networks":{"ipv4":1},"statuses":{"Unknown":1},"countries":{"AR":1},"sanctioned_nodes":0,"policy_restricted_nodes":0,"threat_infrastructure_nodes":0,"stroke":"#c0d674","fill":"#c0d674","opacity":0.08,"marker_ring":false}},{"type":"Feature","id":"node-density-grid-5:-50:170","geometry":{"type":"Polygon","coordinates":[[[170,-50],[175,-50],[175,-45],[170,-45],[170,-50]]]},"properties":{"name":"5° Density Cell -50,170","kind":"density-grid","grid_size_degrees":5,"point_count":1,"intensity":0.001934,"networks":{"ipv4":1},"statuses":{"Unknown":1},"countries":{"NZ":1},"sanctioned_nodes":0,"policy_restricted_nodes":0,"threat_infrastructure_nodes":0,"stroke":"#c0d674","fill":"#c0d674","opacity":0.08,"marker_ring":false}},{"type":"Feature","id":"node-density-grid-5:-45:-75","geometry":{"type":"Polygon","coordinates":[[[-75,-45],[-70,-45],[-70,-40],[-75,-40],[-75,-45]]]},"properties":{"name":"5° Density Cell -45,-75","kind":"density-grid","grid_size_degrees":5,"point_count":1,"intensity":0.001934,"networks":{"ipv4":1},"statuses":{"Unknown":1},"countries":{"AR":1},"sanctioned_nodes":0,"policy_restricted_nodes":0,"threat_infrastructure_nodes":0,"stroke":"#c0d674","fill":"#c0d674","opacity":0.08,"marker_ring":false}},{"type":"Feature","id":"node-density-grid-5:-45:145","geometry":{"type":"Polygon","coordinates":[[[145,-45],[150,-45],[150,-40],[145,-40],[145,-45]]]},"properties":{"name":"5° Density Cell -45,145","kind":"density-grid","grid_size_degrees":5,"point_count":1,"intensity":0.001934,"networks":{"ipv4":1},"statuses":{"Unknown":1},"countries":{"AU":1},"sanctioned_nodes":0,"policy_restricted_nodes":0,"threat_infrastructure_nodes":0,"stroke":"#c0d674","fill":"#c0d674","opacity":0.08,"marker_ring":false}},{"type":"Feature","id":"node-density-grid-5:-45:165","geometry":{"type":"Polygon","coordinates":[[[165,-45],[170,-45],[170,-40],[165,-40],[165,-45]]]},"properties":{"name":"5° Density Cell -45,165","kind":"density-grid","grid_size_degrees":5,"point_count":1,"intensity":0.001934,"networks":{"ipv4":1},"statuses":{"Unknown":1},"countries":{"NZ":1},"sanctioned_nodes":0,"policy_restricted_nodes":0,"threat_infrastructure_nodes":0,"stroke":"#c0d674","fill":"#c0d674","opacity":0.08,"marker_ring":false}},{"type":"Feature","id":"node-density-grid-5:-40:-60","geometry":{"type":"Polygon","coordinates":[[[-60,-40],[-55,-40],[-55,-35],[-60,-35],[-60,-40]]]},"properties":{"name":"5° Density Cell -40,-60","kind":"density-grid","grid_size_degrees":5,"point_count":1,"intensity":0.001934,"networks":{"ipv4":1},"statuses":{"Unknown":1},"countries":{"AR":1},"sanctioned_nodes":0,"policy_restricted_nodes":0,"threat_infrastructure_nodes":0,"stroke":"#c0d674","fill":"#c0d674","opacity":0.08,"marker_ring":false}},{"type":"Feature","id":"node-density-grid-5:-40:175","geometry":{"type":"Polygon","coordinates":[[[175,-40],[180.0,-40],[180.0,-35],[175,-35],[175,-40]]]},"properties":{"name":"5° Density Cell -40,175","kind":"density-grid","grid_size_degrees":5,"point_count":1,"intensity":0.001934,"networks":{"ipv4":1},"statuses":{"Unknown":1},"countries":{"NZ":1},"sanctioned_nodes":0,"policy_restricted_nodes":0,"threat_infrastructure_nodes":0,"stroke":"#c0d674","fill":"#c0d674","opacity":0.08,"marker_ring":false}},{"type":"Feature","id":"node-density-grid-5:-35:-65","geometry":{"type":"Polygon","coordinates":[[[-65,-35],[-60,-35],[-60,-30],[-65,-30],[-65,-35]]]},"properties":{"name":"5° Density Cell -35,-65","kind":"density-grid","grid_size_degrees":5,"point_count":1,"intensity":0.001934,"networks":{"ipv4":1},"statuses":{"Unknown":1},"countries":{"AR":1},"sanctioned_nodes":0,"policy_restricted_nodes":0,"threat_infrastructure_nodes":0,"stroke":"#c0d674","fill":"#c0d674","opacity":0.08,"marker_ring":false}},{"type":"Feature","id":"node-density-grid-5:-30:30","geometry":{"type":"Polygon","coordinates":[[[30,-30],[35,-30],[35,-25],[30,-25],[30,-30]]]},"properties":{"name":"5° Density Cell -30,30","kind":"density-grid","grid_size_degrees":5,"point_count":1,"intensity":0.001934,"networks":{"ipv4":1},"statuses":{"Unknown":1},"countries":{"ZA":1},"sanctioned_nodes":0,"policy_restricted_nodes":0,"threat_infrastructure_nodes":0,"stroke":"#c0d674","fill":"#c0d674","opacity":0.08,"marker_ring":false}},{"type":"Feature","id":"node-density-grid-5:-25:-60","geometry":{"type":"Polygon","coordinates":[[[-60,-25],[-55,-25],[-55,-20],[-60,-20],[-60,-25]]]},"properties":{"name":"5° Density Cell -25,-60","kind":"density-grid","grid_size_degrees":5,"point_count":1,"intensity":0.001934,"networks":{"ipv4":1},"statuses":{"Unknown":1},"countries":{"BR":1},"sanctioned_nodes":0,"policy_restricted_nodes":0,"threat_infrastructure_nodes":0,"stroke":"#c0d674","fill":"#c0d674","opacity":0.08,"marker_ring":false}},{"type":"Feature","id":"node-density-grid-5:-25:55","geometry":{"type":"Polygon","coordinates":[[[55,-25],[60,-25],[60,-20],[55,-20],[55,-25]]]},"properties":{"name":"5° Density Cell -25,55","kind":"density-grid","grid_size_degrees":5,"point_count":1,"intensity":0.001934,"networks":{"ipv4":1},"statuses":{"Unknown":1},"countries":{"RE":1},"sanctioned_nodes":0,"policy_restricted_nodes":0,"threat_infrastructure_nodes":0,"stroke":"#c0d674","fill":"#c0d674","opacity":0.08,"marker_ring":false}},{"type":"Feature","id":"node-density-grid-5:-25:140","geometry":{"type":"Polygon","coordinates":[[[140,-25],[145,-25],[145,-20],[140,-20],[140,-25]]]},"properties":{"name":"5° Density Cell -25,140","kind":"density-grid","grid_size_degrees":5,"point_count":1,"intensity":0.001934,"networks":{"ipv4":1},"statuses":{"Unknown":1},"countries":{"AU":1},"sanctioned_nodes":0,"policy_restricted_nodes":0,"threat_infrastructure_nodes":0,"stroke":"#c0d674","fill":"#c0d674","opacity":0.08,"marker_ring":false}},{"type":"Feature","id":"node-density-grid-5:-20:-65","geometry":{"type":"Polygon","coordinates":[[[-65,-20],[-60,-20],[-60,-15],[-65,-15],[-65,-20]]]},"properties":{"name":"5° Density Cell -20,-65","kind":"density-grid","grid_size_degrees":5,"point_count":1,"intensity":0.001934,"networks":{"ipv4":1},"statuses":{"Unknown":1},"countries":{"BO":1},"sanctioned_nodes":0,"policy_restricted_nodes":0,"threat_infrastructure_nodes":0,"stroke":"#c0d674","fill":"#c0d674","opacity":0.08,"marker_ring":false}},{"type":"Feature","id":"node-density-grid-5:-15:-80","geometry":{"type":"Polygon","coordinates":[[[-80,-15],[-75,-15],[-75,-10],[-80,-10],[-80,-15]]]},"properties":{"name":"5° Density Cell -15,-80","kind":"density-grid","grid_size_degrees":5,"point_count":1,"intensity":0.001934,"networks":{"ipv4":1},"statuses":{"Unknown":1},"countries":{"PE":1},"sanctioned_nodes":0,"policy_restricted_nodes":0,"threat_infrastructure_nodes":0,"stroke":"#c0d674","fill":"#c0d674","opacity":0.08,"marker_ring":false}},{"type":"Feature","id":"node-density-grid-5:-10:115","geometry":{"type":"Polygon","coordinates":[[[115,-10],[120,-10],[120,-5],[115,-5],[115,-10]]]},"properties":{"name":"5° Density Cell -10,115","kind":"density-grid","grid_size_degrees":5,"point_count":1,"intensity":0.001934,"networks":{"ipv4":1},"statuses":{"Unknown":1},"countries":{"ID":1},"sanctioned_nodes":0,"policy_restricted_nodes":0,"threat_infrastructure_nodes":0,"stroke":"#c0d674","fill":"#c0d674","opacity":0.08,"marker_ring":false}},{"type":"Feature","id":"node-density-grid-5:5:-80","geometry":{"type":"Polygon","coordinates":[[[-80,5],[-75,5],[-75,10],[-80,10],[-80,5]]]},"properties":{"name":"5° Density Cell 5,-80","kind":"density-grid","grid_size_degrees":5,"point_count":1,"intensity":0.001934,"networks":{"ipv4":1},"statuses":{"Unknown":1},"countries":{"CO":1},"sanctioned_nodes":0,"policy_restricted_nodes":0,"threat_infrastructure_nodes":0,"stroke":"#c0d674","fill":"#c0d674","opacity":0.08,"marker_ring":false}},{"type":"Feature","id":"node-density-grid-5:5:-70","geometry":{"type":"Polygon","coordinates":[[[-70,5],[-65,5],[-65,10],[-70,10],[-70,5]]]},"properties":{"name":"5° Density Cell 5,-70","kind":"density-grid","grid_size_degrees":5,"point_count":1,"intensity":0.001934,"networks":{"ipv4":1},"statuses":{"Unknown":1},"countries":{"VE":1},"sanctioned_nodes":0,"policy_restricted_nodes":0,"threat_infrastructure_nodes":0,"stroke":"#c0d674","fill":"#c0d674","opacity":0.08,"marker_ring":false}},{"type":"Feature","id":"node-density-grid-5:5:95","geometry":{"type":"Polygon","coordinates":[[[95,5],[100,5],[100,10],[95,10],[95,5]]]},"properties":{"name":"5° Density Cell 5,95","kind":"density-grid","grid_size_degrees":5,"point_count":1,"intensity":0.001934,"networks":{"ipv4":1},"statuses":{"Unknown":1},"countries":{"TH":1},"sanctioned_nodes":0,"policy_restricted_nodes":0,"threat_infrastructure_nodes":0,"stroke":"#c0d674","fill":"#c0d674","opacity":0.08,"marker_ring":false}},{"type":"Feature","id":"node-density-grid-5:10:95","geometry":{"type":"Polygon","coordinates":[[[95,10],[100,10],[100,15],[95,15],[95,10]]]},"properties":{"name":"5° Density Cell 10,95","kind":"density-grid","grid_size_degrees":5,"point_count":1,"intensity":0.001934,"networks":{"ipv4":1},"statuses":{"Unknown":1},"countries":{"TH":1},"sanctioned_nodes":0,"policy_restricted_nodes":0,"threat_infrastructure_nodes":0,"stroke":"#c0d674","fill":"#c0d674","opacity":0.08,"marker_ring":false}},{"type":"Feature","id":"node-density-grid-5:15:-160","geometry":{"type":"Polygon","coordinates":[[[-160,15],[-155,15],[-155,20],[-160,20],[-160,15]]]},"properties":{"name":"5° Density Cell 15,-160","kind":"density-grid","grid_size_degrees":5,"point_count":1,"intensity":0.001934,"networks":{"ipv4":1},"statuses":{"Unknown":1},"countries":{"US":1},"sanctioned_nodes":0,"policy_restricted_nodes":0,"threat_infrastructure_nodes":0,"stroke":"#c0d674","fill":"#c0d674","opacity":0.08,"marker_ring":false}},{"type":"Feature","id":"node-density-grid-5:15:-95","geometry":{"type":"Polygon","coordinates":[[[-95,15],[-90,15],[-90,20],[-95,20],[-95,15]]]},"properties":{"name":"5° Density Cell 15,-95","kind":"density-grid","grid_size_degrees":5,"point_count":1,"intensity":0.001934,"networks":{"ipv4":1},"statuses":{"Unknown":1},"countries":{"MX":1},"sanctioned_nodes":0,"policy_restricted_nodes":0,"threat_infrastructure_nodes":0,"stroke":"#c0d674","fill":"#c0d674","opacity":0.08,"marker_ring":false}},{"type":"Feature","id":"node-density-grid-5:15:-70","geometry":{"type":"Polygon","coordinates":[[[-70,15],[-65,15],[-65,20],[-70,20],[-70,15]]]},"properties":{"name":"5° Density Cell 15,-70","kind":"density-grid","grid_size_degrees":5,"point_count":1,"intensity":0.001934,"networks":{"ipv4":1},"statuses":{"Unknown":1},"countries":{"PR":1},"sanctioned_nodes":0,"policy_restricted_nodes":0,"threat_infrastructure_nodes":0,"stroke":"#c0d674","fill":"#c0d674","opacity":0.08,"marker_ring":false}},{"type":"Feature","id":"node-density-grid-5:15:100","geometry":{"type":"Polygon","coordinates":[[[100,15],[105,15],[105,20],[100,20],[100,15]]]},"properties":{"name":"5° Density Cell 15,100","kind":"density-grid","grid_size_degrees":5,"point_count":1,"intensity":0.001934,"networks":{"ipv4":1},"statuses":{"Unknown":1},"countries":{"TH":1},"sanctioned_nodes":0,"policy_restricted_nodes":0,"threat_infrastructure_nodes":0,"stroke":"#c0d674","fill":"#c0d674","opacity":0.08,"marker_ring":false}},{"type":"Feature","id":"node-density-grid-5:20:-85","geometry":{"type":"Polygon","coordinates":[[[-85,20],[-80,20],[-80,25],[-85,25],[-85,20]]]},"properties":{"name":"5° Density Cell 20,-85","kind":"density-grid","grid_size_degrees":5,"point_count":1,"intensity":0.001934,"networks":{"ipv4":1},"statuses":{"Unknown":1},"countries":{"US":1},"sanctioned_nodes":0,"policy_restricted_nodes":0,"threat_infrastructure_nodes":0,"stroke":"#c0d674","fill":"#c0d674","opacity":0.08,"marker_ring":false}},{"type":"Feature","id":"node-density-grid-5:20:65","geometry":{"type":"Polygon","coordinates":[[[65,20],[70,20],[70,25],[65,25],[65,20]]]},"properties":{"name":"5° Density Cell 20,65","kind":"density-grid","grid_size_degrees":5,"point_count":1,"intensity":0.001934,"networks":{"ipv4":1},"statuses":{"Unknown":1},"countries":{"PK":1},"sanctioned_nodes":0,"policy_restricted_nodes":0,"threat_infrastructure_nodes":0,"stroke":"#c0d674","fill":"#c0d674","opacity":0.08,"marker_ring":false}},{"type":"Feature","id":"node-density-grid-5:20:70","geometry":{"type":"Polygon","coordinates":[[[70,20],[75,20],[75,25],[70,25],[70,20]]]},"properties":{"name":"5° Density Cell 20,70","kind":"density-grid","grid_size_degrees":5,"point_count":1,"intensity":0.001934,"networks":{"ipv4":1},"statuses":{"Unknown":1},"countries":{"IN":1},"sanctioned_nodes":0,"policy_restricted_nodes":0,"threat_infrastructure_nodes":0,"stroke":"#c0d674","fill":"#c0d674","opacity":0.08,"marker_ring":false}},{"type":"Feature","id":"node-density-grid-5:20:75","geometry":{"type":"Polygon","coordinates":[[[75,20],[80,20],[80,25],[75,25],[75,20]]]},"properties":{"name":"5° Density Cell 20,75","kind":"density-grid","grid_size_degrees":5,"point_count":1,"intensity":0.001934,"networks":{"ipv4":1},"statuses":{"Unknown":1},"countries":{"IN":1},"sanctioned_nodes":0,"policy_restricted_nodes":0,"threat_infrastructure_nodes":0,"stroke":"#c0d674","fill":"#c0d674","opacity":0.08,"marker_ring":false}},{"type":"Feature","id":"node-density-grid-5:20:115","geometry":{"type":"Polygon","coordinates":[[[115,20],[120,20],[120,25],[115,25],[115,20]]]},"properties":{"name":"5° Density Cell 20,115","kind":"density-grid","grid_size_degrees":5,"point_count":1,"intensity":0.001934,"networks":{"ipv4":1},"statuses":{"Unknown":1},"countries":{"CN":1},"sanctioned_nodes":0,"policy_restricted_nodes":0,"threat_infrastructure_nodes":0,"stroke":"#c0d674","fill":"#c0d674","opacity":0.08,"marker_ring":false}},{"type":"Feature","id":"node-density-grid-5:25:-105","geometry":{"type":"Polygon","coordinates":[[[-105,25],[-100,25],[-100,30],[-105,30],[-105,25]]]},"properties":{"name":"5° Density Cell 25,-105","kind":"density-grid","grid_size_degrees":5,"point_count":1,"intensity":0.001934,"networks":{"ipv4":1},"statuses":{"Unknown":1},"countries":{"MX":1},"sanctioned_nodes":0,"policy_restricted_nodes":0,"threat_infrastructure_nodes":0,"stroke":"#c0d674","fill":"#c0d674","opacity":0.08,"marker_ring":false}},{"type":"Feature","id":"node-density-grid-5:25:-20","geometry":{"type":"Polygon","coordinates":[[[-20,25],[-15,25],[-15,30],[-20,30],[-20,25]]]},"properties":{"name":"5° Density Cell 25,-20","kind":"density-grid","grid_size_degrees":5,"point_count":1,"intensity":0.001934,"networks":{"ipv4":1},"statuses":{"Unknown":1},"countries":{"ES":1},"sanctioned_nodes":0,"policy_restricted_nodes":0,"threat_infrastructure_nodes":0,"stroke":"#c0d674","fill":"#c0d674","opacity":0.08,"marker_ring":false}},{"type":"Feature","id":"node-density-grid-5:25:75","geometry":{"type":"Polygon","coordinates":[[[75,25],[80,25],[80,30],[75,30],[75,25]]]},"properties":{"name":"5° Density Cell 25,75","kind":"density-grid","grid_size_degrees":5,"point_count":1,"intensity":0.001934,"networks":{"ipv4":1},"statuses":{"Unknown":1},"countries":{"IN":1},"sanctioned_nodes":0,"policy_restricted_nodes":0,"threat_infrastructure_nodes":0,"stroke":"#c0d674","fill":"#c0d674","opacity":0.08,"marker_ring":false}},{"type":"Feature","id":"node-density-grid-5:25:80","geometry":{"type":"Polygon","coordinates":[[[80,25],[85,25],[85,30],[80,30],[80,25]]]},"properties":{"name":"5° Density Cell 25,80","kind":"density-grid","grid_size_degrees":5,"point_count":1,"intensity":0.001934,"networks":{"ipv4":1},"statuses":{"Unknown":1},"countries":{"IN":1},"sanctioned_nodes":0,"policy_restricted_nodes":0,"threat_infrastructure_nodes":0,"stroke":"#c0d674","fill":"#c0d674","opacity":0.08,"marker_ring":false}},{"type":"Feature","id":"node-density-grid-5:25:85","geometry":{"type":"Polygon","coordinates":[[[85,25],[90,25],[90,30],[85,30],[85,25]]]},"properties":{"name":"5° Density Cell 25,85","kind":"density-grid","grid_size_degrees":5,"point_count":1,"intensity":0.001934,"networks":{"ipv4":1},"statuses":{"Unknown":1},"countries":{"IN":1},"sanctioned_nodes":0,"policy_restricted_nodes":0,"threat_infrastructure_nodes":0,"stroke":"#c0d674","fill":"#c0d674","opacity":0.08,"marker_ring":false}},{"type":"Feature","id":"node-density-grid-5:25:90","geometry":{"type":"Polygon","coordinates":[[[90,25],[95,25],[95,30],[90,30],[90,25]]]},"properties":{"name":"5° Density Cell 25,90","kind":"density-grid","grid_size_degrees":5,"point_count":1,"intensity":0.001934,"networks":{"ipv4":1},"statuses":{"Unknown":1},"countries":{"IN":1},"sanctioned_nodes":0,"policy_restricted_nodes":0,"threat_infrastructure_nodes":0,"stroke":"#c0d674","fill":"#c0d674","opacity":0.08,"marker_ring":false}},{"type":"Feature","id":"node-density-grid-5:25:110","geometry":{"type":"Polygon","coordinates":[[[110,25],[115,25],[115,30],[110,30],[110,25]]]},"properties":{"name":"5° Density Cell 25,110","kind":"density-grid","grid_size_degrees":5,"point_count":1,"intensity":0.001934,"networks":{"ipv4":1},"statuses":{"Unknown":1},"countries":{"CN":1},"sanctioned_nodes":0,"policy_restricted_nodes":0,"threat_infrastructure_nodes":0,"stroke":"#c0d674","fill":"#c0d674","opacity":0.08,"marker_ring":false}},{"type":"Feature","id":"node-density-grid-5:25:115","geometry":{"type":"Polygon","coordinates":[[[115,25],[120,25],[120,30],[115,30],[115,25]]]},"properties":{"name":"5° Density Cell 25,115","kind":"density-grid","grid_size_degrees":5,"point_count":1,"intensity":0.001934,"networks":{"ipv4":1},"statuses":{"Unknown":1},"countries":{"CN":1},"sanctioned_nodes":0,"policy_restricted_nodes":0,"threat_infrastructure_nodes":0,"stroke":"#c0d674","fill":"#c0d674","opacity":0.08,"marker_ring":false}},{"type":"Feature","id":"node-density-grid-5:25:125","geometry":{"type":"Polygon","coordinates":[[[125,25],[130,25],[130,30],[125,30],[125,25]]]},"properties":{"name":"5° Density Cell 25,125","kind":"density-grid","grid_size_degrees":5,"point_count":1,"intensity":0.001934,"networks":{"ipv4":1},"statuses":{"Unknown":1},"countries":{"JP":1},"sanctioned_nodes":0,"policy_restricted_nodes":0,"threat_infrastructure_nodes":0,"stroke":"#c0d674","fill":"#c0d674","opacity":0.08,"marker_ring":false}},{"type":"Feature","id":"node-density-grid-5:30:-125","geometry":{"type":"Polygon","coordinates":[[[-125,30],[-120,30],[-120,35],[-125,35],[-125,30]]]},"properties":{"name":"5° Density Cell 30,-125","kind":"density-grid","grid_size_degrees":5,"point_count":1,"intensity":0.001934,"networks":{"ipv4":1},"statuses":{"Unknown":1},"countries":{"US":1},"sanctioned_nodes":0,"policy_restricted_nodes":0,"threat_infrastructure_nodes":0,"stroke":"#c0d674","fill":"#c0d674","opacity":0.08,"marker_ring":false}},{"type":"Feature","id":"node-density-grid-5:30:-20","geometry":{"type":"Polygon","coordinates":[[[-20,30],[-15,30],[-15,35],[-20,35],[-20,30]]]},"properties":{"name":"5° Density Cell 30,-20","kind":"density-grid","grid_size_degrees":5,"point_count":1,"intensity":0.001934,"networks":{"ipv4":1},"statuses":{"Unknown":1},"countries":{"PT":1},"sanctioned_nodes":0,"policy_restricted_nodes":0,"threat_infrastructure_nodes":0,"stroke":"#c0d674","fill":"#c0d674","opacity":0.08,"marker_ring":false}},{"type":"Feature","id":"node-density-grid-5:30:115","geometry":{"type":"Polygon","coordinates":[[[115,30],[120,30],[120,35],[115,35],[115,30]]]},"properties":{"name":"5° Density Cell 30,115","kind":"density-grid","grid_size_degrees":5,"point_count":1,"intensity":0.001934,"networks":{"ipv4":1},"statuses":{"Unknown":1},"countries":{"CN":1},"sanctioned_nodes":0,"policy_restricted_nodes":0,"threat_infrastructure_nodes":0,"stroke":"#c0d674","fill":"#c0d674","opacity":0.08,"marker_ring":false}},{"type":"Feature","id":"node-density-grid-5:30:130","geometry":{"type":"Polygon","coordinates":[[[130,30],[135,30],[135,35],[130,35],[130,30]]]},"properties":{"name":"5° Density Cell 30,130","kind":"density-grid","grid_size_degrees":5,"point_count":1,"intensity":0.001934,"networks":{"ipv4":1},"statuses":{"Unknown":1},"countries":{"JP":1},"sanctioned_nodes":0,"policy_restricted_nodes":0,"threat_infrastructure_nodes":0,"stroke":"#c0d674","fill":"#c0d674","opacity":0.08,"marker_ring":false}},{"type":"Feature","id":"node-density-grid-5:35:5","geometry":{"type":"Polygon","coordinates":[[[5,35],[10,35],[10,40],[5,40],[5,35]]]},"properties":{"name":"5° Density Cell 35,5","kind":"density-grid","grid_size_degrees":5,"point_count":1,"intensity":0.001934,"networks":{"ipv4":1},"statuses":{"Unknown":1},"countries":{"DZ":1},"sanctioned_nodes":0,"policy_restricted_nodes":0,"threat_infrastructure_nodes":0,"stroke":"#c0d674","fill":"#c0d674","opacity":0.08,"marker_ring":false}},{"type":"Feature","id":"node-density-grid-5:35:50","geometry":{"type":"Polygon","coordinates":[[[50,35],[55,35],[55,40],[50,40],[50,35]]]},"properties":{"name":"5° Density Cell 35,50","kind":"density-grid","grid_size_degrees":5,"point_count":1,"intensity":0.001934,"networks":{"ipv4":1},"statuses":{"Unknown":1},"countries":{"IR":1},"sanctioned_nodes":0,"policy_restricted_nodes":0,"threat_infrastructure_nodes":0,"stroke":"#c0d674","fill":"#c0d674","opacity":0.08,"marker_ring":false}},{"type":"Feature","id":"node-density-grid-5:35:115","geometry":{"type":"Polygon","coordinates":[[[115,35],[120,35],[120,40],[115,40],[115,35]]]},"properties":{"name":"5° Density Cell 35,115","kind":"density-grid","grid_size_degrees":5,"point_count":1,"intensity":0.001934,"networks":{"ipv4":1},"statuses":{"Unknown":1},"countries":{"CN":1},"sanctioned_nodes":0,"policy_restricted_nodes":0,"threat_infrastructure_nodes":0,"stroke":"#c0d674","fill":"#c0d674","opacity":0.08,"marker_ring":false}},{"type":"Feature","id":"node-density-grid-5:35:120","geometry":{"type":"Polygon","coordinates":[[[120,35],[125,35],[125,40],[120,40],[120,35]]]},"properties":{"name":"5° Density Cell 35,120","kind":"density-grid","grid_size_degrees":5,"point_count":1,"intensity":0.001934,"networks":{"ipv4":1},"statuses":{"Unknown":1},"countries":{"CN":1},"sanctioned_nodes":0,"policy_restricted_nodes":0,"threat_infrastructure_nodes":0,"stroke":"#c0d674","fill":"#c0d674","opacity":0.08,"marker_ring":false}},{"type":"Feature","id":"node-density-grid-5:35:140","geometry":{"type":"Polygon","coordinates":[[[140,35],[145,35],[145,40],[140,40],[140,35]]]},"properties":{"name":"5° Density Cell 35,140","kind":"density-grid","grid_size_degrees":5,"point_count":1,"intensity":0.001934,"networks":{"ipv4":1},"statuses":{"Unknown":1},"countries":{"JP":1},"sanctioned_nodes":0,"policy_restricted_nodes":0,"threat_infrastructure_nodes":0,"stroke":"#c0d674","fill":"#c0d674","opacity":0.08,"marker_ring":false}},{"type":"Feature","id":"node-density-grid-5:40:35","geometry":{"type":"Polygon","coordinates":[[[35,40],[40,40],[40,45],[35,45],[35,40]]]},"properties":{"name":"5° Density Cell 40,35","kind":"density-grid","grid_size_degrees":5,"point_count":1,"intensity":0.001934,"networks":{"ipv4":1},"statuses":{"Unknown":1},"countries":{"RU":1},"sanctioned_nodes":0,"policy_restricted_nodes":0,"threat_infrastructure_nodes":0,"stroke":"#c0d674","fill":"#c0d674","opacity":0.08,"marker_ring":false}},{"type":"Feature","id":"node-density-grid-5:45:-90","geometry":{"type":"Polygon","coordinates":[[[-90,45],[-85,45],[-85,50],[-90,50],[-90,45]]]},"properties":{"name":"5° Density Cell 45,-90","kind":"density-grid","grid_size_degrees":5,"point_count":1,"intensity":0.001934,"networks":{"ipv4":1},"statuses":{"Unknown":1},"countries":{"US":1},"sanctioned_nodes":0,"policy_restricted_nodes":0,"threat_infrastructure_nodes":0,"stroke":"#c0d674","fill":"#c0d674","opacity":0.08,"marker_ring":false}},{"type":"Feature","id":"node-density-grid-5:45:-85","geometry":{"type":"Polygon","coordinates":[[[-85,45],[-80,45],[-80,50],[-85,50],[-85,45]]]},"properties":{"name":"5° Density Cell 45,-85","kind":"density-grid","grid_size_degrees":5,"point_count":1,"intensity":0.001934,"networks":{"ipv4":1},"statuses":{"Unknown":1},"countries":{"US":1},"sanctioned_nodes":0,"policy_restricted_nodes":0,"threat_infrastructure_nodes":0,"stroke":"#c0d674","fill":"#c0d674","opacity":0.08,"marker_ring":false}},{"type":"Feature","id":"node-density-grid-5:45:-55","geometry":{"type":"Polygon","coordinates":[[[-55,45],[-50,45],[-50,50],[-55,50],[-55,45]]]},"properties":{"name":"5° Density Cell 45,-55","kind":"density-grid","grid_size_degrees":5,"point_count":1,"intensity":0.001934,"networks":{"ipv4":1},"statuses":{"Unknown":1},"countries":{"CA":1},"sanctioned_nodes":0,"policy_restricted_nodes":0,"threat_infrastructure_nodes":0,"stroke":"#c0d674","fill":"#c0d674","opacity":0.08,"marker_ring":false}},{"type":"Feature","id":"node-density-grid-5:50:-125","geometry":{"type":"Polygon","coordinates":[[[-125,50],[-120,50],[-120,55],[-125,55],[-125,50]]]},"properties":{"name":"5° Density Cell 50,-125","kind":"density-grid","grid_size_degrees":5,"point_count":1,"intensity":0.001934,"networks":{"ipv4":1},"statuses":{"Unknown":1},"countries":{"CA":1},"sanctioned_nodes":0,"policy_restricted_nodes":0,"threat_infrastructure_nodes":0,"stroke":"#c0d674","fill":"#c0d674","opacity":0.08,"marker_ring":false}},{"type":"Feature","id":"node-density-grid-5:50:-105","geometry":{"type":"Polygon","coordinates":[[[-105,50],[-100,50],[-100,55],[-105,55],[-105,50]]]},"properties":{"name":"5° Density Cell 50,-105","kind":"density-grid","grid_size_degrees":5,"point_count":1,"intensity":0.001934,"networks":{"ipv4":1},"statuses":{"Unknown":1},"countries":{"CA":1},"sanctioned_nodes":0,"policy_restricted_nodes":0,"threat_infrastructure_nodes":0,"stroke":"#c0d674","fill":"#c0d674","opacity":0.08,"marker_ring":false}},{"type":"Feature","id":"node-density-grid-5:50:-95","geometry":{"type":"Polygon","coordinates":[[[-95,50],[-90,50],[-90,55],[-95,55],[-95,50]]]},"properties":{"name":"5° Density Cell 50,-95","kind":"density-grid","grid_size_degrees":5,"point_count":1,"intensity":0.001934,"networks":{"ipv4":1},"statuses":{"Unknown":1},"countries":{"CA":1},"sanctioned_nodes":0,"policy_restricted_nodes":0,"threat_infrastructure_nodes":0,"stroke":"#c0d674","fill":"#c0d674","opacity":0.08,"marker_ring":false}},{"type":"Feature","id":"node-density-grid-5:50:40","geometry":{"type":"Polygon","coordinates":[[[40,50],[45,50],[45,55],[40,55],[40,50]]]},"properties":{"name":"5° Density Cell 50,40","kind":"density-grid","grid_size_degrees":5,"point_count":1,"intensity":0.001934,"networks":{"ipv4":1},"statuses":{"Unknown":1},"countries":{"RU":1},"sanctioned_nodes":0,"policy_restricted_nodes":0,"threat_infrastructure_nodes":0,"stroke":"#c0d674","fill":"#c0d674","opacity":0.08,"marker_ring":false}},{"type":"Feature","id":"node-density-grid-5:50:55","geometry":{"type":"Polygon","coordinates":[[[55,50],[60,50],[60,55],[55,55],[55,50]]]},"properties":{"name":"5° Density Cell 50,55","kind":"density-grid","grid_size_degrees":5,"point_count":1,"intensity":0.001934,"networks":{"ipv4":1},"statuses":{"Unknown":1},"countries":{"RU":1},"sanctioned_nodes":0,"policy_restricted_nodes":0,"threat_infrastructure_nodes":0,"stroke":"#c0d674","fill":"#c0d674","opacity":0.08,"marker_ring":false}},{"type":"Feature","id":"node-density-grid-5:50:70","geometry":{"type":"Polygon","coordinates":[[[70,50],[75,50],[75,55],[70,55],[70,50]]]},"properties":{"name":"5° Density Cell 50,70","kind":"density-grid","grid_size_degrees":5,"point_count":1,"intensity":0.001934,"networks":{"ipv4":1},"statuses":{"Unknown":1},"countries":{"RU":1},"sanctioned_nodes":0,"policy_restricted_nodes":0,"threat_infrastructure_nodes":0,"stroke":"#c0d674","fill":"#c0d674","opacity":0.08,"marker_ring":false}},{"type":"Feature","id":"node-density-grid-5:50:80","geometry":{"type":"Polygon","coordinates":[[[80,50],[85,50],[85,55],[80,55],[80,50]]]},"properties":{"name":"5° Density Cell 50,80","kind":"density-grid","grid_size_degrees":5,"point_count":1,"intensity":0.001934,"networks":{"ipv4":1},"statuses":{"Unknown":1},"countries":{"RU":1},"sanctioned_nodes":0,"policy_restricted_nodes":0,"threat_infrastructure_nodes":0,"stroke":"#c0d674","fill":"#c0d674","opacity":0.08,"marker_ring":false}},{"type":"Feature","id":"node-density-grid-5:50:100","geometry":{"type":"Polygon","coordinates":[[[100,50],[105,50],[105,55],[100,55],[100,50]]]},"properties":{"name":"5° Density Cell 50,100","kind":"density-grid","grid_size_degrees":5,"point_count":1,"intensity":0.001934,"networks":{"ipv4":1},"statuses":{"Unknown":1},"countries":{"RU":1},"sanctioned_nodes":0,"policy_restricted_nodes":0,"threat_infrastructure_nodes":0,"stroke":"#c0d674","fill":"#c0d674","opacity":0.08,"marker_ring":false}},{"type":"Feature","id":"node-density-grid-5:55:-120","geometry":{"type":"Polygon","coordinates":[[[-120,55],[-115,55],[-115,60],[-120,60],[-120,55]]]},"properties":{"name":"5° Density Cell 55,-120","kind":"density-grid","grid_size_degrees":5,"point_count":1,"intensity":0.001934,"networks":{"ipv4":1},"statuses":{"Unknown":1},"countries":{"CA":1},"sanctioned_nodes":0,"policy_restricted_nodes":0,"threat_infrastructure_nodes":0,"stroke":"#c0d674","fill":"#c0d674","opacity":0.08,"marker_ring":false}},{"type":"Feature","id":"node-density-grid-5:55:-115","geometry":{"type":"Polygon","coordinates":[[[-115,55],[-110,55],[-110,60],[-115,60],[-115,55]]]},"properties":{"name":"5° Density Cell 55,-115","kind":"density-grid","grid_size_degrees":5,"point_count":1,"intensity":0.001934,"networks":{"ipv4":1},"statuses":{"Unknown":1},"countries":{"CA":1},"sanctioned_nodes":0,"policy_restricted_nodes":0,"threat_infrastructure_nodes":0,"stroke":"#c0d674","fill":"#c0d674","opacity":0.08,"marker_ring":false}},{"type":"Feature","id":"node-density-grid-5:55:40","geometry":{"type":"Polygon","coordinates":[[[40,55],[45,55],[45,60],[40,60],[40,55]]]},"properties":{"name":"5° Density Cell 55,40","kind":"density-grid","grid_size_degrees":5,"point_count":1,"intensity":0.001934,"networks":{"ipv4":1},"statuses":{"Unknown":1},"countries":{"RU":1},"sanctioned_nodes":0,"policy_restricted_nodes":0,"threat_infrastructure_nodes":0,"stroke":"#c0d674","fill":"#c0d674","opacity":0.08,"marker_ring":false}},{"type":"Feature","id":"node-density-grid-5:55:50","geometry":{"type":"Polygon","coordinates":[[[50,55],[55,55],[55,60],[50,60],[50,55]]]},"properties":{"name":"5° Density Cell 55,50","kind":"density-grid","grid_size_degrees":5,"point_count":1,"intensity":0.001934,"networks":{"ipv4":1},"statuses":{"Unknown":1},"countries":{"RU":1},"sanctioned_nodes":0,"policy_restricted_nodes":0,"threat_infrastructure_nodes":0,"stroke":"#c0d674","fill":"#c0d674","opacity":0.08,"marker_ring":false}},{"type":"Feature","id":"node-density-grid-5:55:85","geometry":{"type":"Polygon","coordinates":[[[85,55],[90,55],[90,60],[85,60],[85,55]]]},"properties":{"name":"5° Density Cell 55,85","kind":"density-grid","grid_size_degrees":5,"point_count":1,"intensity":0.001934,"networks":{"ipv4":1},"statuses":{"Unknown":1},"countries":{"RU":1},"sanctioned_nodes":0,"policy_restricted_nodes":0,"threat_infrastructure_nodes":0,"stroke":"#c0d674","fill":"#c0d674","opacity":0.08,"marker_ring":false}},{"type":"Feature","id":"node-density-grid-5:55:120","geometry":{"type":"Polygon","coordinates":[[[120,55],[125,55],[125,60],[120,60],[120,55]]]},"properties":{"name":"5° Density Cell 55,120","kind":"density-grid","grid_size_degrees":5,"point_count":1,"intensity":0.001934,"networks":{"ipv4":1},"statuses":{"Unknown":1},"countries":{"RU":1},"sanctioned_nodes":0,"policy_restricted_nodes":0,"threat_infrastructure_nodes":0,"stroke":"#c0d674","fill":"#c0d674","opacity":0.08,"marker_ring":false}},{"type":"Feature","id":"node-density-grid-5:60:-10","geometry":{"type":"Polygon","coordinates":[[[-10,60],[-5,60],[-5,65],[-10,65],[-10,60]]]},"properties":{"name":"5° Density Cell 60,-10","kind":"density-grid","grid_size_degrees":5,"point_count":1,"intensity":0.001934,"networks":{"ipv4":1},"statuses":{"Unknown":1},"countries":{"FO":1},"sanctioned_nodes":0,"policy_restricted_nodes":0,"threat_infrastructure_nodes":0,"stroke":"#c0d674","fill":"#c0d674","opacity":0.08,"marker_ring":false}},{"type":"Feature","id":"node-density-grid-5:60:15","geometry":{"type":"Polygon","coordinates":[[[15,60],[20,60],[20,65],[15,65],[15,60]]]},"properties":{"name":"5° Density Cell 60,15","kind":"density-grid","grid_size_degrees":5,"point_count":1,"intensity":0.001934,"networks":{"ipv4":1},"statuses":{"Unknown":1},"countries":{"SE":1},"sanctioned_nodes":0,"policy_restricted_nodes":0,"threat_infrastructure_nodes":0,"stroke":"#c0d674","fill":"#c0d674","opacity":0.08,"marker_ring":false}},{"type":"Feature","id":"node-density-grid-5:65:25","geometry":{"type":"Polygon","coordinates":[[[25,65],[30,65],[30,70],[25,70],[25,65]]]},"properties":{"name":"5° Density Cell 65,25","kind":"density-grid","grid_size_degrees":5,"point_count":1,"intensity":0.001934,"networks":{"ipv4":1},"statuses":{"Unknown":1},"countries":{"FI":1},"sanctioned_nodes":0,"policy_restricted_nodes":0,"threat_infrastructure_nodes":0,"stroke":"#c0d674","fill":"#c0d674","opacity":0.08,"marker_ring":false}},{"type":"Feature","id":"node-density-grid-5:70:20","geometry":{"type":"Polygon","coordinates":[[[20,70],[25,70],[25,75],[20,75],[20,70]]]},"properties":{"name":"5° Density Cell 70,20","kind":"density-grid","grid_size_degrees":5,"point_count":1,"intensity":0.001934,"networks":{"ipv4":1},"statuses":{"Unknown":1},"countries":{"NO":1},"sanctioned_nodes":0,"policy_restricted_nodes":0,"threat_infrastructure_nodes":0,"stroke":"#c0d674","fill":"#c0d674","opacity":0.08,"marker_ring":false}},{"type":"Feature","id":"node-density-grid-2:50:8","geometry":{"type":"Polygon","coordinates":[[[8,50],[10,50],[10,52],[8,52],[8,50]]]},"properties":{"name":"2° Density Cell 50,8","kind":"density-grid","grid_size_degrees":2,"point_count":440,"intensity":1.0,"networks":{"ipv4":440},"statuses":{"duplicate-location":427,"Unknown":13},"countries":{"DE":440},"sanctioned_nodes":0,"policy_restricted_nodes":0,"threat_infrastructure_nodes":0,"stroke":"#c0d674","fill":"#c0d674","opacity":0.55,"marker_ring":false}},{"type":"Feature","id":"node-density-grid-2:50:12","geometry":{"type":"Polygon","coordinates":[[[12,50],[14,50],[14,52],[12,52],[12,50]]]},"properties":{"name":"2° Density Cell 50,12","kind":"density-grid","grid_size_degrees":2,"point_count":209,"intensity":0.475,"networks":{"ipv4":209},"statuses":{"duplicate-location":203,"Unknown":6},"countries":{"DE":209},"sanctioned_nodes":0,"policy_restricted_nodes":0,"threat_infrastructure_nodes":0,"stroke":"#c0d674","fill":"#c0d674","opacity":0.2612,"marker_ring":false}},{"type":"Feature","id":"node-density-grid-2:52:4","geometry":{"type":"Polygon","coordinates":[[[4,52],[6,52],[6,54],[4,54],[4,52]]]},"properties":{"name":"2° Density Cell 52,4","kind":"density-grid","grid_size_degrees":2,"point_count":178,"intensity":0.404545,"networks":{"ipv4":178},"statuses":{"duplicate-location":158,"Unknown":20},"countries":{"NL":178},"sanctioned_nodes":0,"policy_restricted_nodes":0,"threat_infrastructure_nodes":0,"stroke":"#c0d674","fill":"#c0d674","opacity":0.2225,"marker_ring":false}},{"type":"Feature","id":"node-density-grid-2:34:-120","geometry":{"type":"Polygon","coordinates":[[[-120,34],[-118,34],[-118,36],[-120,36],[-120,34]]]},"properties":{"name":"2° Density Cell 34,-120","kind":"density-grid","grid_size_degrees":2,"point_count":162,"intensity":0.368182,"networks":{"ipv4":162},"statuses":{"duplicate-location":151,"Unknown":11},"countries":{"US":162},"sanctioned_nodes":0,"policy_restricted_nodes":0,"threat_infrastructure_nodes":0,"stroke":"#c0d674","fill":"#c0d674","opacity":0.2025,"marker_ring":false}},{"type":"Feature","id":"node-density-grid-2:38:-78","geometry":{"type":"Polygon","coordinates":[[[-78,38],[-76,38],[-76,40],[-78,40],[-78,38]]]},"properties":{"name":"2° Density Cell 38,-78","kind":"density-grid","grid_size_degrees":2,"point_count":136,"intensity":0.309091,"networks":{"ipv4":136},"statuses":{"duplicate-location":128,"Unknown":8},"countries":{"US":136},"sanctioned_nodes":0,"policy_restricted_nodes":0,"threat_infrastructure_nodes":0,"stroke":"#c0d674","fill":"#c0d674","opacity":0.17,"marker_ring":false}},{"type":"Feature","id":"node-density-grid-2:50:-2","geometry":{"type":"Polygon","coordinates":[[[-2,50],[0,50],[0,52],[-2,52],[-2,50]]]},"properties":{"name":"2° Density Cell 50,-2","kind":"density-grid","grid_size_degrees":2,"point_count":130,"intensity":0.295455,"networks":{"ipv4":130},"statuses":{"duplicate-location":105,"Unknown":25},"countries":{"GB":130},"sanctioned_nodes":0,"policy_restricted_nodes":0,"threat_infrastructure_nodes":0,"stroke":"#c0d674","fill":"#c0d674","opacity":0.1625,"marker_ring":false}},{"type":"Feature","id":"node-density-grid-2:40:-76","geometry":{"type":"Polygon","coordinates":[[[-76,40],[-74,40],[-74,42],[-76,42],[-76,40]]]},"properties":{"name":"2° Density Cell 40,-76","kind":"density-grid","grid_size_degrees":2,"point_count":128,"intensity":0.290909,"networks":{"ipv4":128},"statuses":{"duplicate-location":115,"Unknown":13},"countries":{"US":128},"sanctioned_nodes":0,"policy_restricted_nodes":0,"threat_infrastructure_nodes":0,"stroke":"#c0d674","fill":"#c0d674","opacity":0.16,"marker_ring":false}},{"type":"Feature","id":"node-density-grid-2:46:-124","geometry":{"type":"Polygon","coordinates":[[[-124,46],[-122,46],[-122,48],[-124,48],[-124,46]]]},"properties":{"name":"2° Density Cell 46,-124","kind":"density-grid","grid_size_degrees":2,"point_count":126,"intensity":0.286364,"networks":{"ipv4":126},"statuses":{"duplicate-location":109,"Unknown":17},"countries":{"US":126},"sanctioned_nodes":0,"policy_restricted_nodes":0,"threat_infrastructure_nodes":0,"stroke":"#c0d674","fill":"#c0d674","opacity":0.1575,"marker_ring":false}},{"type":"Feature","id":"node-density-grid-2:0:102","geometry":{"type":"Polygon","coordinates":[[[102,0],[104,0],[104,2],[102,2],[102,0]]]},"properties":{"name":"2° Density Cell 0,102","kind":"density-grid","grid_size_degrees":2,"point_count":121,"intensity":0.275,"networks":{"ipv4":121},"statuses":{"duplicate-location":110,"Unknown":11},"countries":{"SG":121},"sanctioned_nodes":0,"policy_restricted_nodes":0,"threat_infrastructure_nodes":0,"stroke":"#c0d674","fill":"#c0d674","opacity":0.1513,"marker_ring":false}},{"type":"Feature","id":"node-density-grid-2:48:10","geometry":{"type":"Polygon","coordinates":[[[10,48],[12,48],[12,50],[10,50],[10,48]]]},"properties":{"name":"2° Density Cell 48,10","kind":"density-grid","grid_size_degrees":2,"point_count":114,"intensity":0.259091,"networks":{"ipv4":114},"statuses":{"duplicate-location":102,"Unknown":12},"countries":{"DE":114},"sanctioned_nodes":0,"policy_restricted_nodes":0,"threat_infrastructure_nodes":0,"stroke":"#c0d674","fill":"#c0d674","opacity":0.1425,"marker_ring":false}},{"type":"Feature","id":"node-density-grid-2:42:-80","geometry":{"type":"Polygon","coordinates":[[[-80,42],[-78,42],[-78,44],[-80,44],[-80,42]]]},"properties":{"name":"2° Density Cell 42,-80","kind":"density-grid","grid_size_degrees":2,"point_count":109,"intensity":0.247727,"networks":{"ipv4":109},"statuses":{"duplicate-location":96,"Unknown":13},"countries":{"CA":100,"US":9},"sanctioned_nodes":0,"policy_restricted_nodes":0,"threat_infrastructure_nodes":0,"stroke":"#c0d674","fill":"#c0d674","opacity":0.1363,"marker_ring":false}},{"type":"Feature","id":"node-density-grid-2:36:126","geometry":{"type":"Polygon","coordinates":[[[126,36],[128,36],[128,38],[126,38],[126,36]]]},"properties":{"name":"2° Density Cell 36,126","kind":"density-grid","grid_size_degrees":2,"point_count":105,"intensity":0.238636,"networks":{"ipv4":105},"statuses":{"duplicate-location":93,"Unknown":12},"countries":{"KR":105},"sanctioned_nodes":0,"policy_restricted_nodes":0,"threat_infrastructure_nodes":0,"stroke":"#c0d674","fill":"#c0d674","opacity":0.1313,"marker_ring":false}},{"type":"Feature","id":"node-density-grid-2:44:-74","geometry":{"type":"Polygon","coordinates":[[[-74,44],[-72,44],[-72,46],[-74,46],[-74,44]]]},"properties":{"name":"2° Density Cell 44,-74","kind":"density-grid","grid_size_degrees":2,"point_count":103,"intensity":0.234091,"networks":{"ipv4":103},"statuses":{"duplicate-location":87,"Unknown":16},"countries":{"CA":102,"US":1},"sanctioned_nodes":0,"policy_restricted_nodes":0,"threat_infrastructure_nodes":0,"stroke":"#c0d674","fill":"#c0d674","opacity":0.1288,"marker_ring":false}},{"type":"Feature","id":"node-density-grid-2:40:-88","geometry":{"type":"Polygon","coordinates":[[[-88,40],[-86,40],[-86,42],[-88,42],[-88,40]]]},"properties":{"name":"2° Density Cell 40,-88","kind":"density-grid","grid_size_degrees":2,"point_count":98,"intensity":0.222727,"networks":{"ipv4":98},"statuses":{"duplicate-location":90,"Unknown":8},"countries":{"US":98},"sanctioned_nodes":0,"policy_restricted_nodes":0,"threat_infrastructure_nodes":0,"stroke":"#c0d674","fill":"#c0d674","opacity":0.1225,"marker_ring":false}},{"type":"Feature","id":"node-density-grid-2:32:-98","geometry":{"type":"Polygon","coordinates":[[[-98,32],[-96,32],[-96,34],[-98,34],[-98,32]]]},"properties":{"name":"2° Density Cell 32,-98","kind":"density-grid","grid_size_degrees":2,"point_count":92,"intensity":0.209091,"networks":{"ipv4":92},"statuses":{"duplicate-location":80,"Unknown":12},"countries":{"US":92},"sanctioned_nodes":0,"policy_restricted_nodes":0,"threat_infrastructure_nodes":0,"stroke":"#c0d674","fill":"#c0d674","opacity":0.115,"marker_ring":false}},{"type":"Feature","id":"node-density-grid-2:-34:150","geometry":{"type":"Polygon","coordinates":[[[150,-34],[152,-34],[152,-32],[150,-32],[150,-34]]]},"properties":{"name":"2° Density Cell -34,150","kind":"density-grid","grid_size_degrees":2,"point_count":71,"intensity":0.161364,"networks":{"ipv4":71},"statuses":{"duplicate-location":61,"Unknown":10},"countries":{"AU":71},"sanctioned_nodes":0,"policy_restricted_nodes":0,"threat_infrastructure_nodes":0,"stroke":"#c0d674","fill":"#c0d674","opacity":0.0888,"marker_ring":false}},{"type":"Feature","id":"node-density-grid-2:34:138","geometry":{"type":"Polygon","coordinates":[[[138,34],[140,34],[140,36],[138,36],[138,34]]]},"properties":{"name":"2° Density Cell 34,138","kind":"density-grid","grid_size_degrees":2,"point_count":71,"intensity":0.161364,"networks":{"ipv4":71},"statuses":{"duplicate-location":62,"Unknown":9},"countries":{"JP":71},"sanctioned_nodes":0,"policy_restricted_nodes":0,"threat_infrastructure_nodes":0,"stroke":"#c0d674","fill":"#c0d674","opacity":0.0888,"marker_ring":false}},{"type":"Feature","id":"node-density-grid-2:60:24","geometry":{"type":"Polygon","coordinates":[[[24,60],[26,60],[26,62],[24,62],[24,60]]]},"properties":{"name":"2° Density Cell 60,24","kind":"density-grid","grid_size_degrees":2,"point_count":68,"intensity":0.154545,"networks":{"ipv4":68},"statuses":{"duplicate-location":62,"Unknown":6},"countries":{"FI":68},"sanctioned_nodes":0,"policy_restricted_nodes":0,"threat_infrastructure_nodes":0,"stroke":"#c0d674","fill":"#c0d674","opacity":0.085,"marker_ring":false}},{"type":"Feature","id":"node-density-grid-2:46:8","geometry":{"type":"Polygon","coordinates":[[[8,46],[10,46],[10,48],[8,48],[8,46]]]},"properties":{"name":"2° Density Cell 46,8","kind":"density-grid","grid_size_degrees":2,"point_count":64,"intensity":0.145455,"networks":{"ipv4":64},"statuses":{"Unknown":32,"duplicate-location":32},"countries":{"CH":60,"AT":2,"LI":2},"sanctioned_nodes":0,"policy_restricted_nodes":0,"threat_infrastructure_nodes":0,"stroke":"#c0d674","fill":"#c0d674","opacity":0.08,"marker_ring":false}},{"type":"Feature","id":"node-density-grid-2:22:114","geometry":{"type":"Polygon","coordinates":[[[114,22],[116,22],[116,24],[114,24],[114,22]]]},"properties":{"name":"2° Density Cell 22,114","kind":"density-grid","grid_size_degrees":2,"point_count":60,"intensity":0.136364,"networks":{"ipv4":60},"statuses":{"duplicate-location":51,"Unknown":9},"countries":{"HK":60},"sanctioned_nodes":0,"policy_restricted_nodes":0,"threat_infrastructure_nodes":0,"stroke":"#c0d674","fill":"#c0d674","opacity":0.08,"marker_ring":false}},{"type":"Feature","id":"node-density-grid-2:48:2","geometry":{"type":"Polygon","coordinates":[[[2,48],[4,48],[4,50],[2,50],[2,48]]]},"properties":{"name":"2° Density Cell 48,2","kind":"density-grid","grid_size_degrees":2,"point_count":58,"intensity":0.131818,"networks":{"ipv4":58},"statuses":{"duplicate-location":49,"Unknown":9},"countries":{"FR":58},"sanctioned_nodes":0,"policy_restricted_nodes":0,"threat_infrastructure_nodes":0,"stroke":"#c0d674","fill":"#c0d674","opacity":0.08,"marker_ring":false}},{"type":"Feature","id":"node-density-grid-2:36:-122","geometry":{"type":"Polygon","coordinates":[[[-122,36],[-120,36],[-120,38],[-122,38],[-122,36]]]},"properties":{"name":"2° Density Cell 36,-122","kind":"density-grid","grid_size_degrees":2,"point_count":53,"intensity":0.120455,"networks":{"ipv4":53},"statuses":{"duplicate-location":49,"Unknown":4},"countries":{"US":53},"sanctioned_nodes":0,"policy_restricted_nodes":0,"threat_infrastructure_nodes":0,"stroke":"#c0d674","fill":"#c0d674","opacity":0.08,"marker_ring":false}},{"type":"Feature","id":"node-density-grid-2:50:2","geometry":{"type":"Polygon","coordinates":[[[2,50],[4,50],[4,52],[2,52],[2,50]]]},"properties":{"name":"2° Density Cell 50,2","kind":"density-grid","grid_size_degrees":2,"point_count":53,"intensity":0.120455,"networks":{"ipv4":53},"statuses":{"duplicate-location":50,"Unknown":3},"countries":{"FR":50,"NL":2,"BE":1},"sanctioned_nodes":0,"policy_restricted_nodes":0,"threat_infrastructure_nodes":0,"stroke":"#c0d674","fill":"#c0d674","opacity":0.08,"marker_ring":false}},{"type":"Feature","id":"node-density-grid-2:44:-124","geometry":{"type":"Polygon","coordinates":[[[-124,44],[-122,44],[-122,46],[-124,46],[-124,44]]]},"properties":{"name":"2° Density Cell 44,-124","kind":"density-grid","grid_size_degrees":2,"point_count":47,"intensity":0.106818,"networks":{"ipv4":47},"statuses":{"duplicate-location":37,"Unknown":10},"countries":{"US":47},"sanctioned_nodes":0,"policy_restricted_nodes":0,"threat_infrastructure_nodes":0,"stroke":"#c0d674","fill":"#c0d674","opacity":0.08,"marker_ring":false}},{"type":"Feature","id":"node-density-grid-2:46:6","geometry":{"type":"Polygon","coordinates":[[[6,46],[8,46],[8,48],[6,48],[6,46]]]},"properties":{"name":"2° Density Cell 46,6","kind":"density-grid","grid_size_degrees":2,"point_count":47,"intensity":0.106818,"networks":{"ipv4":47},"statuses":{"Unknown":28,"duplicate-location":19},"countries":{"CH":47},"sanctioned_nodes":0,"policy_restricted_nodes":0,"threat_infrastructure_nodes":0,"stroke":"#c0d674","fill":"#c0d674","opacity":0.08,"marker_ring":false}},{"type":"Feature","id":"node-density-grid-2:40:-112","geometry":{"type":"Polygon","coordinates":[[[-112,40],[-110,40],[-110,42],[-112,42],[-112,40]]]},"properties":{"name":"2° Density Cell 40,-112","kind":"density-grid","grid_size_degrees":2,"point_count":44,"intensity":0.1,"networks":{"ipv4":44},"statuses":{"duplicate-location":37,"Unknown":7},"countries":{"US":44},"sanctioned_nodes":0,"policy_restricted_nodes":0,"threat_infrastructure_nodes":0,"stroke":"#c0d674","fill":"#c0d674","opacity":0.08,"marker_ring":false}},{"type":"Feature","id":"node-density-grid-2:-38:144","geometry":{"type":"Polygon","coordinates":[[[144,-38],[146,-38],[146,-36],[144,-36],[144,-38]]]},"properties":{"name":"2° Density Cell -38,144","kind":"density-grid","grid_size_degrees":2,"point_count":40,"intensity":0.090909,"networks":{"ipv4":40},"statuses":{"duplicate-location":30,"Unknown":10},"countries":{"AU":40},"sanctioned_nodes":0,"policy_restricted_nodes":0,"threat_infrastructure_nodes":0,"stroke":"#c0d674","fill":"#c0d674","opacity":0.08,"marker_ring":false}},{"type":"Feature","id":"node-density-grid-2:50:4","geometry":{"type":"Polygon","coordinates":[[[4,50],[6,50],[6,52],[4,52],[4,50]]]},"properties":{"name":"2° Density Cell 50,4","kind":"density-grid","grid_size_degrees":2,"point_count":38,"intensity":0.086364,"networks":{"ipv4":38},"statuses":{"duplicate-location":24,"Unknown":14},"countries":{"NL":24,"BE":14},"sanctioned_nodes":0,"policy_restricted_nodes":0,"threat_infrastructure_nodes":0,"stroke":"#c0d674","fill":"#c0d674","opacity":0.08,"marker_ring":false}},{"type":"Feature","id":"node-density-grid-2:52:12","geometry":{"type":"Polygon","coordinates":[[[12,52],[14,52],[14,54],[12,54],[12,52]]]},"properties":{"name":"2° Density Cell 52,12","kind":"density-grid","grid_size_degrees":2,"point_count":37,"intensity":0.084091,"networks":{"ipv4":37},"statuses":{"duplicate-location":32,"Unknown":5},"countries":{"DE":37},"sanctioned_nodes":0,"policy_restricted_nodes":0,"threat_infrastructure_nodes":0,"stroke":"#c0d674","fill":"#c0d674","opacity":0.08,"marker_ring":false}},{"type":"Feature","id":"node-density-grid-2:30:-98","geometry":{"type":"Polygon","coordinates":[[[-98,30],[-96,30],[-96,32],[-98,32],[-98,30]]]},"properties":{"name":"2° Density Cell 30,-98","kind":"density-grid","grid_size_degrees":2,"point_count":35,"intensity":0.079545,"networks":{"ipv4":35},"statuses":{"duplicate-location":21,"Unknown":14},"countries":{"US":35},"sanctioned_nodes":0,"policy_restricted_nodes":0,"threat_infrastructure_nodes":0,"stroke":"#c0d674","fill":"#c0d674","opacity":0.08,"marker_ring":false}},{"type":"Feature","id":"node-density-grid-2:50:6","geometry":{"type":"Polygon","coordinates":[[[6,50],[8,50],[8,52],[6,52],[6,50]]]},"properties":{"name":"2° Density Cell 50,6","kind":"density-grid","grid_size_degrees":2,"point_count":35,"intensity":0.079545,"networks":{"ipv4":35},"statuses":{"duplicate-location":19,"Unknown":16},"countries":{"DE":32,"NL":3},"sanctioned_nodes":0,"policy_restricted_nodes":0,"threat_infrastructure_nodes":0,"stroke":"#c0d674","fill":"#c0d674","opacity":0.08,"marker_ring":false}},{"type":"Feature","id":"node-density-grid-2:58:18","geometry":{"type":"Polygon","coordinates":[[[18,58],[20,58],[20,60],[18,60],[18,58]]]},"properties":{"name":"2° Density Cell 58,18","kind":"density-grid","grid_size_degrees":2,"point_count":34,"intensity":0.077273,"networks":{"ipv4":34},"statuses":{"duplicate-location":32,"Unknown":2},"countries":{"SE":34},"sanctioned_nodes":0,"policy_restricted_nodes":0,"threat_infrastructure_nodes":0,"stroke":"#c0d674","fill":"#c0d674","opacity":0.08,"marker_ring":false}},{"type":"Feature","id":"node-density-grid-2:38:-96","geometry":{"type":"Polygon","coordinates":[[[-96,38],[-94,38],[-94,40],[-96,40],[-96,38]]]},"properties":{"name":"2° Density Cell 38,-96","kind":"density-grid","grid_size_degrees":2,"point_count":30,"intensity":0.068182,"networks":{"ipv4":30},"statuses":{"duplicate-location":22,"Unknown":8},"countries":{"US":30},"sanctioned_nodes":0,"policy_restricted_nodes":0,"threat_infrastructure_nodes":0,"stroke":"#c0d674","fill":"#c0d674","opacity":0.08,"marker_ring":false}},{"type":"Feature","id":"node-density-grid-2:40:-74","geometry":{"type":"Polygon","coordinates":[[[-74,40],[-72,40],[-72,42],[-74,42],[-74,40]]]},"properties":{"name":"2° Density Cell 40,-74","kind":"density-grid","grid_size_degrees":2,"point_count":29,"intensity":0.065909,"networks":{"ipv4":29},"statuses":{"duplicate-location":16,"Unknown":13},"countries":{"US":29},"sanctioned_nodes":0,"policy_restricted_nodes":0,"threat_infrastructure_nodes":0,"stroke":"#c0d674","fill":"#c0d674","opacity":0.08,"marker_ring":false}},{"type":"Feature","id":"node-density-grid-2:48:-124","geometry":{"type":"Polygon","coordinates":[[[-124,48],[-122,48],[-122,50],[-124,50],[-124,48]]]},"properties":{"name":"2° Density Cell 48,-124","kind":"density-grid","grid_size_degrees":2,"point_count":29,"intensity":0.065909,"networks":{"ipv4":29},"statuses":{"Unknown":17,"duplicate-location":12},"countries":{"CA":28,"US":1},"sanctioned_nodes":0,"policy_restricted_nodes":0,"threat_infrastructure_nodes":0,"stroke":"#c0d674","fill":"#c0d674","opacity":0.08,"marker_ring":false}},{"type":"Feature","id":"node-density-grid-2:54:36","geometry":{"type":"Polygon","coordinates":[[[36,54],[38,54],[38,56],[36,56],[36,54]]]},"properties":{"name":"2° Density Cell 54,36","kind":"density-grid","grid_size_degrees":2,"point_count":29,"intensity":0.065909,"networks":{"ipv4":29},"statuses":{"duplicate-location":19,"Unknown":10},"countries":{"RU":29},"sanctioned_nodes":0,"policy_restricted_nodes":0,"threat_infrastructure_nodes":0,"stroke":"#c0d674","fill":"#c0d674","opacity":0.08,"marker_ring":false}},{"type":"Feature","id":"node-density-grid-2:-24:-48","geometry":{"type":"Polygon","coordinates":[[[-48,-24],[-46,-24],[-46,-22],[-48,-22],[-48,-24]]]},"properties":{"name":"2° Density Cell -24,-48","kind":"density-grid","grid_size_degrees":2,"point_count":28,"intensity":0.063636,"networks":{"ipv4":28},"statuses":{"duplicate-location":20,"Unknown":8},"countries":{"BR":28},"sanctioned_nodes":0,"policy_restricted_nodes":0,"threat_infrastructure_nodes":0,"stroke":"#c0d674","fill":"#c0d674","opacity":0.08,"marker_ring":false}},{"type":"Feature","id":"node-density-grid-2:42:-72","geometry":{"type":"Polygon","coordinates":[[[-72,42],[-70,42],[-70,44],[-72,44],[-72,42]]]},"properties":{"name":"2° Density Cell 42,-72","kind":"density-grid","grid_size_degrees":2,"point_count":28,"intensity":0.063636,"networks":{"ipv4":28},"statuses":{"duplicate-location":24,"Unknown":4},"countries":{"US":28},"sanctioned_nodes":0,"policy_restricted_nodes":0,"threat_infrastructure_nodes":0,"stroke":"#c0d674","fill":"#c0d674","opacity":0.08,"marker_ring":false}},{"type":"Feature","id":"node-density-grid-2:48:16","geometry":{"type":"Polygon","coordinates":[[[16,48],[18,48],[18,50],[16,50],[16,48]]]},"properties":{"name":"2° Density Cell 48,16","kind":"density-grid","grid_size_degrees":2,"point_count":28,"intensity":0.063636,"networks":{"ipv4":28},"statuses":{"Unknown":15,"duplicate-location":13},"countries":{"AT":20,"CZ":5,"SK":3},"sanctioned_nodes":0,"policy_restricted_nodes":0,"threat_infrastructure_nodes":0,"stroke":"#c0d674","fill":"#c0d674","opacity":0.08,"marker_ring":false}},{"type":"Feature","id":"node-density-grid-2:32:-86","geometry":{"type":"Polygon","coordinates":[[[-86,32],[-84,32],[-84,34],[-86,34],[-86,32]]]},"properties":{"name":"2° Density Cell 32,-86","kind":"density-grid","grid_size_degrees":2,"point_count":26,"intensity":0.059091,"networks":{"ipv4":26},"statuses":{"duplicate-location":18,"Unknown":8},"countries":{"US":26},"sanctioned_nodes":0,"policy_restricted_nodes":0,"threat_infrastructure_nodes":0,"stroke":"#c0d674","fill":"#c0d674","opacity":0.08,"marker_ring":false}},{"type":"Feature","id":"node-density-grid-2:34:134","geometry":{"type":"Polygon","coordinates":[[[134,34],[136,34],[136,36],[134,36],[134,34]]]},"properties":{"name":"2° Density Cell 34,134","kind":"density-grid","grid_size_degrees":2,"point_count":26,"intensity":0.059091,"networks":{"ipv4":26},"statuses":{"duplicate-location":23,"Unknown":3},"countries":{"JP":26},"sanctioned_nodes":0,"policy_restricted_nodes":0,"threat_infrastructure_nodes":0,"stroke":"#c0d674","fill":"#c0d674","opacity":0.08,"marker_ring":false}},{"type":"Feature","id":"node-density-grid-2:38:-92","geometry":{"type":"Polygon","coordinates":[[[-92,38],[-90,38],[-90,40],[-92,40],[-92,38]]]},"properties":{"name":"2° Density Cell 38,-92","kind":"density-grid","grid_size_degrees":2,"point_count":25,"intensity":0.056818,"networks":{"ipv4":25},"statuses":{"duplicate-location":15,"Unknown":10},"countries":{"US":25},"sanctioned_nodes":0,"policy_restricted_nodes":0,"threat_infrastructure_nodes":0,"stroke":"#c0d674","fill":"#c0d674","opacity":0.08,"marker_ring":false}},{"type":"Feature","id":"node-density-grid-2:48:8","geometry":{"type":"Polygon","coordinates":[[[8,48],[10,48],[10,50],[8,50],[8,48]]]},"properties":{"name":"2° Density Cell 48,8","kind":"density-grid","grid_size_degrees":2,"point_count":24,"intensity":0.054545,"networks":{"ipv4":24},"statuses":{"duplicate-location":14,"Unknown":10},"countries":{"DE":24},"sanctioned_nodes":0,"policy_restricted_nodes":0,"threat_infrastructure_nodes":0,"stroke":"#c0d674","fill":"#c0d674","opacity":0.08,"marker_ring":false}},{"type":"Feature","id":"node-density-grid-2:32:-118","geometry":{"type":"Polygon","coordinates":[[[-118,32],[-116,32],[-116,34],[-118,34],[-118,32]]]},"properties":{"name":"2° Density Cell 32,-118","kind":"density-grid","grid_size_degrees":2,"point_count":23,"intensity":0.052273,"networks":{"ipv4":23},"statuses":{"Unknown":15,"duplicate-location":8},"countries":{"US":23},"sanctioned_nodes":0,"policy_restricted_nodes":0,"threat_infrastructure_nodes":0,"stroke":"#c0d674","fill":"#c0d674","opacity":0.08,"marker_ring":false}},{"type":"Feature","id":"node-density-grid-2:34:-80","geometry":{"type":"Polygon","coordinates":[[[-80,34],[-78,34],[-78,36],[-80,36],[-80,34]]]},"properties":{"name":"2° Density Cell 34,-80","kind":"density-grid","grid_size_degrees":2,"point_count":23,"intensity":0.052273,"networks":{"ipv4":23},"statuses":{"duplicate-location":18,"Unknown":5},"countries":{"US":23},"sanctioned_nodes":0,"policy_restricted_nodes":0,"threat_infrastructure_nodes":0,"stroke":"#c0d674","fill":"#c0d674","opacity":0.08,"marker_ring":false}},{"type":"Feature","id":"node-density-grid-2:38:-106","geometry":{"type":"Polygon","coordinates":[[[-106,38],[-104,38],[-104,40],[-106,40],[-106,38]]]},"properties":{"name":"2° Density Cell 38,-106","kind":"density-grid","grid_size_degrees":2,"point_count":22,"intensity":0.05,"networks":{"ipv4":22},"statuses":{"duplicate-location":12,"Unknown":10},"countries":{"US":22},"sanctioned_nodes":0,"policy_restricted_nodes":0,"threat_infrastructure_nodes":0,"stroke":"#c0d674","fill":"#c0d674","opacity":0.08,"marker_ring":false}},{"type":"Feature","id":"node-density-grid-2:40:-84","geometry":{"type":"Polygon","coordinates":[[[-84,40],[-82,40],[-82,42],[-84,42],[-84,40]]]},"properties":{"name":"2° Density Cell 40,-84","kind":"density-grid","grid_size_degrees":2,"point_count":22,"intensity":0.05,"networks":{"ipv4":22},"statuses":{"duplicate-location":19,"Unknown":3},"countries":{"US":22},"sanctioned_nodes":0,"policy_restricted_nodes":0,"threat_infrastructure_nodes":0,"stroke":"#c0d674","fill":"#c0d674","opacity":0.08,"marker_ring":false}},{"type":"Feature","id":"node-density-grid-2:44:8","geometry":{"type":"Polygon","coordinates":[[[8,44],[10,44],[10,46],[8,46],[8,44]]]},"properties":{"name":"2° Density Cell 44,8","kind":"density-grid","grid_size_degrees":2,"point_count":21,"intensity":0.047727,"networks":{"ipv4":21},"statuses":{"duplicate-location":17,"Unknown":4},"countries":{"IT":21},"sanctioned_nodes":0,"policy_restricted_nodes":0,"threat_infrastructure_nodes":0,"stroke":"#c0d674","fill":"#c0d674","opacity":0.08,"marker_ring":false}},{"type":"Feature","id":"node-density-grid-2:24:120","geometry":{"type":"Polygon","coordinates":[[[120,24],[122,24],[122,26],[120,26],[120,24]]]},"properties":{"name":"2° Density Cell 24,120","kind":"density-grid","grid_size_degrees":2,"point_count":20,"intensity":0.045455,"networks":{"ipv4":20},"statuses":{"duplicate-location":19,"Unknown":1},"countries":{"TW":20},"sanctioned_nodes":0,"policy_restricted_nodes":0,"threat_infrastructure_nodes":0,"stroke":"#c0d674","fill":"#c0d674","opacity":0.08,"marker_ring":false}},{"type":"Feature","id":"node-density-grid-2:40:-96","geometry":{"type":"Polygon","coordinates":[[[-96,40],[-94,40],[-94,42],[-96,42],[-96,40]]]},"properties":{"name":"2° Density Cell 40,-96","kind":"density-grid","grid_size_degrees":2,"point_count":20,"intensity":0.045455,"networks":{"ipv4":20},"statuses":{"duplicate-location":19,"Unknown":1},"countries":{"US":20},"sanctioned_nodes":0,"policy_restricted_nodes":0,"threat_infrastructure_nodes":0,"stroke":"#c0d674","fill":"#c0d674","opacity":0.08,"marker_ring":false}},{"type":"Feature","id":"node-density-grid-2:52:6","geometry":{"type":"Polygon","coordinates":[[[6,52],[8,52],[8,54],[6,54],[6,52]]]},"properties":{"name":"2° Density Cell 52,6","kind":"density-grid","grid_size_degrees":2,"point_count":19,"intensity":0.043182,"networks":{"ipv4":19},"statuses":{"duplicate-location":13,"Unknown":6},"countries":{"NL":19},"sanctioned_nodes":0,"policy_restricted_nodes":0,"threat_infrastructure_nodes":0,"stroke":"#c0d674","fill":"#c0d674","opacity":0.08,"marker_ring":false}},{"type":"Feature","id":"node-density-grid-2:-28:152","geometry":{"type":"Polygon","coordinates":[[[152,-28],[154,-28],[154,-26],[152,-26],[152,-28]]]},"properties":{"name":"2° Density Cell -28,152","kind":"density-grid","grid_size_degrees":2,"point_count":18,"intensity":0.040909,"networks":{"ipv4":18},"statuses":{"duplicate-location":14,"Unknown":4},"countries":{"AU":18},"sanctioned_nodes":0,"policy_restricted_nodes":0,"threat_infrastructure_nodes":0,"stroke":"#c0d674","fill":"#c0d674","opacity":0.08,"marker_ring":false}},{"type":"Feature","id":"node-density-grid-2:38:-76","geometry":{"type":"Polygon","coordinates":[[[-76,38],[-74,38],[-74,40],[-76,40],[-76,38]]]},"properties":{"name":"2° Density Cell 38,-76","kind":"density-grid","grid_size_degrees":2,"point_count":18,"intensity":0.040909,"networks":{"ipv4":18},"statuses":{"duplicate-location":11,"Unknown":7},"countries":{"US":18},"sanctioned_nodes":0,"policy_restricted_nodes":0,"threat_infrastructure_nodes":0,"stroke":"#c0d674","fill":"#c0d674","opacity":0.08,"marker_ring":false}},{"type":"Feature","id":"node-density-grid-2:36:-124","geometry":{"type":"Polygon","coordinates":[[[-124,36],[-122,36],[-122,38],[-124,38],[-124,36]]]},"properties":{"name":"2° Density Cell 36,-124","kind":"density-grid","grid_size_degrees":2,"point_count":17,"intensity":0.038636,"networks":{"ipv4":17},"statuses":{"Unknown":9,"duplicate-location":8},"countries":{"US":17},"sanctioned_nodes":0,"policy_restricted_nodes":0,"threat_infrastructure_nodes":0,"stroke":"#c0d674","fill":"#c0d674","opacity":0.08,"marker_ring":false}},{"type":"Feature","id":"node-density-grid-2:38:-86","geometry":{"type":"Polygon","coordinates":[[[-86,38],[-84,38],[-84,40],[-86,40],[-86,38]]]},"properties":{"name":"2° Density Cell 38,-86","kind":"density-grid","grid_size_degrees":2,"point_count":17,"intensity":0.038636,"networks":{"ipv4":17},"statuses":{"Unknown":15,"duplicate-location":2},"countries":{"US":17},"sanctioned_nodes":0,"policy_restricted_nodes":0,"threat_infrastructure_nodes":0,"stroke":"#c0d674","fill":"#c0d674","opacity":0.08,"marker_ring":false}},{"type":"Feature","id":"node-density-grid-2:-38:174","geometry":{"type":"Polygon","coordinates":[[[174,-38],[176,-38],[176,-36],[174,-36],[174,-38]]]},"properties":{"name":"2° Density Cell -38,174","kind":"density-grid","grid_size_degrees":2,"point_count":16,"intensity":0.036364,"networks":{"ipv4":16},"statuses":{"Unknown":9,"duplicate-location":7},"countries":{"NZ":16},"sanctioned_nodes":0,"policy_restricted_nodes":0,"threat_infrastructure_nodes":0,"stroke":"#c0d674","fill":"#c0d674","opacity":0.08,"marker_ring":false}},{"type":"Feature","id":"node-density-grid-2:24:-82","geometry":{"type":"Polygon","coordinates":[[[-82,24],[-80,24],[-80,26],[-82,26],[-82,24]]]},"properties":{"name":"2° Density Cell 24,-82","kind":"density-grid","grid_size_degrees":2,"point_count":16,"intensity":0.036364,"networks":{"ipv4":16},"statuses":{"Unknown":9,"duplicate-location":7},"countries":{"US":16},"sanctioned_nodes":0,"policy_restricted_nodes":0,"threat_infrastructure_nodes":0,"stroke":"#c0d674","fill":"#c0d674","opacity":0.08,"marker_ring":false}},{"type":"Feature","id":"node-density-grid-2:36:-116","geometry":{"type":"Polygon","coordinates":[[[-116,36],[-114,36],[-114,38],[-116,38],[-116,36]]]},"properties":{"name":"2° Density Cell 36,-116","kind":"density-grid","grid_size_degrees":2,"point_count":16,"intensity":0.036364,"networks":{"ipv4":16},"statuses":{"duplicate-location":16},"countries":{"US":16},"sanctioned_nodes":0,"policy_restricted_nodes":0,"threat_infrastructure_nodes":0,"stroke":"#c0d674","fill":"#c0d674","opacity":0.08,"marker_ring":false}},{"type":"Feature","id":"node-density-grid-2:50:14","geometry":{"type":"Polygon","coordinates":[[[14,50],[16,50],[16,52],[14,52],[14,50]]]},"properties":{"name":"2° Density Cell 50,14","kind":"density-grid","grid_size_degrees":2,"point_count":16,"intensity":0.036364,"networks":{"ipv4":16},"statuses":{"duplicate-location":11,"Unknown":5},"countries":{"CZ":16},"sanctioned_nodes":0,"policy_restricted_nodes":0,"threat_infrastructure_nodes":0,"stroke":"#c0d674","fill":"#c0d674","opacity":0.08,"marker_ring":false}},{"type":"Feature","id":"node-density-grid-2:32:-114","geometry":{"type":"Polygon","coordinates":[[[-114,32],[-112,32],[-112,34],[-114,34],[-114,32]]]},"properties":{"name":"2° Density Cell 32,-114","kind":"density-grid","grid_size_degrees":2,"point_count":15,"intensity":0.034091,"networks":{"ipv4":15},"statuses":{"duplicate-location":13,"Unknown":2},"countries":{"US":15},"sanctioned_nodes":0,"policy_restricted_nodes":0,"threat_infrastructure_nodes":0,"stroke":"#c0d674","fill":"#c0d674","opacity":0.08,"marker_ring":false}},{"type":"Feature","id":"node-density-grid-2:32:-82","geometry":{"type":"Polygon","coordinates":[[[-82,32],[-80,32],[-80,34],[-82,34],[-82,32]]]},"properties":{"name":"2° Density Cell 32,-82","kind":"density-grid","grid_size_degrees":2,"point_count":15,"intensity":0.034091,"networks":{"ipv4":15},"statuses":{"duplicate-location":10,"Unknown":5},"countries":{"US":15},"sanctioned_nodes":0,"policy_restricted_nodes":0,"threat_infrastructure_nodes":0,"stroke":"#c0d674","fill":"#c0d674","opacity":0.08,"marker_ring":false}},{"type":"Feature","id":"node-density-grid-2:52:-8","geometry":{"type":"Polygon","coordinates":[[[-8,52],[-6,52],[-6,54],[-8,54],[-8,52]]]},"properties":{"name":"2° Density Cell 52,-8","kind":"density-grid","grid_size_degrees":2,"point_count":15,"intensity":0.034091,"networks":{"ipv4":15},"statuses":{"duplicate-location":12,"Unknown":3},"countries":{"IE":15},"sanctioned_nodes":0,"policy_restricted_nodes":0,"threat_infrastructure_nodes":0,"stroke":"#c0d674","fill":"#c0d674","opacity":0.08,"marker_ring":false}},{"type":"Feature","id":"node-density-grid-2:18:72","geometry":{"type":"Polygon","coordinates":[[[72,18],[74,18],[74,20],[72,20],[72,18]]]},"properties":{"name":"2° Density Cell 18,72","kind":"density-grid","grid_size_degrees":2,"point_count":14,"intensity":0.031818,"networks":{"ipv4":14},"statuses":{"duplicate-location":13,"Unknown":1},"countries":{"IN":14},"sanctioned_nodes":0,"policy_restricted_nodes":0,"threat_infrastructure_nodes":0,"stroke":"#c0d674","fill":"#c0d674","opacity":0.08,"marker_ring":false}},{"type":"Feature","id":"node-density-grid-2:40:-82","geometry":{"type":"Polygon","coordinates":[[[-82,40],[-80,40],[-80,42],[-82,42],[-82,40]]]},"properties":{"name":"2° Density Cell 40,-82","kind":"density-grid","grid_size_degrees":2,"point_count":14,"intensity":0.031818,"networks":{"ipv4":14},"statuses":{"Unknown":8,"duplicate-location":6},"countries":{"US":14},"sanctioned_nodes":0,"policy_restricted_nodes":0,"threat_infrastructure_nodes":0,"stroke":"#c0d674","fill":"#c0d674","opacity":0.08,"marker_ring":false}},{"type":"Feature","id":"node-density-grid-2:42:-90","geometry":{"type":"Polygon","coordinates":[[[-90,42],[-88,42],[-88,44],[-90,44],[-90,42]]]},"properties":{"name":"2° Density Cell 42,-90","kind":"density-grid","grid_size_degrees":2,"point_count":14,"intensity":0.031818,"networks":{"ipv4":14},"statuses":{"Unknown":8,"duplicate-location":6},"countries":{"US":14},"sanctioned_nodes":0,"policy_restricted_nodes":0,"threat_infrastructure_nodes":0,"stroke":"#c0d674","fill":"#c0d674","opacity":0.08,"marker_ring":false}},{"type":"Feature","id":"node-density-grid-2:52:-2","geometry":{"type":"Polygon","coordinates":[[[-2,52],[0,52],[0,54],[-2,54],[-2,52]]]},"properties":{"name":"2° Density Cell 52,-2","kind":"density-grid","grid_size_degrees":2,"point_count":14,"intensity":0.031818,"networks":{"ipv4":14},"statuses":{"Unknown":11,"duplicate-location":3},"countries":{"GB":14},"sanctioned_nodes":0,"policy_restricted_nodes":0,"threat_infrastructure_nodes":0,"stroke":"#c0d674","fill":"#c0d674","opacity":0.08,"marker_ring":false}},{"type":"Feature","id":"node-density-grid-2:44:4","geometry":{"type":"Polygon","coordinates":[[[4,44],[6,44],[6,46],[4,46],[4,44]]]},"properties":{"name":"2° Density Cell 44,4","kind":"density-grid","grid_size_degrees":2,"point_count":13,"intensity":0.029545,"networks":{"ipv4":13},"statuses":{"duplicate-location":13},"countries":{"FR":13},"sanctioned_nodes":0,"policy_restricted_nodes":0,"threat_infrastructure_nodes":0,"stroke":"#c0d674","fill":"#c0d674","opacity":0.08,"marker_ring":false}},{"type":"Feature","id":"node-density-grid-2:50:0","geometry":{"type":"Polygon","coordinates":[[[0,50],[2,50],[2,52],[0,52],[0,50]]]},"properties":{"name":"2° Density Cell 50,0","kind":"density-grid","grid_size_degrees":2,"point_count":13,"intensity":0.029545,"networks":{"ipv4":13},"statuses":{"duplicate-location":8,"Unknown":5},"countries":{"GB":13},"sanctioned_nodes":0,"policy_restricted_nodes":0,"threat_infrastructure_nodes":0,"stroke":"#c0d674","fill":"#c0d674","opacity":0.08,"marker_ring":false}},{"type":"Feature","id":"node-density-grid-2:-8:106","geometry":{"type":"Polygon","coordinates":[[[106,-8],[108,-8],[108,-6],[106,-6],[106,-8]]]},"properties":{"name":"2° Density Cell -8,106","kind":"density-grid","grid_size_degrees":2,"point_count":12,"intensity":0.027273,"networks":{"ipv4":12},"statuses":{"duplicate-location":9,"Unknown":3},"countries":{"ID":12},"sanctioned_nodes":0,"policy_restricted_nodes":0,"threat_infrastructure_nodes":0,"stroke":"#c0d674","fill":"#c0d674","opacity":0.08,"marker_ring":false}},{"type":"Feature","id":"node-density-grid-2:12:100","geometry":{"type":"Polygon","coordinates":[[[100,12],[102,12],[102,14],[100,14],[100,12]]]},"properties":{"name":"2° Density Cell 12,100","kind":"density-grid","grid_size_degrees":2,"point_count":12,"intensity":0.027273,"networks":{"ipv4":12},"statuses":{"Unknown":10,"duplicate-location":2},"countries":{"TH":12},"sanctioned_nodes":0,"policy_restricted_nodes":0,"threat_infrastructure_nodes":0,"stroke":"#c0d674","fill":"#c0d674","opacity":0.08,"marker_ring":false}},{"type":"Feature","id":"node-density-grid-2:28:-84","geometry":{"type":"Polygon","coordinates":[[[-84,28],[-82,28],[-82,30],[-84,30],[-84,28]]]},"properties":{"name":"2° Density Cell 28,-84","kind":"density-grid","grid_size_degrees":2,"point_count":12,"intensity":0.027273,"networks":{"ipv4":12},"statuses":{"Unknown":6,"duplicate-location":6},"countries":{"US":12},"sanctioned_nodes":0,"policy_restricted_nodes":0,"threat_infrastructure_nodes":0,"stroke":"#c0d674","fill":"#c0d674","opacity":0.08,"marker_ring":false}},{"type":"Feature","id":"node-density-grid-2:28:-82","geometry":{"type":"Polygon","coordinates":[[[-82,28],[-80,28],[-80,30],[-82,30],[-82,28]]]},"properties":{"name":"2° Density Cell 28,-82","kind":"density-grid","grid_size_degrees":2,"point_count":12,"intensity":0.027273,"networks":{"ipv4":12},"statuses":{"Unknown":12},"countries":{"US":12},"sanctioned_nodes":0,"policy_restricted_nodes":0,"threat_infrastructure_nodes":0,"stroke":"#c0d674","fill":"#c0d674","opacity":0.08,"marker_ring":false}},{"type":"Feature","id":"node-density-grid-2:42:2","geometry":{"type":"Polygon","coordinates":[[[2,42],[4,42],[4,44],[2,44],[2,42]]]},"properties":{"name":"2° Density Cell 42,2","kind":"density-grid","grid_size_degrees":2,"point_count":12,"intensity":0.027273,"networks":{"ipv4":12},"statuses":{"duplicate-location":12},"countries":{"FR":12},"sanctioned_nodes":0,"policy_restricted_nodes":0,"threat_infrastructure_nodes":0,"stroke":"#c0d674","fill":"#c0d674","opacity":0.08,"marker_ring":false}},{"type":"Feature","id":"node-density-grid-2:42:22","geometry":{"type":"Polygon","coordinates":[[[22,42],[24,42],[24,44],[22,44],[22,42]]]},"properties":{"name":"2° Density Cell 42,22","kind":"density-grid","grid_size_degrees":2,"point_count":12,"intensity":0.027273,"networks":{"ipv4":12},"statuses":{"Unknown":6,"duplicate-location":6},"countries":{"BG":12},"sanctioned_nodes":0,"policy_restricted_nodes":0,"threat_infrastructure_nodes":0,"stroke":"#c0d674","fill":"#c0d674","opacity":0.08,"marker_ring":false}},{"type":"Feature","id":"node-density-grid-2:44:-122","geometry":{"type":"Polygon","coordinates":[[[-122,44],[-120,44],[-120,46],[-122,46],[-122,44]]]},"properties":{"name":"2° Density Cell 44,-122","kind":"density-grid","grid_size_degrees":2,"point_count":12,"intensity":0.027273,"networks":{"ipv4":12},"statuses":{"duplicate-location":12},"countries":{"US":12},"sanctioned_nodes":0,"policy_restricted_nodes":0,"threat_infrastructure_nodes":0,"stroke":"#c0d674","fill":"#c0d674","opacity":0.08,"marker_ring":false}},{"type":"Feature","id":"node-density-grid-2:50:-116","geometry":{"type":"Polygon","coordinates":[[[-116,50],[-114,50],[-114,52],[-116,52],[-116,50]]]},"properties":{"name":"2° Density Cell 50,-116","kind":"density-grid","grid_size_degrees":2,"point_count":12,"intensity":0.027273,"networks":{"ipv4":12},"statuses":{"Unknown":6,"duplicate-location":6},"countries":{"CA":12},"sanctioned_nodes":0,"policy_restricted_nodes":0,"threat_infrastructure_nodes":0,"stroke":"#c0d674","fill":"#c0d674","opacity":0.08,"marker_ring":false}},{"type":"Feature","id":"node-density-grid-2:50:30","geometry":{"type":"Polygon","coordinates":[[[30,50],[32,50],[32,52],[30,52],[30,50]]]},"properties":{"name":"2° Density Cell 50,30","kind":"density-grid","grid_size_degrees":2,"point_count":12,"intensity":0.027273,"networks":{"ipv4":12},"statuses":{"duplicate-location":7,"Unknown":5},"countries":{"UA":12},"sanctioned_nodes":0,"policy_restricted_nodes":0,"threat_infrastructure_nodes":0,"stroke":"#c0d674","fill":"#c0d674","opacity":0.08,"marker_ring":false}},{"type":"Feature","id":"node-density-grid-2:52:20","geometry":{"type":"Polygon","coordinates":[[[20,52],[22,52],[22,54],[20,54],[20,52]]]},"properties":{"name":"2° Density Cell 52,20","kind":"density-grid","grid_size_degrees":2,"point_count":12,"intensity":0.027273,"networks":{"ipv4":12},"statuses":{"duplicate-location":7,"Unknown":5},"countries":{"PL":12},"sanctioned_nodes":0,"policy_restricted_nodes":0,"threat_infrastructure_nodes":0,"stroke":"#c0d674","fill":"#c0d674","opacity":0.08,"marker_ring":false}},{"type":"Feature","id":"node-density-grid-2:58:16","geometry":{"type":"Polygon","coordinates":[[[16,58],[18,58],[18,60],[16,60],[16,58]]]},"properties":{"name":"2° Density Cell 58,16","kind":"density-grid","grid_size_degrees":2,"point_count":12,"intensity":0.027273,"networks":{"ipv4":12},"statuses":{"Unknown":9,"duplicate-location":3},"countries":{"SE":12},"sanctioned_nodes":0,"policy_restricted_nodes":0,"threat_infrastructure_nodes":0,"stroke":"#c0d674","fill":"#c0d674","opacity":0.08,"marker_ring":false}},{"type":"Feature","id":"node-density-grid-2:58:30","geometry":{"type":"Polygon","coordinates":[[[30,58],[32,58],[32,60],[30,60],[30,58]]]},"properties":{"name":"2° Density Cell 58,30","kind":"density-grid","grid_size_degrees":2,"point_count":12,"intensity":0.027273,"networks":{"ipv4":12},"statuses":{"duplicate-location":10,"Unknown":2},"countries":{"RU":12},"sanctioned_nodes":0,"policy_restricted_nodes":0,"threat_infrastructure_nodes":0,"stroke":"#c0d674","fill":"#c0d674","opacity":0.08,"marker_ring":false}},{"type":"Feature","id":"node-density-grid-2:28:-96","geometry":{"type":"Polygon","coordinates":[[[-96,28],[-94,28],[-94,30],[-96,30],[-96,28]]]},"properties":{"name":"2° Density Cell 28,-96","kind":"density-grid","grid_size_degrees":2,"point_count":11,"intensity":0.025,"networks":{"ipv4":11},"statuses":{"duplicate-location":6,"Unknown":5},"countries":{"US":11},"sanctioned_nodes":0,"policy_restricted_nodes":0,"threat_infrastructure_nodes":0,"stroke":"#c0d674","fill":"#c0d674","opacity":0.08,"marker_ring":false}},{"type":"Feature","id":"node-density-grid-2:34:-82","geometry":{"type":"Polygon","coordinates":[[[-82,34],[-80,34],[-80,36],[-82,36],[-82,34]]]},"properties":{"name":"2° Density Cell 34,-82","kind":"density-grid","grid_size_degrees":2,"point_count":11,"intensity":0.025,"networks":{"ipv4":11},"statuses":{"Unknown":8,"duplicate-location":3},"countries":{"US":11},"sanctioned_nodes":0,"policy_restricted_nodes":0,"threat_infrastructure_nodes":0,"stroke":"#c0d674","fill":"#c0d674","opacity":0.08,"marker_ring":false}},{"type":"Feature","id":"node-density-grid-2:42:-88","geometry":{"type":"Polygon","coordinates":[[[-88,42],[-86,42],[-86,44],[-88,44],[-88,42]]]},"properties":{"name":"2° Density Cell 42,-88","kind":"density-grid","grid_size_degrees":2,"point_count":11,"intensity":0.025,"networks":{"ipv4":11},"statuses":{"Unknown":6,"duplicate-location":5},"countries":{"US":11},"sanctioned_nodes":0,"policy_restricted_nodes":0,"threat_infrastructure_nodes":0,"stroke":"#c0d674","fill":"#c0d674","opacity":0.08,"marker_ring":false}},{"type":"Feature","id":"node-density-grid-2:44:-94","geometry":{"type":"Polygon","coordinates":[[[-94,44],[-92,44],[-92,46],[-94,46],[-94,44]]]},"properties":{"name":"2° Density Cell 44,-94","kind":"density-grid","grid_size_degrees":2,"point_count":11,"intensity":0.025,"networks":{"ipv4":11},"statuses":{"Unknown":7,"duplicate-location":4},"countries":{"US":11},"sanctioned_nodes":0,"policy_restricted_nodes":0,"threat_infrastructure_nodes":0,"stroke":"#c0d674","fill":"#c0d674","opacity":0.08,"marker_ring":false}},{"type":"Feature","id":"node-density-grid-2:52:-114","geometry":{"type":"Polygon","coordinates":[[[-114,52],[-112,52],[-112,54],[-114,54],[-114,52]]]},"properties":{"name":"2° Density Cell 52,-114","kind":"density-grid","grid_size_degrees":2,"point_count":11,"intensity":0.025,"networks":{"ipv4":11},"statuses":{"duplicate-location":7,"Unknown":4},"countries":{"CA":11},"sanctioned_nodes":0,"policy_restricted_nodes":0,"threat_infrastructure_nodes":0,"stroke":"#c0d674","fill":"#c0d674","opacity":0.08,"marker_ring":false}},{"type":"Feature","id":"node-density-grid-2:26:-82","geometry":{"type":"Polygon","coordinates":[[[-82,26],[-80,26],[-80,28],[-82,28],[-82,26]]]},"properties":{"name":"2° Density Cell 26,-82","kind":"density-grid","grid_size_degrees":2,"point_count":10,"intensity":0.022727,"networks":{"ipv4":10},"statuses":{"Unknown":10},"countries":{"US":10},"sanctioned_nodes":0,"policy_restricted_nodes":0,"threat_infrastructure_nodes":0,"stroke":"#c0d674","fill":"#c0d674","opacity":0.08,"marker_ring":false}},{"type":"Feature","id":"node-density-grid-2:32:-120","geometry":{"type":"Polygon","coordinates":[[[-120,32],[-118,32],[-118,34],[-120,34],[-120,32]]]},"properties":{"name":"2° Density Cell 32,-120","kind":"density-grid","grid_size_degrees":2,"point_count":10,"intensity":0.022727,"networks":{"ipv4":10},"statuses":{"Unknown":10},"countries":{"US":10},"sanctioned_nodes":0,"policy_restricted_nodes":0,"threat_infrastructure_nodes":0,"stroke":"#c0d674","fill":"#c0d674","opacity":0.08,"marker_ring":false}},{"type":"Feature","id":"node-density-grid-2:34:-84","geometry":{"type":"Polygon","coordinates":[[[-84,34],[-82,34],[-82,36],[-84,36],[-84,34]]]},"properties":{"name":"2° Density Cell 34,-84","kind":"density-grid","grid_size_degrees":2,"point_count":10,"intensity":0.022727,"networks":{"ipv4":10},"statuses":{"duplicate-location":7,"Unknown":3},"countries":{"US":10},"sanctioned_nodes":0,"policy_restricted_nodes":0,"threat_infrastructure_nodes":0,"stroke":"#c0d674","fill":"#c0d674","opacity":0.08,"marker_ring":false}},{"type":"Feature","id":"node-density-grid-2:42:-118","geometry":{"type":"Polygon","coordinates":[[[-118,42],[-116,42],[-116,44],[-118,44],[-118,42]]]},"properties":{"name":"2° Density Cell 42,-118","kind":"density-grid","grid_size_degrees":2,"point_count":10,"intensity":0.022727,"networks":{"ipv4":10},"statuses":{"duplicate-location":10},"countries":{"US":10},"sanctioned_nodes":0,"policy_restricted_nodes":0,"threat_infrastructure_nodes":0,"stroke":"#c0d674","fill":"#c0d674","opacity":0.08,"marker_ring":false}},{"type":"Feature","id":"node-density-grid-2:26:-84","geometry":{"type":"Polygon","coordinates":[[[-84,26],[-82,26],[-82,28],[-84,28],[-84,26]]]},"properties":{"name":"2° Density Cell 26,-84","kind":"density-grid","grid_size_degrees":2,"point_count":9,"intensity":0.020455,"networks":{"ipv4":9},"statuses":{"Unknown":9},"countries":{"US":9},"sanctioned_nodes":0,"policy_restricted_nodes":0,"threat_infrastructure_nodes":0,"stroke":"#c0d674","fill":"#c0d674","opacity":0.08,"marker_ring":false}},{"type":"Feature","id":"node-density-grid-2:38:-84","geometry":{"type":"Polygon","coordinates":[[[-84,38],[-82,38],[-82,40],[-84,40],[-84,38]]]},"properties":{"name":"2° Density Cell 38,-84","kind":"density-grid","grid_size_degrees":2,"point_count":9,"intensity":0.020455,"networks":{"ipv4":9},"statuses":{"duplicate-location":6,"Unknown":3},"countries":{"US":9},"sanctioned_nodes":0,"policy_restricted_nodes":0,"threat_infrastructure_nodes":0,"stroke":"#c0d674","fill":"#c0d674","opacity":0.08,"marker_ring":false}},{"type":"Feature","id":"node-density-grid-2:40:-90","geometry":{"type":"Polygon","coordinates":[[[-90,40],[-88,40],[-88,42],[-90,42],[-90,40]]]},"properties":{"name":"2° Density Cell 40,-90","kind":"density-grid","grid_size_degrees":2,"point_count":9,"intensity":0.020455,"networks":{"ipv4":9},"statuses":{"Unknown":7,"duplicate-location":2},"countries":{"US":9},"sanctioned_nodes":0,"policy_restricted_nodes":0,"threat_infrastructure_nodes":0,"stroke":"#c0d674","fill":"#c0d674","opacity":0.08,"marker_ring":false}},{"type":"Feature","id":"node-density-grid-2:42:-86","geometry":{"type":"Polygon","coordinates":[[[-86,42],[-84,42],[-84,44],[-86,44],[-86,42]]]},"properties":{"name":"2° Density Cell 42,-86","kind":"density-grid","grid_size_degrees":2,"point_count":9,"intensity":0.020455,"networks":{"ipv4":9},"statuses":{"Unknown":9},"countries":{"US":9},"sanctioned_nodes":0,"policy_restricted_nodes":0,"threat_infrastructure_nodes":0,"stroke":"#c0d674","fill":"#c0d674","opacity":0.08,"marker_ring":false}},{"type":"Feature","id":"node-density-grid-2:42:-78","geometry":{"type":"Polygon","coordinates":[[[-78,42],[-76,42],[-76,44],[-78,44],[-78,42]]]},"properties":{"name":"2° Density Cell 42,-78","kind":"density-grid","grid_size_degrees":2,"point_count":9,"intensity":0.020455,"networks":{"ipv4":9},"statuses":{"duplicate-location":5,"Unknown":4},"countries":{"US":9},"sanctioned_nodes":0,"policy_restricted_nodes":0,"threat_infrastructure_nodes":0,"stroke":"#c0d674","fill":"#c0d674","opacity":0.08,"marker_ring":false}},{"type":"Feature","id":"node-density-grid-2:44:-120","geometry":{"type":"Polygon","coordinates":[[[-120,44],[-118,44],[-118,46],[-120,46],[-120,44]]]},"properties":{"name":"2° Density Cell 44,-120","kind":"density-grid","grid_size_degrees":2,"point_count":9,"intensity":0.020455,"networks":{"ipv4":9},"statuses":{"duplicate-location":9},"countries":{"US":9},"sanctioned_nodes":0,"policy_restricted_nodes":0,"threat_infrastructure_nodes":0,"stroke":"#c0d674","fill":"#c0d674","opacity":0.08,"marker_ring":false}},{"type":"Feature","id":"node-density-grid-2:44:26","geometry":{"type":"Polygon","coordinates":[[[26,44],[28,44],[28,46],[26,46],[26,44]]]},"properties":{"name":"2° Density Cell 44,26","kind":"density-grid","grid_size_degrees":2,"point_count":9,"intensity":0.020455,"networks":{"ipv4":9},"statuses":{"duplicate-location":8,"Unknown":1},"countries":{"RO":9},"sanctioned_nodes":0,"policy_restricted_nodes":0,"threat_infrastructure_nodes":0,"stroke":"#c0d674","fill":"#c0d674","opacity":0.08,"marker_ring":false}},{"type":"Feature","id":"node-density-grid-2:46:14","geometry":{"type":"Polygon","coordinates":[[[14,46],[16,46],[16,48],[14,48],[14,46]]]},"properties":{"name":"2° Density Cell 46,14","kind":"density-grid","grid_size_degrees":2,"point_count":9,"intensity":0.020455,"networks":{"ipv4":9},"statuses":{"duplicate-location":8,"Unknown":1},"countries":{"SI":5,"AT":4},"sanctioned_nodes":0,"policy_restricted_nodes":0,"threat_infrastructure_nodes":0,"stroke":"#c0d674","fill":"#c0d674","opacity":0.08,"marker_ring":false}},{"type":"Feature","id":"node-density-grid-2:48:6","geometry":{"type":"Polygon","coordinates":[[[6,48],[8,48],[8,50],[6,50],[6,48]]]},"properties":{"name":"2° Density Cell 48,6","kind":"density-grid","grid_size_degrees":2,"point_count":9,"intensity":0.020455,"networks":{"ipv4":9},"statuses":{"Unknown":5,"duplicate-location":4},"countries":{"DE":4,"FR":4,"LU":1},"sanctioned_nodes":0,"policy_restricted_nodes":0,"threat_infrastructure_nodes":0,"stroke":"#c0d674","fill":"#c0d674","opacity":0.08,"marker_ring":false}},{"type":"Feature","id":"node-density-grid-2:60:28","geometry":{"type":"Polygon","coordinates":[[[28,60],[30,60],[30,62],[28,62],[28,60]]]},"properties":{"name":"2° Density Cell 60,28","kind":"density-grid","grid_size_degrees":2,"point_count":9,"intensity":0.020455,"networks":{"ipv4":9},"statuses":{"duplicate-location":9},"countries":{"FI":9},"sanctioned_nodes":0,"policy_restricted_nodes":0,"threat_infrastructure_nodes":0,"stroke":"#c0d674","fill":"#c0d674","opacity":0.08,"marker_ring":false}},{"type":"Feature","id":"node-density-grid-2:-34:18","geometry":{"type":"Polygon","coordinates":[[[18,-34],[20,-34],[20,-32],[18,-32],[18,-34]]]},"properties":{"name":"2° Density Cell -34,18","kind":"density-grid","grid_size_degrees":2,"point_count":8,"intensity":0.018182,"networks":{"ipv4":8},"statuses":{"Unknown":4,"duplicate-location":4},"countries":{"ZA":8},"sanctioned_nodes":0,"policy_restricted_nodes":0,"threat_infrastructure_nodes":0,"stroke":"#c0d674","fill":"#c0d674","opacity":0.08,"marker_ring":false}},{"type":"Feature","id":"node-density-grid-2:30:120","geometry":{"type":"Polygon","coordinates":[[[120,30],[122,30],[122,32],[120,32],[120,30]]]},"properties":{"name":"2° Density Cell 30,120","kind":"density-grid","grid_size_degrees":2,"point_count":8,"intensity":0.018182,"networks":{"ipv4":8},"statuses":{"duplicate-location":8},"countries":{"CN":8},"sanctioned_nodes":0,"policy_restricted_nodes":0,"threat_infrastructure_nodes":0,"stroke":"#c0d674","fill":"#c0d674","opacity":0.08,"marker_ring":false}},{"type":"Feature","id":"node-density-grid-2:34:-100","geometry":{"type":"Polygon","coordinates":[[[-100,34],[-98,34],[-98,36],[-100,36],[-100,34]]]},"properties":{"name":"2° Density Cell 34,-100","kind":"density-grid","grid_size_degrees":2,"point_count":8,"intensity":0.018182,"networks":{"ipv4":8},"statuses":{"duplicate-location":8},"countries":{"US":8},"sanctioned_nodes":0,"policy_restricted_nodes":0,"threat_infrastructure_nodes":0,"stroke":"#c0d674","fill":"#c0d674","opacity":0.08,"marker_ring":false}},{"type":"Feature","id":"node-density-grid-2:36:-80","geometry":{"type":"Polygon","coordinates":[[[-80,36],[-78,36],[-78,38],[-80,38],[-80,36]]]},"properties":{"name":"2° Density Cell 36,-80","kind":"density-grid","grid_size_degrees":2,"point_count":8,"intensity":0.018182,"networks":{"ipv4":8},"statuses":{"Unknown":4,"duplicate-location":4},"countries":{"US":8},"sanctioned_nodes":0,"policy_restricted_nodes":0,"threat_infrastructure_nodes":0,"stroke":"#c0d674","fill":"#c0d674","opacity":0.08,"marker_ring":false}},{"type":"Feature","id":"node-density-grid-2:40:-94","geometry":{"type":"Polygon","coordinates":[[[-94,40],[-92,40],[-92,42],[-94,42],[-94,40]]]},"properties":{"name":"2° Density Cell 40,-94","kind":"density-grid","grid_size_degrees":2,"point_count":8,"intensity":0.018182,"networks":{"ipv4":8},"statuses":{"duplicate-location":5,"Unknown":3},"countries":{"US":8},"sanctioned_nodes":0,"policy_restricted_nodes":0,"threat_infrastructure_nodes":0,"stroke":"#c0d674","fill":"#c0d674","opacity":0.08,"marker_ring":false}},{"type":"Feature","id":"node-density-grid-2:40:-4","geometry":{"type":"Polygon","coordinates":[[[-4,40],[-2,40],[-2,42],[-4,42],[-4,40]]]},"properties":{"name":"2° Density Cell 40,-4","kind":"density-grid","grid_size_degrees":2,"point_count":8,"intensity":0.018182,"networks":{"ipv4":8},"statuses":{"Unknown":4,"duplicate-location":4},"countries":{"ES":8},"sanctioned_nodes":0,"policy_restricted_nodes":0,"threat_infrastructure_nodes":0,"stroke":"#c0d674","fill":"#c0d674","opacity":0.08,"marker_ring":false}},{"type":"Feature","id":"node-density-grid-2:46:18","geometry":{"type":"Polygon","coordinates":[[[18,46],[20,46],[20,48],[18,48],[18,46]]]},"properties":{"name":"2° Density Cell 46,18","kind":"density-grid","grid_size_degrees":2,"point_count":8,"intensity":0.018182,"networks":{"ipv4":8},"statuses":{"Unknown":6,"duplicate-location":2},"countries":{"HU":8},"sanctioned_nodes":0,"policy_restricted_nodes":0,"threat_infrastructure_nodes":0,"stroke":"#c0d674","fill":"#c0d674","opacity":0.08,"marker_ring":false}},{"type":"Feature","id":"node-density-grid-2:48:-98","geometry":{"type":"Polygon","coordinates":[[[-98,48],[-96,48],[-96,50],[-98,50],[-98,48]]]},"properties":{"name":"2° Density Cell 48,-98","kind":"density-grid","grid_size_degrees":2,"point_count":8,"intensity":0.018182,"networks":{"ipv4":8},"statuses":{"duplicate-location":8},"countries":{"CA":8},"sanctioned_nodes":0,"policy_restricted_nodes":0,"threat_infrastructure_nodes":0,"stroke":"#c0d674","fill":"#c0d674","opacity":0.08,"marker_ring":false}},{"type":"Feature","id":"node-density-grid-2:52:-4","geometry":{"type":"Polygon","coordinates":[[[-4,52],[-2,52],[-2,54],[-4,54],[-4,52]]]},"properties":{"name":"2° Density Cell 52,-4","kind":"density-grid","grid_size_degrees":2,"point_count":8,"intensity":0.018182,"networks":{"ipv4":8},"statuses":{"Unknown":6,"duplicate-location":2},"countries":{"GB":8},"sanctioned_nodes":0,"policy_restricted_nodes":0,"threat_infrastructure_nodes":0,"stroke":"#c0d674","fill":"#c0d674","opacity":0.08,"marker_ring":false}},{"type":"Feature","id":"node-density-grid-2:52:8","geometry":{"type":"Polygon","coordinates":[[[8,52],[10,52],[10,54],[8,54],[8,52]]]},"properties":{"name":"2° Density Cell 52,8","kind":"density-grid","grid_size_degrees":2,"point_count":8,"intensity":0.018182,"networks":{"ipv4":8},"statuses":{"Unknown":6,"duplicate-location":2},"countries":{"DE":8},"sanctioned_nodes":0,"policy_restricted_nodes":0,"threat_infrastructure_nodes":0,"stroke":"#c0d674","fill":"#c0d674","opacity":0.08,"marker_ring":false}},{"type":"Feature","id":"node-density-grid-2:-36:-60","geometry":{"type":"Polygon","coordinates":[[[-60,-36],[-58,-36],[-58,-34],[-60,-34],[-60,-36]]]},"properties":{"name":"2° Density Cell -36,-60","kind":"density-grid","grid_size_degrees":2,"point_count":7,"intensity":0.015909,"networks":{"ipv4":7},"statuses":{"duplicate-location":4,"Unknown":3},"countries":{"AR":7},"sanctioned_nodes":0,"policy_restricted_nodes":0,"threat_infrastructure_nodes":0,"stroke":"#c0d674","fill":"#c0d674","opacity":0.08,"marker_ring":false}},{"type":"Feature","id":"node-density-grid-2:-32:114","geometry":{"type":"Polygon","coordinates":[[[114,-32],[116,-32],[116,-30],[114,-30],[114,-32]]]},"properties":{"name":"2° Density Cell -32,114","kind":"density-grid","grid_size_degrees":2,"point_count":7,"intensity":0.015909,"networks":{"ipv4":7},"statuses":{"duplicate-location":4,"Unknown":3},"countries":{"AU":7},"sanctioned_nodes":0,"policy_restricted_nodes":0,"threat_infrastructure_nodes":0,"stroke":"#c0d674","fill":"#c0d674","opacity":0.08,"marker_ring":false}},{"type":"Feature","id":"node-density-grid-2:42:-84","geometry":{"type":"Polygon","coordinates":[[[-84,42],[-82,42],[-82,44],[-84,44],[-84,42]]]},"properties":{"name":"2° Density Cell 42,-84","kind":"density-grid","grid_size_degrees":2,"point_count":7,"intensity":0.015909,"networks":{"ipv4":7},"statuses":{"Unknown":7},"countries":{"US":5,"CA":2},"sanctioned_nodes":0,"policy_restricted_nodes":0,"threat_infrastructure_nodes":0,"stroke":"#c0d674","fill":"#c0d674","opacity":0.08,"marker_ring":false}},{"type":"Feature","id":"node-density-grid-2:42:-82","geometry":{"type":"Polygon","coordinates":[[[-82,42],[-80,42],[-80,44],[-82,44],[-82,42]]]},"properties":{"name":"2° Density Cell 42,-82","kind":"density-grid","grid_size_degrees":2,"point_count":7,"intensity":0.015909,"networks":{"ipv4":7},"statuses":{"Unknown":7},"countries":{"CA":7},"sanctioned_nodes":0,"policy_restricted_nodes":0,"threat_infrastructure_nodes":0,"stroke":"#c0d674","fill":"#c0d674","opacity":0.08,"marker_ring":false}},{"type":"Feature","id":"node-density-grid-2:44:-76","geometry":{"type":"Polygon","coordinates":[[[-76,44],[-74,44],[-74,46],[-76,46],[-76,44]]]},"properties":{"name":"2° Density Cell 44,-76","kind":"density-grid","grid_size_degrees":2,"point_count":7,"intensity":0.015909,"networks":{"ipv4":7},"statuses":{"Unknown":5,"duplicate-location":2},"countries":{"CA":7},"sanctioned_nodes":0,"policy_restricted_nodes":0,"threat_infrastructure_nodes":0,"stroke":"#c0d674","fill":"#c0d674","opacity":0.08,"marker_ring":false}},{"type":"Feature","id":"node-density-grid-2:46:28","geometry":{"type":"Polygon","coordinates":[[[28,46],[30,46],[30,48],[28,48],[28,46]]]},"properties":{"name":"2° Density Cell 46,28","kind":"density-grid","grid_size_degrees":2,"point_count":7,"intensity":0.015909,"networks":{"ipv4":7},"statuses":{"duplicate-location":4,"Unknown":3},"countries":{"MD":7},"sanctioned_nodes":0,"policy_restricted_nodes":0,"threat_infrastructure_nodes":0,"stroke":"#c0d674","fill":"#c0d674","opacity":0.08,"marker_ring":false}},{"type":"Feature","id":"node-density-grid-2:48:-4","geometry":{"type":"Polygon","coordinates":[[[-4,48],[-2,48],[-2,50],[-4,50],[-4,48]]]},"properties":{"name":"2° Density Cell 48,-4","kind":"density-grid","grid_size_degrees":2,"point_count":7,"intensity":0.015909,"networks":{"ipv4":7},"statuses":{"duplicate-location":6,"Unknown":1},"countries":{"FR":6,"JE":1},"sanctioned_nodes":0,"policy_restricted_nodes":0,"threat_infrastructure_nodes":0,"stroke":"#c0d674","fill":"#c0d674","opacity":0.08,"marker_ring":false}},{"type":"Feature","id":"node-density-grid-2:48:36","geometry":{"type":"Polygon","coordinates":[[[36,48],[38,48],[38,50],[36,50],[36,48]]]},"properties":{"name":"2° Density Cell 48,36","kind":"density-grid","grid_size_degrees":2,"point_count":7,"intensity":0.015909,"networks":{"ipv4":7},"statuses":{"duplicate-location":6,"Unknown":1},"countries":{"UA":7},"sanctioned_nodes":0,"policy_restricted_nodes":0,"threat_infrastructure_nodes":0,"stroke":"#c0d674","fill":"#c0d674","opacity":0.08,"marker_ring":false}},{"type":"Feature","id":"node-density-grid-2:58:10","geometry":{"type":"Polygon","coordinates":[[[10,58],[12,58],[12,60],[10,60],[10,58]]]},"properties":{"name":"2° Density Cell 58,10","kind":"density-grid","grid_size_degrees":2,"point_count":7,"intensity":0.015909,"networks":{"ipv4":7},"statuses":{"duplicate-location":7},"countries":{"NO":7},"sanctioned_nodes":0,"policy_restricted_nodes":0,"threat_infrastructure_nodes":0,"stroke":"#c0d674","fill":"#c0d674","opacity":0.08,"marker_ring":false}},{"type":"Feature","id":"node-density-grid-2:32:-96","geometry":{"type":"Polygon","coordinates":[[[-96,32],[-94,32],[-94,34],[-96,34],[-96,32]]]},"properties":{"name":"2° Density Cell 32,-96","kind":"density-grid","grid_size_degrees":2,"point_count":6,"intensity":0.013636,"networks":{"ipv4":6},"statuses":{"duplicate-location":4,"Unknown":2},"countries":{"US":6},"sanctioned_nodes":0,"policy_restricted_nodes":0,"threat_infrastructure_nodes":0,"stroke":"#c0d674","fill":"#c0d674","opacity":0.08,"marker_ring":false}},{"type":"Feature","id":"node-density-grid-2:36:-88","geometry":{"type":"Polygon","coordinates":[[[-88,36],[-86,36],[-86,38],[-88,38],[-88,36]]]},"properties":{"name":"2° Density Cell 36,-88","kind":"density-grid","grid_size_degrees":2,"point_count":6,"intensity":0.013636,"networks":{"ipv4":6},"statuses":{"Unknown":6},"countries":{"US":6},"sanctioned_nodes":0,"policy_restricted_nodes":0,"threat_infrastructure_nodes":0,"stroke":"#c0d674","fill":"#c0d674","opacity":0.08,"marker_ring":false}},{"type":"Feature","id":"node-density-grid-2:38:-120","geometry":{"type":"Polygon","coordinates":[[[-120,38],[-118,38],[-118,40],[-120,40],[-120,38]]]},"properties":{"name":"2° Density Cell 38,-120","kind":"density-grid","grid_size_degrees":2,"point_count":6,"intensity":0.013636,"networks":{"ipv4":6},"statuses":{"Unknown":6},"countries":{"US":6},"sanctioned_nodes":0,"policy_restricted_nodes":0,"threat_infrastructure_nodes":0,"stroke":"#c0d674","fill":"#c0d674","opacity":0.08,"marker_ring":false}},{"type":"Feature","id":"node-density-grid-2:38:-10","geometry":{"type":"Polygon","coordinates":[[[-10,38],[-8,38],[-8,40],[-10,40],[-10,38]]]},"properties":{"name":"2° Density Cell 38,-10","kind":"density-grid","grid_size_degrees":2,"point_count":6,"intensity":0.013636,"networks":{"ipv4":6},"statuses":{"Unknown":6},"countries":{"PT":6},"sanctioned_nodes":0,"policy_restricted_nodes":0,"threat_infrastructure_nodes":0,"stroke":"#c0d674","fill":"#c0d674","opacity":0.08,"marker_ring":false}},{"type":"Feature","id":"node-density-grid-2:40:-106","geometry":{"type":"Polygon","coordinates":[[[-106,40],[-104,40],[-104,42],[-106,42],[-106,40]]]},"properties":{"name":"2° Density Cell 40,-106","kind":"density-grid","grid_size_degrees":2,"point_count":6,"intensity":0.013636,"networks":{"ipv4":6},"statuses":{"Unknown":3,"duplicate-location":3},"countries":{"US":6},"sanctioned_nodes":0,"policy_restricted_nodes":0,"threat_infrastructure_nodes":0,"stroke":"#c0d674","fill":"#c0d674","opacity":0.08,"marker_ring":false}},{"type":"Feature","id":"node-density-grid-2:42:-74","geometry":{"type":"Polygon","coordinates":[[[-74,42],[-72,42],[-72,44],[-74,44],[-74,42]]]},"properties":{"name":"2° Density Cell 42,-74","kind":"density-grid","grid_size_degrees":2,"point_count":6,"intensity":0.013636,"networks":{"ipv4":6},"statuses":{"Unknown":6},"countries":{"US":6},"sanctioned_nodes":0,"policy_restricted_nodes":0,"threat_infrastructure_nodes":0,"stroke":"#c0d674","fill":"#c0d674","opacity":0.08,"marker_ring":false}},{"type":"Feature","id":"node-density-grid-2:50:-4","geometry":{"type":"Polygon","coordinates":[[[-4,50],[-2,50],[-2,52],[-4,52],[-4,50]]]},"properties":{"name":"2° Density Cell 50,-4","kind":"density-grid","grid_size_degrees":2,"point_count":6,"intensity":0.013636,"networks":{"ipv4":6},"statuses":{"Unknown":6},"countries":{"GB":6},"sanctioned_nodes":0,"policy_restricted_nodes":0,"threat_infrastructure_nodes":0,"stroke":"#c0d674","fill":"#c0d674","opacity":0.08,"marker_ring":false}},{"type":"Feature","id":"node-density-grid-2:52:10","geometry":{"type":"Polygon","coordinates":[[[10,52],[12,52],[12,54],[10,54],[10,52]]]},"properties":{"name":"2° Density Cell 52,10","kind":"density-grid","grid_size_degrees":2,"point_count":6,"intensity":0.013636,"networks":{"ipv4":6},"statuses":{"Unknown":6},"countries":{"DE":6},"sanctioned_nodes":0,"policy_restricted_nodes":0,"threat_infrastructure_nodes":0,"stroke":"#c0d674","fill":"#c0d674","opacity":0.08,"marker_ring":false}},{"type":"Feature","id":"node-density-grid-2:-34:-72","geometry":{"type":"Polygon","coordinates":[[[-72,-34],[-70,-34],[-70,-32],[-72,-32],[-72,-34]]]},"properties":{"name":"2° Density Cell -34,-72","kind":"density-grid","grid_size_degrees":2,"point_count":5,"intensity":0.011364,"networks":{"ipv4":5},"statuses":{"Unknown":3,"duplicate-location":2},"countries":{"CL":5},"sanctioned_nodes":0,"policy_restricted_nodes":0,"threat_infrastructure_nodes":0,"stroke":"#c0d674","fill":"#c0d674","opacity":0.08,"marker_ring":false}},{"type":"Feature","id":"node-density-grid-2:18:-100","geometry":{"type":"Polygon","coordinates":[[[-100,18],[-98,18],[-98,20],[-100,20],[-100,18]]]},"properties":{"name":"2° Density Cell 18,-100","kind":"density-grid","grid_size_degrees":2,"point_count":5,"intensity":0.011364,"networks":{"ipv4":5},"statuses":{"Unknown":5},"countries":{"MX":5},"sanctioned_nodes":0,"policy_restricted_nodes":0,"threat_infrastructure_nodes":0,"stroke":"#c0d674","fill":"#c0d674","opacity":0.08,"marker_ring":false}},{"type":"Feature","id":"node-density-grid-2:22:58","geometry":{"type":"Polygon","coordinates":[[[58,22],[60,22],[60,24],[58,24],[58,22]]]},"properties":{"name":"2° Density Cell 22,58","kind":"density-grid","grid_size_degrees":2,"point_count":5,"intensity":0.011364,"networks":{"ipv4":5},"statuses":{"duplicate-location":4,"Unknown":1},"countries":{"OM":5},"sanctioned_nodes":0,"policy_restricted_nodes":0,"threat_infrastructure_nodes":0,"stroke":"#c0d674","fill":"#c0d674","opacity":0.08,"marker_ring":false}},{"type":"Feature","id":"node-density-grid-2:30:-90","geometry":{"type":"Polygon","coordinates":[[[-90,30],[-88,30],[-88,32],[-90,32],[-90,30]]]},"properties":{"name":"2° Density Cell 30,-90","kind":"density-grid","grid_size_degrees":2,"point_count":5,"intensity":0.011364,"networks":{"ipv4":5},"statuses":{"Unknown":3,"duplicate-location":2},"countries":{"US":5},"sanctioned_nodes":0,"policy_restricted_nodes":0,"threat_infrastructure_nodes":0,"stroke":"#c0d674","fill":"#c0d674","opacity":0.08,"marker_ring":false}},{"type":"Feature","id":"node-density-grid-2:32:-88","geometry":{"type":"Polygon","coordinates":[[[-88,32],[-86,32],[-86,34],[-88,34],[-88,32]]]},"properties":{"name":"2° Density Cell 32,-88","kind":"density-grid","grid_size_degrees":2,"point_count":5,"intensity":0.011364,"networks":{"ipv4":5},"statuses":{"Unknown":5},"countries":{"US":5},"sanctioned_nodes":0,"policy_restricted_nodes":0,"threat_infrastructure_nodes":0,"stroke":"#c0d674","fill":"#c0d674","opacity":0.08,"marker_ring":false}},{"type":"Feature","id":"node-density-grid-2:32:34","geometry":{"type":"Polygon","coordinates":[[[34,32],[36,32],[36,34],[34,34],[34,32]]]},"properties":{"name":"2° Density Cell 32,34","kind":"density-grid","grid_size_degrees":2,"point_count":5,"intensity":0.011364,"networks":{"ipv4":5},"statuses":{"Unknown":3,"duplicate-location":2},"countries":{"IL":5},"sanctioned_nodes":0,"policy_restricted_nodes":0,"threat_infrastructure_nodes":0,"stroke":"#c0d674","fill":"#c0d674","opacity":0.08,"marker_ring":false}},{"type":"Feature","id":"node-density-grid-2:40:-86","geometry":{"type":"Polygon","coordinates":[[[-86,40],[-84,40],[-84,42],[-86,42],[-86,40]]]},"properties":{"name":"2° Density Cell 40,-86","kind":"density-grid","grid_size_degrees":2,"point_count":5,"intensity":0.011364,"networks":{"ipv4":5},"statuses":{"duplicate-location":3,"Unknown":2},"countries":{"US":5},"sanctioned_nodes":0,"policy_restricted_nodes":0,"threat_infrastructure_nodes":0,"stroke":"#c0d674","fill":"#c0d674","opacity":0.08,"marker_ring":false}},{"type":"Feature","id":"node-density-grid-2:40:-10","geometry":{"type":"Polygon","coordinates":[[[-10,40],[-8,40],[-8,42],[-10,42],[-10,40]]]},"properties":{"name":"2° Density Cell 40,-10","kind":"density-grid","grid_size_degrees":2,"point_count":5,"intensity":0.011364,"networks":{"ipv4":5},"statuses":{"Unknown":5},"countries":{"PT":5},"sanctioned_nodes":0,"policy_restricted_nodes":0,"threat_infrastructure_nodes":0,"stroke":"#c0d674","fill":"#c0d674","opacity":0.08,"marker_ring":false}},{"type":"Feature","id":"node-density-grid-2:42:12","geometry":{"type":"Polygon","coordinates":[[[12,42],[14,42],[14,44],[12,44],[12,42]]]},"properties":{"name":"2° Density Cell 42,12","kind":"density-grid","grid_size_degrees":2,"point_count":5,"intensity":0.011364,"networks":{"ipv4":5},"statuses":{"Unknown":5},"countries":{"IT":5},"sanctioned_nodes":0,"policy_restricted_nodes":0,"threat_infrastructure_nodes":0,"stroke":"#c0d674","fill":"#c0d674","opacity":0.08,"marker_ring":false}},{"type":"Feature","id":"node-density-grid-2:46:-118","geometry":{"type":"Polygon","coordinates":[[[-118,46],[-116,46],[-116,48],[-118,48],[-118,46]]]},"properties":{"name":"2° Density Cell 46,-118","kind":"density-grid","grid_size_degrees":2,"point_count":5,"intensity":0.011364,"networks":{"ipv4":5},"statuses":{"duplicate-location":4,"Unknown":1},"countries":{"US":5},"sanctioned_nodes":0,"policy_restricted_nodes":0,"threat_infrastructure_nodes":0,"stroke":"#c0d674","fill":"#c0d674","opacity":0.08,"marker_ring":false}},{"type":"Feature","id":"node-density-grid-2:48:14","geometry":{"type":"Polygon","coordinates":[[[14,48],[16,48],[16,50],[14,50],[14,48]]]},"properties":{"name":"2° Density Cell 48,14","kind":"density-grid","grid_size_degrees":2,"point_count":5,"intensity":0.011364,"networks":{"ipv4":5},"statuses":{"Unknown":5},"countries":{"CZ":4,"AT":1},"sanctioned_nodes":0,"policy_restricted_nodes":0,"threat_infrastructure_nodes":0,"stroke":"#c0d674","fill":"#c0d674","opacity":0.08,"marker_ring":false}},{"type":"Feature","id":"node-density-grid-2:48:18","geometry":{"type":"Polygon","coordinates":[[[18,48],[20,48],[20,50],[18,50],[18,48]]]},"properties":{"name":"2° Density Cell 48,18","kind":"density-grid","grid_size_degrees":2,"point_count":5,"intensity":0.011364,"networks":{"ipv4":5},"statuses":{"Unknown":5},"countries":{"CZ":3,"SK":2},"sanctioned_nodes":0,"policy_restricted_nodes":0,"threat_infrastructure_nodes":0,"stroke":"#c0d674","fill":"#c0d674","opacity":0.08,"marker_ring":false}},{"type":"Feature","id":"node-density-grid-2:54:12","geometry":{"type":"Polygon","coordinates":[[[12,54],[14,54],[14,56],[12,56],[12,54]]]},"properties":{"name":"2° Density Cell 54,12","kind":"density-grid","grid_size_degrees":2,"point_count":5,"intensity":0.011364,"networks":{"ipv4":5},"statuses":{"Unknown":5},"countries":{"SE":3,"DK":2},"sanctioned_nodes":0,"policy_restricted_nodes":0,"threat_infrastructure_nodes":0,"stroke":"#c0d674","fill":"#c0d674","opacity":0.08,"marker_ring":false}},{"type":"Feature","id":"node-density-grid-2:56:10","geometry":{"type":"Polygon","coordinates":[[[10,56],[12,56],[12,58],[10,58],[10,56]]]},"properties":{"name":"2° Density Cell 56,10","kind":"density-grid","grid_size_degrees":2,"point_count":5,"intensity":0.011364,"networks":{"ipv4":5},"statuses":{"Unknown":5},"countries":{"SE":3,"DK":2},"sanctioned_nodes":0,"policy_restricted_nodes":0,"threat_infrastructure_nodes":0,"stroke":"#c0d674","fill":"#c0d674","opacity":0.08,"marker_ring":false}},{"type":"Feature","id":"node-density-grid-2:56:12","geometry":{"type":"Polygon","coordinates":[[[12,56],[14,56],[14,58],[12,58],[12,56]]]},"properties":{"name":"2° Density Cell 56,12","kind":"density-grid","grid_size_degrees":2,"point_count":5,"intensity":0.011364,"networks":{"ipv4":5},"statuses":{"Unknown":5},"countries":{"SE":5},"sanctioned_nodes":0,"policy_restricted_nodes":0,"threat_infrastructure_nodes":0,"stroke":"#c0d674","fill":"#c0d674","opacity":0.08,"marker_ring":false}},{"type":"Feature","id":"node-density-grid-2:56:24","geometry":{"type":"Polygon","coordinates":[[[24,56],[26,56],[26,58],[24,58],[24,56]]]},"properties":{"name":"2° Density Cell 56,24","kind":"density-grid","grid_size_degrees":2,"point_count":5,"intensity":0.011364,"networks":{"ipv4":5},"statuses":{"Unknown":3,"duplicate-location":2},"countries":{"LV":5},"sanctioned_nodes":0,"policy_restricted_nodes":0,"threat_infrastructure_nodes":0,"stroke":"#c0d674","fill":"#c0d674","opacity":0.08,"marker_ring":false}},{"type":"Feature","id":"node-density-grid-2:-36:138","geometry":{"type":"Polygon","coordinates":[[[138,-36],[140,-36],[140,-34],[138,-34],[138,-36]]]},"properties":{"name":"2° Density Cell -36,138","kind":"density-grid","grid_size_degrees":2,"point_count":4,"intensity":0.009091,"networks":{"ipv4":4},"statuses":{"Unknown":4},"countries":{"AU":4},"sanctioned_nodes":0,"policy_restricted_nodes":0,"threat_infrastructure_nodes":0,"stroke":"#c0d674","fill":"#c0d674","opacity":0.08,"marker_ring":false}},{"type":"Feature","id":"node-density-grid-2:-36:148","geometry":{"type":"Polygon","coordinates":[[[148,-36],[150,-36],[150,-34],[148,-34],[148,-36]]]},"properties":{"name":"2° Density Cell -36,148","kind":"density-grid","grid_size_degrees":2,"point_count":4,"intensity":0.009091,"networks":{"ipv4":4},"statuses":{"Unknown":2,"duplicate-location":2},"countries":{"AU":4},"sanctioned_nodes":0,"policy_restricted_nodes":0,"threat_infrastructure_nodes":0,"stroke":"#c0d674","fill":"#c0d674","opacity":0.08,"marker_ring":false}},{"type":"Feature","id":"node-density-grid-2:-30:-52","geometry":{"type":"Polygon","coordinates":[[[-52,-30],[-50,-30],[-50,-28],[-52,-28],[-52,-30]]]},"properties":{"name":"2° Density Cell -30,-52","kind":"density-grid","grid_size_degrees":2,"point_count":4,"intensity":0.009091,"networks":{"ipv4":4},"statuses":{"Unknown":4},"countries":{"BR":4},"sanctioned_nodes":0,"policy_restricted_nodes":0,"threat_infrastructure_nodes":0,"stroke":"#c0d674","fill":"#c0d674","opacity":0.08,"marker_ring":false}},{"type":"Feature","id":"node-density-grid-2:-20:-44","geometry":{"type":"Polygon","coordinates":[[[-44,-20],[-42,-20],[-42,-18],[-44,-18],[-44,-20]]]},"properties":{"name":"2° Density Cell -20,-44","kind":"density-grid","grid_size_degrees":2,"point_count":4,"intensity":0.009091,"networks":{"ipv4":4},"statuses":{"Unknown":2,"duplicate-location":2},"countries":{"BR":4},"sanctioned_nodes":0,"policy_restricted_nodes":0,"threat_infrastructure_nodes":0,"stroke":"#c0d674","fill":"#c0d674","opacity":0.08,"marker_ring":false}},{"type":"Feature","id":"node-density-grid-2:12:76","geometry":{"type":"Polygon","coordinates":[[[76,12],[78,12],[78,14],[76,14],[76,12]]]},"properties":{"name":"2° Density Cell 12,76","kind":"density-grid","grid_size_degrees":2,"point_count":4,"intensity":0.009091,"networks":{"ipv4":4},"statuses":{"duplicate-location":3,"Unknown":1},"countries":{"IN":4},"sanctioned_nodes":0,"policy_restricted_nodes":0,"threat_infrastructure_nodes":0,"stroke":"#c0d674","fill":"#c0d674","opacity":0.08,"marker_ring":false}},{"type":"Feature","id":"node-density-grid-2:20:-158","geometry":{"type":"Polygon","coordinates":[[[-158,20],[-156,20],[-156,22],[-158,22],[-158,20]]]},"properties":{"name":"2° Density Cell 20,-158","kind":"density-grid","grid_size_degrees":2,"point_count":4,"intensity":0.009091,"networks":{"ipv4":4},"statuses":{"Unknown":2,"duplicate-location":2},"countries":{"US":4},"sanctioned_nodes":0,"policy_restricted_nodes":0,"threat_infrastructure_nodes":0,"stroke":"#c0d674","fill":"#c0d674","opacity":0.08,"marker_ring":false}},{"type":"Feature","id":"node-density-grid-2:24:54","geometry":{"type":"Polygon","coordinates":[[[54,24],[56,24],[56,26],[54,26],[54,24]]]},"properties":{"name":"2° Density Cell 24,54","kind":"density-grid","grid_size_degrees":2,"point_count":4,"intensity":0.009091,"networks":{"ipv4":4},"statuses":{"Unknown":2,"duplicate-location":2},"countries":{"AE":4},"sanctioned_nodes":0,"policy_restricted_nodes":0,"threat_infrastructure_nodes":0,"stroke":"#c0d674","fill":"#c0d674","opacity":0.08,"marker_ring":false}},{"type":"Feature","id":"node-density-grid-2:28:-100","geometry":{"type":"Polygon","coordinates":[[[-100,28],[-98,28],[-98,30],[-100,30],[-100,28]]]},"properties":{"name":"2° Density Cell 28,-100","kind":"density-grid","grid_size_degrees":2,"point_count":4,"intensity":0.009091,"networks":{"ipv4":4},"statuses":{"duplicate-location":3,"Unknown":1},"countries":{"US":4},"sanctioned_nodes":0,"policy_restricted_nodes":0,"threat_infrastructure_nodes":0,"stroke":"#c0d674","fill":"#c0d674","opacity":0.08,"marker_ring":false}},{"type":"Feature","id":"node-density-grid-2:28:-98","geometry":{"type":"Polygon","coordinates":[[[-98,28],[-96,28],[-96,30],[-98,30],[-98,28]]]},"properties":{"name":"2° Density Cell 28,-98","kind":"density-grid","grid_size_degrees":2,"point_count":4,"intensity":0.009091,"networks":{"ipv4":4},"statuses":{"duplicate-location":3,"Unknown":1},"countries":{"US":4},"sanctioned_nodes":0,"policy_restricted_nodes":0,"threat_infrastructure_nodes":0,"stroke":"#c0d674","fill":"#c0d674","opacity":0.08,"marker_ring":false}},{"type":"Feature","id":"node-density-grid-2:30:-96","geometry":{"type":"Polygon","coordinates":[[[-96,30],[-94,30],[-94,32],[-96,32],[-96,30]]]},"properties":{"name":"2° Density Cell 30,-96","kind":"density-grid","grid_size_degrees":2,"point_count":4,"intensity":0.009091,"networks":{"ipv4":4},"statuses":{"Unknown":4},"countries":{"US":4},"sanctioned_nodes":0,"policy_restricted_nodes":0,"threat_infrastructure_nodes":0,"stroke":"#c0d674","fill":"#c0d674","opacity":0.08,"marker_ring":false}},{"type":"Feature","id":"node-density-grid-2:34:-98","geometry":{"type":"Polygon","coordinates":[[[-98,34],[-96,34],[-96,36],[-98,36],[-98,34]]]},"properties":{"name":"2° Density Cell 34,-98","kind":"density-grid","grid_size_degrees":2,"point_count":4,"intensity":0.009091,"networks":{"ipv4":4},"statuses":{"Unknown":4},"countries":{"US":4},"sanctioned_nodes":0,"policy_restricted_nodes":0,"threat_infrastructure_nodes":0,"stroke":"#c0d674","fill":"#c0d674","opacity":0.08,"marker_ring":false}},{"type":"Feature","id":"node-density-grid-2:34:126","geometry":{"type":"Polygon","coordinates":[[[126,34],[128,34],[128,36],[126,36],[126,34]]]},"properties":{"name":"2° Density Cell 34,126","kind":"density-grid","grid_size_degrees":2,"point_count":4,"intensity":0.009091,"networks":{"ipv4":4},"statuses":{"duplicate-location":4},"countries":{"KR":4},"sanctioned_nodes":0,"policy_restricted_nodes":0,"threat_infrastructure_nodes":0,"stroke":"#c0d674","fill":"#c0d674","opacity":0.08,"marker_ring":false}},{"type":"Feature","id":"node-density-grid-2:38:-122","geometry":{"type":"Polygon","coordinates":[[[-122,38],[-120,38],[-120,40],[-122,40],[-122,38]]]},"properties":{"name":"2° Density Cell 38,-122","kind":"density-grid","grid_size_degrees":2,"point_count":4,"intensity":0.009091,"networks":{"ipv4":4},"statuses":{"Unknown":4},"countries":{"US":4},"sanctioned_nodes":0,"policy_restricted_nodes":0,"threat_infrastructure_nodes":0,"stroke":"#c0d674","fill":"#c0d674","opacity":0.08,"marker_ring":false}},{"type":"Feature","id":"node-density-grid-2:38:-108","geometry":{"type":"Polygon","coordinates":[[[-108,38],[-106,38],[-106,40],[-108,40],[-108,38]]]},"properties":{"name":"2° Density Cell 38,-108","kind":"density-grid","grid_size_degrees":2,"point_count":4,"intensity":0.009091,"networks":{"ipv4":4},"statuses":{"duplicate-location":3,"Unknown":1},"countries":{"US":4},"sanctioned_nodes":0,"policy_restricted_nodes":0,"threat_infrastructure_nodes":0,"stroke":"#c0d674","fill":"#c0d674","opacity":0.08,"marker_ring":false}},{"type":"Feature","id":"node-density-grid-2:38:-2","geometry":{"type":"Polygon","coordinates":[[[-2,38],[0,38],[0,40],[-2,40],[-2,38]]]},"properties":{"name":"2° Density Cell 38,-2","kind":"density-grid","grid_size_degrees":2,"point_count":4,"intensity":0.009091,"networks":{"ipv4":4},"statuses":{"Unknown":4},"countries":{"ES":4},"sanctioned_nodes":0,"policy_restricted_nodes":0,"threat_infrastructure_nodes":0,"stroke":"#c0d674","fill":"#c0d674","opacity":0.08,"marker_ring":false}},{"type":"Feature","id":"node-density-grid-2:40:-92","geometry":{"type":"Polygon","coordinates":[[[-92,40],[-90,40],[-90,42],[-92,42],[-92,40]]]},"properties":{"name":"2° Density Cell 40,-92","kind":"density-grid","grid_size_degrees":2,"point_count":4,"intensity":0.009091,"networks":{"ipv4":4},"statuses":{"Unknown":4},"countries":{"US":4},"sanctioned_nodes":0,"policy_restricted_nodes":0,"threat_infrastructure_nodes":0,"stroke":"#c0d674","fill":"#c0d674","opacity":0.08,"marker_ring":false}},{"type":"Feature","id":"node-density-grid-2:40:-80","geometry":{"type":"Polygon","coordinates":[[[-80,40],[-78,40],[-78,42],[-80,42],[-80,40]]]},"properties":{"name":"2° Density Cell 40,-80","kind":"density-grid","grid_size_degrees":2,"point_count":4,"intensity":0.009091,"networks":{"ipv4":4},"statuses":{"duplicate-location":3,"Unknown":1},"countries":{"US":4},"sanctioned_nodes":0,"policy_restricted_nodes":0,"threat_infrastructure_nodes":0,"stroke":"#c0d674","fill":"#c0d674","opacity":0.08,"marker_ring":false}},{"type":"Feature","id":"node-density-grid-2:42:-92","geometry":{"type":"Polygon","coordinates":[[[-92,42],[-90,42],[-90,44],[-92,44],[-92,42]]]},"properties":{"name":"2° Density Cell 42,-92","kind":"density-grid","grid_size_degrees":2,"point_count":4,"intensity":0.009091,"networks":{"ipv4":4},"statuses":{"Unknown":4},"countries":{"US":4},"sanctioned_nodes":0,"policy_restricted_nodes":0,"threat_infrastructure_nodes":0,"stroke":"#c0d674","fill":"#c0d674","opacity":0.08,"marker_ring":false}},{"type":"Feature","id":"node-density-grid-2:42:4","geometry":{"type":"Polygon","coordinates":[[[4,42],[6,42],[6,44],[4,44],[4,42]]]},"properties":{"name":"2° Density Cell 42,4","kind":"density-grid","grid_size_degrees":2,"point_count":4,"intensity":0.009091,"networks":{"ipv4":4},"statuses":{"duplicate-location":4},"countries":{"FR":4},"sanctioned_nodes":0,"policy_restricted_nodes":0,"threat_infrastructure_nodes":0,"stroke":"#c0d674","fill":"#c0d674","opacity":0.08,"marker_ring":false}},{"type":"Feature","id":"node-density-grid-2:42:6","geometry":{"type":"Polygon","coordinates":[[[6,42],[8,42],[8,44],[6,44],[6,42]]]},"properties":{"name":"2° Density Cell 42,6","kind":"density-grid","grid_size_degrees":2,"point_count":4,"intensity":0.009091,"networks":{"ipv4":4},"statuses":{"duplicate-location":3,"Unknown":1},"countries":{"FR":4},"sanctioned_nodes":0,"policy_restricted_nodes":0,"threat_infrastructure_nodes":0,"stroke":"#c0d674","fill":"#c0d674","opacity":0.08,"marker_ring":false}},{"type":"Feature","id":"node-density-grid-2:46:-114","geometry":{"type":"Polygon","coordinates":[[[-114,46],[-112,46],[-112,48],[-114,48],[-114,46]]]},"properties":{"name":"2° Density Cell 46,-114","kind":"density-grid","grid_size_degrees":2,"point_count":4,"intensity":0.009091,"networks":{"ipv4":4},"statuses":{"duplicate-location":3,"Unknown":1},"countries":{"US":4},"sanctioned_nodes":0,"policy_restricted_nodes":0,"threat_infrastructure_nodes":0,"stroke":"#c0d674","fill":"#c0d674","opacity":0.08,"marker_ring":false}},{"type":"Feature","id":"node-density-grid-2:48:12","geometry":{"type":"Polygon","coordinates":[[[12,48],[14,48],[14,50],[12,50],[12,48]]]},"properties":{"name":"2° Density Cell 48,12","kind":"density-grid","grid_size_degrees":2,"point_count":4,"intensity":0.009091,"networks":{"ipv4":4},"statuses":{"Unknown":4},"countries":{"AT":2,"CZ":1,"DE":1},"sanctioned_nodes":0,"policy_restricted_nodes":0,"threat_infrastructure_nodes":0,"stroke":"#c0d674","fill":"#c0d674","opacity":0.08,"marker_ring":false}},{"type":"Feature","id":"node-density-grid-2:50:10","geometry":{"type":"Polygon","coordinates":[[[10,50],[12,50],[12,52],[10,52],[10,50]]]},"properties":{"name":"2° Density Cell 50,10","kind":"density-grid","grid_size_degrees":2,"point_count":4,"intensity":0.009091,"networks":{"ipv4":4},"statuses":{"Unknown":4},"countries":{"DE":4},"sanctioned_nodes":0,"policy_restricted_nodes":0,"threat_infrastructure_nodes":0,"stroke":"#c0d674","fill":"#c0d674","opacity":0.08,"marker_ring":false}},{"type":"Feature","id":"node-density-grid-2:54:8","geometry":{"type":"Polygon","coordinates":[[[8,54],[10,54],[10,56],[8,56],[8,54]]]},"properties":{"name":"2° Density Cell 54,8","kind":"density-grid","grid_size_degrees":2,"point_count":4,"intensity":0.009091,"networks":{"ipv4":4},"statuses":{"Unknown":2,"duplicate-location":2},"countries":{"DK":3,"DE":1},"sanctioned_nodes":0,"policy_restricted_nodes":0,"threat_infrastructure_nodes":0,"stroke":"#c0d674","fill":"#c0d674","opacity":0.08,"marker_ring":false}},{"type":"Feature","id":"node-density-grid-2:54:18","geometry":{"type":"Polygon","coordinates":[[[18,54],[20,54],[20,56],[18,56],[18,54]]]},"properties":{"name":"2° Density Cell 54,18","kind":"density-grid","grid_size_degrees":2,"point_count":4,"intensity":0.009091,"networks":{"ipv4":4},"statuses":{"Unknown":4},"countries":{"PL":4},"sanctioned_nodes":0,"policy_restricted_nodes":0,"threat_infrastructure_nodes":0,"stroke":"#c0d674","fill":"#c0d674","opacity":0.08,"marker_ring":false}},{"type":"Feature","id":"node-density-grid-2:54:22","geometry":{"type":"Polygon","coordinates":[[[22,54],[24,54],[24,56],[22,56],[22,54]]]},"properties":{"name":"2° Density Cell 54,22","kind":"density-grid","grid_size_degrees":2,"point_count":4,"intensity":0.009091,"networks":{"ipv4":4},"statuses":{"duplicate-location":3,"Unknown":1},"countries":{"LT":4},"sanctioned_nodes":0,"policy_restricted_nodes":0,"threat_infrastructure_nodes":0,"stroke":"#c0d674","fill":"#c0d674","opacity":0.08,"marker_ring":false}},{"type":"Feature","id":"node-density-grid-2:54:82","geometry":{"type":"Polygon","coordinates":[[[82,54],[84,54],[84,56],[82,56],[82,54]]]},"properties":{"name":"2° Density Cell 54,82","kind":"density-grid","grid_size_degrees":2,"point_count":4,"intensity":0.009091,"networks":{"ipv4":4},"statuses":{"duplicate-location":3,"Unknown":1},"countries":{"RU":4},"sanctioned_nodes":0,"policy_restricted_nodes":0,"threat_infrastructure_nodes":0,"stroke":"#c0d674","fill":"#c0d674","opacity":0.08,"marker_ring":false}},{"type":"Feature","id":"node-density-grid-2:56:60","geometry":{"type":"Polygon","coordinates":[[[60,56],[62,56],[62,58],[60,58],[60,56]]]},"properties":{"name":"2° Density Cell 56,60","kind":"density-grid","grid_size_degrees":2,"point_count":4,"intensity":0.009091,"networks":{"ipv4":4},"statuses":{"duplicate-location":3,"Unknown":1},"countries":{"RU":4},"sanctioned_nodes":0,"policy_restricted_nodes":0,"threat_infrastructure_nodes":0,"stroke":"#c0d674","fill":"#c0d674","opacity":0.08,"marker_ring":false}},{"type":"Feature","id":"node-density-grid-2:-46:168","geometry":{"type":"Polygon","coordinates":[[[168,-46],[170,-46],[170,-44],[168,-44],[168,-46]]]},"properties":{"name":"2° Density Cell -46,168","kind":"density-grid","grid_size_degrees":2,"point_count":3,"intensity":0.006818,"networks":{"ipv4":3},"statuses":{"Unknown":3},"countries":{"NZ":3},"sanctioned_nodes":0,"policy_restricted_nodes":0,"threat_infrastructure_nodes":0,"stroke":"#c0d674","fill":"#c0d674","opacity":0.08,"marker_ring":false}},{"type":"Feature","id":"node-density-grid-2:-36:18","geometry":{"type":"Polygon","coordinates":[[[18,-36],[20,-36],[20,-34],[18,-34],[18,-36]]]},"properties":{"name":"2° Density Cell -36,18","kind":"density-grid","grid_size_degrees":2,"point_count":3,"intensity":0.006818,"networks":{"ipv4":3},"statuses":{"duplicate-location":2,"Unknown":1},"countries":{"ZA":3},"sanctioned_nodes":0,"policy_restricted_nodes":0,"threat_infrastructure_nodes":0,"stroke":"#c0d674","fill":"#c0d674","opacity":0.08,"marker_ring":false}},{"type":"Feature","id":"node-density-grid-2:-30:152","geometry":{"type":"Polygon","coordinates":[[[152,-30],[154,-30],[154,-28],[152,-28],[152,-30]]]},"properties":{"name":"2° Density Cell -30,152","kind":"density-grid","grid_size_degrees":2,"point_count":3,"intensity":0.006818,"networks":{"ipv4":3},"statuses":{"duplicate-location":2,"Unknown":1},"countries":{"AU":3},"sanctioned_nodes":0,"policy_restricted_nodes":0,"threat_infrastructure_nodes":0,"stroke":"#c0d674","fill":"#c0d674","opacity":0.08,"marker_ring":false}},{"type":"Feature","id":"node-density-grid-2:-26:28","geometry":{"type":"Polygon","coordinates":[[[28,-26],[30,-26],[30,-24],[28,-24],[28,-26]]]},"properties":{"name":"2° Density Cell -26,28","kind":"density-grid","grid_size_degrees":2,"point_count":3,"intensity":0.006818,"networks":{"ipv4":3},"statuses":{"Unknown":3},"countries":{"ZA":3},"sanctioned_nodes":0,"policy_restricted_nodes":0,"threat_infrastructure_nodes":0,"stroke":"#c0d674","fill":"#c0d674","opacity":0.08,"marker_ring":false}},{"type":"Feature","id":"node-density-grid-2:-24:-50","geometry":{"type":"Polygon","coordinates":[[[-50,-24],[-48,-24],[-48,-22],[-50,-22],[-50,-24]]]},"properties":{"name":"2° Density Cell -24,-50","kind":"density-grid","grid_size_degrees":2,"point_count":3,"intensity":0.006818,"networks":{"ipv4":3},"statuses":{"duplicate-location":2,"Unknown":1},"countries":{"BR":3},"sanctioned_nodes":0,"policy_restricted_nodes":0,"threat_infrastructure_nodes":0,"stroke":"#c0d674","fill":"#c0d674","opacity":0.08,"marker_ring":false}},{"type":"Feature","id":"node-density-grid-2:4:-76","geometry":{"type":"Polygon","coordinates":[[[-76,4],[-74,4],[-74,6],[-76,6],[-76,4]]]},"properties":{"name":"2° Density Cell 4,-76","kind":"density-grid","grid_size_degrees":2,"point_count":3,"intensity":0.006818,"networks":{"ipv4":3},"statuses":{"Unknown":3},"countries":{"CO":3},"sanctioned_nodes":0,"policy_restricted_nodes":0,"threat_infrastructure_nodes":0,"stroke":"#c0d674","fill":"#c0d674","opacity":0.08,"marker_ring":false}},{"type":"Feature","id":"node-density-grid-2:8:-86","geometry":{"type":"Polygon","coordinates":[[[-86,8],[-84,8],[-84,10],[-86,10],[-86,8]]]},"properties":{"name":"2° Density Cell 8,-86","kind":"density-grid","grid_size_degrees":2,"point_count":3,"intensity":0.006818,"networks":{"ipv4":3},"statuses":{"Unknown":3},"countries":{"CR":3},"sanctioned_nodes":0,"policy_restricted_nodes":0,"threat_infrastructure_nodes":0,"stroke":"#c0d674","fill":"#c0d674","opacity":0.08,"marker_ring":false}},{"type":"Feature","id":"node-density-grid-2:28:-92","geometry":{"type":"Polygon","coordinates":[[[-92,28],[-90,28],[-90,30],[-92,30],[-92,28]]]},"properties":{"name":"2° Density Cell 28,-92","kind":"density-grid","grid_size_degrees":2,"point_count":3,"intensity":0.006818,"networks":{"ipv4":3},"statuses":{"duplicate-location":2,"Unknown":1},"countries":{"US":3},"sanctioned_nodes":0,"policy_restricted_nodes":0,"threat_infrastructure_nodes":0,"stroke":"#c0d674","fill":"#c0d674","opacity":0.08,"marker_ring":false}},{"type":"Feature","id":"node-density-grid-2:30:-82","geometry":{"type":"Polygon","coordinates":[[[-82,30],[-80,30],[-80,32],[-82,32],[-82,30]]]},"properties":{"name":"2° Density Cell 30,-82","kind":"density-grid","grid_size_degrees":2,"point_count":3,"intensity":0.006818,"networks":{"ipv4":3},"statuses":{"Unknown":3},"countries":{"US":3},"sanctioned_nodes":0,"policy_restricted_nodes":0,"threat_infrastructure_nodes":0,"stroke":"#c0d674","fill":"#c0d674","opacity":0.08,"marker_ring":false}},{"type":"Feature","id":"node-density-grid-2:30:104","geometry":{"type":"Polygon","coordinates":[[[104,30],[106,30],[106,32],[104,32],[104,30]]]},"properties":{"name":"2° Density Cell 30,104","kind":"density-grid","grid_size_degrees":2,"point_count":3,"intensity":0.006818,"networks":{"ipv4":3},"statuses":{"duplicate-location":2,"Unknown":1},"countries":{"CN":3},"sanctioned_nodes":0,"policy_restricted_nodes":0,"threat_infrastructure_nodes":0,"stroke":"#c0d674","fill":"#c0d674","opacity":0.08,"marker_ring":false}},{"type":"Feature","id":"node-density-grid-2:32:-112","geometry":{"type":"Polygon","coordinates":[[[-112,32],[-110,32],[-110,34],[-112,34],[-112,32]]]},"properties":{"name":"2° Density Cell 32,-112","kind":"density-grid","grid_size_degrees":2,"point_count":3,"intensity":0.006818,"networks":{"ipv4":3},"statuses":{"Unknown":3},"countries":{"US":3},"sanctioned_nodes":0,"policy_restricted_nodes":0,"threat_infrastructure_nodes":0,"stroke":"#c0d674","fill":"#c0d674","opacity":0.08,"marker_ring":false}},{"type":"Feature","id":"node-density-grid-2:32:-92","geometry":{"type":"Polygon","coordinates":[[[-92,32],[-90,32],[-90,34],[-92,34],[-92,32]]]},"properties":{"name":"2° Density Cell 32,-92","kind":"density-grid","grid_size_degrees":2,"point_count":3,"intensity":0.006818,"networks":{"ipv4":3},"statuses":{"duplicate-location":3},"countries":{"US":3},"sanctioned_nodes":0,"policy_restricted_nodes":0,"threat_infrastructure_nodes":0,"stroke":"#c0d674","fill":"#c0d674","opacity":0.08,"marker_ring":false}},{"type":"Feature","id":"node-density-grid-2:32:-80","geometry":{"type":"Polygon","coordinates":[[[-80,32],[-78,32],[-78,34],[-80,34],[-80,32]]]},"properties":{"name":"2° Density Cell 32,-80","kind":"density-grid","grid_size_degrees":2,"point_count":3,"intensity":0.006818,"networks":{"ipv4":3},"statuses":{"Unknown":3},"countries":{"US":3},"sanctioned_nodes":0,"policy_restricted_nodes":0,"threat_infrastructure_nodes":0,"stroke":"#c0d674","fill":"#c0d674","opacity":0.08,"marker_ring":false}},{"type":"Feature","id":"node-density-grid-2:34:-118","geometry":{"type":"Polygon","coordinates":[[[-118,34],[-116,34],[-116,36],[-118,36],[-118,34]]]},"properties":{"name":"2° Density Cell 34,-118","kind":"density-grid","grid_size_degrees":2,"point_count":3,"intensity":0.006818,"networks":{"ipv4":3},"statuses":{"Unknown":3},"countries":{"US":3},"sanctioned_nodes":0,"policy_restricted_nodes":0,"threat_infrastructure_nodes":0,"stroke":"#c0d674","fill":"#c0d674","opacity":0.08,"marker_ring":false}},{"type":"Feature","id":"node-density-grid-2:34:-94","geometry":{"type":"Polygon","coordinates":[[[-94,34],[-92,34],[-92,36],[-94,36],[-94,34]]]},"properties":{"name":"2° Density Cell 34,-94","kind":"density-grid","grid_size_degrees":2,"point_count":3,"intensity":0.006818,"networks":{"ipv4":3},"statuses":{"duplicate-location":2,"Unknown":1},"countries":{"US":3},"sanctioned_nodes":0,"policy_restricted_nodes":0,"threat_infrastructure_nodes":0,"stroke":"#c0d674","fill":"#c0d674","opacity":0.08,"marker_ring":false}},{"type":"Feature","id":"node-density-grid-2:34:-88","geometry":{"type":"Polygon","coordinates":[[[-88,34],[-86,34],[-86,36],[-88,36],[-88,34]]]},"properties":{"name":"2° Density Cell 34,-88","kind":"density-grid","grid_size_degrees":2,"point_count":3,"intensity":0.006818,"networks":{"ipv4":3},"statuses":{"Unknown":3},"countries":{"US":3},"sanctioned_nodes":0,"policy_restricted_nodes":0,"threat_infrastructure_nodes":0,"stroke":"#c0d674","fill":"#c0d674","opacity":0.08,"marker_ring":false}},{"type":"Feature","id":"node-density-grid-2:34:-86","geometry":{"type":"Polygon","coordinates":[[[-86,34],[-84,34],[-84,36],[-86,36],[-86,34]]]},"properties":{"name":"2° Density Cell 34,-86","kind":"density-grid","grid_size_degrees":2,"point_count":3,"intensity":0.006818,"networks":{"ipv4":3},"statuses":{"Unknown":3},"countries":{"US":3},"sanctioned_nodes":0,"policy_restricted_nodes":0,"threat_infrastructure_nodes":0,"stroke":"#c0d674","fill":"#c0d674","opacity":0.08,"marker_ring":false}},{"type":"Feature","id":"node-density-grid-2:34:128","geometry":{"type":"Polygon","coordinates":[[[128,34],[130,34],[130,36],[128,36],[128,34]]]},"properties":{"name":"2° Density Cell 34,128","kind":"density-grid","grid_size_degrees":2,"point_count":3,"intensity":0.006818,"networks":{"ipv4":3},"statuses":{"Unknown":3},"countries":{"KR":3},"sanctioned_nodes":0,"policy_restricted_nodes":0,"threat_infrastructure_nodes":0,"stroke":"#c0d674","fill":"#c0d674","opacity":0.08,"marker_ring":false}},{"type":"Feature","id":"node-density-grid-2:36:-96","geometry":{"type":"Polygon","coordinates":[[[-96,36],[-94,36],[-94,38],[-96,38],[-96,36]]]},"properties":{"name":"2° Density Cell 36,-96","kind":"density-grid","grid_size_degrees":2,"point_count":3,"intensity":0.006818,"networks":{"ipv4":3},"statuses":{"Unknown":3},"countries":{"US":3},"sanctioned_nodes":0,"policy_restricted_nodes":0,"threat_infrastructure_nodes":0,"stroke":"#c0d674","fill":"#c0d674","opacity":0.08,"marker_ring":false}},{"type":"Feature","id":"node-density-grid-2:36:-90","geometry":{"type":"Polygon","coordinates":[[[-90,36],[-88,36],[-88,38],[-90,38],[-90,36]]]},"properties":{"name":"2° Density Cell 36,-90","kind":"density-grid","grid_size_degrees":2,"point_count":3,"intensity":0.006818,"networks":{"ipv4":3},"statuses":{"Unknown":3},"countries":{"US":3},"sanctioned_nodes":0,"policy_restricted_nodes":0,"threat_infrastructure_nodes":0,"stroke":"#c0d674","fill":"#c0d674","opacity":0.08,"marker_ring":false}},{"type":"Feature","id":"node-density-grid-2:36:-78","geometry":{"type":"Polygon","coordinates":[[[-78,36],[-76,36],[-76,38],[-78,38],[-78,36]]]},"properties":{"name":"2° Density Cell 36,-78","kind":"density-grid","grid_size_degrees":2,"point_count":3,"intensity":0.006818,"networks":{"ipv4":3},"statuses":{"Unknown":3},"countries":{"US":3},"sanctioned_nodes":0,"policy_restricted_nodes":0,"threat_infrastructure_nodes":0,"stroke":"#c0d674","fill":"#c0d674","opacity":0.08,"marker_ring":false}},{"type":"Feature","id":"node-density-grid-2:36:-2","geometry":{"type":"Polygon","coordinates":[[[-2,36],[0,36],[0,38],[-2,38],[-2,36]]]},"properties":{"name":"2° Density Cell 36,-2","kind":"density-grid","grid_size_degrees":2,"point_count":3,"intensity":0.006818,"networks":{"ipv4":3},"statuses":{"Unknown":3},"countries":{"ES":3},"sanctioned_nodes":0,"policy_restricted_nodes":0,"threat_infrastructure_nodes":0,"stroke":"#c0d674","fill":"#c0d674","opacity":0.08,"marker_ring":false}},{"type":"Feature","id":"node-density-grid-2:38:-124","geometry":{"type":"Polygon","coordinates":[[[-124,38],[-122,38],[-122,40],[-124,40],[-124,38]]]},"properties":{"name":"2° Density Cell 38,-124","kind":"density-grid","grid_size_degrees":2,"point_count":3,"intensity":0.006818,"networks":{"ipv4":3},"statuses":{"Unknown":3},"countries":{"US":3},"sanctioned_nodes":0,"policy_restricted_nodes":0,"threat_infrastructure_nodes":0,"stroke":"#c0d674","fill":"#c0d674","opacity":0.08,"marker_ring":false}},{"type":"Feature","id":"node-density-grid-2:40:-78","geometry":{"type":"Polygon","coordinates":[[[-78,40],[-76,40],[-76,42],[-78,42],[-78,40]]]},"properties":{"name":"2° Density Cell 40,-78","kind":"density-grid","grid_size_degrees":2,"point_count":3,"intensity":0.006818,"networks":{"ipv4":3},"statuses":{"Unknown":3},"countries":{"US":3},"sanctioned_nodes":0,"policy_restricted_nodes":0,"threat_infrastructure_nodes":0,"stroke":"#c0d674","fill":"#c0d674","opacity":0.08,"marker_ring":false}},{"type":"Feature","id":"node-density-grid-2:40:2","geometry":{"type":"Polygon","coordinates":[[[2,40],[4,40],[4,42],[2,42],[2,40]]]},"properties":{"name":"2° Density Cell 40,2","kind":"density-grid","grid_size_degrees":2,"point_count":3,"intensity":0.006818,"networks":{"ipv4":3},"statuses":{"Unknown":3},"countries":{"ES":3},"sanctioned_nodes":0,"policy_restricted_nodes":0,"threat_infrastructure_nodes":0,"stroke":"#c0d674","fill":"#c0d674","opacity":0.08,"marker_ring":false}},{"type":"Feature","id":"node-density-grid-2:40:28","geometry":{"type":"Polygon","coordinates":[[[28,40],[30,40],[30,42],[28,42],[28,40]]]},"properties":{"name":"2° Density Cell 40,28","kind":"density-grid","grid_size_degrees":2,"point_count":3,"intensity":0.006818,"networks":{"ipv4":3},"statuses":{"duplicate-location":2,"Unknown":1},"countries":{"TR":3},"sanctioned_nodes":0,"policy_restricted_nodes":0,"threat_infrastructure_nodes":0,"stroke":"#c0d674","fill":"#c0d674","opacity":0.08,"marker_ring":false}},{"type":"Feature","id":"node-density-grid-2:40:44","geometry":{"type":"Polygon","coordinates":[[[44,40],[46,40],[46,42],[44,42],[44,40]]]},"properties":{"name":"2° Density Cell 40,44","kind":"density-grid","grid_size_degrees":2,"point_count":3,"intensity":0.006818,"networks":{"ipv4":3},"statuses":{"duplicate-location":2,"Unknown":1},"countries":{"GE":3},"sanctioned_nodes":0,"policy_restricted_nodes":0,"threat_infrastructure_nodes":0,"stroke":"#c0d674","fill":"#c0d674","opacity":0.08,"marker_ring":false}},{"type":"Feature","id":"node-density-grid-2:42:26","geometry":{"type":"Polygon","coordinates":[[[26,42],[28,42],[28,44],[26,44],[26,42]]]},"properties":{"name":"2° Density Cell 42,26","kind":"density-grid","grid_size_degrees":2,"point_count":3,"intensity":0.006818,"networks":{"ipv4":3},"statuses":{"duplicate-location":3},"countries":{"BG":3},"sanctioned_nodes":0,"policy_restricted_nodes":0,"threat_infrastructure_nodes":0,"stroke":"#c0d674","fill":"#c0d674","opacity":0.08,"marker_ring":false}},{"type":"Feature","id":"node-density-grid-2:44:-86","geometry":{"type":"Polygon","coordinates":[[[-86,44],[-84,44],[-84,46],[-86,46],[-86,44]]]},"properties":{"name":"2° Density Cell 44,-86","kind":"density-grid","grid_size_degrees":2,"point_count":3,"intensity":0.006818,"networks":{"ipv4":3},"statuses":{"Unknown":3},"countries":{"US":3},"sanctioned_nodes":0,"policy_restricted_nodes":0,"threat_infrastructure_nodes":0,"stroke":"#c0d674","fill":"#c0d674","opacity":0.08,"marker_ring":false}},{"type":"Feature","id":"node-density-grid-2:44:-68","geometry":{"type":"Polygon","coordinates":[[[-68,44],[-66,44],[-66,46],[-68,46],[-68,44]]]},"properties":{"name":"2° Density Cell 44,-68","kind":"density-grid","grid_size_degrees":2,"point_count":3,"intensity":0.006818,"networks":{"ipv4":3},"statuses":{"Unknown":3},"countries":{"CA":2,"US":1},"sanctioned_nodes":0,"policy_restricted_nodes":0,"threat_infrastructure_nodes":0,"stroke":"#c0d674","fill":"#c0d674","opacity":0.08,"marker_ring":false}},{"type":"Feature","id":"node-density-grid-2:46:-120","geometry":{"type":"Polygon","coordinates":[[[-120,46],[-118,46],[-118,48],[-120,48],[-120,46]]]},"properties":{"name":"2° Density Cell 46,-120","kind":"density-grid","grid_size_degrees":2,"point_count":3,"intensity":0.006818,"networks":{"ipv4":3},"statuses":{"Unknown":3},"countries":{"US":3},"sanctioned_nodes":0,"policy_restricted_nodes":0,"threat_infrastructure_nodes":0,"stroke":"#c0d674","fill":"#c0d674","opacity":0.08,"marker_ring":false}},{"type":"Feature","id":"node-density-grid-2:46:-74","geometry":{"type":"Polygon","coordinates":[[[-74,46],[-72,46],[-72,48],[-74,48],[-74,46]]]},"properties":{"name":"2° Density Cell 46,-74","kind":"density-grid","grid_size_degrees":2,"point_count":3,"intensity":0.006818,"networks":{"ipv4":3},"statuses":{"duplicate-location":2,"Unknown":1},"countries":{"CA":3},"sanctioned_nodes":0,"policy_restricted_nodes":0,"threat_infrastructure_nodes":0,"stroke":"#c0d674","fill":"#c0d674","opacity":0.08,"marker_ring":false}},{"type":"Feature","id":"node-density-grid-2:46:10","geometry":{"type":"Polygon","coordinates":[[[10,46],[12,46],[12,48],[10,48],[10,46]]]},"properties":{"name":"2° Density Cell 46,10","kind":"density-grid","grid_size_degrees":2,"point_count":3,"intensity":0.006818,"networks":{"ipv4":3},"statuses":{"Unknown":3},"countries":{"AT":1,"CH":1,"IT":1},"sanctioned_nodes":0,"policy_restricted_nodes":0,"threat_infrastructure_nodes":0,"stroke":"#c0d674","fill":"#c0d674","opacity":0.08,"marker_ring":false}},{"type":"Feature","id":"node-density-grid-2:46:12","geometry":{"type":"Polygon","coordinates":[[[12,46],[14,46],[14,48],[12,48],[12,46]]]},"properties":{"name":"2° Density Cell 46,12","kind":"density-grid","grid_size_degrees":2,"point_count":3,"intensity":0.006818,"networks":{"ipv4":3},"statuses":{"Unknown":3},"countries":{"DE":2,"AT":1},"sanctioned_nodes":0,"policy_restricted_nodes":0,"threat_infrastructure_nodes":0,"stroke":"#c0d674","fill":"#c0d674","opacity":0.08,"marker_ring":false}},{"type":"Feature","id":"node-density-grid-2:50:16","geometry":{"type":"Polygon","coordinates":[[[16,50],[18,50],[18,52],[16,52],[16,50]]]},"properties":{"name":"2° Density Cell 50,16","kind":"density-grid","grid_size_degrees":2,"point_count":3,"intensity":0.006818,"networks":{"ipv4":3},"statuses":{"Unknown":3},"countries":{"PL":3},"sanctioned_nodes":0,"policy_restricted_nodes":0,"threat_infrastructure_nodes":0,"stroke":"#c0d674","fill":"#c0d674","opacity":0.08,"marker_ring":false}},{"type":"Feature","id":"node-density-grid-2:50:18","geometry":{"type":"Polygon","coordinates":[[[18,50],[20,50],[20,52],[18,52],[18,50]]]},"properties":{"name":"2° Density Cell 50,18","kind":"density-grid","grid_size_degrees":2,"point_count":3,"intensity":0.006818,"networks":{"ipv4":3},"statuses":{"Unknown":3},"countries":{"PL":3},"sanctioned_nodes":0,"policy_restricted_nodes":0,"threat_infrastructure_nodes":0,"stroke":"#c0d674","fill":"#c0d674","opacity":0.08,"marker_ring":false}},{"type":"Feature","id":"node-density-grid-2:54:24","geometry":{"type":"Polygon","coordinates":[[[24,54],[26,54],[26,56],[24,56],[24,54]]]},"properties":{"name":"2° Density Cell 54,24","kind":"density-grid","grid_size_degrees":2,"point_count":3,"intensity":0.006818,"networks":{"ipv4":3},"statuses":{"duplicate-location":2,"Unknown":1},"countries":{"LT":3},"sanctioned_nodes":0,"policy_restricted_nodes":0,"threat_infrastructure_nodes":0,"stroke":"#c0d674","fill":"#c0d674","opacity":0.08,"marker_ring":false}},{"type":"Feature","id":"node-density-grid-2:56:38","geometry":{"type":"Polygon","coordinates":[[[38,56],[40,56],[40,58],[38,58],[38,56]]]},"properties":{"name":"2° Density Cell 56,38","kind":"density-grid","grid_size_degrees":2,"point_count":3,"intensity":0.006818,"networks":{"ipv4":3},"statuses":{"duplicate-location":2,"Unknown":1},"countries":{"RU":3},"sanctioned_nodes":0,"policy_restricted_nodes":0,"threat_infrastructure_nodes":0,"stroke":"#c0d674","fill":"#c0d674","opacity":0.08,"marker_ring":false}},{"type":"Feature","id":"node-density-grid-2:58:24","geometry":{"type":"Polygon","coordinates":[[[24,58],[26,58],[26,60],[24,60],[24,58]]]},"properties":{"name":"2° Density Cell 58,24","kind":"density-grid","grid_size_degrees":2,"point_count":3,"intensity":0.006818,"networks":{"ipv4":3},"statuses":{"duplicate-location":2,"Unknown":1},"countries":{"EE":3},"sanctioned_nodes":0,"policy_restricted_nodes":0,"threat_infrastructure_nodes":0,"stroke":"#c0d674","fill":"#c0d674","opacity":0.08,"marker_ring":false}},{"type":"Feature","id":"node-density-grid-2:60:30","geometry":{"type":"Polygon","coordinates":[[[30,60],[32,60],[32,62],[30,62],[30,60]]]},"properties":{"name":"2° Density Cell 60,30","kind":"density-grid","grid_size_degrees":2,"point_count":3,"intensity":0.006818,"networks":{"ipv4":3},"statuses":{"Unknown":3},"countries":{"RU":3},"sanctioned_nodes":0,"policy_restricted_nodes":0,"threat_infrastructure_nodes":0,"stroke":"#c0d674","fill":"#c0d674","opacity":0.08,"marker_ring":false}},{"type":"Feature","id":"node-density-grid-2:64:20","geometry":{"type":"Polygon","coordinates":[[[20,64],[22,64],[22,66],[20,66],[20,64]]]},"properties":{"name":"2° Density Cell 64,20","kind":"density-grid","grid_size_degrees":2,"point_count":3,"intensity":0.006818,"networks":{"ipv4":3},"statuses":{"Unknown":3},"countries":{"SE":3},"sanctioned_nodes":0,"policy_restricted_nodes":0,"threat_infrastructure_nodes":0,"stroke":"#c0d674","fill":"#c0d674","opacity":0.08,"marker_ring":false}},{"type":"Feature","id":"node-density-grid-2:-40:144","geometry":{"type":"Polygon","coordinates":[[[144,-40],[146,-40],[146,-38],[144,-38],[144,-40]]]},"properties":{"name":"2° Density Cell -40,144","kind":"density-grid","grid_size_degrees":2,"point_count":2,"intensity":0.004545,"networks":{"ipv4":2},"statuses":{"Unknown":2},"countries":{"AU":2},"sanctioned_nodes":0,"policy_restricted_nodes":0,"threat_infrastructure_nodes":0,"stroke":"#c0d674","fill":"#c0d674","opacity":0.08,"marker_ring":false}},{"type":"Feature","id":"node-density-grid-2:-34:-58","geometry":{"type":"Polygon","coordinates":[[[-58,-34],[-56,-34],[-56,-32],[-58,-32],[-58,-34]]]},"properties":{"name":"2° Density Cell -34,-58","kind":"density-grid","grid_size_degrees":2,"point_count":2,"intensity":0.004545,"networks":{"ipv4":2},"statuses":{"duplicate-location":2},"countries":{"UY":2},"sanctioned_nodes":0,"policy_restricted_nodes":0,"threat_infrastructure_nodes":0,"stroke":"#c0d674","fill":"#c0d674","opacity":0.08,"marker_ring":false}},{"type":"Feature","id":"node-density-grid-2:-34:114","geometry":{"type":"Polygon","coordinates":[[[114,-34],[116,-34],[116,-32],[114,-32],[114,-34]]]},"properties":{"name":"2° Density Cell -34,114","kind":"density-grid","grid_size_degrees":2,"point_count":2,"intensity":0.004545,"networks":{"ipv4":2},"statuses":{"Unknown":2},"countries":{"AU":2},"sanctioned_nodes":0,"policy_restricted_nodes":0,"threat_infrastructure_nodes":0,"stroke":"#c0d674","fill":"#c0d674","opacity":0.08,"marker_ring":false}},{"type":"Feature","id":"node-density-grid-2:-28:-50","geometry":{"type":"Polygon","coordinates":[[[-50,-28],[-48,-28],[-48,-26],[-50,-26],[-50,-28]]]},"properties":{"name":"2° Density Cell -28,-50","kind":"density-grid","grid_size_degrees":2,"point_count":2,"intensity":0.004545,"networks":{"ipv4":2},"statuses":{"Unknown":2},"countries":{"BR":2},"sanctioned_nodes":0,"policy_restricted_nodes":0,"threat_infrastructure_nodes":0,"stroke":"#c0d674","fill":"#c0d674","opacity":0.08,"marker_ring":false}},{"type":"Feature","id":"node-density-grid-2:-28:28","geometry":{"type":"Polygon","coordinates":[[[28,-28],[30,-28],[30,-26],[28,-26],[28,-28]]]},"properties":{"name":"2° Density Cell -28,28","kind":"density-grid","grid_size_degrees":2,"point_count":2,"intensity":0.004545,"networks":{"ipv4":2},"statuses":{"Unknown":2},"countries":{"ZA":2},"sanctioned_nodes":0,"policy_restricted_nodes":0,"threat_infrastructure_nodes":0,"stroke":"#c0d674","fill":"#c0d674","opacity":0.08,"marker_ring":false}},{"type":"Feature","id":"node-density-grid-2:-24:-44","geometry":{"type":"Polygon","coordinates":[[[-44,-24],[-42,-24],[-42,-22],[-44,-22],[-44,-24]]]},"properties":{"name":"2° Density Cell -24,-44","kind":"density-grid","grid_size_degrees":2,"point_count":2,"intensity":0.004545,"networks":{"ipv4":2},"statuses":{"Unknown":2},"countries":{"BR":2},"sanctioned_nodes":0,"policy_restricted_nodes":0,"threat_infrastructure_nodes":0,"stroke":"#c0d674","fill":"#c0d674","opacity":0.08,"marker_ring":false}},{"type":"Feature","id":"node-density-grid-2:-22:148","geometry":{"type":"Polygon","coordinates":[[[148,-22],[150,-22],[150,-20],[148,-20],[148,-22]]]},"properties":{"name":"2° Density Cell -22,148","kind":"density-grid","grid_size_degrees":2,"point_count":2,"intensity":0.004545,"networks":{"ipv4":2},"statuses":{"Unknown":2},"countries":{"AU":2},"sanctioned_nodes":0,"policy_restricted_nodes":0,"threat_infrastructure_nodes":0,"stroke":"#c0d674","fill":"#c0d674","opacity":0.08,"marker_ring":false}},{"type":"Feature","id":"node-density-grid-2:-20:-42","geometry":{"type":"Polygon","coordinates":[[[-42,-20],[-40,-20],[-40,-18],[-42,-18],[-42,-20]]]},"properties":{"name":"2° Density Cell -20,-42","kind":"density-grid","grid_size_degrees":2,"point_count":2,"intensity":0.004545,"networks":{"ipv4":2},"statuses":{"Unknown":2},"countries":{"BR":2},"sanctioned_nodes":0,"policy_restricted_nodes":0,"threat_infrastructure_nodes":0,"stroke":"#c0d674","fill":"#c0d674","opacity":0.08,"marker_ring":false}},{"type":"Feature","id":"node-density-grid-2:-20:146","geometry":{"type":"Polygon","coordinates":[[[146,-20],[148,-20],[148,-18],[146,-18],[146,-20]]]},"properties":{"name":"2° Density Cell -20,146","kind":"density-grid","grid_size_degrees":2,"point_count":2,"intensity":0.004545,"networks":{"ipv4":2},"statuses":{"Unknown":2},"countries":{"AU":2},"sanctioned_nodes":0,"policy_restricted_nodes":0,"threat_infrastructure_nodes":0,"stroke":"#c0d674","fill":"#c0d674","opacity":0.08,"marker_ring":false}},{"type":"Feature","id":"node-density-grid-2:-8:112","geometry":{"type":"Polygon","coordinates":[[[112,-8],[114,-8],[114,-6],[112,-6],[112,-8]]]},"properties":{"name":"2° Density Cell -8,112","kind":"density-grid","grid_size_degrees":2,"point_count":2,"intensity":0.004545,"networks":{"ipv4":2},"statuses":{"duplicate-location":2},"countries":{"ID":2},"sanctioned_nodes":0,"policy_restricted_nodes":0,"threat_infrastructure_nodes":0,"stroke":"#c0d674","fill":"#c0d674","opacity":0.08,"marker_ring":false}},{"type":"Feature","id":"node-density-grid-2:2:100","geometry":{"type":"Polygon","coordinates":[[[100,2],[102,2],[102,4],[100,4],[100,2]]]},"properties":{"name":"2° Density Cell 2,100","kind":"density-grid","grid_size_degrees":2,"point_count":2,"intensity":0.004545,"networks":{"ipv4":2},"statuses":{"Unknown":2},"countries":{"MY":2},"sanctioned_nodes":0,"policy_restricted_nodes":0,"threat_infrastructure_nodes":0,"stroke":"#c0d674","fill":"#c0d674","opacity":0.08,"marker_ring":false}},{"type":"Feature","id":"node-density-grid-2:10:104","geometry":{"type":"Polygon","coordinates":[[[104,10],[106,10],[106,12],[104,12],[104,10]]]},"properties":{"name":"2° Density Cell 10,104","kind":"density-grid","grid_size_degrees":2,"point_count":2,"intensity":0.004545,"networks":{"ipv4":2},"statuses":{"Unknown":2},"countries":{"KH":2},"sanctioned_nodes":0,"policy_restricted_nodes":0,"threat_infrastructure_nodes":0,"stroke":"#c0d674","fill":"#c0d674","opacity":0.08,"marker_ring":false}},{"type":"Feature","id":"node-density-grid-2:14:-88","geometry":{"type":"Polygon","coordinates":[[[-88,14],[-86,14],[-86,16],[-88,16],[-88,14]]]},"properties":{"name":"2° Density Cell 14,-88","kind":"density-grid","grid_size_degrees":2,"point_count":2,"intensity":0.004545,"networks":{"ipv4":2},"statuses":{"Unknown":2},"countries":{"HN":2},"sanctioned_nodes":0,"policy_restricted_nodes":0,"threat_infrastructure_nodes":0,"stroke":"#c0d674","fill":"#c0d674","opacity":0.08,"marker_ring":false}},{"type":"Feature","id":"node-density-grid-2:14:120","geometry":{"type":"Polygon","coordinates":[[[120,14],[122,14],[122,16],[120,16],[120,14]]]},"properties":{"name":"2° Density Cell 14,120","kind":"density-grid","grid_size_degrees":2,"point_count":2,"intensity":0.004545,"networks":{"ipv4":2},"statuses":{"Unknown":2},"countries":{"PH":2},"sanctioned_nodes":0,"policy_restricted_nodes":0,"threat_infrastructure_nodes":0,"stroke":"#c0d674","fill":"#c0d674","opacity":0.08,"marker_ring":false}},{"type":"Feature","id":"node-density-grid-2:16:78","geometry":{"type":"Polygon","coordinates":[[[78,16],[80,16],[80,18],[78,18],[78,16]]]},"properties":{"name":"2° Density Cell 16,78","kind":"density-grid","grid_size_degrees":2,"point_count":2,"intensity":0.004545,"networks":{"ipv4":2},"statuses":{"Unknown":2},"countries":{"IN":2},"sanctioned_nodes":0,"policy_restricted_nodes":0,"threat_infrastructure_nodes":0,"stroke":"#c0d674","fill":"#c0d674","opacity":0.08,"marker_ring":false}},{"type":"Feature","id":"node-density-grid-2:20:104","geometry":{"type":"Polygon","coordinates":[[[104,20],[106,20],[106,22],[104,22],[104,20]]]},"properties":{"name":"2° Density Cell 20,104","kind":"density-grid","grid_size_degrees":2,"point_count":2,"intensity":0.004545,"networks":{"ipv4":2},"statuses":{"duplicate-location":2},"countries":{"VN":2},"sanctioned_nodes":0,"policy_restricted_nodes":0,"threat_infrastructure_nodes":0,"stroke":"#c0d674","fill":"#c0d674","opacity":0.08,"marker_ring":false}},{"type":"Feature","id":"node-density-grid-2:22:112","geometry":{"type":"Polygon","coordinates":[[[112,22],[114,22],[114,24],[112,24],[112,22]]]},"properties":{"name":"2° Density Cell 22,112","kind":"density-grid","grid_size_degrees":2,"point_count":2,"intensity":0.004545,"networks":{"ipv4":2},"statuses":{"duplicate-location":2},"countries":{"CN":2},"sanctioned_nodes":0,"policy_restricted_nodes":0,"threat_infrastructure_nodes":0,"stroke":"#c0d674","fill":"#c0d674","opacity":0.08,"marker_ring":false}},{"type":"Feature","id":"node-density-grid-2:24:46","geometry":{"type":"Polygon","coordinates":[[[46,24],[48,24],[48,26],[46,26],[46,24]]]},"properties":{"name":"2° Density Cell 24,46","kind":"density-grid","grid_size_degrees":2,"point_count":2,"intensity":0.004545,"networks":{"ipv4":2},"statuses":{"Unknown":2},"countries":{"SA":2},"sanctioned_nodes":0,"policy_restricted_nodes":0,"threat_infrastructure_nodes":0,"stroke":"#c0d674","fill":"#c0d674","opacity":0.08,"marker_ring":false}},{"type":"Feature","id":"node-density-grid-2:24:50","geometry":{"type":"Polygon","coordinates":[[[50,24],[52,24],[52,26],[50,26],[50,24]]]},"properties":{"name":"2° Density Cell 24,50","kind":"density-grid","grid_size_degrees":2,"point_count":2,"intensity":0.004545,"networks":{"ipv4":2},"statuses":{"duplicate-location":2},"countries":{"QA":2},"sanctioned_nodes":0,"policy_restricted_nodes":0,"threat_infrastructure_nodes":0,"stroke":"#c0d674","fill":"#c0d674","opacity":0.08,"marker_ring":false}},{"type":"Feature","id":"node-density-grid-2:26:-98","geometry":{"type":"Polygon","coordinates":[[[-98,26],[-96,26],[-96,28],[-98,28],[-98,26]]]},"properties":{"name":"2° Density Cell 26,-98","kind":"density-grid","grid_size_degrees":2,"point_count":2,"intensity":0.004545,"networks":{"ipv4":2},"statuses":{"Unknown":2},"countries":{"US":2},"sanctioned_nodes":0,"policy_restricted_nodes":0,"threat_infrastructure_nodes":0,"stroke":"#c0d674","fill":"#c0d674","opacity":0.08,"marker_ring":false}},{"type":"Feature","id":"node-density-grid-2:28:46","geometry":{"type":"Polygon","coordinates":[[[46,28],[48,28],[48,30],[46,30],[46,28]]]},"properties":{"name":"2° Density Cell 28,46","kind":"density-grid","grid_size_degrees":2,"point_count":2,"intensity":0.004545,"networks":{"ipv4":2},"statuses":{"Unknown":2},"countries":{"KW":2},"sanctioned_nodes":0,"policy_restricted_nodes":0,"threat_infrastructure_nodes":0,"stroke":"#c0d674","fill":"#c0d674","opacity":0.08,"marker_ring":false}},{"type":"Feature","id":"node-density-grid-2:30:-92","geometry":{"type":"Polygon","coordinates":[[[-92,30],[-90,30],[-90,32],[-92,32],[-92,30]]]},"properties":{"name":"2° Density Cell 30,-92","kind":"density-grid","grid_size_degrees":2,"point_count":2,"intensity":0.004545,"networks":{"ipv4":2},"statuses":{"Unknown":2},"countries":{"US":2},"sanctioned_nodes":0,"policy_restricted_nodes":0,"threat_infrastructure_nodes":0,"stroke":"#c0d674","fill":"#c0d674","opacity":0.08,"marker_ring":false}},{"type":"Feature","id":"node-density-grid-2:32:-84","geometry":{"type":"Polygon","coordinates":[[[-84,32],[-82,32],[-82,34],[-84,34],[-84,32]]]},"properties":{"name":"2° Density Cell 32,-84","kind":"density-grid","grid_size_degrees":2,"point_count":2,"intensity":0.004545,"networks":{"ipv4":2},"statuses":{"Unknown":2},"countries":{"US":2},"sanctioned_nodes":0,"policy_restricted_nodes":0,"threat_infrastructure_nodes":0,"stroke":"#c0d674","fill":"#c0d674","opacity":0.08,"marker_ring":false}},{"type":"Feature","id":"node-density-grid-2:34:-108","geometry":{"type":"Polygon","coordinates":[[[-108,34],[-106,34],[-106,36],[-108,36],[-108,34]]]},"properties":{"name":"2° Density Cell 34,-108","kind":"density-grid","grid_size_degrees":2,"point_count":2,"intensity":0.004545,"networks":{"ipv4":2},"statuses":{"duplicate-location":2},"countries":{"US":2},"sanctioned_nodes":0,"policy_restricted_nodes":0,"threat_infrastructure_nodes":0,"stroke":"#c0d674","fill":"#c0d674","opacity":0.08,"marker_ring":false}},{"type":"Feature","id":"node-density-grid-2:34:14","geometry":{"type":"Polygon","coordinates":[[[14,34],[16,34],[16,36],[14,36],[14,34]]]},"properties":{"name":"2° Density Cell 34,14","kind":"density-grid","grid_size_degrees":2,"point_count":2,"intensity":0.004545,"networks":{"ipv4":2},"statuses":{"Unknown":2},"countries":{"MT":2},"sanctioned_nodes":0,"policy_restricted_nodes":0,"threat_infrastructure_nodes":0,"stroke":"#c0d674","fill":"#c0d674","opacity":0.08,"marker_ring":false}},{"type":"Feature","id":"node-density-grid-2:36:-120","geometry":{"type":"Polygon","coordinates":[[[-120,36],[-118,36],[-118,38],[-120,38],[-120,36]]]},"properties":{"name":"2° Density Cell 36,-120","kind":"density-grid","grid_size_degrees":2,"point_count":2,"intensity":0.004545,"networks":{"ipv4":2},"statuses":{"Unknown":2},"countries":{"US":2},"sanctioned_nodes":0,"policy_restricted_nodes":0,"threat_infrastructure_nodes":0,"stroke":"#c0d674","fill":"#c0d674","opacity":0.08,"marker_ring":false}},{"type":"Feature","id":"node-density-grid-2:36:-108","geometry":{"type":"Polygon","coordinates":[[[-108,36],[-106,36],[-106,38],[-108,38],[-108,36]]]},"properties":{"name":"2° Density Cell 36,-108","kind":"density-grid","grid_size_degrees":2,"point_count":2,"intensity":0.004545,"networks":{"ipv4":2},"statuses":{"Unknown":2},"countries":{"US":2},"sanctioned_nodes":0,"policy_restricted_nodes":0,"threat_infrastructure_nodes":0,"stroke":"#c0d674","fill":"#c0d674","opacity":0.08,"marker_ring":false}},{"type":"Feature","id":"node-density-grid-2:36:-94","geometry":{"type":"Polygon","coordinates":[[[-94,36],[-92,36],[-92,38],[-94,38],[-94,36]]]},"properties":{"name":"2° Density Cell 36,-94","kind":"density-grid","grid_size_degrees":2,"point_count":2,"intensity":0.004545,"networks":{"ipv4":2},"statuses":{"duplicate-location":2},"countries":{"US":2},"sanctioned_nodes":0,"policy_restricted_nodes":0,"threat_infrastructure_nodes":0,"stroke":"#c0d674","fill":"#c0d674","opacity":0.08,"marker_ring":false}},{"type":"Feature","id":"node-density-grid-2:36:-86","geometry":{"type":"Polygon","coordinates":[[[-86,36],[-84,36],[-84,38],[-86,38],[-86,36]]]},"properties":{"name":"2° Density Cell 36,-86","kind":"density-grid","grid_size_degrees":2,"point_count":2,"intensity":0.004545,"networks":{"ipv4":2},"statuses":{"Unknown":2},"countries":{"US":2},"sanctioned_nodes":0,"policy_restricted_nodes":0,"threat_infrastructure_nodes":0,"stroke":"#c0d674","fill":"#c0d674","opacity":0.08,"marker_ring":false}},{"type":"Feature","id":"node-density-grid-2:36:-82","geometry":{"type":"Polygon","coordinates":[[[-82,36],[-80,36],[-80,38],[-82,38],[-82,36]]]},"properties":{"name":"2° Density Cell 36,-82","kind":"density-grid","grid_size_degrees":2,"point_count":2,"intensity":0.004545,"networks":{"ipv4":2},"statuses":{"Unknown":2},"countries":{"US":2},"sanctioned_nodes":0,"policy_restricted_nodes":0,"threat_infrastructure_nodes":0,"stroke":"#c0d674","fill":"#c0d674","opacity":0.08,"marker_ring":false}},{"type":"Feature","id":"node-density-grid-2:36:-8","geometry":{"type":"Polygon","coordinates":[[[-8,36],[-6,36],[-6,38],[-8,38],[-8,36]]]},"properties":{"name":"2° Density Cell 36,-8","kind":"density-grid","grid_size_degrees":2,"point_count":2,"intensity":0.004545,"networks":{"ipv4":2},"statuses":{"Unknown":2},"countries":{"ES":2},"sanctioned_nodes":0,"policy_restricted_nodes":0,"threat_infrastructure_nodes":0,"stroke":"#c0d674","fill":"#c0d674","opacity":0.08,"marker_ring":false}},{"type":"Feature","id":"node-density-grid-2:36:22","geometry":{"type":"Polygon","coordinates":[[[22,36],[24,36],[24,38],[22,38],[22,36]]]},"properties":{"name":"2° Density Cell 36,22","kind":"density-grid","grid_size_degrees":2,"point_count":2,"intensity":0.004545,"networks":{"ipv4":2},"statuses":{"Unknown":2},"countries":{"GR":2},"sanctioned_nodes":0,"policy_restricted_nodes":0,"threat_infrastructure_nodes":0,"stroke":"#c0d674","fill":"#c0d674","opacity":0.08,"marker_ring":false}},{"type":"Feature","id":"node-density-grid-2:38:-98","geometry":{"type":"Polygon","coordinates":[[[-98,38],[-96,38],[-96,40],[-98,40],[-98,38]]]},"properties":{"name":"2° Density Cell 38,-98","kind":"density-grid","grid_size_degrees":2,"point_count":2,"intensity":0.004545,"networks":{"ipv4":2},"statuses":{"Unknown":2},"countries":{"US":2},"sanctioned_nodes":0,"policy_restricted_nodes":0,"threat_infrastructure_nodes":0,"stroke":"#c0d674","fill":"#c0d674","opacity":0.08,"marker_ring":false}},{"type":"Feature","id":"node-density-grid-2:38:-90","geometry":{"type":"Polygon","coordinates":[[[-90,38],[-88,38],[-88,40],[-90,40],[-90,38]]]},"properties":{"name":"2° Density Cell 38,-90","kind":"density-grid","grid_size_degrees":2,"point_count":2,"intensity":0.004545,"networks":{"ipv4":2},"statuses":{"Unknown":2},"countries":{"US":2},"sanctioned_nodes":0,"policy_restricted_nodes":0,"threat_infrastructure_nodes":0,"stroke":"#c0d674","fill":"#c0d674","opacity":0.08,"marker_ring":false}},{"type":"Feature","id":"node-density-grid-2:38:22","geometry":{"type":"Polygon","coordinates":[[[22,38],[24,38],[24,40],[22,40],[22,38]]]},"properties":{"name":"2° Density Cell 38,22","kind":"density-grid","grid_size_degrees":2,"point_count":2,"intensity":0.004545,"networks":{"ipv4":2},"statuses":{"Unknown":2},"countries":{"GR":2},"sanctioned_nodes":0,"policy_restricted_nodes":0,"threat_infrastructure_nodes":0,"stroke":"#c0d674","fill":"#c0d674","opacity":0.08,"marker_ring":false}},{"type":"Feature","id":"node-density-grid-2:40:-114","geometry":{"type":"Polygon","coordinates":[[[-114,40],[-112,40],[-112,42],[-114,42],[-114,40]]]},"properties":{"name":"2° Density Cell 40,-114","kind":"density-grid","grid_size_degrees":2,"point_count":2,"intensity":0.004545,"networks":{"ipv4":2},"statuses":{"Unknown":2},"countries":{"US":2},"sanctioned_nodes":0,"policy_restricted_nodes":0,"threat_infrastructure_nodes":0,"stroke":"#c0d674","fill":"#c0d674","opacity":0.08,"marker_ring":false}},{"type":"Feature","id":"node-density-grid-2:40:-98","geometry":{"type":"Polygon","coordinates":[[[-98,40],[-96,40],[-96,42],[-98,42],[-98,40]]]},"properties":{"name":"2° Density Cell 40,-98","kind":"density-grid","grid_size_degrees":2,"point_count":2,"intensity":0.004545,"networks":{"ipv4":2},"statuses":{"duplicate-location":2},"countries":{"US":2},"sanctioned_nodes":0,"policy_restricted_nodes":0,"threat_infrastructure_nodes":0,"stroke":"#c0d674","fill":"#c0d674","opacity":0.08,"marker_ring":false}},{"type":"Feature","id":"node-density-grid-2:40:-72","geometry":{"type":"Polygon","coordinates":[[[-72,40],[-70,40],[-70,42],[-72,42],[-72,40]]]},"properties":{"name":"2° Density Cell 40,-72","kind":"density-grid","grid_size_degrees":2,"point_count":2,"intensity":0.004545,"networks":{"ipv4":2},"statuses":{"Unknown":2},"countries":{"US":2},"sanctioned_nodes":0,"policy_restricted_nodes":0,"threat_infrastructure_nodes":0,"stroke":"#c0d674","fill":"#c0d674","opacity":0.08,"marker_ring":false}},{"type":"Feature","id":"node-density-grid-2:40:22","geometry":{"type":"Polygon","coordinates":[[[22,40],[24,40],[24,42],[22,42],[22,40]]]},"properties":{"name":"2° Density Cell 40,22","kind":"density-grid","grid_size_degrees":2,"point_count":2,"intensity":0.004545,"networks":{"ipv4":2},"statuses":{"Unknown":2},"countries":{"GR":2},"sanctioned_nodes":0,"policy_restricted_nodes":0,"threat_infrastructure_nodes":0,"stroke":"#c0d674","fill":"#c0d674","opacity":0.08,"marker_ring":false}},{"type":"Feature","id":"node-density-grid-2:42:-94","geometry":{"type":"Polygon","coordinates":[[[-94,42],[-92,42],[-92,44],[-94,44],[-94,42]]]},"properties":{"name":"2° Density Cell 42,-94","kind":"density-grid","grid_size_degrees":2,"point_count":2,"intensity":0.004545,"networks":{"ipv4":2},"statuses":{"Unknown":2},"countries":{"US":2},"sanctioned_nodes":0,"policy_restricted_nodes":0,"threat_infrastructure_nodes":0,"stroke":"#c0d674","fill":"#c0d674","opacity":0.08,"marker_ring":false}},{"type":"Feature","id":"node-density-grid-2:42:-76","geometry":{"type":"Polygon","coordinates":[[[-76,42],[-74,42],[-74,44],[-76,44],[-76,42]]]},"properties":{"name":"2° Density Cell 42,-76","kind":"density-grid","grid_size_degrees":2,"point_count":2,"intensity":0.004545,"networks":{"ipv4":2},"statuses":{"Unknown":2},"countries":{"US":2},"sanctioned_nodes":0,"policy_restricted_nodes":0,"threat_infrastructure_nodes":0,"stroke":"#c0d674","fill":"#c0d674","opacity":0.08,"marker_ring":false}},{"type":"Feature","id":"node-density-grid-2:42:10","geometry":{"type":"Polygon","coordinates":[[[10,42],[12,42],[12,44],[10,44],[10,42]]]},"properties":{"name":"2° Density Cell 42,10","kind":"density-grid","grid_size_degrees":2,"point_count":2,"intensity":0.004545,"networks":{"ipv4":2},"statuses":{"Unknown":2},"countries":{"IT":2},"sanctioned_nodes":0,"policy_restricted_nodes":0,"threat_infrastructure_nodes":0,"stroke":"#c0d674","fill":"#c0d674","opacity":0.08,"marker_ring":false}},{"type":"Feature","id":"node-density-grid-2:42:14","geometry":{"type":"Polygon","coordinates":[[[14,42],[16,42],[16,44],[14,44],[14,42]]]},"properties":{"name":"2° Density Cell 42,14","kind":"density-grid","grid_size_degrees":2,"point_count":2,"intensity":0.004545,"networks":{"ipv4":2},"statuses":{"Unknown":2},"countries":{"IT":2},"sanctioned_nodes":0,"policy_restricted_nodes":0,"threat_infrastructure_nodes":0,"stroke":"#c0d674","fill":"#c0d674","opacity":0.08,"marker_ring":false}},{"type":"Feature","id":"node-density-grid-2:42:76","geometry":{"type":"Polygon","coordinates":[[[76,42],[78,42],[78,44],[76,44],[76,42]]]},"properties":{"name":"2° Density Cell 42,76","kind":"density-grid","grid_size_degrees":2,"point_count":2,"intensity":0.004545,"networks":{"ipv4":2},"statuses":{"Unknown":2},"countries":{"KZ":2},"sanctioned_nodes":0,"policy_restricted_nodes":0,"threat_infrastructure_nodes":0,"stroke":"#c0d674","fill":"#c0d674","opacity":0.08,"marker_ring":false}},{"type":"Feature","id":"node-density-grid-2:44:-80","geometry":{"type":"Polygon","coordinates":[[[-80,44],[-78,44],[-78,46],[-80,46],[-80,44]]]},"properties":{"name":"2° Density Cell 44,-80","kind":"density-grid","grid_size_degrees":2,"point_count":2,"intensity":0.004545,"networks":{"ipv4":2},"statuses":{"Unknown":2},"countries":{"CA":2},"sanctioned_nodes":0,"policy_restricted_nodes":0,"threat_infrastructure_nodes":0,"stroke":"#c0d674","fill":"#c0d674","opacity":0.08,"marker_ring":false}},{"type":"Feature","id":"node-density-grid-2:44:-66","geometry":{"type":"Polygon","coordinates":[[[-66,44],[-64,44],[-64,46],[-66,46],[-66,44]]]},"properties":{"name":"2° Density Cell 44,-66","kind":"density-grid","grid_size_degrees":2,"point_count":2,"intensity":0.004545,"networks":{"ipv4":2},"statuses":{"Unknown":2},"countries":{"CA":2},"sanctioned_nodes":0,"policy_restricted_nodes":0,"threat_infrastructure_nodes":0,"stroke":"#c0d674","fill":"#c0d674","opacity":0.08,"marker_ring":false}},{"type":"Feature","id":"node-density-grid-2:44:-64","geometry":{"type":"Polygon","coordinates":[[[-64,44],[-62,44],[-62,46],[-64,46],[-64,44]]]},"properties":{"name":"2° Density Cell 44,-64","kind":"density-grid","grid_size_degrees":2,"point_count":2,"intensity":0.004545,"networks":{"ipv4":2},"statuses":{"Unknown":2},"countries":{"CA":2},"sanctioned_nodes":0,"policy_restricted_nodes":0,"threat_infrastructure_nodes":0,"stroke":"#c0d674","fill":"#c0d674","opacity":0.08,"marker_ring":false}},{"type":"Feature","id":"node-density-grid-2:44:10","geometry":{"type":"Polygon","coordinates":[[[10,44],[12,44],[12,46],[10,46],[10,44]]]},"properties":{"name":"2° Density Cell 44,10","kind":"density-grid","grid_size_degrees":2,"point_count":2,"intensity":0.004545,"networks":{"ipv4":2},"statuses":{"Unknown":2},"countries":{"IT":2},"sanctioned_nodes":0,"policy_restricted_nodes":0,"threat_infrastructure_nodes":0,"stroke":"#c0d674","fill":"#c0d674","opacity":0.08,"marker_ring":false}},{"type":"Feature","id":"node-density-grid-2:44:14","geometry":{"type":"Polygon","coordinates":[[[14,44],[16,44],[16,46],[14,46],[14,44]]]},"properties":{"name":"2° Density Cell 44,14","kind":"density-grid","grid_size_degrees":2,"point_count":2,"intensity":0.004545,"networks":{"ipv4":2},"statuses":{"Unknown":2},"countries":{"HR":2},"sanctioned_nodes":0,"policy_restricted_nodes":0,"threat_infrastructure_nodes":0,"stroke":"#c0d674","fill":"#c0d674","opacity":0.08,"marker_ring":false}},{"type":"Feature","id":"node-density-grid-2:44:32","geometry":{"type":"Polygon","coordinates":[[[32,44],[34,44],[34,46],[32,46],[32,44]]]},"properties":{"name":"2° Density Cell 44,32","kind":"density-grid","grid_size_degrees":2,"point_count":2,"intensity":0.004545,"networks":{"ipv4":2},"statuses":{"Unknown":2},"countries":{"RU":1,"UA":1},"sanctioned_nodes":0,"policy_restricted_nodes":0,"threat_infrastructure_nodes":0,"stroke":"#c0d674","fill":"#c0d674","opacity":0.08,"marker_ring":false}},{"type":"Feature","id":"node-density-grid-2:46:-66","geometry":{"type":"Polygon","coordinates":[[[-66,46],[-64,46],[-64,48],[-66,48],[-66,46]]]},"properties":{"name":"2° Density Cell 46,-66","kind":"density-grid","grid_size_degrees":2,"point_count":2,"intensity":0.004545,"networks":{"ipv4":2},"statuses":{"Unknown":2},"countries":{"CA":2},"sanctioned_nodes":0,"policy_restricted_nodes":0,"threat_infrastructure_nodes":0,"stroke":"#c0d674","fill":"#c0d674","opacity":0.08,"marker_ring":false}},{"type":"Feature","id":"node-density-grid-2:46:22","geometry":{"type":"Polygon","coordinates":[[[22,46],[24,46],[24,48],[22,48],[22,46]]]},"properties":{"name":"2° Density Cell 46,22","kind":"density-grid","grid_size_degrees":2,"point_count":2,"intensity":0.004545,"networks":{"ipv4":2},"statuses":{"Unknown":2},"countries":{"RO":2},"sanctioned_nodes":0,"policy_restricted_nodes":0,"threat_infrastructure_nodes":0,"stroke":"#c0d674","fill":"#c0d674","opacity":0.08,"marker_ring":false}},{"type":"Feature","id":"node-density-grid-2:46:24","geometry":{"type":"Polygon","coordinates":[[[24,46],[26,46],[26,48],[24,48],[24,46]]]},"properties":{"name":"2° Density Cell 46,24","kind":"density-grid","grid_size_degrees":2,"point_count":2,"intensity":0.004545,"networks":{"ipv4":2},"statuses":{"Unknown":2},"countries":{"RO":2},"sanctioned_nodes":0,"policy_restricted_nodes":0,"threat_infrastructure_nodes":0,"stroke":"#c0d674","fill":"#c0d674","opacity":0.08,"marker_ring":false}},{"type":"Feature","id":"node-density-grid-2:48:-120","geometry":{"type":"Polygon","coordinates":[[[-120,48],[-118,48],[-118,50],[-120,50],[-120,48]]]},"properties":{"name":"2° Density Cell 48,-120","kind":"density-grid","grid_size_degrees":2,"point_count":2,"intensity":0.004545,"networks":{"ipv4":2},"statuses":{"Unknown":2},"countries":{"CA":2},"sanctioned_nodes":0,"policy_restricted_nodes":0,"threat_infrastructure_nodes":0,"stroke":"#c0d674","fill":"#c0d674","opacity":0.08,"marker_ring":false}},{"type":"Feature","id":"node-density-grid-2:48:-6","geometry":{"type":"Polygon","coordinates":[[[-6,48],[-4,48],[-4,50],[-6,50],[-6,48]]]},"properties":{"name":"2° Density Cell 48,-6","kind":"density-grid","grid_size_degrees":2,"point_count":2,"intensity":0.004545,"networks":{"ipv4":2},"statuses":{"duplicate-location":2},"countries":{"FR":2},"sanctioned_nodes":0,"policy_restricted_nodes":0,"threat_infrastructure_nodes":0,"stroke":"#c0d674","fill":"#c0d674","opacity":0.08,"marker_ring":false}},{"type":"Feature","id":"node-density-grid-2:48:-2","geometry":{"type":"Polygon","coordinates":[[[-2,48],[0,48],[0,50],[-2,50],[-2,48]]]},"properties":{"name":"2° Density Cell 48,-2","kind":"density-grid","grid_size_degrees":2,"point_count":2,"intensity":0.004545,"networks":{"ipv4":2},"statuses":{"Unknown":2},"countries":{"FR":2},"sanctioned_nodes":0,"policy_restricted_nodes":0,"threat_infrastructure_nodes":0,"stroke":"#c0d674","fill":"#c0d674","opacity":0.08,"marker_ring":false}},{"type":"Feature","id":"node-density-grid-2:48:20","geometry":{"type":"Polygon","coordinates":[[[20,48],[22,48],[22,50],[20,50],[20,48]]]},"properties":{"name":"2° Density Cell 48,20","kind":"density-grid","grid_size_degrees":2,"point_count":2,"intensity":0.004545,"networks":{"ipv4":2},"statuses":{"Unknown":2},"countries":{"PL":1,"SK":1},"sanctioned_nodes":0,"policy_restricted_nodes":0,"threat_infrastructure_nodes":0,"stroke":"#c0d674","fill":"#c0d674","opacity":0.08,"marker_ring":false}},{"type":"Feature","id":"node-density-grid-2:48:34","geometry":{"type":"Polygon","coordinates":[[[34,48],[36,48],[36,50],[34,50],[34,48]]]},"properties":{"name":"2° Density Cell 48,34","kind":"density-grid","grid_size_degrees":2,"point_count":2,"intensity":0.004545,"networks":{"ipv4":2},"statuses":{"Unknown":2},"countries":{"UA":2},"sanctioned_nodes":0,"policy_restricted_nodes":0,"threat_infrastructure_nodes":0,"stroke":"#c0d674","fill":"#c0d674","opacity":0.08,"marker_ring":false}},{"type":"Feature","id":"node-density-grid-2:50:-120","geometry":{"type":"Polygon","coordinates":[[[-120,50],[-118,50],[-118,52],[-120,52],[-120,50]]]},"properties":{"name":"2° Density Cell 50,-120","kind":"density-grid","grid_size_degrees":2,"point_count":2,"intensity":0.004545,"networks":{"ipv4":2},"statuses":{"Unknown":2},"countries":{"CA":2},"sanctioned_nodes":0,"policy_restricted_nodes":0,"threat_infrastructure_nodes":0,"stroke":"#c0d674","fill":"#c0d674","opacity":0.08,"marker_ring":false}},{"type":"Feature","id":"node-density-grid-2:50:-114","geometry":{"type":"Polygon","coordinates":[[[-114,50],[-112,50],[-112,52],[-114,52],[-114,50]]]},"properties":{"name":"2° Density Cell 50,-114","kind":"density-grid","grid_size_degrees":2,"point_count":2,"intensity":0.004545,"networks":{"ipv4":2},"statuses":{"Unknown":2},"countries":{"CA":2},"sanctioned_nodes":0,"policy_restricted_nodes":0,"threat_infrastructure_nodes":0,"stroke":"#c0d674","fill":"#c0d674","opacity":0.08,"marker_ring":false}},{"type":"Feature","id":"node-density-grid-2:52:16","geometry":{"type":"Polygon","coordinates":[[[16,52],[18,52],[18,54],[16,54],[16,52]]]},"properties":{"name":"2° Density Cell 52,16","kind":"density-grid","grid_size_degrees":2,"point_count":2,"intensity":0.004545,"networks":{"ipv4":2},"statuses":{"Unknown":2},"countries":{"PL":2},"sanctioned_nodes":0,"policy_restricted_nodes":0,"threat_infrastructure_nodes":0,"stroke":"#c0d674","fill":"#c0d674","opacity":0.08,"marker_ring":false}},{"type":"Feature","id":"node-density-grid-2:52:30","geometry":{"type":"Polygon","coordinates":[[[30,52],[32,52],[32,54],[30,54],[30,52]]]},"properties":{"name":"2° Density Cell 52,30","kind":"density-grid","grid_size_degrees":2,"point_count":2,"intensity":0.004545,"networks":{"ipv4":2},"statuses":{"duplicate-location":2},"countries":{"BY":2},"sanctioned_nodes":0,"policy_restricted_nodes":0,"threat_infrastructure_nodes":0,"stroke":"#c0d674","fill":"#c0d674","opacity":0.08,"marker_ring":false}},{"type":"Feature","id":"node-density-grid-2:54:-132","geometry":{"type":"Polygon","coordinates":[[[-132,54],[-130,54],[-130,56],[-132,56],[-132,54]]]},"properties":{"name":"2° Density Cell 54,-132","kind":"density-grid","grid_size_degrees":2,"point_count":2,"intensity":0.004545,"networks":{"ipv4":2},"statuses":{"duplicate-location":2},"countries":{"US":2},"sanctioned_nodes":0,"policy_restricted_nodes":0,"threat_infrastructure_nodes":0,"stroke":"#c0d674","fill":"#c0d674","opacity":0.08,"marker_ring":false}},{"type":"Feature","id":"node-density-grid-2:54:48","geometry":{"type":"Polygon","coordinates":[[[48,54],[50,54],[50,56],[48,56],[48,54]]]},"properties":{"name":"2° Density Cell 54,48","kind":"density-grid","grid_size_degrees":2,"point_count":2,"intensity":0.004545,"networks":{"ipv4":2},"statuses":{"duplicate-location":2},"countries":{"RU":2},"sanctioned_nodes":0,"policy_restricted_nodes":0,"threat_infrastructure_nodes":0,"stroke":"#c0d674","fill":"#c0d674","opacity":0.08,"marker_ring":false}},{"type":"Feature","id":"node-density-grid-2:56:56","geometry":{"type":"Polygon","coordinates":[[[56,56],[58,56],[58,58],[56,58],[56,56]]]},"properties":{"name":"2° Density Cell 56,56","kind":"density-grid","grid_size_degrees":2,"point_count":2,"intensity":0.004545,"networks":{"ipv4":2},"statuses":{"Unknown":2},"countries":{"RU":2},"sanctioned_nodes":0,"policy_restricted_nodes":0,"threat_infrastructure_nodes":0,"stroke":"#c0d674","fill":"#c0d674","opacity":0.08,"marker_ring":false}},{"type":"Feature","id":"node-density-grid-2:58:-152","geometry":{"type":"Polygon","coordinates":[[[-152,58],[-150,58],[-150,60],[-152,60],[-152,58]]]},"properties":{"name":"2° Density Cell 58,-152","kind":"density-grid","grid_size_degrees":2,"point_count":2,"intensity":0.004545,"networks":{"ipv4":2},"statuses":{"duplicate-location":2},"countries":{"US":2},"sanctioned_nodes":0,"policy_restricted_nodes":0,"threat_infrastructure_nodes":0,"stroke":"#c0d674","fill":"#c0d674","opacity":0.08,"marker_ring":false}},{"type":"Feature","id":"node-density-grid-2:58:14","geometry":{"type":"Polygon","coordinates":[[[14,58],[16,58],[16,60],[14,60],[14,58]]]},"properties":{"name":"2° Density Cell 58,14","kind":"density-grid","grid_size_degrees":2,"point_count":2,"intensity":0.004545,"networks":{"ipv4":2},"statuses":{"Unknown":2},"countries":{"SE":2},"sanctioned_nodes":0,"policy_restricted_nodes":0,"threat_infrastructure_nodes":0,"stroke":"#c0d674","fill":"#c0d674","opacity":0.08,"marker_ring":false}},{"type":"Feature","id":"node-density-grid-2:62:8","geometry":{"type":"Polygon","coordinates":[[[8,62],[10,62],[10,64],[8,64],[8,62]]]},"properties":{"name":"2° Density Cell 62,8","kind":"density-grid","grid_size_degrees":2,"point_count":2,"intensity":0.004545,"networks":{"ipv4":2},"statuses":{"Unknown":2},"countries":{"NO":2},"sanctioned_nodes":0,"policy_restricted_nodes":0,"threat_infrastructure_nodes":0,"stroke":"#c0d674","fill":"#c0d674","opacity":0.08,"marker_ring":false}},{"type":"Feature","id":"node-density-grid-2:64:-22","geometry":{"type":"Polygon","coordinates":[[[-22,64],[-20,64],[-20,66],[-22,66],[-22,64]]]},"properties":{"name":"2° Density Cell 64,-22","kind":"density-grid","grid_size_degrees":2,"point_count":2,"intensity":0.004545,"networks":{"ipv4":2},"statuses":{"Unknown":2},"countries":{"IS":2},"sanctioned_nodes":0,"policy_restricted_nodes":0,"threat_infrastructure_nodes":0,"stroke":"#c0d674","fill":"#c0d674","opacity":0.08,"marker_ring":false}},{"type":"Feature","id":"node-density-grid-2:-46:-68","geometry":{"type":"Polygon","coordinates":[[[-68,-46],[-66,-46],[-66,-44],[-68,-44],[-68,-46]]]},"properties":{"name":"2° Density Cell -46,-68","kind":"density-grid","grid_size_degrees":2,"point_count":1,"intensity":0.002273,"networks":{"ipv4":1},"statuses":{"Unknown":1},"countries":{"AR":1},"sanctioned_nodes":0,"policy_restricted_nodes":0,"threat_infrastructure_nodes":0,"stroke":"#c0d674","fill":"#c0d674","opacity":0.08,"marker_ring":false}},{"type":"Feature","id":"node-density-grid-2:-46:170","geometry":{"type":"Polygon","coordinates":[[[170,-46],[172,-46],[172,-44],[170,-44],[170,-46]]]},"properties":{"name":"2° Density Cell -46,170","kind":"density-grid","grid_size_degrees":2,"point_count":1,"intensity":0.002273,"networks":{"ipv4":1},"statuses":{"Unknown":1},"countries":{"NZ":1},"sanctioned_nodes":0,"policy_restricted_nodes":0,"threat_infrastructure_nodes":0,"stroke":"#c0d674","fill":"#c0d674","opacity":0.08,"marker_ring":false}},{"type":"Feature","id":"node-density-grid-2:-44:146","geometry":{"type":"Polygon","coordinates":[[[146,-44],[148,-44],[148,-42],[146,-42],[146,-44]]]},"properties":{"name":"2° Density Cell -44,146","kind":"density-grid","grid_size_degrees":2,"point_count":1,"intensity":0.002273,"networks":{"ipv4":1},"statuses":{"Unknown":1},"countries":{"AU":1},"sanctioned_nodes":0,"policy_restricted_nodes":0,"threat_infrastructure_nodes":0,"stroke":"#c0d674","fill":"#c0d674","opacity":0.08,"marker_ring":false}},{"type":"Feature","id":"node-density-grid-2:-44:172","geometry":{"type":"Polygon","coordinates":[[[172,-44],[174,-44],[174,-42],[172,-42],[172,-44]]]},"properties":{"name":"2° Density Cell -44,172","kind":"density-grid","grid_size_degrees":2,"point_count":1,"intensity":0.002273,"networks":{"ipv4":1},"statuses":{"Unknown":1},"countries":{"NZ":1},"sanctioned_nodes":0,"policy_restricted_nodes":0,"threat_infrastructure_nodes":0,"stroke":"#c0d674","fill":"#c0d674","opacity":0.08,"marker_ring":false}},{"type":"Feature","id":"node-density-grid-2:-42:-72","geometry":{"type":"Polygon","coordinates":[[[-72,-42],[-70,-42],[-70,-40],[-72,-40],[-72,-42]]]},"properties":{"name":"2° Density Cell -42,-72","kind":"density-grid","grid_size_degrees":2,"point_count":1,"intensity":0.002273,"networks":{"ipv4":1},"statuses":{"Unknown":1},"countries":{"AR":1},"sanctioned_nodes":0,"policy_restricted_nodes":0,"threat_infrastructure_nodes":0,"stroke":"#c0d674","fill":"#c0d674","opacity":0.08,"marker_ring":false}},{"type":"Feature","id":"node-density-grid-2:-42:172","geometry":{"type":"Polygon","coordinates":[[[172,-42],[174,-42],[174,-40],[172,-40],[172,-42]]]},"properties":{"name":"2° Density Cell -42,172","kind":"density-grid","grid_size_degrees":2,"point_count":1,"intensity":0.002273,"networks":{"ipv4":1},"statuses":{"Unknown":1},"countries":{"NZ":1},"sanctioned_nodes":0,"policy_restricted_nodes":0,"threat_infrastructure_nodes":0,"stroke":"#c0d674","fill":"#c0d674","opacity":0.08,"marker_ring":false}},{"type":"Feature","id":"node-density-grid-2:-42:174","geometry":{"type":"Polygon","coordinates":[[[174,-42],[176,-42],[176,-40],[174,-40],[174,-42]]]},"properties":{"name":"2° Density Cell -42,174","kind":"density-grid","grid_size_degrees":2,"point_count":1,"intensity":0.002273,"networks":{"ipv4":1},"statuses":{"Unknown":1},"countries":{"NZ":1},"sanctioned_nodes":0,"policy_restricted_nodes":0,"threat_infrastructure_nodes":0,"stroke":"#c0d674","fill":"#c0d674","opacity":0.08,"marker_ring":false}},{"type":"Feature","id":"node-density-grid-2:-40:146","geometry":{"type":"Polygon","coordinates":[[[146,-40],[148,-40],[148,-38],[146,-38],[146,-40]]]},"properties":{"name":"2° Density Cell -40,146","kind":"density-grid","grid_size_degrees":2,"point_count":1,"intensity":0.002273,"networks":{"ipv4":1},"statuses":{"Unknown":1},"countries":{"AU":1},"sanctioned_nodes":0,"policy_restricted_nodes":0,"threat_infrastructure_nodes":0,"stroke":"#c0d674","fill":"#c0d674","opacity":0.08,"marker_ring":false}},{"type":"Feature","id":"node-density-grid-2:-40:176","geometry":{"type":"Polygon","coordinates":[[[176,-40],[178,-40],[178,-38],[176,-38],[176,-40]]]},"properties":{"name":"2° Density Cell -40,176","kind":"density-grid","grid_size_degrees":2,"point_count":1,"intensity":0.002273,"networks":{"ipv4":1},"statuses":{"Unknown":1},"countries":{"NZ":1},"sanctioned_nodes":0,"policy_restricted_nodes":0,"threat_infrastructure_nodes":0,"stroke":"#c0d674","fill":"#c0d674","opacity":0.08,"marker_ring":false}},{"type":"Feature","id":"node-density-grid-2:-38:-58","geometry":{"type":"Polygon","coordinates":[[[-58,-38],[-56,-38],[-56,-36],[-58,-36],[-58,-38]]]},"properties":{"name":"2° Density Cell -38,-58","kind":"density-grid","grid_size_degrees":2,"point_count":1,"intensity":0.002273,"networks":{"ipv4":1},"statuses":{"Unknown":1},"countries":{"AR":1},"sanctioned_nodes":0,"policy_restricted_nodes":0,"threat_infrastructure_nodes":0,"stroke":"#c0d674","fill":"#c0d674","opacity":0.08,"marker_ring":false}},{"type":"Feature","id":"node-density-grid-2:-38:140","geometry":{"type":"Polygon","coordinates":[[[140,-38],[142,-38],[142,-36],[140,-36],[140,-38]]]},"properties":{"name":"2° Density Cell -38,140","kind":"density-grid","grid_size_degrees":2,"point_count":1,"intensity":0.002273,"networks":{"ipv4":1},"statuses":{"Unknown":1},"countries":{"AU":1},"sanctioned_nodes":0,"policy_restricted_nodes":0,"threat_infrastructure_nodes":0,"stroke":"#c0d674","fill":"#c0d674","opacity":0.08,"marker_ring":false}},{"type":"Feature","id":"node-density-grid-2:-38:142","geometry":{"type":"Polygon","coordinates":[[[142,-38],[144,-38],[144,-36],[142,-36],[142,-38]]]},"properties":{"name":"2° Density Cell -38,142","kind":"density-grid","grid_size_degrees":2,"point_count":1,"intensity":0.002273,"networks":{"ipv4":1},"statuses":{"Unknown":1},"countries":{"AU":1},"sanctioned_nodes":0,"policy_restricted_nodes":0,"threat_infrastructure_nodes":0,"stroke":"#c0d674","fill":"#c0d674","opacity":0.08,"marker_ring":false}},{"type":"Feature","id":"node-density-grid-2:-36:-58","geometry":{"type":"Polygon","coordinates":[[[-58,-36],[-56,-36],[-56,-34],[-58,-34],[-58,-36]]]},"properties":{"name":"2° Density Cell -36,-58","kind":"density-grid","grid_size_degrees":2,"point_count":1,"intensity":0.002273,"networks":{"ipv4":1},"statuses":{"Unknown":1},"countries":{"AR":1},"sanctioned_nodes":0,"policy_restricted_nodes":0,"threat_infrastructure_nodes":0,"stroke":"#c0d674","fill":"#c0d674","opacity":0.08,"marker_ring":false}},{"type":"Feature","id":"node-density-grid-2:-36:150","geometry":{"type":"Polygon","coordinates":[[[150,-36],[152,-36],[152,-34],[150,-34],[150,-36]]]},"properties":{"name":"2° Density Cell -36,150","kind":"density-grid","grid_size_degrees":2,"point_count":1,"intensity":0.002273,"networks":{"ipv4":1},"statuses":{"Unknown":1},"countries":{"AU":1},"sanctioned_nodes":0,"policy_restricted_nodes":0,"threat_infrastructure_nodes":0,"stroke":"#c0d674","fill":"#c0d674","opacity":0.08,"marker_ring":false}},{"type":"Feature","id":"node-density-grid-2:-32:-62","geometry":{"type":"Polygon","coordinates":[[[-62,-32],[-60,-32],[-60,-30],[-62,-30],[-62,-32]]]},"properties":{"name":"2° Density Cell -32,-62","kind":"density-grid","grid_size_degrees":2,"point_count":1,"intensity":0.002273,"networks":{"ipv4":1},"statuses":{"Unknown":1},"countries":{"AR":1},"sanctioned_nodes":0,"policy_restricted_nodes":0,"threat_infrastructure_nodes":0,"stroke":"#c0d674","fill":"#c0d674","opacity":0.08,"marker_ring":false}},{"type":"Feature","id":"node-density-grid-2:-32:116","geometry":{"type":"Polygon","coordinates":[[[116,-32],[118,-32],[118,-30],[116,-30],[116,-32]]]},"properties":{"name":"2° Density Cell -32,116","kind":"density-grid","grid_size_degrees":2,"point_count":1,"intensity":0.002273,"networks":{"ipv4":1},"statuses":{"Unknown":1},"countries":{"AU":1},"sanctioned_nodes":0,"policy_restricted_nodes":0,"threat_infrastructure_nodes":0,"stroke":"#c0d674","fill":"#c0d674","opacity":0.08,"marker_ring":false}},{"type":"Feature","id":"node-density-grid-2:-30:30","geometry":{"type":"Polygon","coordinates":[[[30,-30],[32,-30],[32,-28],[30,-28],[30,-30]]]},"properties":{"name":"2° Density Cell -30,30","kind":"density-grid","grid_size_degrees":2,"point_count":1,"intensity":0.002273,"networks":{"ipv4":1},"statuses":{"Unknown":1},"countries":{"ZA":1},"sanctioned_nodes":0,"policy_restricted_nodes":0,"threat_infrastructure_nodes":0,"stroke":"#c0d674","fill":"#c0d674","opacity":0.08,"marker_ring":false}},{"type":"Feature","id":"node-density-grid-2:-28:-54","geometry":{"type":"Polygon","coordinates":[[[-54,-28],[-52,-28],[-52,-26],[-54,-26],[-54,-28]]]},"properties":{"name":"2° Density Cell -28,-54","kind":"density-grid","grid_size_degrees":2,"point_count":1,"intensity":0.002273,"networks":{"ipv4":1},"statuses":{"Unknown":1},"countries":{"BR":1},"sanctioned_nodes":0,"policy_restricted_nodes":0,"threat_infrastructure_nodes":0,"stroke":"#c0d674","fill":"#c0d674","opacity":0.08,"marker_ring":false}},{"type":"Feature","id":"node-density-grid-2:-28:150","geometry":{"type":"Polygon","coordinates":[[[150,-28],[152,-28],[152,-26],[150,-26],[150,-28]]]},"properties":{"name":"2° Density Cell -28,150","kind":"density-grid","grid_size_degrees":2,"point_count":1,"intensity":0.002273,"networks":{"ipv4":1},"statuses":{"Unknown":1},"countries":{"AU":1},"sanctioned_nodes":0,"policy_restricted_nodes":0,"threat_infrastructure_nodes":0,"stroke":"#c0d674","fill":"#c0d674","opacity":0.08,"marker_ring":false}},{"type":"Feature","id":"node-density-grid-2:-26:-54","geometry":{"type":"Polygon","coordinates":[[[-54,-26],[-52,-26],[-52,-24],[-54,-24],[-54,-26]]]},"properties":{"name":"2° Density Cell -26,-54","kind":"density-grid","grid_size_degrees":2,"point_count":1,"intensity":0.002273,"networks":{"ipv4":1},"statuses":{"Unknown":1},"countries":{"BR":1},"sanctioned_nodes":0,"policy_restricted_nodes":0,"threat_infrastructure_nodes":0,"stroke":"#c0d674","fill":"#c0d674","opacity":0.08,"marker_ring":false}},{"type":"Feature","id":"node-density-grid-2:-24:-56","geometry":{"type":"Polygon","coordinates":[[[-56,-24],[-54,-24],[-54,-22],[-56,-22],[-56,-24]]]},"properties":{"name":"2° Density Cell -24,-56","kind":"density-grid","grid_size_degrees":2,"point_count":1,"intensity":0.002273,"networks":{"ipv4":1},"statuses":{"Unknown":1},"countries":{"BR":1},"sanctioned_nodes":0,"policy_restricted_nodes":0,"threat_infrastructure_nodes":0,"stroke":"#c0d674","fill":"#c0d674","opacity":0.08,"marker_ring":false}},{"type":"Feature","id":"node-density-grid-2:-24:-54","geometry":{"type":"Polygon","coordinates":[[[-54,-24],[-52,-24],[-52,-22],[-54,-22],[-54,-24]]]},"properties":{"name":"2° Density Cell -24,-54","kind":"density-grid","grid_size_degrees":2,"point_count":1,"intensity":0.002273,"networks":{"ipv4":1},"statuses":{"Unknown":1},"countries":{"BR":1},"sanctioned_nodes":0,"policy_restricted_nodes":0,"threat_infrastructure_nodes":0,"stroke":"#c0d674","fill":"#c0d674","opacity":0.08,"marker_ring":false}},{"type":"Feature","id":"node-density-grid-2:-24:144","geometry":{"type":"Polygon","coordinates":[[[144,-24],[146,-24],[146,-22],[144,-22],[144,-24]]]},"properties":{"name":"2° Density Cell -24,144","kind":"density-grid","grid_size_degrees":2,"point_count":1,"intensity":0.002273,"networks":{"ipv4":1},"statuses":{"Unknown":1},"countries":{"AU":1},"sanctioned_nodes":0,"policy_restricted_nodes":0,"threat_infrastructure_nodes":0,"stroke":"#c0d674","fill":"#c0d674","opacity":0.08,"marker_ring":false}},{"type":"Feature","id":"node-density-grid-2:-22:-52","geometry":{"type":"Polygon","coordinates":[[[-52,-22],[-50,-22],[-50,-20],[-52,-20],[-52,-22]]]},"properties":{"name":"2° Density Cell -22,-52","kind":"density-grid","grid_size_degrees":2,"point_count":1,"intensity":0.002273,"networks":{"ipv4":1},"statuses":{"Unknown":1},"countries":{"BR":1},"sanctioned_nodes":0,"policy_restricted_nodes":0,"threat_infrastructure_nodes":0,"stroke":"#c0d674","fill":"#c0d674","opacity":0.08,"marker_ring":false}},{"type":"Feature","id":"node-density-grid-2:-22:-44","geometry":{"type":"Polygon","coordinates":[[[-44,-22],[-42,-22],[-42,-20],[-44,-20],[-44,-22]]]},"properties":{"name":"2° Density Cell -22,-44","kind":"density-grid","grid_size_degrees":2,"point_count":1,"intensity":0.002273,"networks":{"ipv4":1},"statuses":{"Unknown":1},"countries":{"BR":1},"sanctioned_nodes":0,"policy_restricted_nodes":0,"threat_infrastructure_nodes":0,"stroke":"#c0d674","fill":"#c0d674","opacity":0.08,"marker_ring":false}},{"type":"Feature","id":"node-density-grid-2:-22:54","geometry":{"type":"Polygon","coordinates":[[[54,-22],[56,-22],[56,-20],[54,-20],[54,-22]]]},"properties":{"name":"2° Density Cell -22,54","kind":"density-grid","grid_size_degrees":2,"point_count":1,"intensity":0.002273,"networks":{"ipv4":1},"statuses":{"Unknown":1},"countries":{"RE":1},"sanctioned_nodes":0,"policy_restricted_nodes":0,"threat_infrastructure_nodes":0,"stroke":"#c0d674","fill":"#c0d674","opacity":0.08,"marker_ring":false}},{"type":"Feature","id":"node-density-grid-2:-20:-50","geometry":{"type":"Polygon","coordinates":[[[-50,-20],[-48,-20],[-48,-18],[-50,-18],[-50,-20]]]},"properties":{"name":"2° Density Cell -20,-50","kind":"density-grid","grid_size_degrees":2,"point_count":1,"intensity":0.002273,"networks":{"ipv4":1},"statuses":{"Unknown":1},"countries":{"BR":1},"sanctioned_nodes":0,"policy_restricted_nodes":0,"threat_infrastructure_nodes":0,"stroke":"#c0d674","fill":"#c0d674","opacity":0.08,"marker_ring":false}},{"type":"Feature","id":"node-density-grid-2:-18:-64","geometry":{"type":"Polygon","coordinates":[[[-64,-18],[-62,-18],[-62,-16],[-64,-16],[-64,-18]]]},"properties":{"name":"2° Density Cell -18,-64","kind":"density-grid","grid_size_degrees":2,"point_count":1,"intensity":0.002273,"networks":{"ipv4":1},"statuses":{"Unknown":1},"countries":{"BO":1},"sanctioned_nodes":0,"policy_restricted_nodes":0,"threat_infrastructure_nodes":0,"stroke":"#c0d674","fill":"#c0d674","opacity":0.08,"marker_ring":false}},{"type":"Feature","id":"node-density-grid-2:-18:144","geometry":{"type":"Polygon","coordinates":[[[144,-18],[146,-18],[146,-16],[144,-16],[144,-18]]]},"properties":{"name":"2° Density Cell -18,144","kind":"density-grid","grid_size_degrees":2,"point_count":1,"intensity":0.002273,"networks":{"ipv4":1},"statuses":{"Unknown":1},"countries":{"AU":1},"sanctioned_nodes":0,"policy_restricted_nodes":0,"threat_infrastructure_nodes":0,"stroke":"#c0d674","fill":"#c0d674","opacity":0.08,"marker_ring":false}},{"type":"Feature","id":"node-density-grid-2:-16:-48","geometry":{"type":"Polygon","coordinates":[[[-48,-16],[-46,-16],[-46,-14],[-48,-14],[-48,-16]]]},"properties":{"name":"2° Density Cell -16,-48","kind":"density-grid","grid_size_degrees":2,"point_count":1,"intensity":0.002273,"networks":{"ipv4":1},"statuses":{"Unknown":1},"countries":{"BR":1},"sanctioned_nodes":0,"policy_restricted_nodes":0,"threat_infrastructure_nodes":0,"stroke":"#c0d674","fill":"#c0d674","opacity":0.08,"marker_ring":false}},{"type":"Feature","id":"node-density-grid-2:-14:-78","geometry":{"type":"Polygon","coordinates":[[[-78,-14],[-76,-14],[-76,-12],[-78,-12],[-78,-14]]]},"properties":{"name":"2° Density Cell -14,-78","kind":"density-grid","grid_size_degrees":2,"point_count":1,"intensity":0.002273,"networks":{"ipv4":1},"statuses":{"Unknown":1},"countries":{"PE":1},"sanctioned_nodes":0,"policy_restricted_nodes":0,"threat_infrastructure_nodes":0,"stroke":"#c0d674","fill":"#c0d674","opacity":0.08,"marker_ring":false}},{"type":"Feature","id":"node-density-grid-2:-10:114","geometry":{"type":"Polygon","coordinates":[[[114,-10],[116,-10],[116,-8],[114,-8],[114,-10]]]},"properties":{"name":"2° Density Cell -10,114","kind":"density-grid","grid_size_degrees":2,"point_count":1,"intensity":0.002273,"networks":{"ipv4":1},"statuses":{"Unknown":1},"countries":{"ID":1},"sanctioned_nodes":0,"policy_restricted_nodes":0,"threat_infrastructure_nodes":0,"stroke":"#c0d674","fill":"#c0d674","opacity":0.08,"marker_ring":false}},{"type":"Feature","id":"node-density-grid-2:-8:108","geometry":{"type":"Polygon","coordinates":[[[108,-8],[110,-8],[110,-6],[108,-6],[108,-8]]]},"properties":{"name":"2° Density Cell -8,108","kind":"density-grid","grid_size_degrees":2,"point_count":1,"intensity":0.002273,"networks":{"ipv4":1},"statuses":{"Unknown":1},"countries":{"ID":1},"sanctioned_nodes":0,"policy_restricted_nodes":0,"threat_infrastructure_nodes":0,"stroke":"#c0d674","fill":"#c0d674","opacity":0.08,"marker_ring":false}},{"type":"Feature","id":"node-density-grid-2:6:-76","geometry":{"type":"Polygon","coordinates":[[[-76,6],[-74,6],[-74,8],[-76,8],[-76,6]]]},"properties":{"name":"2° Density Cell 6,-76","kind":"density-grid","grid_size_degrees":2,"point_count":1,"intensity":0.002273,"networks":{"ipv4":1},"statuses":{"Unknown":1},"countries":{"CO":1},"sanctioned_nodes":0,"policy_restricted_nodes":0,"threat_infrastructure_nodes":0,"stroke":"#c0d674","fill":"#c0d674","opacity":0.08,"marker_ring":false}},{"type":"Feature","id":"node-density-grid-2:8:-84","geometry":{"type":"Polygon","coordinates":[[[-84,8],[-82,8],[-82,10],[-84,10],[-84,8]]]},"properties":{"name":"2° Density Cell 8,-84","kind":"density-grid","grid_size_degrees":2,"point_count":1,"intensity":0.002273,"networks":{"ipv4":1},"statuses":{"Unknown":1},"countries":{"CR":1},"sanctioned_nodes":0,"policy_restricted_nodes":0,"threat_infrastructure_nodes":0,"stroke":"#c0d674","fill":"#c0d674","opacity":0.08,"marker_ring":false}},{"type":"Feature","id":"node-density-grid-2:8:-66","geometry":{"type":"Polygon","coordinates":[[[-66,8],[-64,8],[-64,10],[-66,10],[-66,8]]]},"properties":{"name":"2° Density Cell 8,-66","kind":"density-grid","grid_size_degrees":2,"point_count":1,"intensity":0.002273,"networks":{"ipv4":1},"statuses":{"Unknown":1},"countries":{"VE":1},"sanctioned_nodes":0,"policy_restricted_nodes":0,"threat_infrastructure_nodes":0,"stroke":"#c0d674","fill":"#c0d674","opacity":0.08,"marker_ring":false}},{"type":"Feature","id":"node-density-grid-2:8:98","geometry":{"type":"Polygon","coordinates":[[[98,8],[100,8],[100,10],[98,10],[98,8]]]},"properties":{"name":"2° Density Cell 8,98","kind":"density-grid","grid_size_degrees":2,"point_count":1,"intensity":0.002273,"networks":{"ipv4":1},"statuses":{"Unknown":1},"countries":{"TH":1},"sanctioned_nodes":0,"policy_restricted_nodes":0,"threat_infrastructure_nodes":0,"stroke":"#c0d674","fill":"#c0d674","opacity":0.08,"marker_ring":false}},{"type":"Feature","id":"node-density-grid-2:10:-70","geometry":{"type":"Polygon","coordinates":[[[-70,10],[-68,10],[-68,12],[-70,12],[-70,10]]]},"properties":{"name":"2° Density Cell 10,-70","kind":"density-grid","grid_size_degrees":2,"point_count":1,"intensity":0.002273,"networks":{"ipv4":1},"statuses":{"Unknown":1},"countries":{"VE":1},"sanctioned_nodes":0,"policy_restricted_nodes":0,"threat_infrastructure_nodes":0,"stroke":"#c0d674","fill":"#c0d674","opacity":0.08,"marker_ring":false}},{"type":"Feature","id":"node-density-grid-2:10:-68","geometry":{"type":"Polygon","coordinates":[[[-68,10],[-66,10],[-66,12],[-68,12],[-68,10]]]},"properties":{"name":"2° Density Cell 10,-68","kind":"density-grid","grid_size_degrees":2,"point_count":1,"intensity":0.002273,"networks":{"ipv4":1},"statuses":{"Unknown":1},"countries":{"VE":1},"sanctioned_nodes":0,"policy_restricted_nodes":0,"threat_infrastructure_nodes":0,"stroke":"#c0d674","fill":"#c0d674","opacity":0.08,"marker_ring":false}},{"type":"Feature","id":"node-density-grid-2:12:-90","geometry":{"type":"Polygon","coordinates":[[[-90,12],[-88,12],[-88,14],[-90,14],[-90,12]]]},"properties":{"name":"2° Density Cell 12,-90","kind":"density-grid","grid_size_degrees":2,"point_count":1,"intensity":0.002273,"networks":{"ipv4":1},"statuses":{"Unknown":1},"countries":{"SV":1},"sanctioned_nodes":0,"policy_restricted_nodes":0,"threat_infrastructure_nodes":0,"stroke":"#c0d674","fill":"#c0d674","opacity":0.08,"marker_ring":false}},{"type":"Feature","id":"node-density-grid-2:12:-70","geometry":{"type":"Polygon","coordinates":[[[-70,12],[-68,12],[-68,14],[-70,14],[-70,12]]]},"properties":{"name":"2° Density Cell 12,-70","kind":"density-grid","grid_size_degrees":2,"point_count":1,"intensity":0.002273,"networks":{"ipv4":1},"statuses":{"Unknown":1},"countries":{"CW":1},"sanctioned_nodes":0,"policy_restricted_nodes":0,"threat_infrastructure_nodes":0,"stroke":"#c0d674","fill":"#c0d674","opacity":0.08,"marker_ring":false}},{"type":"Feature","id":"node-density-grid-2:12:98","geometry":{"type":"Polygon","coordinates":[[[98,12],[100,12],[100,14],[98,14],[98,12]]]},"properties":{"name":"2° Density Cell 12,98","kind":"density-grid","grid_size_degrees":2,"point_count":1,"intensity":0.002273,"networks":{"ipv4":1},"statuses":{"Unknown":1},"countries":{"TH":1},"sanctioned_nodes":0,"policy_restricted_nodes":0,"threat_infrastructure_nodes":0,"stroke":"#c0d674","fill":"#c0d674","opacity":0.08,"marker_ring":false}},{"type":"Feature","id":"node-density-grid-2:14:102","geometry":{"type":"Polygon","coordinates":[[[102,14],[104,14],[104,16],[102,16],[102,14]]]},"properties":{"name":"2° Density Cell 14,102","kind":"density-grid","grid_size_degrees":2,"point_count":1,"intensity":0.002273,"networks":{"ipv4":1},"statuses":{"Unknown":1},"countries":{"TH":1},"sanctioned_nodes":0,"policy_restricted_nodes":0,"threat_infrastructure_nodes":0,"stroke":"#c0d674","fill":"#c0d674","opacity":0.08,"marker_ring":false}},{"type":"Feature","id":"node-density-grid-2:18:-156","geometry":{"type":"Polygon","coordinates":[[[-156,18],[-154,18],[-154,20],[-156,20],[-156,18]]]},"properties":{"name":"2° Density Cell 18,-156","kind":"density-grid","grid_size_degrees":2,"point_count":1,"intensity":0.002273,"networks":{"ipv4":1},"statuses":{"Unknown":1},"countries":{"US":1},"sanctioned_nodes":0,"policy_restricted_nodes":0,"threat_infrastructure_nodes":0,"stroke":"#c0d674","fill":"#c0d674","opacity":0.08,"marker_ring":false}},{"type":"Feature","id":"node-density-grid-2:18:-98","geometry":{"type":"Polygon","coordinates":[[[-98,18],[-96,18],[-96,20],[-98,20],[-98,18]]]},"properties":{"name":"2° Density Cell 18,-98","kind":"density-grid","grid_size_degrees":2,"point_count":1,"intensity":0.002273,"networks":{"ipv4":1},"statuses":{"Unknown":1},"countries":{"MX":1},"sanctioned_nodes":0,"policy_restricted_nodes":0,"threat_infrastructure_nodes":0,"stroke":"#c0d674","fill":"#c0d674","opacity":0.08,"marker_ring":false}},{"type":"Feature","id":"node-density-grid-2:18:-96","geometry":{"type":"Polygon","coordinates":[[[-96,18],[-94,18],[-94,20],[-96,20],[-96,18]]]},"properties":{"name":"2° Density Cell 18,-96","kind":"density-grid","grid_size_degrees":2,"point_count":1,"intensity":0.002273,"networks":{"ipv4":1},"statuses":{"Unknown":1},"countries":{"MX":1},"sanctioned_nodes":0,"policy_restricted_nodes":0,"threat_infrastructure_nodes":0,"stroke":"#c0d674","fill":"#c0d674","opacity":0.08,"marker_ring":false}},{"type":"Feature","id":"node-density-grid-2:18:-68","geometry":{"type":"Polygon","coordinates":[[[-68,18],[-66,18],[-66,20],[-68,20],[-68,18]]]},"properties":{"name":"2° Density Cell 18,-68","kind":"density-grid","grid_size_degrees":2,"point_count":1,"intensity":0.002273,"networks":{"ipv4":1},"statuses":{"Unknown":1},"countries":{"PR":1},"sanctioned_nodes":0,"policy_restricted_nodes":0,"threat_infrastructure_nodes":0,"stroke":"#c0d674","fill":"#c0d674","opacity":0.08,"marker_ring":false}},{"type":"Feature","id":"node-density-grid-2:20:-104","geometry":{"type":"Polygon","coordinates":[[[-104,20],[-102,20],[-102,22],[-104,22],[-104,20]]]},"properties":{"name":"2° Density Cell 20,-104","kind":"density-grid","grid_size_degrees":2,"point_count":1,"intensity":0.002273,"networks":{"ipv4":1},"statuses":{"Unknown":1},"countries":{"MX":1},"sanctioned_nodes":0,"policy_restricted_nodes":0,"threat_infrastructure_nodes":0,"stroke":"#c0d674","fill":"#c0d674","opacity":0.08,"marker_ring":false}},{"type":"Feature","id":"node-density-grid-2:20:-102","geometry":{"type":"Polygon","coordinates":[[[-102,20],[-100,20],[-100,22],[-102,22],[-102,20]]]},"properties":{"name":"2° Density Cell 20,-102","kind":"density-grid","grid_size_degrees":2,"point_count":1,"intensity":0.002273,"networks":{"ipv4":1},"statuses":{"Unknown":1},"countries":{"MX":1},"sanctioned_nodes":0,"policy_restricted_nodes":0,"threat_infrastructure_nodes":0,"stroke":"#c0d674","fill":"#c0d674","opacity":0.08,"marker_ring":false}},{"type":"Feature","id":"node-density-grid-2:22:72","geometry":{"type":"Polygon","coordinates":[[[72,22],[74,22],[74,24],[72,24],[72,22]]]},"properties":{"name":"2° Density Cell 22,72","kind":"density-grid","grid_size_degrees":2,"point_count":1,"intensity":0.002273,"networks":{"ipv4":1},"statuses":{"Unknown":1},"countries":{"IN":1},"sanctioned_nodes":0,"policy_restricted_nodes":0,"threat_infrastructure_nodes":0,"stroke":"#c0d674","fill":"#c0d674","opacity":0.08,"marker_ring":false}},{"type":"Feature","id":"node-density-grid-2:22:74","geometry":{"type":"Polygon","coordinates":[[[74,22],[76,22],[76,24],[74,24],[74,22]]]},"properties":{"name":"2° Density Cell 22,74","kind":"density-grid","grid_size_degrees":2,"point_count":1,"intensity":0.002273,"networks":{"ipv4":1},"statuses":{"Unknown":1},"countries":{"IN":1},"sanctioned_nodes":0,"policy_restricted_nodes":0,"threat_infrastructure_nodes":0,"stroke":"#c0d674","fill":"#c0d674","opacity":0.08,"marker_ring":false}},{"type":"Feature","id":"node-density-grid-2:24:-102","geometry":{"type":"Polygon","coordinates":[[[-102,24],[-100,24],[-100,26],[-102,26],[-102,24]]]},"properties":{"name":"2° Density Cell 24,-102","kind":"density-grid","grid_size_degrees":2,"point_count":1,"intensity":0.002273,"networks":{"ipv4":1},"statuses":{"Unknown":1},"countries":{"MX":1},"sanctioned_nodes":0,"policy_restricted_nodes":0,"threat_infrastructure_nodes":0,"stroke":"#c0d674","fill":"#c0d674","opacity":0.08,"marker_ring":false}},{"type":"Feature","id":"node-density-grid-2:24:-98","geometry":{"type":"Polygon","coordinates":[[[-98,24],[-96,24],[-96,26],[-98,26],[-98,24]]]},"properties":{"name":"2° Density Cell 24,-98","kind":"density-grid","grid_size_degrees":2,"point_count":1,"intensity":0.002273,"networks":{"ipv4":1},"statuses":{"Unknown":1},"countries":{"US":1},"sanctioned_nodes":0,"policy_restricted_nodes":0,"threat_infrastructure_nodes":0,"stroke":"#c0d674","fill":"#c0d674","opacity":0.08,"marker_ring":false}},{"type":"Feature","id":"node-density-grid-2:24:66","geometry":{"type":"Polygon","coordinates":[[[66,24],[68,24],[68,26],[66,26],[66,24]]]},"properties":{"name":"2° Density Cell 24,66","kind":"density-grid","grid_size_degrees":2,"point_count":1,"intensity":0.002273,"networks":{"ipv4":1},"statuses":{"Unknown":1},"countries":{"PK":1},"sanctioned_nodes":0,"policy_restricted_nodes":0,"threat_infrastructure_nodes":0,"stroke":"#c0d674","fill":"#c0d674","opacity":0.08,"marker_ring":false}},{"type":"Feature","id":"node-density-grid-2:24:82","geometry":{"type":"Polygon","coordinates":[[[82,24],[84,24],[84,26],[82,26],[82,24]]]},"properties":{"name":"2° Density Cell 24,82","kind":"density-grid","grid_size_degrees":2,"point_count":1,"intensity":0.002273,"networks":{"ipv4":1},"statuses":{"Unknown":1},"countries":{"IN":1},"sanctioned_nodes":0,"policy_restricted_nodes":0,"threat_infrastructure_nodes":0,"stroke":"#c0d674","fill":"#c0d674","opacity":0.08,"marker_ring":false}},{"type":"Feature","id":"node-density-grid-2:24:84","geometry":{"type":"Polygon","coordinates":[[[84,24],[86,24],[86,26],[84,26],[84,24]]]},"properties":{"name":"2° Density Cell 24,84","kind":"density-grid","grid_size_degrees":2,"point_count":1,"intensity":0.002273,"networks":{"ipv4":1},"statuses":{"Unknown":1},"countries":{"IN":1},"sanctioned_nodes":0,"policy_restricted_nodes":0,"threat_infrastructure_nodes":0,"stroke":"#c0d674","fill":"#c0d674","opacity":0.08,"marker_ring":false}},{"type":"Feature","id":"node-density-grid-2:24:116","geometry":{"type":"Polygon","coordinates":[[[116,24],[118,24],[118,26],[116,26],[116,24]]]},"properties":{"name":"2° Density Cell 24,116","kind":"density-grid","grid_size_degrees":2,"point_count":1,"intensity":0.002273,"networks":{"ipv4":1},"statuses":{"Unknown":1},"countries":{"CN":1},"sanctioned_nodes":0,"policy_restricted_nodes":0,"threat_infrastructure_nodes":0,"stroke":"#c0d674","fill":"#c0d674","opacity":0.08,"marker_ring":false}},{"type":"Feature","id":"node-density-grid-2:26:-100","geometry":{"type":"Polygon","coordinates":[[[-100,26],[-98,26],[-98,28],[-100,28],[-100,26]]]},"properties":{"name":"2° Density Cell 26,-100","kind":"density-grid","grid_size_degrees":2,"point_count":1,"intensity":0.002273,"networks":{"ipv4":1},"statuses":{"Unknown":1},"countries":{"US":1},"sanctioned_nodes":0,"policy_restricted_nodes":0,"threat_infrastructure_nodes":0,"stroke":"#c0d674","fill":"#c0d674","opacity":0.08,"marker_ring":false}},{"type":"Feature","id":"node-density-grid-2:26:50","geometry":{"type":"Polygon","coordinates":[[[50,26],[52,26],[52,28],[50,28],[50,26]]]},"properties":{"name":"2° Density Cell 26,50","kind":"density-grid","grid_size_degrees":2,"point_count":1,"intensity":0.002273,"networks":{"ipv4":1},"statuses":{"Unknown":1},"countries":{"BH":1},"sanctioned_nodes":0,"policy_restricted_nodes":0,"threat_infrastructure_nodes":0,"stroke":"#c0d674","fill":"#c0d674","opacity":0.08,"marker_ring":false}},{"type":"Feature","id":"node-density-grid-2:26:94","geometry":{"type":"Polygon","coordinates":[[[94,26],[96,26],[96,28],[94,28],[94,26]]]},"properties":{"name":"2° Density Cell 26,94","kind":"density-grid","grid_size_degrees":2,"point_count":1,"intensity":0.002273,"networks":{"ipv4":1},"statuses":{"Unknown":1},"countries":{"IN":1},"sanctioned_nodes":0,"policy_restricted_nodes":0,"threat_infrastructure_nodes":0,"stroke":"#c0d674","fill":"#c0d674","opacity":0.08,"marker_ring":false}},{"type":"Feature","id":"node-density-grid-2:26:118","geometry":{"type":"Polygon","coordinates":[[[118,26],[120,26],[120,28],[118,28],[118,26]]]},"properties":{"name":"2° Density Cell 26,118","kind":"density-grid","grid_size_degrees":2,"point_count":1,"intensity":0.002273,"networks":{"ipv4":1},"statuses":{"Unknown":1},"countries":{"CN":1},"sanctioned_nodes":0,"policy_restricted_nodes":0,"threat_infrastructure_nodes":0,"stroke":"#c0d674","fill":"#c0d674","opacity":0.08,"marker_ring":false}},{"type":"Feature","id":"node-density-grid-2:26:126","geometry":{"type":"Polygon","coordinates":[[[126,26],[128,26],[128,28],[126,28],[126,26]]]},"properties":{"name":"2° Density Cell 26,126","kind":"density-grid","grid_size_degrees":2,"point_count":1,"intensity":0.002273,"networks":{"ipv4":1},"statuses":{"Unknown":1},"countries":{"JP":1},"sanctioned_nodes":0,"policy_restricted_nodes":0,"threat_infrastructure_nodes":0,"stroke":"#c0d674","fill":"#c0d674","opacity":0.08,"marker_ring":false}},{"type":"Feature","id":"node-density-grid-2:28:-16","geometry":{"type":"Polygon","coordinates":[[[-16,28],[-14,28],[-14,30],[-16,30],[-16,28]]]},"properties":{"name":"2° Density Cell 28,-16","kind":"density-grid","grid_size_degrees":2,"point_count":1,"intensity":0.002273,"networks":{"ipv4":1},"statuses":{"Unknown":1},"countries":{"ES":1},"sanctioned_nodes":0,"policy_restricted_nodes":0,"threat_infrastructure_nodes":0,"stroke":"#c0d674","fill":"#c0d674","opacity":0.08,"marker_ring":false}},{"type":"Feature","id":"node-density-grid-2:28:48","geometry":{"type":"Polygon","coordinates":[[[48,28],[50,28],[50,30],[48,30],[48,28]]]},"properties":{"name":"2° Density Cell 28,48","kind":"density-grid","grid_size_degrees":2,"point_count":1,"intensity":0.002273,"networks":{"ipv4":1},"statuses":{"Unknown":1},"countries":{"KW":1},"sanctioned_nodes":0,"policy_restricted_nodes":0,"threat_infrastructure_nodes":0,"stroke":"#c0d674","fill":"#c0d674","opacity":0.08,"marker_ring":false}},{"type":"Feature","id":"node-density-grid-2:28:76","geometry":{"type":"Polygon","coordinates":[[[76,28],[78,28],[78,30],[76,30],[76,28]]]},"properties":{"name":"2° Density Cell 28,76","kind":"density-grid","grid_size_degrees":2,"point_count":1,"intensity":0.002273,"networks":{"ipv4":1},"statuses":{"Unknown":1},"countries":{"IN":1},"sanctioned_nodes":0,"policy_restricted_nodes":0,"threat_infrastructure_nodes":0,"stroke":"#c0d674","fill":"#c0d674","opacity":0.08,"marker_ring":false}},{"type":"Feature","id":"node-density-grid-2:28:112","geometry":{"type":"Polygon","coordinates":[[[112,28],[114,28],[114,30],[112,30],[112,28]]]},"properties":{"name":"2° Density Cell 28,112","kind":"density-grid","grid_size_degrees":2,"point_count":1,"intensity":0.002273,"networks":{"ipv4":1},"statuses":{"Unknown":1},"countries":{"CN":1},"sanctioned_nodes":0,"policy_restricted_nodes":0,"threat_infrastructure_nodes":0,"stroke":"#c0d674","fill":"#c0d674","opacity":0.08,"marker_ring":false}},{"type":"Feature","id":"node-density-grid-2:28:120","geometry":{"type":"Polygon","coordinates":[[[120,28],[122,28],[122,30],[120,30],[120,28]]]},"properties":{"name":"2° Density Cell 28,120","kind":"density-grid","grid_size_degrees":2,"point_count":1,"intensity":0.002273,"networks":{"ipv4":1},"statuses":{"Unknown":1},"countries":{"CN":1},"sanctioned_nodes":0,"policy_restricted_nodes":0,"threat_infrastructure_nodes":0,"stroke":"#c0d674","fill":"#c0d674","opacity":0.08,"marker_ring":false}},{"type":"Feature","id":"node-density-grid-2:30:-104","geometry":{"type":"Polygon","coordinates":[[[-104,30],[-102,30],[-102,32],[-104,32],[-104,30]]]},"properties":{"name":"2° Density Cell 30,-104","kind":"density-grid","grid_size_degrees":2,"point_count":1,"intensity":0.002273,"networks":{"ipv4":1},"statuses":{"Unknown":1},"countries":{"US":1},"sanctioned_nodes":0,"policy_restricted_nodes":0,"threat_infrastructure_nodes":0,"stroke":"#c0d674","fill":"#c0d674","opacity":0.08,"marker_ring":false}},{"type":"Feature","id":"node-density-grid-2:30:-94","geometry":{"type":"Polygon","coordinates":[[[-94,30],[-92,30],[-92,32],[-94,32],[-94,30]]]},"properties":{"name":"2° Density Cell 30,-94","kind":"density-grid","grid_size_degrees":2,"point_count":1,"intensity":0.002273,"networks":{"ipv4":1},"statuses":{"Unknown":1},"countries":{"US":1},"sanctioned_nodes":0,"policy_restricted_nodes":0,"threat_infrastructure_nodes":0,"stroke":"#c0d674","fill":"#c0d674","opacity":0.08,"marker_ring":false}},{"type":"Feature","id":"node-density-grid-2:30:-88","geometry":{"type":"Polygon","coordinates":[[[-88,30],[-86,30],[-86,32],[-88,32],[-88,30]]]},"properties":{"name":"2° Density Cell 30,-88","kind":"density-grid","grid_size_degrees":2,"point_count":1,"intensity":0.002273,"networks":{"ipv4":1},"statuses":{"Unknown":1},"countries":{"US":1},"sanctioned_nodes":0,"policy_restricted_nodes":0,"threat_infrastructure_nodes":0,"stroke":"#c0d674","fill":"#c0d674","opacity":0.08,"marker_ring":false}},{"type":"Feature","id":"node-density-grid-2:30:-86","geometry":{"type":"Polygon","coordinates":[[[-86,30],[-84,30],[-84,32],[-86,32],[-86,30]]]},"properties":{"name":"2° Density Cell 30,-86","kind":"density-grid","grid_size_degrees":2,"point_count":1,"intensity":0.002273,"networks":{"ipv4":1},"statuses":{"Unknown":1},"countries":{"US":1},"sanctioned_nodes":0,"policy_restricted_nodes":0,"threat_infrastructure_nodes":0,"stroke":"#c0d674","fill":"#c0d674","opacity":0.08,"marker_ring":false}},{"type":"Feature","id":"node-density-grid-2:30:-84","geometry":{"type":"Polygon","coordinates":[[[-84,30],[-82,30],[-82,32],[-84,32],[-84,30]]]},"properties":{"name":"2° Density Cell 30,-84","kind":"density-grid","grid_size_degrees":2,"point_count":1,"intensity":0.002273,"networks":{"ipv4":1},"statuses":{"Unknown":1},"countries":{"US":1},"sanctioned_nodes":0,"policy_restricted_nodes":0,"threat_infrastructure_nodes":0,"stroke":"#c0d674","fill":"#c0d674","opacity":0.08,"marker_ring":false}},{"type":"Feature","id":"node-density-grid-2:32:-104","geometry":{"type":"Polygon","coordinates":[[[-104,32],[-102,32],[-102,34],[-104,34],[-104,32]]]},"properties":{"name":"2° Density Cell 32,-104","kind":"density-grid","grid_size_degrees":2,"point_count":1,"intensity":0.002273,"networks":{"ipv4":1},"statuses":{"Unknown":1},"countries":{"US":1},"sanctioned_nodes":0,"policy_restricted_nodes":0,"threat_infrastructure_nodes":0,"stroke":"#c0d674","fill":"#c0d674","opacity":0.08,"marker_ring":false}},{"type":"Feature","id":"node-density-grid-2:32:-102","geometry":{"type":"Polygon","coordinates":[[[-102,32],[-100,32],[-100,34],[-102,34],[-102,32]]]},"properties":{"name":"2° Density Cell 32,-102","kind":"density-grid","grid_size_degrees":2,"point_count":1,"intensity":0.002273,"networks":{"ipv4":1},"statuses":{"Unknown":1},"countries":{"US":1},"sanctioned_nodes":0,"policy_restricted_nodes":0,"threat_infrastructure_nodes":0,"stroke":"#c0d674","fill":"#c0d674","opacity":0.08,"marker_ring":false}},{"type":"Feature","id":"node-density-grid-2:32:-100","geometry":{"type":"Polygon","coordinates":[[[-100,32],[-98,32],[-98,34],[-100,34],[-100,32]]]},"properties":{"name":"2° Density Cell 32,-100","kind":"density-grid","grid_size_degrees":2,"point_count":1,"intensity":0.002273,"networks":{"ipv4":1},"statuses":{"Unknown":1},"countries":{"US":1},"sanctioned_nodes":0,"policy_restricted_nodes":0,"threat_infrastructure_nodes":0,"stroke":"#c0d674","fill":"#c0d674","opacity":0.08,"marker_ring":false}},{"type":"Feature","id":"node-density-grid-2:32:-90","geometry":{"type":"Polygon","coordinates":[[[-90,32],[-88,32],[-88,34],[-90,34],[-90,32]]]},"properties":{"name":"2° Density Cell 32,-90","kind":"density-grid","grid_size_degrees":2,"point_count":1,"intensity":0.002273,"networks":{"ipv4":1},"statuses":{"Unknown":1},"countries":{"US":1},"sanctioned_nodes":0,"policy_restricted_nodes":0,"threat_infrastructure_nodes":0,"stroke":"#c0d674","fill":"#c0d674","opacity":0.08,"marker_ring":false}},{"type":"Feature","id":"node-density-grid-2:32:-18","geometry":{"type":"Polygon","coordinates":[[[-18,32],[-16,32],[-16,34],[-18,34],[-18,32]]]},"properties":{"name":"2° Density Cell 32,-18","kind":"density-grid","grid_size_degrees":2,"point_count":1,"intensity":0.002273,"networks":{"ipv4":1},"statuses":{"Unknown":1},"countries":{"PT":1},"sanctioned_nodes":0,"policy_restricted_nodes":0,"threat_infrastructure_nodes":0,"stroke":"#c0d674","fill":"#c0d674","opacity":0.08,"marker_ring":false}},{"type":"Feature","id":"node-density-grid-2:32:118","geometry":{"type":"Polygon","coordinates":[[[118,32],[120,32],[120,34],[118,34],[118,32]]]},"properties":{"name":"2° Density Cell 32,118","kind":"density-grid","grid_size_degrees":2,"point_count":1,"intensity":0.002273,"networks":{"ipv4":1},"statuses":{"Unknown":1},"countries":{"CN":1},"sanctioned_nodes":0,"policy_restricted_nodes":0,"threat_infrastructure_nodes":0,"stroke":"#c0d674","fill":"#c0d674","opacity":0.08,"marker_ring":false}},{"type":"Feature","id":"node-density-grid-2:32:130","geometry":{"type":"Polygon","coordinates":[[[130,32],[132,32],[132,34],[130,34],[130,32]]]},"properties":{"name":"2° Density Cell 32,130","kind":"density-grid","grid_size_degrees":2,"point_count":1,"intensity":0.002273,"networks":{"ipv4":1},"statuses":{"Unknown":1},"countries":{"JP":1},"sanctioned_nodes":0,"policy_restricted_nodes":0,"threat_infrastructure_nodes":0,"stroke":"#c0d674","fill":"#c0d674","opacity":0.08,"marker_ring":false}},{"type":"Feature","id":"node-density-grid-2:34:-122","geometry":{"type":"Polygon","coordinates":[[[-122,34],[-120,34],[-120,36],[-122,36],[-122,34]]]},"properties":{"name":"2° Density Cell 34,-122","kind":"density-grid","grid_size_degrees":2,"point_count":1,"intensity":0.002273,"networks":{"ipv4":1},"statuses":{"Unknown":1},"countries":{"US":1},"sanctioned_nodes":0,"policy_restricted_nodes":0,"threat_infrastructure_nodes":0,"stroke":"#c0d674","fill":"#c0d674","opacity":0.08,"marker_ring":false}},{"type":"Feature","id":"node-density-grid-2:34:-114","geometry":{"type":"Polygon","coordinates":[[[-114,34],[-112,34],[-112,36],[-114,36],[-114,34]]]},"properties":{"name":"2° Density Cell 34,-114","kind":"density-grid","grid_size_degrees":2,"point_count":1,"intensity":0.002273,"networks":{"ipv4":1},"statuses":{"Unknown":1},"countries":{"US":1},"sanctioned_nodes":0,"policy_restricted_nodes":0,"threat_infrastructure_nodes":0,"stroke":"#c0d674","fill":"#c0d674","opacity":0.08,"marker_ring":false}},{"type":"Feature","id":"node-density-grid-2:34:-112","geometry":{"type":"Polygon","coordinates":[[[-112,34],[-110,34],[-110,36],[-112,36],[-112,34]]]},"properties":{"name":"2° Density Cell 34,-112","kind":"density-grid","grid_size_degrees":2,"point_count":1,"intensity":0.002273,"networks":{"ipv4":1},"statuses":{"Unknown":1},"countries":{"US":1},"sanctioned_nodes":0,"policy_restricted_nodes":0,"threat_infrastructure_nodes":0,"stroke":"#c0d674","fill":"#c0d674","opacity":0.08,"marker_ring":false}},{"type":"Feature","id":"node-density-grid-2:34:-102","geometry":{"type":"Polygon","coordinates":[[[-102,34],[-100,34],[-100,36],[-102,36],[-102,34]]]},"properties":{"name":"2° Density Cell 34,-102","kind":"density-grid","grid_size_degrees":2,"point_count":1,"intensity":0.002273,"networks":{"ipv4":1},"statuses":{"Unknown":1},"countries":{"US":1},"sanctioned_nodes":0,"policy_restricted_nodes":0,"threat_infrastructure_nodes":0,"stroke":"#c0d674","fill":"#c0d674","opacity":0.08,"marker_ring":false}},{"type":"Feature","id":"node-density-grid-2:34:-96","geometry":{"type":"Polygon","coordinates":[[[-96,34],[-94,34],[-94,36],[-96,36],[-96,34]]]},"properties":{"name":"2° Density Cell 34,-96","kind":"density-grid","grid_size_degrees":2,"point_count":1,"intensity":0.002273,"networks":{"ipv4":1},"statuses":{"Unknown":1},"countries":{"US":1},"sanctioned_nodes":0,"policy_restricted_nodes":0,"threat_infrastructure_nodes":0,"stroke":"#c0d674","fill":"#c0d674","opacity":0.08,"marker_ring":false}},{"type":"Feature","id":"node-density-grid-2:34:-90","geometry":{"type":"Polygon","coordinates":[[[-90,34],[-88,34],[-88,36],[-90,36],[-90,34]]]},"properties":{"name":"2° Density Cell 34,-90","kind":"density-grid","grid_size_degrees":2,"point_count":1,"intensity":0.002273,"networks":{"ipv4":1},"statuses":{"Unknown":1},"countries":{"US":1},"sanctioned_nodes":0,"policy_restricted_nodes":0,"threat_infrastructure_nodes":0,"stroke":"#c0d674","fill":"#c0d674","opacity":0.08,"marker_ring":false}},{"type":"Feature","id":"node-density-grid-2:34:32","geometry":{"type":"Polygon","coordinates":[[[32,34],[34,34],[34,36],[32,36],[32,34]]]},"properties":{"name":"2° Density Cell 34,32","kind":"density-grid","grid_size_degrees":2,"point_count":1,"intensity":0.002273,"networks":{"ipv4":1},"statuses":{"Unknown":1},"countries":{"CY":1},"sanctioned_nodes":0,"policy_restricted_nodes":0,"threat_infrastructure_nodes":0,"stroke":"#c0d674","fill":"#c0d674","opacity":0.08,"marker_ring":false}},{"type":"Feature","id":"node-density-grid-2:34:50","geometry":{"type":"Polygon","coordinates":[[[50,34],[52,34],[52,36],[50,36],[50,34]]]},"properties":{"name":"2° Density Cell 34,50","kind":"density-grid","grid_size_degrees":2,"point_count":1,"intensity":0.002273,"networks":{"ipv4":1},"statuses":{"Unknown":1},"countries":{"IR":1},"sanctioned_nodes":0,"policy_restricted_nodes":0,"threat_infrastructure_nodes":0,"stroke":"#c0d674","fill":"#c0d674","opacity":0.08,"marker_ring":false}},{"type":"Feature","id":"node-density-grid-2:34:140","geometry":{"type":"Polygon","coordinates":[[[140,34],[142,34],[142,36],[140,36],[140,34]]]},"properties":{"name":"2° Density Cell 34,140","kind":"density-grid","grid_size_degrees":2,"point_count":1,"intensity":0.002273,"networks":{"ipv4":1},"statuses":{"Unknown":1},"countries":{"JP":1},"sanctioned_nodes":0,"policy_restricted_nodes":0,"threat_infrastructure_nodes":0,"stroke":"#c0d674","fill":"#c0d674","opacity":0.08,"marker_ring":false}},{"type":"Feature","id":"node-density-grid-2:36:-106","geometry":{"type":"Polygon","coordinates":[[[-106,36],[-104,36],[-104,38],[-106,38],[-106,36]]]},"properties":{"name":"2° Density Cell 36,-106","kind":"density-grid","grid_size_degrees":2,"point_count":1,"intensity":0.002273,"networks":{"ipv4":1},"statuses":{"Unknown":1},"countries":{"US":1},"sanctioned_nodes":0,"policy_restricted_nodes":0,"threat_infrastructure_nodes":0,"stroke":"#c0d674","fill":"#c0d674","opacity":0.08,"marker_ring":false}},{"type":"Feature","id":"node-density-grid-2:36:-100","geometry":{"type":"Polygon","coordinates":[[[-100,36],[-98,36],[-98,38],[-100,38],[-100,36]]]},"properties":{"name":"2° Density Cell 36,-100","kind":"density-grid","grid_size_degrees":2,"point_count":1,"intensity":0.002273,"networks":{"ipv4":1},"statuses":{"Unknown":1},"countries":{"US":1},"sanctioned_nodes":0,"policy_restricted_nodes":0,"threat_infrastructure_nodes":0,"stroke":"#c0d674","fill":"#c0d674","opacity":0.08,"marker_ring":false}},{"type":"Feature","id":"node-density-grid-2:36:-98","geometry":{"type":"Polygon","coordinates":[[[-98,36],[-96,36],[-96,38],[-98,38],[-98,36]]]},"properties":{"name":"2° Density Cell 36,-98","kind":"density-grid","grid_size_degrees":2,"point_count":1,"intensity":0.002273,"networks":{"ipv4":1},"statuses":{"Unknown":1},"countries":{"US":1},"sanctioned_nodes":0,"policy_restricted_nodes":0,"threat_infrastructure_nodes":0,"stroke":"#c0d674","fill":"#c0d674","opacity":0.08,"marker_ring":false}},{"type":"Feature","id":"node-density-grid-2:36:-84","geometry":{"type":"Polygon","coordinates":[[[-84,36],[-82,36],[-82,38],[-84,38],[-84,36]]]},"properties":{"name":"2° Density Cell 36,-84","kind":"density-grid","grid_size_degrees":2,"point_count":1,"intensity":0.002273,"networks":{"ipv4":1},"statuses":{"Unknown":1},"countries":{"US":1},"sanctioned_nodes":0,"policy_restricted_nodes":0,"threat_infrastructure_nodes":0,"stroke":"#c0d674","fill":"#c0d674","opacity":0.08,"marker_ring":false}},{"type":"Feature","id":"node-density-grid-2:36:-6","geometry":{"type":"Polygon","coordinates":[[[-6,36],[-4,36],[-4,38],[-6,38],[-6,36]]]},"properties":{"name":"2° Density Cell 36,-6","kind":"density-grid","grid_size_degrees":2,"point_count":1,"intensity":0.002273,"networks":{"ipv4":1},"statuses":{"Unknown":1},"countries":{"ES":1},"sanctioned_nodes":0,"policy_restricted_nodes":0,"threat_infrastructure_nodes":0,"stroke":"#c0d674","fill":"#c0d674","opacity":0.08,"marker_ring":false}},{"type":"Feature","id":"node-density-grid-2:36:6","geometry":{"type":"Polygon","coordinates":[[[6,36],[8,36],[8,38],[6,38],[6,36]]]},"properties":{"name":"2° Density Cell 36,6","kind":"density-grid","grid_size_degrees":2,"point_count":1,"intensity":0.002273,"networks":{"ipv4":1},"statuses":{"Unknown":1},"countries":{"DZ":1},"sanctioned_nodes":0,"policy_restricted_nodes":0,"threat_infrastructure_nodes":0,"stroke":"#c0d674","fill":"#c0d674","opacity":0.08,"marker_ring":false}},{"type":"Feature","id":"node-density-grid-2:36:34","geometry":{"type":"Polygon","coordinates":[[[34,36],[36,36],[36,38],[34,38],[34,36]]]},"properties":{"name":"2° Density Cell 36,34","kind":"density-grid","grid_size_degrees":2,"point_count":1,"intensity":0.002273,"networks":{"ipv4":1},"statuses":{"Unknown":1},"countries":{"TR":1},"sanctioned_nodes":0,"policy_restricted_nodes":0,"threat_infrastructure_nodes":0,"stroke":"#c0d674","fill":"#c0d674","opacity":0.08,"marker_ring":false}},{"type":"Feature","id":"node-density-grid-2:36:120","geometry":{"type":"Polygon","coordinates":[[[120,36],[122,36],[122,38],[120,38],[120,36]]]},"properties":{"name":"2° Density Cell 36,120","kind":"density-grid","grid_size_degrees":2,"point_count":1,"intensity":0.002273,"networks":{"ipv4":1},"statuses":{"Unknown":1},"countries":{"CN":1},"sanctioned_nodes":0,"policy_restricted_nodes":0,"threat_infrastructure_nodes":0,"stroke":"#c0d674","fill":"#c0d674","opacity":0.08,"marker_ring":false}},{"type":"Feature","id":"node-density-grid-2:36:128","geometry":{"type":"Polygon","coordinates":[[[128,36],[130,36],[130,38],[128,38],[128,36]]]},"properties":{"name":"2° Density Cell 36,128","kind":"density-grid","grid_size_degrees":2,"point_count":1,"intensity":0.002273,"networks":{"ipv4":1},"statuses":{"Unknown":1},"countries":{"KR":1},"sanctioned_nodes":0,"policy_restricted_nodes":0,"threat_infrastructure_nodes":0,"stroke":"#c0d674","fill":"#c0d674","opacity":0.08,"marker_ring":false}},{"type":"Feature","id":"node-density-grid-2:36:138","geometry":{"type":"Polygon","coordinates":[[[138,36],[140,36],[140,38],[138,38],[138,36]]]},"properties":{"name":"2° Density Cell 36,138","kind":"density-grid","grid_size_degrees":2,"point_count":1,"intensity":0.002273,"networks":{"ipv4":1},"statuses":{"Unknown":1},"countries":{"JP":1},"sanctioned_nodes":0,"policy_restricted_nodes":0,"threat_infrastructure_nodes":0,"stroke":"#c0d674","fill":"#c0d674","opacity":0.08,"marker_ring":false}},{"type":"Feature","id":"node-density-grid-2:38:-112","geometry":{"type":"Polygon","coordinates":[[[-112,38],[-110,38],[-110,40],[-112,40],[-112,38]]]},"properties":{"name":"2° Density Cell 38,-112","kind":"density-grid","grid_size_degrees":2,"point_count":1,"intensity":0.002273,"networks":{"ipv4":1},"statuses":{"Unknown":1},"countries":{"US":1},"sanctioned_nodes":0,"policy_restricted_nodes":0,"threat_infrastructure_nodes":0,"stroke":"#c0d674","fill":"#c0d674","opacity":0.08,"marker_ring":false}},{"type":"Feature","id":"node-density-grid-2:38:-88","geometry":{"type":"Polygon","coordinates":[[[-88,38],[-86,38],[-86,40],[-88,40],[-88,38]]]},"properties":{"name":"2° Density Cell 38,-88","kind":"density-grid","grid_size_degrees":2,"point_count":1,"intensity":0.002273,"networks":{"ipv4":1},"statuses":{"Unknown":1},"countries":{"US":1},"sanctioned_nodes":0,"policy_restricted_nodes":0,"threat_infrastructure_nodes":0,"stroke":"#c0d674","fill":"#c0d674","opacity":0.08,"marker_ring":false}},{"type":"Feature","id":"node-density-grid-2:38:-80","geometry":{"type":"Polygon","coordinates":[[[-80,38],[-78,38],[-78,40],[-80,40],[-80,38]]]},"properties":{"name":"2° Density Cell 38,-80","kind":"density-grid","grid_size_degrees":2,"point_count":1,"intensity":0.002273,"networks":{"ipv4":1},"statuses":{"Unknown":1},"countries":{"US":1},"sanctioned_nodes":0,"policy_restricted_nodes":0,"threat_infrastructure_nodes":0,"stroke":"#c0d674","fill":"#c0d674","opacity":0.08,"marker_ring":false}},{"type":"Feature","id":"node-density-grid-2:38:32","geometry":{"type":"Polygon","coordinates":[[[32,38],[34,38],[34,40],[32,40],[32,38]]]},"properties":{"name":"2° Density Cell 38,32","kind":"density-grid","grid_size_degrees":2,"point_count":1,"intensity":0.002273,"networks":{"ipv4":1},"statuses":{"Unknown":1},"countries":{"TR":1},"sanctioned_nodes":0,"policy_restricted_nodes":0,"threat_infrastructure_nodes":0,"stroke":"#c0d674","fill":"#c0d674","opacity":0.08,"marker_ring":false}},{"type":"Feature","id":"node-density-grid-2:38:116","geometry":{"type":"Polygon","coordinates":[[[116,38],[118,38],[118,40],[116,40],[116,38]]]},"properties":{"name":"2° Density Cell 38,116","kind":"density-grid","grid_size_degrees":2,"point_count":1,"intensity":0.002273,"networks":{"ipv4":1},"statuses":{"Unknown":1},"countries":{"CN":1},"sanctioned_nodes":0,"policy_restricted_nodes":0,"threat_infrastructure_nodes":0,"stroke":"#c0d674","fill":"#c0d674","opacity":0.08,"marker_ring":false}},{"type":"Feature","id":"node-density-grid-2:40:-126","geometry":{"type":"Polygon","coordinates":[[[-126,40],[-124,40],[-124,42],[-126,42],[-126,40]]]},"properties":{"name":"2° Density Cell 40,-126","kind":"density-grid","grid_size_degrees":2,"point_count":1,"intensity":0.002273,"networks":{"ipv4":1},"statuses":{"Unknown":1},"countries":{"US":1},"sanctioned_nodes":0,"policy_restricted_nodes":0,"threat_infrastructure_nodes":0,"stroke":"#c0d674","fill":"#c0d674","opacity":0.08,"marker_ring":false}},{"type":"Feature","id":"node-density-grid-2:40:-124","geometry":{"type":"Polygon","coordinates":[[[-124,40],[-122,40],[-122,42],[-124,42],[-124,40]]]},"properties":{"name":"2° Density Cell 40,-124","kind":"density-grid","grid_size_degrees":2,"point_count":1,"intensity":0.002273,"networks":{"ipv4":1},"statuses":{"Unknown":1},"countries":{"US":1},"sanctioned_nodes":0,"policy_restricted_nodes":0,"threat_infrastructure_nodes":0,"stroke":"#c0d674","fill":"#c0d674","opacity":0.08,"marker_ring":false}},{"type":"Feature","id":"node-density-grid-2:40:-110","geometry":{"type":"Polygon","coordinates":[[[-110,40],[-108,40],[-108,42],[-110,42],[-110,40]]]},"properties":{"name":"2° Density Cell 40,-110","kind":"density-grid","grid_size_degrees":2,"point_count":1,"intensity":0.002273,"networks":{"ipv4":1},"statuses":{"Unknown":1},"countries":{"US":1},"sanctioned_nodes":0,"policy_restricted_nodes":0,"threat_infrastructure_nodes":0,"stroke":"#c0d674","fill":"#c0d674","opacity":0.08,"marker_ring":false}},{"type":"Feature","id":"node-density-grid-2:40:-6","geometry":{"type":"Polygon","coordinates":[[[-6,40],[-4,40],[-4,42],[-6,42],[-6,40]]]},"properties":{"name":"2° Density Cell 40,-6","kind":"density-grid","grid_size_degrees":2,"point_count":1,"intensity":0.002273,"networks":{"ipv4":1},"statuses":{"Unknown":1},"countries":{"ES":1},"sanctioned_nodes":0,"policy_restricted_nodes":0,"threat_infrastructure_nodes":0,"stroke":"#c0d674","fill":"#c0d674","opacity":0.08,"marker_ring":false}},{"type":"Feature","id":"node-density-grid-2:40:8","geometry":{"type":"Polygon","coordinates":[[[8,40],[10,40],[10,42],[8,42],[8,40]]]},"properties":{"name":"2° Density Cell 40,8","kind":"density-grid","grid_size_degrees":2,"point_count":1,"intensity":0.002273,"networks":{"ipv4":1},"statuses":{"Unknown":1},"countries":{"FR":1},"sanctioned_nodes":0,"policy_restricted_nodes":0,"threat_infrastructure_nodes":0,"stroke":"#c0d674","fill":"#c0d674","opacity":0.08,"marker_ring":false}},{"type":"Feature","id":"node-density-grid-2:40:16","geometry":{"type":"Polygon","coordinates":[[[16,40],[18,40],[18,42],[16,42],[16,40]]]},"properties":{"name":"2° Density Cell 40,16","kind":"density-grid","grid_size_degrees":2,"point_count":1,"intensity":0.002273,"networks":{"ipv4":1},"statuses":{"Unknown":1},"countries":{"IT":1},"sanctioned_nodes":0,"policy_restricted_nodes":0,"threat_infrastructure_nodes":0,"stroke":"#c0d674","fill":"#c0d674","opacity":0.08,"marker_ring":false}},{"type":"Feature","id":"node-density-grid-2:40:24","geometry":{"type":"Polygon","coordinates":[[[24,40],[26,40],[26,42],[24,42],[24,40]]]},"properties":{"name":"2° Density Cell 40,24","kind":"density-grid","grid_size_degrees":2,"point_count":1,"intensity":0.002273,"networks":{"ipv4":1},"statuses":{"Unknown":1},"countries":{"BG":1},"sanctioned_nodes":0,"policy_restricted_nodes":0,"threat_infrastructure_nodes":0,"stroke":"#c0d674","fill":"#c0d674","opacity":0.08,"marker_ring":false}},{"type":"Feature","id":"node-density-grid-2:42:-98","geometry":{"type":"Polygon","coordinates":[[[-98,42],[-96,42],[-96,44],[-98,44],[-98,42]]]},"properties":{"name":"2° Density Cell 42,-98","kind":"density-grid","grid_size_degrees":2,"point_count":1,"intensity":0.002273,"networks":{"ipv4":1},"statuses":{"Unknown":1},"countries":{"US":1},"sanctioned_nodes":0,"policy_restricted_nodes":0,"threat_infrastructure_nodes":0,"stroke":"#c0d674","fill":"#c0d674","opacity":0.08,"marker_ring":false}},{"type":"Feature","id":"node-density-grid-2:42:-10","geometry":{"type":"Polygon","coordinates":[[[-10,42],[-8,42],[-8,44],[-10,44],[-10,42]]]},"properties":{"name":"2° Density Cell 42,-10","kind":"density-grid","grid_size_degrees":2,"point_count":1,"intensity":0.002273,"networks":{"ipv4":1},"statuses":{"Unknown":1},"countries":{"ES":1},"sanctioned_nodes":0,"policy_restricted_nodes":0,"threat_infrastructure_nodes":0,"stroke":"#c0d674","fill":"#c0d674","opacity":0.08,"marker_ring":false}},{"type":"Feature","id":"node-density-grid-2:42:-6","geometry":{"type":"Polygon","coordinates":[[[-6,42],[-4,42],[-4,44],[-6,44],[-6,42]]]},"properties":{"name":"2° Density Cell 42,-6","kind":"density-grid","grid_size_degrees":2,"point_count":1,"intensity":0.002273,"networks":{"ipv4":1},"statuses":{"Unknown":1},"countries":{"ES":1},"sanctioned_nodes":0,"policy_restricted_nodes":0,"threat_infrastructure_nodes":0,"stroke":"#c0d674","fill":"#c0d674","opacity":0.08,"marker_ring":false}},{"type":"Feature","id":"node-density-grid-2:42:-4","geometry":{"type":"Polygon","coordinates":[[[-4,42],[-2,42],[-2,44],[-4,44],[-4,42]]]},"properties":{"name":"2° Density Cell 42,-4","kind":"density-grid","grid_size_degrees":2,"point_count":1,"intensity":0.002273,"networks":{"ipv4":1},"statuses":{"Unknown":1},"countries":{"ES":1},"sanctioned_nodes":0,"policy_restricted_nodes":0,"threat_infrastructure_nodes":0,"stroke":"#c0d674","fill":"#c0d674","opacity":0.08,"marker_ring":false}},{"type":"Feature","id":"node-density-grid-2:42:-2","geometry":{"type":"Polygon","coordinates":[[[-2,42],[0,42],[0,44],[-2,44],[-2,42]]]},"properties":{"name":"2° Density Cell 42,-2","kind":"density-grid","grid_size_degrees":2,"point_count":1,"intensity":0.002273,"networks":{"ipv4":1},"statuses":{"Unknown":1},"countries":{"ES":1},"sanctioned_nodes":0,"policy_restricted_nodes":0,"threat_infrastructure_nodes":0,"stroke":"#c0d674","fill":"#c0d674","opacity":0.08,"marker_ring":false}},{"type":"Feature","id":"node-density-grid-2:42:0","geometry":{"type":"Polygon","coordinates":[[[0,42],[2,42],[2,44],[0,44],[0,42]]]},"properties":{"name":"2° Density Cell 42,0","kind":"density-grid","grid_size_degrees":2,"point_count":1,"intensity":0.002273,"networks":{"ipv4":1},"statuses":{"Unknown":1},"countries":{"AD":1},"sanctioned_nodes":0,"policy_restricted_nodes":0,"threat_infrastructure_nodes":0,"stroke":"#c0d674","fill":"#c0d674","opacity":0.08,"marker_ring":false}},{"type":"Feature","id":"node-density-grid-2:42:16","geometry":{"type":"Polygon","coordinates":[[[16,42],[18,42],[18,44],[16,44],[16,42]]]},"properties":{"name":"2° Density Cell 42,16","kind":"density-grid","grid_size_degrees":2,"point_count":1,"intensity":0.002273,"networks":{"ipv4":1},"statuses":{"Unknown":1},"countries":{"HR":1},"sanctioned_nodes":0,"policy_restricted_nodes":0,"threat_infrastructure_nodes":0,"stroke":"#c0d674","fill":"#c0d674","opacity":0.08,"marker_ring":false}},{"type":"Feature","id":"node-density-grid-2:42:24","geometry":{"type":"Polygon","coordinates":[[[24,42],[26,42],[26,44],[24,44],[24,42]]]},"properties":{"name":"2° Density Cell 42,24","kind":"density-grid","grid_size_degrees":2,"point_count":1,"intensity":0.002273,"networks":{"ipv4":1},"statuses":{"Unknown":1},"countries":{"BG":1},"sanctioned_nodes":0,"policy_restricted_nodes":0,"threat_infrastructure_nodes":0,"stroke":"#c0d674","fill":"#c0d674","opacity":0.08,"marker_ring":false}},{"type":"Feature","id":"node-density-grid-2:44:-118","geometry":{"type":"Polygon","coordinates":[[[-118,44],[-116,44],[-116,46],[-118,46],[-118,44]]]},"properties":{"name":"2° Density Cell 44,-118","kind":"density-grid","grid_size_degrees":2,"point_count":1,"intensity":0.002273,"networks":{"ipv4":1},"statuses":{"Unknown":1},"countries":{"US":1},"sanctioned_nodes":0,"policy_restricted_nodes":0,"threat_infrastructure_nodes":0,"stroke":"#c0d674","fill":"#c0d674","opacity":0.08,"marker_ring":false}},{"type":"Feature","id":"node-density-grid-2:44:-112","geometry":{"type":"Polygon","coordinates":[[[-112,44],[-110,44],[-110,46],[-112,46],[-112,44]]]},"properties":{"name":"2° Density Cell 44,-112","kind":"density-grid","grid_size_degrees":2,"point_count":1,"intensity":0.002273,"networks":{"ipv4":1},"statuses":{"Unknown":1},"countries":{"US":1},"sanctioned_nodes":0,"policy_restricted_nodes":0,"threat_infrastructure_nodes":0,"stroke":"#c0d674","fill":"#c0d674","opacity":0.08,"marker_ring":false}},{"type":"Feature","id":"node-density-grid-2:44:-98","geometry":{"type":"Polygon","coordinates":[[[-98,44],[-96,44],[-96,46],[-98,46],[-98,44]]]},"properties":{"name":"2° Density Cell 44,-98","kind":"density-grid","grid_size_degrees":2,"point_count":1,"intensity":0.002273,"networks":{"ipv4":1},"statuses":{"Unknown":1},"countries":{"US":1},"sanctioned_nodes":0,"policy_restricted_nodes":0,"threat_infrastructure_nodes":0,"stroke":"#c0d674","fill":"#c0d674","opacity":0.08,"marker_ring":false}},{"type":"Feature","id":"node-density-grid-2:44:-96","geometry":{"type":"Polygon","coordinates":[[[-96,44],[-94,44],[-94,46],[-96,46],[-96,44]]]},"properties":{"name":"2° Density Cell 44,-96","kind":"density-grid","grid_size_degrees":2,"point_count":1,"intensity":0.002273,"networks":{"ipv4":1},"statuses":{"Unknown":1},"countries":{"US":1},"sanctioned_nodes":0,"policy_restricted_nodes":0,"threat_infrastructure_nodes":0,"stroke":"#c0d674","fill":"#c0d674","opacity":0.08,"marker_ring":false}},{"type":"Feature","id":"node-density-grid-2:44:-90","geometry":{"type":"Polygon","coordinates":[[[-90,44],[-88,44],[-88,46],[-90,46],[-90,44]]]},"properties":{"name":"2° Density Cell 44,-90","kind":"density-grid","grid_size_degrees":2,"point_count":1,"intensity":0.002273,"networks":{"ipv4":1},"statuses":{"Unknown":1},"countries":{"US":1},"sanctioned_nodes":0,"policy_restricted_nodes":0,"threat_infrastructure_nodes":0,"stroke":"#c0d674","fill":"#c0d674","opacity":0.08,"marker_ring":false}},{"type":"Feature","id":"node-density-grid-2:44:0","geometry":{"type":"Polygon","coordinates":[[[0,44],[2,44],[2,46],[0,46],[0,44]]]},"properties":{"name":"2° Density Cell 44,0","kind":"density-grid","grid_size_degrees":2,"point_count":1,"intensity":0.002273,"networks":{"ipv4":1},"statuses":{"Unknown":1},"countries":{"FR":1},"sanctioned_nodes":0,"policy_restricted_nodes":0,"threat_infrastructure_nodes":0,"stroke":"#c0d674","fill":"#c0d674","opacity":0.08,"marker_ring":false}},{"type":"Feature","id":"node-density-grid-2:44:6","geometry":{"type":"Polygon","coordinates":[[[6,44],[8,44],[8,46],[6,46],[6,44]]]},"properties":{"name":"2° Density Cell 44,6","kind":"density-grid","grid_size_degrees":2,"point_count":1,"intensity":0.002273,"networks":{"ipv4":1},"statuses":{"Unknown":1},"countries":{"IT":1},"sanctioned_nodes":0,"policy_restricted_nodes":0,"threat_infrastructure_nodes":0,"stroke":"#c0d674","fill":"#c0d674","opacity":0.08,"marker_ring":false}},{"type":"Feature","id":"node-density-grid-2:44:12","geometry":{"type":"Polygon","coordinates":[[[12,44],[14,44],[14,46],[12,46],[12,44]]]},"properties":{"name":"2° Density Cell 44,12","kind":"density-grid","grid_size_degrees":2,"point_count":1,"intensity":0.002273,"networks":{"ipv4":1},"statuses":{"Unknown":1},"countries":{"IT":1},"sanctioned_nodes":0,"policy_restricted_nodes":0,"threat_infrastructure_nodes":0,"stroke":"#c0d674","fill":"#c0d674","opacity":0.08,"marker_ring":false}},{"type":"Feature","id":"node-density-grid-2:44:18","geometry":{"type":"Polygon","coordinates":[[[18,44],[20,44],[20,46],[18,46],[18,44]]]},"properties":{"name":"2° Density Cell 44,18","kind":"density-grid","grid_size_degrees":2,"point_count":1,"intensity":0.002273,"networks":{"ipv4":1},"statuses":{"Unknown":1},"countries":{"RS":1},"sanctioned_nodes":0,"policy_restricted_nodes":0,"threat_infrastructure_nodes":0,"stroke":"#c0d674","fill":"#c0d674","opacity":0.08,"marker_ring":false}},{"type":"Feature","id":"node-density-grid-2:44:38","geometry":{"type":"Polygon","coordinates":[[[38,44],[40,44],[40,46],[38,46],[38,44]]]},"properties":{"name":"2° Density Cell 44,38","kind":"density-grid","grid_size_degrees":2,"point_count":1,"intensity":0.002273,"networks":{"ipv4":1},"statuses":{"Unknown":1},"countries":{"RU":1},"sanctioned_nodes":0,"policy_restricted_nodes":0,"threat_infrastructure_nodes":0,"stroke":"#c0d674","fill":"#c0d674","opacity":0.08,"marker_ring":false}},{"type":"Feature","id":"node-density-grid-2:46:-112","geometry":{"type":"Polygon","coordinates":[[[-112,46],[-110,46],[-110,48],[-112,48],[-112,46]]]},"properties":{"name":"2° Density Cell 46,-112","kind":"density-grid","grid_size_degrees":2,"point_count":1,"intensity":0.002273,"networks":{"ipv4":1},"statuses":{"Unknown":1},"countries":{"US":1},"sanctioned_nodes":0,"policy_restricted_nodes":0,"threat_infrastructure_nodes":0,"stroke":"#c0d674","fill":"#c0d674","opacity":0.08,"marker_ring":false}},{"type":"Feature","id":"node-density-grid-2:46:-104","geometry":{"type":"Polygon","coordinates":[[[-104,46],[-102,46],[-102,48],[-104,48],[-104,46]]]},"properties":{"name":"2° Density Cell 46,-104","kind":"density-grid","grid_size_degrees":2,"point_count":1,"intensity":0.002273,"networks":{"ipv4":1},"statuses":{"Unknown":1},"countries":{"US":1},"sanctioned_nodes":0,"policy_restricted_nodes":0,"threat_infrastructure_nodes":0,"stroke":"#c0d674","fill":"#c0d674","opacity":0.08,"marker_ring":false}},{"type":"Feature","id":"node-density-grid-2:46:-102","geometry":{"type":"Polygon","coordinates":[[[-102,46],[-100,46],[-100,48],[-102,48],[-102,46]]]},"properties":{"name":"2° Density Cell 46,-102","kind":"density-grid","grid_size_degrees":2,"point_count":1,"intensity":0.002273,"networks":{"ipv4":1},"statuses":{"Unknown":1},"countries":{"US":1},"sanctioned_nodes":0,"policy_restricted_nodes":0,"threat_infrastructure_nodes":0,"stroke":"#c0d674","fill":"#c0d674","opacity":0.08,"marker_ring":false}},{"type":"Feature","id":"node-density-grid-2:46:-98","geometry":{"type":"Polygon","coordinates":[[[-98,46],[-96,46],[-96,48],[-98,48],[-98,46]]]},"properties":{"name":"2° Density Cell 46,-98","kind":"density-grid","grid_size_degrees":2,"point_count":1,"intensity":0.002273,"networks":{"ipv4":1},"statuses":{"Unknown":1},"countries":{"US":1},"sanctioned_nodes":0,"policy_restricted_nodes":0,"threat_infrastructure_nodes":0,"stroke":"#c0d674","fill":"#c0d674","opacity":0.08,"marker_ring":false}},{"type":"Feature","id":"node-density-grid-2:46:-88","geometry":{"type":"Polygon","coordinates":[[[-88,46],[-86,46],[-86,48],[-88,48],[-88,46]]]},"properties":{"name":"2° Density Cell 46,-88","kind":"density-grid","grid_size_degrees":2,"point_count":1,"intensity":0.002273,"networks":{"ipv4":1},"statuses":{"Unknown":1},"countries":{"US":1},"sanctioned_nodes":0,"policy_restricted_nodes":0,"threat_infrastructure_nodes":0,"stroke":"#c0d674","fill":"#c0d674","opacity":0.08,"marker_ring":false}},{"type":"Feature","id":"node-density-grid-2:46:-72","geometry":{"type":"Polygon","coordinates":[[[-72,46],[-70,46],[-70,48],[-72,48],[-72,46]]]},"properties":{"name":"2° Density Cell 46,-72","kind":"density-grid","grid_size_degrees":2,"point_count":1,"intensity":0.002273,"networks":{"ipv4":1},"statuses":{"Unknown":1},"countries":{"CA":1},"sanctioned_nodes":0,"policy_restricted_nodes":0,"threat_infrastructure_nodes":0,"stroke":"#c0d674","fill":"#c0d674","opacity":0.08,"marker_ring":false}},{"type":"Feature","id":"node-density-grid-2:46:-68","geometry":{"type":"Polygon","coordinates":[[[-68,46],[-66,46],[-66,48],[-68,48],[-68,46]]]},"properties":{"name":"2° Density Cell 46,-68","kind":"density-grid","grid_size_degrees":2,"point_count":1,"intensity":0.002273,"networks":{"ipv4":1},"statuses":{"Unknown":1},"countries":{"CA":1},"sanctioned_nodes":0,"policy_restricted_nodes":0,"threat_infrastructure_nodes":0,"stroke":"#c0d674","fill":"#c0d674","opacity":0.08,"marker_ring":false}},{"type":"Feature","id":"node-density-grid-2:46:-62","geometry":{"type":"Polygon","coordinates":[[[-62,46],[-60,46],[-60,48],[-62,48],[-62,46]]]},"properties":{"name":"2° Density Cell 46,-62","kind":"density-grid","grid_size_degrees":2,"point_count":1,"intensity":0.002273,"networks":{"ipv4":1},"statuses":{"Unknown":1},"countries":{"CA":1},"sanctioned_nodes":0,"policy_restricted_nodes":0,"threat_infrastructure_nodes":0,"stroke":"#c0d674","fill":"#c0d674","opacity":0.08,"marker_ring":false}},{"type":"Feature","id":"node-density-grid-2:46:-54","geometry":{"type":"Polygon","coordinates":[[[-54,46],[-52,46],[-52,48],[-54,48],[-54,46]]]},"properties":{"name":"2° Density Cell 46,-54","kind":"density-grid","grid_size_degrees":2,"point_count":1,"intensity":0.002273,"networks":{"ipv4":1},"statuses":{"Unknown":1},"countries":{"CA":1},"sanctioned_nodes":0,"policy_restricted_nodes":0,"threat_infrastructure_nodes":0,"stroke":"#c0d674","fill":"#c0d674","opacity":0.08,"marker_ring":false}},{"type":"Feature","id":"node-density-grid-2:46:-4","geometry":{"type":"Polygon","coordinates":[[[-4,46],[-2,46],[-2,48],[-4,48],[-4,46]]]},"properties":{"name":"2° Density Cell 46,-4","kind":"density-grid","grid_size_degrees":2,"point_count":1,"intensity":0.002273,"networks":{"ipv4":1},"statuses":{"Unknown":1},"countries":{"FR":1},"sanctioned_nodes":0,"policy_restricted_nodes":0,"threat_infrastructure_nodes":0,"stroke":"#c0d674","fill":"#c0d674","opacity":0.08,"marker_ring":false}},{"type":"Feature","id":"node-density-grid-2:46:0","geometry":{"type":"Polygon","coordinates":[[[0,46],[2,46],[2,48],[0,48],[0,46]]]},"properties":{"name":"2° Density Cell 46,0","kind":"density-grid","grid_size_degrees":2,"point_count":1,"intensity":0.002273,"networks":{"ipv4":1},"statuses":{"Unknown":1},"countries":{"FR":1},"sanctioned_nodes":0,"policy_restricted_nodes":0,"threat_infrastructure_nodes":0,"stroke":"#c0d674","fill":"#c0d674","opacity":0.08,"marker_ring":false}},{"type":"Feature","id":"node-density-grid-2:46:16","geometry":{"type":"Polygon","coordinates":[[[16,46],[18,46],[18,48],[16,48],[16,46]]]},"properties":{"name":"2° Density Cell 46,16","kind":"density-grid","grid_size_degrees":2,"point_count":1,"intensity":0.002273,"networks":{"ipv4":1},"statuses":{"Unknown":1},"countries":{"HR":1},"sanctioned_nodes":0,"policy_restricted_nodes":0,"threat_infrastructure_nodes":0,"stroke":"#c0d674","fill":"#c0d674","opacity":0.08,"marker_ring":false}},{"type":"Feature","id":"node-density-grid-2:46:26","geometry":{"type":"Polygon","coordinates":[[[26,46],[28,46],[28,48],[26,48],[26,46]]]},"properties":{"name":"2° Density Cell 46,26","kind":"density-grid","grid_size_degrees":2,"point_count":1,"intensity":0.002273,"networks":{"ipv4":1},"statuses":{"Unknown":1},"countries":{"RO":1},"sanctioned_nodes":0,"policy_restricted_nodes":0,"threat_infrastructure_nodes":0,"stroke":"#c0d674","fill":"#c0d674","opacity":0.08,"marker_ring":false}},{"type":"Feature","id":"node-density-grid-2:46:32","geometry":{"type":"Polygon","coordinates":[[[32,46],[34,46],[34,48],[32,48],[32,46]]]},"properties":{"name":"2° Density Cell 46,32","kind":"density-grid","grid_size_degrees":2,"point_count":1,"intensity":0.002273,"networks":{"ipv4":1},"statuses":{"Unknown":1},"countries":{"UA":1},"sanctioned_nodes":0,"policy_restricted_nodes":0,"threat_infrastructure_nodes":0,"stroke":"#c0d674","fill":"#c0d674","opacity":0.08,"marker_ring":false}},{"type":"Feature","id":"node-density-grid-2:48:-126","geometry":{"type":"Polygon","coordinates":[[[-126,48],[-124,48],[-124,50],[-126,50],[-126,48]]]},"properties":{"name":"2° Density Cell 48,-126","kind":"density-grid","grid_size_degrees":2,"point_count":1,"intensity":0.002273,"networks":{"ipv4":1},"statuses":{"Unknown":1},"countries":{"CA":1},"sanctioned_nodes":0,"policy_restricted_nodes":0,"threat_infrastructure_nodes":0,"stroke":"#c0d674","fill":"#c0d674","opacity":0.08,"marker_ring":false}},{"type":"Feature","id":"node-density-grid-2:48:-122","geometry":{"type":"Polygon","coordinates":[[[-122,48],[-120,48],[-120,50],[-122,50],[-122,48]]]},"properties":{"name":"2° Density Cell 48,-122","kind":"density-grid","grid_size_degrees":2,"point_count":1,"intensity":0.002273,"networks":{"ipv4":1},"statuses":{"Unknown":1},"countries":{"CA":1},"sanctioned_nodes":0,"policy_restricted_nodes":0,"threat_infrastructure_nodes":0,"stroke":"#c0d674","fill":"#c0d674","opacity":0.08,"marker_ring":false}},{"type":"Feature","id":"node-density-grid-2:48:-96","geometry":{"type":"Polygon","coordinates":[[[-96,48],[-94,48],[-94,50],[-96,50],[-96,48]]]},"properties":{"name":"2° Density Cell 48,-96","kind":"density-grid","grid_size_degrees":2,"point_count":1,"intensity":0.002273,"networks":{"ipv4":1},"statuses":{"Unknown":1},"countries":{"US":1},"sanctioned_nodes":0,"policy_restricted_nodes":0,"threat_infrastructure_nodes":0,"stroke":"#c0d674","fill":"#c0d674","opacity":0.08,"marker_ring":false}},{"type":"Feature","id":"node-density-grid-2:48:-70","geometry":{"type":"Polygon","coordinates":[[[-70,48],[-68,48],[-68,50],[-70,50],[-70,48]]]},"properties":{"name":"2° Density Cell 48,-70","kind":"density-grid","grid_size_degrees":2,"point_count":1,"intensity":0.002273,"networks":{"ipv4":1},"statuses":{"Unknown":1},"countries":{"CA":1},"sanctioned_nodes":0,"policy_restricted_nodes":0,"threat_infrastructure_nodes":0,"stroke":"#c0d674","fill":"#c0d674","opacity":0.08,"marker_ring":false}},{"type":"Feature","id":"node-density-grid-2:48:4","geometry":{"type":"Polygon","coordinates":[[[4,48],[6,48],[6,50],[4,50],[4,48]]]},"properties":{"name":"2° Density Cell 48,4","kind":"density-grid","grid_size_degrees":2,"point_count":1,"intensity":0.002273,"networks":{"ipv4":1},"statuses":{"Unknown":1},"countries":{"LU":1},"sanctioned_nodes":0,"policy_restricted_nodes":0,"threat_infrastructure_nodes":0,"stroke":"#c0d674","fill":"#c0d674","opacity":0.08,"marker_ring":false}},{"type":"Feature","id":"node-density-grid-2:48:24","geometry":{"type":"Polygon","coordinates":[[[24,48],[26,48],[26,50],[24,50],[24,48]]]},"properties":{"name":"2° Density Cell 48,24","kind":"density-grid","grid_size_degrees":2,"point_count":1,"intensity":0.002273,"networks":{"ipv4":1},"statuses":{"Unknown":1},"countries":{"UA":1},"sanctioned_nodes":0,"policy_restricted_nodes":0,"threat_infrastructure_nodes":0,"stroke":"#c0d674","fill":"#c0d674","opacity":0.08,"marker_ring":false}},{"type":"Feature","id":"node-density-grid-2:48:28","geometry":{"type":"Polygon","coordinates":[[[28,48],[30,48],[30,50],[28,50],[28,48]]]},"properties":{"name":"2° Density Cell 48,28","kind":"density-grid","grid_size_degrees":2,"point_count":1,"intensity":0.002273,"networks":{"ipv4":1},"statuses":{"Unknown":1},"countries":{"UA":1},"sanctioned_nodes":0,"policy_restricted_nodes":0,"threat_infrastructure_nodes":0,"stroke":"#c0d674","fill":"#c0d674","opacity":0.08,"marker_ring":false}},{"type":"Feature","id":"node-density-grid-2:50:-122","geometry":{"type":"Polygon","coordinates":[[[-122,50],[-120,50],[-120,52],[-122,52],[-122,50]]]},"properties":{"name":"2° Density Cell 50,-122","kind":"density-grid","grid_size_degrees":2,"point_count":1,"intensity":0.002273,"networks":{"ipv4":1},"statuses":{"Unknown":1},"countries":{"CA":1},"sanctioned_nodes":0,"policy_restricted_nodes":0,"threat_infrastructure_nodes":0,"stroke":"#c0d674","fill":"#c0d674","opacity":0.08,"marker_ring":false}},{"type":"Feature","id":"node-density-grid-2:50:-106","geometry":{"type":"Polygon","coordinates":[[[-106,50],[-104,50],[-104,52],[-106,52],[-106,50]]]},"properties":{"name":"2° Density Cell 50,-106","kind":"density-grid","grid_size_degrees":2,"point_count":1,"intensity":0.002273,"networks":{"ipv4":1},"statuses":{"Unknown":1},"countries":{"CA":1},"sanctioned_nodes":0,"policy_restricted_nodes":0,"threat_infrastructure_nodes":0,"stroke":"#c0d674","fill":"#c0d674","opacity":0.08,"marker_ring":false}},{"type":"Feature","id":"node-density-grid-2:50:-94","geometry":{"type":"Polygon","coordinates":[[[-94,50],[-92,50],[-92,52],[-94,52],[-94,50]]]},"properties":{"name":"2° Density Cell 50,-94","kind":"density-grid","grid_size_degrees":2,"point_count":1,"intensity":0.002273,"networks":{"ipv4":1},"statuses":{"Unknown":1},"countries":{"CA":1},"sanctioned_nodes":0,"policy_restricted_nodes":0,"threat_infrastructure_nodes":0,"stroke":"#c0d674","fill":"#c0d674","opacity":0.08,"marker_ring":false}},{"type":"Feature","id":"node-density-grid-2:52:-10","geometry":{"type":"Polygon","coordinates":[[[-10,52],[-8,52],[-8,54],[-10,54],[-10,52]]]},"properties":{"name":"2° Density Cell 52,-10","kind":"density-grid","grid_size_degrees":2,"point_count":1,"intensity":0.002273,"networks":{"ipv4":1},"statuses":{"Unknown":1},"countries":{"IE":1},"sanctioned_nodes":0,"policy_restricted_nodes":0,"threat_infrastructure_nodes":0,"stroke":"#c0d674","fill":"#c0d674","opacity":0.08,"marker_ring":false}},{"type":"Feature","id":"node-density-grid-2:52:14","geometry":{"type":"Polygon","coordinates":[[[14,52],[16,52],[16,54],[14,54],[14,52]]]},"properties":{"name":"2° Density Cell 52,14","kind":"density-grid","grid_size_degrees":2,"point_count":1,"intensity":0.002273,"networks":{"ipv4":1},"statuses":{"Unknown":1},"countries":{"DE":1},"sanctioned_nodes":0,"policy_restricted_nodes":0,"threat_infrastructure_nodes":0,"stroke":"#c0d674","fill":"#c0d674","opacity":0.08,"marker_ring":false}},{"type":"Feature","id":"node-density-grid-2:52:22","geometry":{"type":"Polygon","coordinates":[[[22,52],[24,52],[24,54],[22,54],[22,52]]]},"properties":{"name":"2° Density Cell 52,22","kind":"density-grid","grid_size_degrees":2,"point_count":1,"intensity":0.002273,"networks":{"ipv4":1},"statuses":{"Unknown":1},"countries":{"BY":1},"sanctioned_nodes":0,"policy_restricted_nodes":0,"threat_infrastructure_nodes":0,"stroke":"#c0d674","fill":"#c0d674","opacity":0.08,"marker_ring":false}},{"type":"Feature","id":"node-density-grid-2:52:34","geometry":{"type":"Polygon","coordinates":[[[34,52],[36,52],[36,54],[34,54],[34,52]]]},"properties":{"name":"2° Density Cell 52,34","kind":"density-grid","grid_size_degrees":2,"point_count":1,"intensity":0.002273,"networks":{"ipv4":1},"statuses":{"Unknown":1},"countries":{"RU":1},"sanctioned_nodes":0,"policy_restricted_nodes":0,"threat_infrastructure_nodes":0,"stroke":"#c0d674","fill":"#c0d674","opacity":0.08,"marker_ring":false}},{"type":"Feature","id":"node-density-grid-2:52:40","geometry":{"type":"Polygon","coordinates":[[[40,52],[42,52],[42,54],[40,54],[40,52]]]},"properties":{"name":"2° Density Cell 52,40","kind":"density-grid","grid_size_degrees":2,"point_count":1,"intensity":0.002273,"networks":{"ipv4":1},"statuses":{"Unknown":1},"countries":{"RU":1},"sanctioned_nodes":0,"policy_restricted_nodes":0,"threat_infrastructure_nodes":0,"stroke":"#c0d674","fill":"#c0d674","opacity":0.08,"marker_ring":false}},{"type":"Feature","id":"node-density-grid-2:52:58","geometry":{"type":"Polygon","coordinates":[[[58,52],[60,52],[60,54],[58,54],[58,52]]]},"properties":{"name":"2° Density Cell 52,58","kind":"density-grid","grid_size_degrees":2,"point_count":1,"intensity":0.002273,"networks":{"ipv4":1},"statuses":{"Unknown":1},"countries":{"RU":1},"sanctioned_nodes":0,"policy_restricted_nodes":0,"threat_infrastructure_nodes":0,"stroke":"#c0d674","fill":"#c0d674","opacity":0.08,"marker_ring":false}},{"type":"Feature","id":"node-density-grid-2:52:104","geometry":{"type":"Polygon","coordinates":[[[104,52],[106,52],[106,54],[104,54],[104,52]]]},"properties":{"name":"2° Density Cell 52,104","kind":"density-grid","grid_size_degrees":2,"point_count":1,"intensity":0.002273,"networks":{"ipv4":1},"statuses":{"Unknown":1},"countries":{"RU":1},"sanctioned_nodes":0,"policy_restricted_nodes":0,"threat_infrastructure_nodes":0,"stroke":"#c0d674","fill":"#c0d674","opacity":0.08,"marker_ring":false}},{"type":"Feature","id":"node-density-grid-2:54:-10","geometry":{"type":"Polygon","coordinates":[[[-10,54],[-8,54],[-8,56],[-10,56],[-10,54]]]},"properties":{"name":"2° Density Cell 54,-10","kind":"density-grid","grid_size_degrees":2,"point_count":1,"intensity":0.002273,"networks":{"ipv4":1},"statuses":{"Unknown":1},"countries":{"IE":1},"sanctioned_nodes":0,"policy_restricted_nodes":0,"threat_infrastructure_nodes":0,"stroke":"#c0d674","fill":"#c0d674","opacity":0.08,"marker_ring":false}},{"type":"Feature","id":"node-density-grid-2:54:-4","geometry":{"type":"Polygon","coordinates":[[[-4,54],[-2,54],[-2,56],[-4,56],[-4,54]]]},"properties":{"name":"2° Density Cell 54,-4","kind":"density-grid","grid_size_degrees":2,"point_count":1,"intensity":0.002273,"networks":{"ipv4":1},"statuses":{"Unknown":1},"countries":{"GB":1},"sanctioned_nodes":0,"policy_restricted_nodes":0,"threat_infrastructure_nodes":0,"stroke":"#c0d674","fill":"#c0d674","opacity":0.08,"marker_ring":false}},{"type":"Feature","id":"node-density-grid-2:54:-2","geometry":{"type":"Polygon","coordinates":[[[-2,54],[0,54],[0,56],[-2,56],[-2,54]]]},"properties":{"name":"2° Density Cell 54,-2","kind":"density-grid","grid_size_degrees":2,"point_count":1,"intensity":0.002273,"networks":{"ipv4":1},"statuses":{"Unknown":1},"countries":{"GB":1},"sanctioned_nodes":0,"policy_restricted_nodes":0,"threat_infrastructure_nodes":0,"stroke":"#c0d674","fill":"#c0d674","opacity":0.08,"marker_ring":false}},{"type":"Feature","id":"node-density-grid-2:54:72","geometry":{"type":"Polygon","coordinates":[[[72,54],[74,54],[74,56],[72,56],[72,54]]]},"properties":{"name":"2° Density Cell 54,72","kind":"density-grid","grid_size_degrees":2,"point_count":1,"intensity":0.002273,"networks":{"ipv4":1},"statuses":{"Unknown":1},"countries":{"RU":1},"sanctioned_nodes":0,"policy_restricted_nodes":0,"threat_infrastructure_nodes":0,"stroke":"#c0d674","fill":"#c0d674","opacity":0.08,"marker_ring":false}},{"type":"Feature","id":"node-density-grid-2:54:86","geometry":{"type":"Polygon","coordinates":[[[86,54],[88,54],[88,56],[86,56],[86,54]]]},"properties":{"name":"2° Density Cell 54,86","kind":"density-grid","grid_size_degrees":2,"point_count":1,"intensity":0.002273,"networks":{"ipv4":1},"statuses":{"Unknown":1},"countries":{"RU":1},"sanctioned_nodes":0,"policy_restricted_nodes":0,"threat_infrastructure_nodes":0,"stroke":"#c0d674","fill":"#c0d674","opacity":0.08,"marker_ring":false}},{"type":"Feature","id":"node-density-grid-2:54:124","geometry":{"type":"Polygon","coordinates":[[[124,54],[126,54],[126,56],[124,56],[124,54]]]},"properties":{"name":"2° Density Cell 54,124","kind":"density-grid","grid_size_degrees":2,"point_count":1,"intensity":0.002273,"networks":{"ipv4":1},"statuses":{"Unknown":1},"countries":{"RU":1},"sanctioned_nodes":0,"policy_restricted_nodes":0,"threat_infrastructure_nodes":0,"stroke":"#c0d674","fill":"#c0d674","opacity":0.08,"marker_ring":false}},{"type":"Feature","id":"node-density-grid-2:56:-112","geometry":{"type":"Polygon","coordinates":[[[-112,56],[-110,56],[-110,58],[-112,58],[-112,56]]]},"properties":{"name":"2° Density Cell 56,-112","kind":"density-grid","grid_size_degrees":2,"point_count":1,"intensity":0.002273,"networks":{"ipv4":1},"statuses":{"Unknown":1},"countries":{"CA":1},"sanctioned_nodes":0,"policy_restricted_nodes":0,"threat_infrastructure_nodes":0,"stroke":"#c0d674","fill":"#c0d674","opacity":0.08,"marker_ring":false}},{"type":"Feature","id":"node-density-grid-2:56:8","geometry":{"type":"Polygon","coordinates":[[[8,56],[10,56],[10,58],[8,58],[8,56]]]},"properties":{"name":"2° Density Cell 56,8","kind":"density-grid","grid_size_degrees":2,"point_count":1,"intensity":0.002273,"networks":{"ipv4":1},"statuses":{"Unknown":1},"countries":{"DK":1},"sanctioned_nodes":0,"policy_restricted_nodes":0,"threat_infrastructure_nodes":0,"stroke":"#c0d674","fill":"#c0d674","opacity":0.08,"marker_ring":false}},{"type":"Feature","id":"node-density-grid-2:56:14","geometry":{"type":"Polygon","coordinates":[[[14,56],[16,56],[16,58],[14,58],[14,56]]]},"properties":{"name":"2° Density Cell 56,14","kind":"density-grid","grid_size_degrees":2,"point_count":1,"intensity":0.002273,"networks":{"ipv4":1},"statuses":{"Unknown":1},"countries":{"SE":1},"sanctioned_nodes":0,"policy_restricted_nodes":0,"threat_infrastructure_nodes":0,"stroke":"#c0d674","fill":"#c0d674","opacity":0.08,"marker_ring":false}},{"type":"Feature","id":"node-density-grid-2:56:34","geometry":{"type":"Polygon","coordinates":[[[34,56],[36,56],[36,58],[34,58],[34,56]]]},"properties":{"name":"2° Density Cell 56,34","kind":"density-grid","grid_size_degrees":2,"point_count":1,"intensity":0.002273,"networks":{"ipv4":1},"statuses":{"Unknown":1},"countries":{"RU":1},"sanctioned_nodes":0,"policy_restricted_nodes":0,"threat_infrastructure_nodes":0,"stroke":"#c0d674","fill":"#c0d674","opacity":0.08,"marker_ring":false}},{"type":"Feature","id":"node-density-grid-2:56:36","geometry":{"type":"Polygon","coordinates":[[[36,56],[38,56],[38,58],[36,58],[36,56]]]},"properties":{"name":"2° Density Cell 56,36","kind":"density-grid","grid_size_degrees":2,"point_count":1,"intensity":0.002273,"networks":{"ipv4":1},"statuses":{"Unknown":1},"countries":{"RU":1},"sanctioned_nodes":0,"policy_restricted_nodes":0,"threat_infrastructure_nodes":0,"stroke":"#c0d674","fill":"#c0d674","opacity":0.08,"marker_ring":false}},{"type":"Feature","id":"node-density-grid-2:56:44","geometry":{"type":"Polygon","coordinates":[[[44,56],[46,56],[46,58],[44,58],[44,56]]]},"properties":{"name":"2° Density Cell 56,44","kind":"density-grid","grid_size_degrees":2,"point_count":1,"intensity":0.002273,"networks":{"ipv4":1},"statuses":{"Unknown":1},"countries":{"RU":1},"sanctioned_nodes":0,"policy_restricted_nodes":0,"threat_infrastructure_nodes":0,"stroke":"#c0d674","fill":"#c0d674","opacity":0.08,"marker_ring":false}},{"type":"Feature","id":"node-density-grid-2:56:52","geometry":{"type":"Polygon","coordinates":[[[52,56],[54,56],[54,58],[52,58],[52,56]]]},"properties":{"name":"2° Density Cell 56,52","kind":"density-grid","grid_size_degrees":2,"point_count":1,"intensity":0.002273,"networks":{"ipv4":1},"statuses":{"Unknown":1},"countries":{"RU":1},"sanctioned_nodes":0,"policy_restricted_nodes":0,"threat_infrastructure_nodes":0,"stroke":"#c0d674","fill":"#c0d674","opacity":0.08,"marker_ring":false}},{"type":"Feature","id":"node-density-grid-2:58:-120","geometry":{"type":"Polygon","coordinates":[[[-120,58],[-118,58],[-118,60],[-120,60],[-120,58]]]},"properties":{"name":"2° Density Cell 58,-120","kind":"density-grid","grid_size_degrees":2,"point_count":1,"intensity":0.002273,"networks":{"ipv4":1},"statuses":{"Unknown":1},"countries":{"CA":1},"sanctioned_nodes":0,"policy_restricted_nodes":0,"threat_infrastructure_nodes":0,"stroke":"#c0d674","fill":"#c0d674","opacity":0.08,"marker_ring":false}},{"type":"Feature","id":"node-density-grid-2:58:6","geometry":{"type":"Polygon","coordinates":[[[6,58],[8,58],[8,60],[6,60],[6,58]]]},"properties":{"name":"2° Density Cell 58,6","kind":"density-grid","grid_size_degrees":2,"point_count":1,"intensity":0.002273,"networks":{"ipv4":1},"statuses":{"Unknown":1},"countries":{"NO":1},"sanctioned_nodes":0,"policy_restricted_nodes":0,"threat_infrastructure_nodes":0,"stroke":"#c0d674","fill":"#c0d674","opacity":0.08,"marker_ring":false}},{"type":"Feature","id":"node-density-grid-2:58:8","geometry":{"type":"Polygon","coordinates":[[[8,58],[10,58],[10,60],[8,60],[8,58]]]},"properties":{"name":"2° Density Cell 58,8","kind":"density-grid","grid_size_degrees":2,"point_count":1,"intensity":0.002273,"networks":{"ipv4":1},"statuses":{"Unknown":1},"countries":{"NO":1},"sanctioned_nodes":0,"policy_restricted_nodes":0,"threat_infrastructure_nodes":0,"stroke":"#c0d674","fill":"#c0d674","opacity":0.08,"marker_ring":false}},{"type":"Feature","id":"node-density-grid-2:58:48","geometry":{"type":"Polygon","coordinates":[[[48,58],[50,58],[50,60],[48,60],[48,58]]]},"properties":{"name":"2° Density Cell 58,48","kind":"density-grid","grid_size_degrees":2,"point_count":1,"intensity":0.002273,"networks":{"ipv4":1},"statuses":{"Unknown":1},"countries":{"RU":1},"sanctioned_nodes":0,"policy_restricted_nodes":0,"threat_infrastructure_nodes":0,"stroke":"#c0d674","fill":"#c0d674","opacity":0.08,"marker_ring":false}},{"type":"Feature","id":"node-density-grid-2:60:-150","geometry":{"type":"Polygon","coordinates":[[[-150,60],[-148,60],[-148,62],[-150,62],[-150,60]]]},"properties":{"name":"2° Density Cell 60,-150","kind":"density-grid","grid_size_degrees":2,"point_count":1,"intensity":0.002273,"networks":{"ipv4":1},"statuses":{"Unknown":1},"countries":{"US":1},"sanctioned_nodes":0,"policy_restricted_nodes":0,"threat_infrastructure_nodes":0,"stroke":"#c0d674","fill":"#c0d674","opacity":0.08,"marker_ring":false}},{"type":"Feature","id":"node-density-grid-2:60:-148","geometry":{"type":"Polygon","coordinates":[[[-148,60],[-146,60],[-146,62],[-148,62],[-148,60]]]},"properties":{"name":"2° Density Cell 60,-148","kind":"density-grid","grid_size_degrees":2,"point_count":1,"intensity":0.002273,"networks":{"ipv4":1},"statuses":{"Unknown":1},"countries":{"US":1},"sanctioned_nodes":0,"policy_restricted_nodes":0,"threat_infrastructure_nodes":0,"stroke":"#c0d674","fill":"#c0d674","opacity":0.08,"marker_ring":false}},{"type":"Feature","id":"node-density-grid-2:60:10","geometry":{"type":"Polygon","coordinates":[[[10,60],[12,60],[12,62],[10,62],[10,60]]]},"properties":{"name":"2° Density Cell 60,10","kind":"density-grid","grid_size_degrees":2,"point_count":1,"intensity":0.002273,"networks":{"ipv4":1},"statuses":{"Unknown":1},"countries":{"NO":1},"sanctioned_nodes":0,"policy_restricted_nodes":0,"threat_infrastructure_nodes":0,"stroke":"#c0d674","fill":"#c0d674","opacity":0.08,"marker_ring":false}},{"type":"Feature","id":"node-density-grid-2:60:16","geometry":{"type":"Polygon","coordinates":[[[16,60],[18,60],[18,62],[16,62],[16,60]]]},"properties":{"name":"2° Density Cell 60,16","kind":"density-grid","grid_size_degrees":2,"point_count":1,"intensity":0.002273,"networks":{"ipv4":1},"statuses":{"Unknown":1},"countries":{"SE":1},"sanctioned_nodes":0,"policy_restricted_nodes":0,"threat_infrastructure_nodes":0,"stroke":"#c0d674","fill":"#c0d674","opacity":0.08,"marker_ring":false}},{"type":"Feature","id":"node-density-grid-2:60:22","geometry":{"type":"Polygon","coordinates":[[[22,60],[24,60],[24,62],[22,62],[22,60]]]},"properties":{"name":"2° Density Cell 60,22","kind":"density-grid","grid_size_degrees":2,"point_count":1,"intensity":0.002273,"networks":{"ipv4":1},"statuses":{"Unknown":1},"countries":{"FI":1},"sanctioned_nodes":0,"policy_restricted_nodes":0,"threat_infrastructure_nodes":0,"stroke":"#c0d674","fill":"#c0d674","opacity":0.08,"marker_ring":false}},{"type":"Feature","id":"node-density-grid-2:62:-8","geometry":{"type":"Polygon","coordinates":[[[-8,62],[-6,62],[-6,64],[-8,64],[-8,62]]]},"properties":{"name":"2° Density Cell 62,-8","kind":"density-grid","grid_size_degrees":2,"point_count":1,"intensity":0.002273,"networks":{"ipv4":1},"statuses":{"Unknown":1},"countries":{"FO":1},"sanctioned_nodes":0,"policy_restricted_nodes":0,"threat_infrastructure_nodes":0,"stroke":"#c0d674","fill":"#c0d674","opacity":0.08,"marker_ring":false}},{"type":"Feature","id":"node-density-grid-2:62:20","geometry":{"type":"Polygon","coordinates":[[[20,62],[22,62],[22,64],[20,64],[20,62]]]},"properties":{"name":"2° Density Cell 62,20","kind":"density-grid","grid_size_degrees":2,"point_count":1,"intensity":0.002273,"networks":{"ipv4":1},"statuses":{"Unknown":1},"countries":{"SE":1},"sanctioned_nodes":0,"policy_restricted_nodes":0,"threat_infrastructure_nodes":0,"stroke":"#c0d674","fill":"#c0d674","opacity":0.08,"marker_ring":false}},{"type":"Feature","id":"node-density-grid-2:62:24","geometry":{"type":"Polygon","coordinates":[[[24,62],[26,62],[26,64],[24,64],[24,62]]]},"properties":{"name":"2° Density Cell 62,24","kind":"density-grid","grid_size_degrees":2,"point_count":1,"intensity":0.002273,"networks":{"ipv4":1},"statuses":{"Unknown":1},"countries":{"FI":1},"sanctioned_nodes":0,"policy_restricted_nodes":0,"threat_infrastructure_nodes":0,"stroke":"#c0d674","fill":"#c0d674","opacity":0.08,"marker_ring":false}},{"type":"Feature","id":"node-density-grid-2:64:-24","geometry":{"type":"Polygon","coordinates":[[[-24,64],[-22,64],[-22,66],[-24,66],[-24,64]]]},"properties":{"name":"2° Density Cell 64,-24","kind":"density-grid","grid_size_degrees":2,"point_count":1,"intensity":0.002273,"networks":{"ipv4":1},"statuses":{"Unknown":1},"countries":{"IS":1},"sanctioned_nodes":0,"policy_restricted_nodes":0,"threat_infrastructure_nodes":0,"stroke":"#c0d674","fill":"#c0d674","opacity":0.08,"marker_ring":false}},{"type":"Feature","id":"node-density-grid-2:64:10","geometry":{"type":"Polygon","coordinates":[[[10,64],[12,64],[12,66],[10,66],[10,64]]]},"properties":{"name":"2° Density Cell 64,10","kind":"density-grid","grid_size_degrees":2,"point_count":1,"intensity":0.002273,"networks":{"ipv4":1},"statuses":{"Unknown":1},"countries":{"NO":1},"sanctioned_nodes":0,"policy_restricted_nodes":0,"threat_infrastructure_nodes":0,"stroke":"#c0d674","fill":"#c0d674","opacity":0.08,"marker_ring":false}},{"type":"Feature","id":"node-density-grid-2:64:24","geometry":{"type":"Polygon","coordinates":[[[24,64],[26,64],[26,66],[24,66],[24,64]]]},"properties":{"name":"2° Density Cell 64,24","kind":"density-grid","grid_size_degrees":2,"point_count":1,"intensity":0.002273,"networks":{"ipv4":1},"statuses":{"Unknown":1},"countries":{"FI":1},"sanctioned_nodes":0,"policy_restricted_nodes":0,"threat_infrastructure_nodes":0,"stroke":"#c0d674","fill":"#c0d674","opacity":0.08,"marker_ring":false}},{"type":"Feature","id":"node-density-grid-2:70:22","geometry":{"type":"Polygon","coordinates":[[[22,70],[24,70],[24,72],[22,72],[22,70]]]},"properties":{"name":"2° Density Cell 70,22","kind":"density-grid","grid_size_degrees":2,"point_count":1,"intensity":0.002273,"networks":{"ipv4":1},"statuses":{"Unknown":1},"countries":{"NO":1},"sanctioned_nodes":0,"policy_restricted_nodes":0,"threat_infrastructure_nodes":0,"stroke":"#c0d674","fill":"#c0d674","opacity":0.08,"marker_ring":false}},{"type":"Feature","id":"country-footprint:US","geometry":{"type":"Polygon","coordinates":[[[-109.02036546391753,26.53037222222222],[-85.02036546391753,26.53037222222222],[-85.02036546391753,50.53037222222222],[-109.02036546391753,50.53037222222222],[-109.02036546391753,26.53037222222222]]]},"properties":{"name":"US Node Footprint","kind":"country-footprint","country":"US","point_count":1746,"center_latitude":38.53037222222222,"center_longitude":-97.02036546391753,"sanctioned_nodes":0,"policy_restricted_nodes":0,"threat_infrastructure_nodes":0,"stroke":"#e6a42b","fill":"#e6a42b","opacity":0.12,"marker_ring":false}},{"type":"Feature","id":"country-footprint:DE","geometry":{"type":"Polygon","coordinates":[[[5.197063788221971,46.23837582106455],[14.90111378822197,46.23837582106455],[14.90111378822197,54.24127582106455],[5.197063788221971,54.24127582106455],[5.197063788221971,46.23837582106455]]]},"properties":{"name":"DE Node Footprint","kind":"country-footprint","country":"DE","point_count":883,"center_latitude":50.23982582106455,"center_longitude":10.04908878822197,"sanctioned_nodes":0,"policy_restricted_nodes":0,"threat_infrastructure_nodes":0,"stroke":"#e6a42b","fill":"#e6a42b","opacity":0.12,"marker_ring":false}},{"type":"Feature","id":"country-footprint:CA","geometry":{"type":"Polygon","coordinates":[[[-97.27805876623377,37.08868311688312],[-73.27805876623377,37.08868311688312],[-73.27805876623377,55.01528311688311],[-97.27805876623377,55.01528311688311],[-97.27805876623377,37.08868311688312]]]},"properties":{"name":"CA Node Footprint","kind":"country-footprint","country":"CA","point_count":308,"center_latitude":46.051983116883115,"center_longitude":-85.27805876623377,"sanctioned_nodes":0,"policy_restricted_nodes":0,"threat_infrastructure_nodes":0,"stroke":"#e6a42b","fill":"#e6a42b","opacity":0.12,"marker_ring":false}},{"type":"Feature","id":"country-footprint:NL","geometry":{"type":"Polygon","coordinates":[[[2.7653577876106192,50.33981194690266],[7.240187787610618,50.33981194690266],[7.240187787610618,54.31891194690266],[2.7653577876106192,54.31891194690266],[2.7653577876106192,50.33981194690266]]]},"properties":{"name":"NL Node Footprint","kind":"country-footprint","country":"NL","point_count":226,"center_latitude":52.32936194690266,"center_longitude":5.002772787610619,"sanctioned_nodes":0,"policy_restricted_nodes":0,"threat_infrastructure_nodes":0,"stroke":"#e6a42b","fill":"#e6a42b","opacity":0.12,"marker_ring":false}},{"type":"Feature","id":"country-footprint:GB","geometry":{"type":"Polygon","coordinates":[[[-3.5982729774566473,48.98524826589595],[2.7220270225433523,48.98524826589595],[2.7220270225433523,54.43654826589595],[-3.5982729774566473,54.43654826589595],[-3.5982729774566473,48.98524826589595]]]},"properties":{"name":"GB Node Footprint","kind":"country-footprint","country":"GB","point_count":173,"center_latitude":51.71089826589595,"center_longitude":-0.4381229774566474,"sanctioned_nodes":0,"policy_restricted_nodes":0,"threat_infrastructure_nodes":0,"stroke":"#e6a42b","fill":"#e6a42b","opacity":0.12,"marker_ring":false}},{"type":"Feature","id":"country-footprint:AU","geometry":{"type":"Polygon","coordinates":[[[135.00196341463413,-45.594443902439025],[159.00196341463413,-45.594443902439025],[159.00196341463413,-21.594443902439025],[135.00196341463413,-21.594443902439025],[135.00196341463413,-45.594443902439025]]]},"properties":{"name":"AU Node Footprint","kind":"country-footprint","country":"AU","point_count":164,"center_latitude":-33.594443902439025,"center_longitude":147.00196341463413,"sanctioned_nodes":0,"policy_restricted_nodes":0,"threat_infrastructure_nodes":0,"stroke":"#e6a42b","fill":"#e6a42b","opacity":0.12,"marker_ring":false}},{"type":"Feature","id":"country-footprint:FR","geometry":{"type":"Polygon","coordinates":[[[-4.743057924528302,42.93810283018868],[10.154962075471698,42.93810283018868],[10.154962075471698,53.723002830188676],[-4.743057924528302,53.723002830188676],[-4.743057924528302,42.93810283018868]]]},"properties":{"name":"FR Node Footprint","kind":"country-footprint","country":"FR","point_count":159,"center_latitude":48.33055283018868,"center_longitude":2.705952075471698,"sanctioned_nodes":0,"policy_restricted_nodes":0,"threat_infrastructure_nodes":0,"stroke":"#e6a42b","fill":"#e6a42b","opacity":0.12,"marker_ring":false}},{"type":"Feature","id":"country-footprint:SG","geometry":{"type":"Polygon","coordinates":[[[102.80841322314049,0.34010586776859486],[104.80841322314049,0.34010586776859486],[104.80841322314049,2.340105867768595],[102.80841322314049,2.340105867768595],[102.80841322314049,0.34010586776859486]]]},"properties":{"name":"SG Node Footprint","kind":"country-footprint","country":"SG","point_count":121,"center_latitude":1.3401058677685949,"center_longitude":103.80841322314049,"sanctioned_nodes":0,"policy_restricted_nodes":0,"threat_infrastructure_nodes":0,"stroke":"#e6a42b","fill":"#e6a42b","opacity":0.12,"marker_ring":false}},{"type":"Feature","id":"country-footprint:KR","geometry":{"type":"Polygon","coordinates":[[[125.25170796460178,35.29968097345133],[128.8577079646018,35.29968097345133],[128.8577079646018,39.375180973451336],[125.25170796460178,39.375180973451336],[125.25170796460178,35.29968097345133]]]},"properties":{"name":"KR Node Footprint","kind":"country-footprint","country":"KR","point_count":113,"center_latitude":37.33743097345133,"center_longitude":127.05470796460177,"sanctioned_nodes":0,"policy_restricted_nodes":0,"threat_infrastructure_nodes":0,"stroke":"#e6a42b","fill":"#e6a42b","opacity":0.12,"marker_ring":false}},{"type":"Feature","id":"country-footprint:CH","geometry":{"type":"Polygon","coordinates":[[[5.200505740740741,45.550524074074076],[10.686155740740741,45.550524074074076],[10.686155740740741,48.607124074074065],[5.200505740740741,48.607124074074065],[5.200505740740741,45.550524074074076]]]},"properties":{"name":"CH Node Footprint","kind":"country-footprint","country":"CH","point_count":108,"center_latitude":47.07882407407407,"center_longitude":7.943330740740741,"sanctioned_nodes":0,"policy_restricted_nodes":0,"threat_infrastructure_nodes":0,"stroke":"#e6a42b","fill":"#e6a42b","opacity":0.12,"marker_ring":false}},{"type":"Feature","id":"country-footprint:JP","geometry":{"type":"Polygon","coordinates":[[[131.50477722772277,29.629653465346536],[145.3237772277228,29.629653465346536],[145.3237772277228,40.998653465346536],[131.50477722772277,40.998653465346536],[131.50477722772277,29.629653465346536]]]},"properties":{"name":"JP Node Footprint","kind":"country-footprint","country":"JP","point_count":101,"center_latitude":35.314153465346536,"center_longitude":138.41427722772278,"sanctioned_nodes":0,"policy_restricted_nodes":0,"threat_infrastructure_nodes":0,"stroke":"#e6a42b","fill":"#e6a42b","opacity":0.12,"marker_ring":false}},{"type":"Feature","id":"country-footprint:FI","geometry":{"type":"Polygon","coordinates":[[[21.5663975,57.202214999999995],[28.987297499999997,57.202214999999995],[28.987297499999997,63.54881499999999],[21.5663975,63.54881499999999],[21.5663975,57.202214999999995]]]},"properties":{"name":"FI Node Footprint","kind":"country-footprint","country":"FI","point_count":80,"center_latitude":60.37551499999999,"center_longitude":25.2768475,"sanctioned_nodes":0,"policy_restricted_nodes":0,"threat_infrastructure_nodes":0,"stroke":"#e6a42b","fill":"#e6a42b","opacity":0.12,"marker_ring":false}},{"type":"Feature","id":"country-footprint:RU","geometry":{"type":"Polygon","coordinates":[[[32.69861369863013,47.86198835616439],[56.69861369863013,47.86198835616439],[56.69861369863013,64.89208835616438],[32.69861369863013,64.89208835616438],[32.69861369863013,47.86198835616439]]]},"properties":{"name":"RU Node Footprint","kind":"country-footprint","country":"RU","point_count":73,"center_latitude":56.377038356164384,"center_longitude":44.69861369863013,"sanctioned_nodes":0,"policy_restricted_nodes":0,"threat_infrastructure_nodes":0,"stroke":"#e6a42b","fill":"#e6a42b","opacity":0.12,"marker_ring":false}},{"type":"Feature","id":"country-footprint:SE","geometry":{"type":"Polygon","coordinates":[[[11.259416153846153,53.44668923076924],[22.866116153846157,53.44668923076924],[22.866116153846157,65.00148923076924],[11.259416153846153,65.00148923076924],[11.259416153846153,53.44668923076924]]]},"properties":{"name":"SE Node Footprint","kind":"country-footprint","country":"SE","point_count":65,"center_latitude":59.22408923076924,"center_longitude":17.062766153846155,"sanctioned_nodes":0,"policy_restricted_nodes":0,"threat_infrastructure_nodes":0,"stroke":"#e6a42b","fill":"#e6a42b","opacity":0.12,"marker_ring":false}},{"type":"Feature","id":"country-footprint:HK","geometry":{"type":"Polygon","coordinates":[[[113.16573333333332,21.327598333333334],[115.16573333333332,21.327598333333334],[115.16573333333332,23.327598333333334],[113.16573333333332,23.327598333333334],[113.16573333333332,21.327598333333334]]]},"properties":{"name":"HK Node Footprint","kind":"country-footprint","country":"HK","point_count":60,"center_latitude":22.327598333333334,"center_longitude":114.16573333333332,"sanctioned_nodes":0,"policy_restricted_nodes":0,"threat_infrastructure_nodes":0,"stroke":"#e6a42b","fill":"#e6a42b","opacity":0.12,"marker_ring":false}},{"type":"Feature","id":"country-footprint:BR","geometry":{"type":"Polygon","coordinates":[[[-55.53324528301887,-31.07282924528302],[-38.93824528301887,-31.07282924528302],[-38.93824528301887,-15.45252924528302],[-55.53324528301887,-15.45252924528302],[-55.53324528301887,-31.07282924528302]]]},"properties":{"name":"BR Node Footprint","kind":"country-footprint","country":"BR","point_count":53,"center_latitude":-23.26267924528302,"center_longitude":-47.23574528301887,"sanctioned_nodes":0,"policy_restricted_nodes":0,"threat_infrastructure_nodes":0,"stroke":"#e6a42b","fill":"#e6a42b","opacity":0.12,"marker_ring":false}},{"type":"Feature","id":"country-footprint:IT","geometry":{"type":"Polygon","coordinates":[[[5.14042,41.21638333333333],[15.930680000000002,41.21638333333333],[15.930680000000002,48.286683333333336],[5.14042,48.286683333333336],[5.14042,41.21638333333333]]]},"properties":{"name":"IT Node Footprint","kind":"country-footprint","country":"IT","point_count":36,"center_latitude":44.751533333333334,"center_longitude":10.53555,"sanctioned_nodes":0,"policy_restricted_nodes":0,"threat_infrastructure_nodes":0,"stroke":"#e6a42b","fill":"#e6a42b","opacity":0.12,"marker_ring":false}},{"type":"Feature","id":"country-footprint:AT","geometry":{"type":"Polygon","coordinates":[[[10.939235806451613,46.320770967741936],[19.283695806451615,46.320770967741936],[19.283695806451615,49.50257096774193],[10.939235806451613,49.50257096774193],[10.939235806451613,46.320770967741936]]]},"properties":{"name":"AT Node Footprint","kind":"country-footprint","country":"AT","point_count":31,"center_latitude":47.911670967741934,"center_longitude":15.111465806451614,"sanctioned_nodes":0,"policy_restricted_nodes":0,"threat_infrastructure_nodes":0,"stroke":"#e6a42b","fill":"#e6a42b","opacity":0.12,"marker_ring":false}},{"type":"Feature","id":"country-footprint:CZ","geometry":{"type":"Polygon","coordinates":[[[11.975005172413793,48.15543103448275],[18.793105172413796,48.15543103448275],[18.793105172413796,51.58283103448276],[11.975005172413793,51.58283103448276],[11.975005172413793,48.15543103448275]]]},"properties":{"name":"CZ Node Footprint","kind":"country-footprint","country":"CZ","point_count":29,"center_latitude":49.869131034482756,"center_longitude":15.384055172413793,"sanctioned_nodes":0,"policy_restricted_nodes":0,"threat_infrastructure_nodes":0,"stroke":"#e6a42b","fill":"#e6a42b","opacity":0.12,"marker_ring":false}},{"type":"Feature","id":"country-footprint:ES","geometry":{"type":"Polygon","coordinates":[[[-12.649748333333333,31.341500000000003],[6.424941666666667,31.341500000000003],[6.424941666666667,48.0365],[-12.649748333333333,48.0365],[-12.649748333333333,31.341500000000003]]]},"properties":{"name":"ES Node Footprint","kind":"country-footprint","country":"ES","point_count":27,"center_latitude":39.689,"center_longitude":-3.1124033333333334,"sanctioned_nodes":0,"policy_restricted_nodes":0,"threat_infrastructure_nodes":0,"stroke":"#e6a42b","fill":"#e6a42b","opacity":0.12,"marker_ring":false}},{"type":"Feature","id":"country-footprint:IN","geometry":{"type":"Polygon","coordinates":[[[64.12886923076923,10.885903846153848],[87.96276923076923,10.885903846153848],[87.96276923076923,27.929303846153847],[64.12886923076923,27.929303846153847],[64.12886923076923,10.885903846153848]]]},"properties":{"name":"IN Node Footprint","kind":"country-footprint","country":"IN","point_count":26,"center_latitude":19.407603846153847,"center_longitude":76.04581923076923,"sanctioned_nodes":0,"policy_restricted_nodes":0,"threat_infrastructure_nodes":0,"stroke":"#e6a42b","fill":"#e6a42b","opacity":0.12,"marker_ring":false}},{"type":"Feature","id":"country-footprint:PL","geometry":{"type":"Polygon","coordinates":[[[16.07461,49.143188],[23.12171,49.143188],[23.12171,55.194988],[16.07461,55.194988],[16.07461,49.143188]]]},"properties":{"name":"PL Node Footprint","kind":"country-footprint","country":"PL","point_count":25,"center_latitude":52.169088,"center_longitude":19.59816,"sanctioned_nodes":0,"policy_restricted_nodes":0,"threat_infrastructure_nodes":0,"stroke":"#e6a42b","fill":"#e6a42b","opacity":0.12,"marker_ring":false}},{"type":"Feature","id":"country-footprint:UA","geometry":{"type":"Polygon","coordinates":[[[25.746769999999994,45.96113],[38.917069999999995,45.96113],[38.917069999999995,53.374030000000005],[25.746769999999994,53.374030000000005],[25.746769999999994,45.96113]]]},"properties":{"name":"UA Node Footprint","kind":"country-footprint","country":"UA","point_count":25,"center_latitude":49.66758,"center_longitude":32.33192,"sanctioned_nodes":0,"policy_restricted_nodes":0,"threat_infrastructure_nodes":0,"stroke":"#e6a42b","fill":"#e6a42b","opacity":0.12,"marker_ring":false}},{"type":"Feature","id":"country-footprint:NZ","geometry":{"type":"Polygon","coordinates":[[[168.9111666666667,-44.4597375],[178.60016666666667,-44.4597375],[178.60016666666667,-33.467937500000005],[168.9111666666667,-33.467937500000005],[168.9111666666667,-44.4597375]]]},"properties":{"name":"NZ Node Footprint","kind":"country-footprint","country":"NZ","point_count":24,"center_latitude":-38.963837500000004,"center_longitude":173.75566666666668,"sanctioned_nodes":0,"policy_restricted_nodes":0,"threat_infrastructure_nodes":0,"stroke":"#e6a42b","fill":"#e6a42b","opacity":0.12,"marker_ring":false}},{"type":"Feature","id":"country-footprint:CN","geometry":{"type":"Polygon","coordinates":[[[107.09334999999999,20.858019999999996],[126.00035,20.858019999999996],[126.00035,39.14992],[107.09334999999999,39.14992],[107.09334999999999,20.858019999999996]]]},"properties":{"name":"CN Node Footprint","kind":"country-footprint","country":"CN","point_count":20,"center_latitude":30.00397,"center_longitude":116.54684999999999,"sanctioned_nodes":0,"policy_restricted_nodes":0,"threat_infrastructure_nodes":0,"stroke":"#e6a42b","fill":"#e6a42b","opacity":0.12,"marker_ring":false}},{"type":"Feature","id":"country-footprint:TW","geometry":{"type":"Polygon","coordinates":[[[120.26799999999999,24.03376],[122.365,24.03376],[122.365,26.03376],[120.26799999999999,26.03376],[120.26799999999999,24.03376]]]},"properties":{"name":"TW Node Footprint","kind":"country-footprint","country":"TW","point_count":20,"center_latitude":25.03376,"center_longitude":121.31649999999999,"sanctioned_nodes":0,"policy_restricted_nodes":0,"threat_infrastructure_nodes":0,"stroke":"#e6a42b","fill":"#e6a42b","opacity":0.12,"marker_ring":false}},{"type":"Feature","id":"country-footprint:BG","geometry":{"type":"Polygon","coordinates":[[[21.058188235294118,40.95758529411765],[27.585988235294117,40.95758529411765],[27.585988235294117,44.715885294117655],[21.058188235294118,44.715885294117655],[21.058188235294118,40.95758529411765]]]},"properties":{"name":"BG Node Footprint","kind":"country-footprint","country":"BG","point_count":17,"center_latitude":42.83673529411765,"center_longitude":24.322088235294117,"sanctioned_nodes":0,"policy_restricted_nodes":0,"threat_infrastructure_nodes":0,"stroke":"#e6a42b","fill":"#e6a42b","opacity":0.12,"marker_ring":false}},{"type":"Feature","id":"country-footprint:IE","geometry":{"type":"Polygon","coordinates":[[[-8.686791470588236,51.89821764705883],[-4.418461470588236,51.89821764705883],[-4.418461470588236,54.86381764705882],[-8.686791470588236,54.86381764705882],[-8.686791470588236,51.89821764705883]]]},"properties":{"name":"IE Node Footprint","kind":"country-footprint","country":"IE","point_count":17,"center_latitude":53.381017647058826,"center_longitude":-6.552626470588236,"sanctioned_nodes":0,"policy_restricted_nodes":0,"threat_infrastructure_nodes":0,"stroke":"#e6a42b","fill":"#e6a42b","opacity":0.12,"marker_ring":false}},{"type":"Feature","id":"country-footprint:ZA","geometry":{"type":"Polygon","coordinates":[[[15.037555882352938,-36.23177352941177],[29.110655882352937,-36.23177352941177],[29.110655882352937,-26.531273529411767],[15.037555882352938,-26.531273529411767],[15.037555882352938,-36.23177352941177]]]},"properties":{"name":"ZA Node Footprint","kind":"country-footprint","country":"ZA","point_count":17,"center_latitude":-31.381523529411766,"center_longitude":22.07410588235294,"sanctioned_nodes":0,"policy_restricted_nodes":0,"threat_infrastructure_nodes":0,"stroke":"#e6a42b","fill":"#e6a42b","opacity":0.12,"marker_ring":false}},{"type":"Feature","id":"country-footprint:ID","geometry":{"type":"Polygon","coordinates":[[[103.27881249999999,-8.66343],[113.1748125,-8.66343],[113.1748125,-4.6537299999999995],[103.27881249999999,-4.6537299999999995],[103.27881249999999,-8.66343]]]},"properties":{"name":"ID Node Footprint","kind":"country-footprint","country":"ID","point_count":16,"center_latitude":-6.65858,"center_longitude":108.2268125,"sanctioned_nodes":0,"policy_restricted_nodes":0,"threat_infrastructure_nodes":0,"stroke":"#e6a42b","fill":"#e6a42b","opacity":0.12,"marker_ring":false}},{"type":"Feature","id":"country-footprint:BE","geometry":{"type":"Polygon","coordinates":[[[3.1320646666666674,49.79072],[5.494924666666667,49.79072],[5.494924666666667,51.79072],[3.1320646666666674,51.79072],[3.1320646666666674,49.79072]]]},"properties":{"name":"BE Node Footprint","kind":"country-footprint","country":"BE","point_count":15,"center_latitude":50.79072,"center_longitude":4.313494666666667,"sanctioned_nodes":0,"policy_restricted_nodes":0,"threat_infrastructure_nodes":0,"stroke":"#e6a42b","fill":"#e6a42b","opacity":0.12,"marker_ring":false}},{"type":"Feature","id":"country-footprint:TH","geometry":{"type":"Polygon","coordinates":[[[98.08994,9.341327],[103.42013999999999,9.341327],[103.42013999999999,17.377597],[98.08994,17.377597],[98.08994,9.341327]]]},"properties":{"name":"TH Node Footprint","kind":"country-footprint","country":"TH","point_count":15,"center_latitude":13.359462,"center_longitude":100.75504,"sanctioned_nodes":0,"policy_restricted_nodes":0,"threat_infrastructure_nodes":0,"stroke":"#e6a42b","fill":"#e6a42b","opacity":0.12,"marker_ring":false}},{"type":"Feature","id":"country-footprint:NO","geometry":{"type":"Polygon","coordinates":[[[2.244611428571428,54.12538571428571],[19.972091428571428,54.12538571428571],[19.972091428571428,68.26108571428571],[2.244611428571428,68.26108571428571],[2.244611428571428,54.12538571428571]]]},"properties":{"name":"NO Node Footprint","kind":"country-footprint","country":"NO","point_count":14,"center_latitude":61.19323571428571,"center_longitude":11.108351428571428,"sanctioned_nodes":0,"policy_restricted_nodes":0,"threat_infrastructure_nodes":0,"stroke":"#e6a42b","fill":"#e6a42b","opacity":0.12,"marker_ring":false}},{"type":"Feature","id":"country-footprint:RO","geometry":{"type":"Polygon","coordinates":[[[23.492578571428574,43.205357142857146],[27.49887857142857,43.205357142857146],[27.49887857142857,47.32855714285714],[23.492578571428574,47.32855714285714],[23.492578571428574,43.205357142857146]]]},"properties":{"name":"RO Node Footprint","kind":"country-footprint","country":"RO","point_count":14,"center_latitude":45.266957142857144,"center_longitude":25.49572857142857,"sanctioned_nodes":0,"policy_restricted_nodes":0,"threat_infrastructure_nodes":0,"stroke":"#e6a42b","fill":"#e6a42b","opacity":0.12,"marker_ring":false}},{"type":"Feature","id":"country-footprint:AR","geometry":{"type":"Polygon","coordinates":[[[-67.93653333333333,-43.90309166666667],[-52.69073333333334,-43.90309166666667],[-52.69073333333334,-28.273191666666666],[-67.93653333333333,-28.273191666666666],[-67.93653333333333,-43.90309166666667]]]},"properties":{"name":"AR Node Footprint","kind":"country-footprint","country":"AR","point_count":12,"center_latitude":-36.088141666666665,"center_longitude":-60.313633333333335,"sanctioned_nodes":0,"policy_restricted_nodes":0,"threat_infrastructure_nodes":0,"stroke":"#e6a42b","fill":"#e6a42b","opacity":0.12,"marker_ring":false}},{"type":"Feature","id":"country-footprint:PT","geometry":{"type":"Polygon","coordinates":[[[-14.644358333333333,34.21835],[-4.216048333333332,34.21835],[-4.216048333333332,44.41615],[-14.644358333333333,44.41615],[-14.644358333333333,34.21835]]]},"properties":{"name":"PT Node Footprint","kind":"country-footprint","country":"PT","point_count":12,"center_latitude":39.31725,"center_longitude":-9.430203333333333,"sanctioned_nodes":0,"policy_restricted_nodes":0,"threat_infrastructure_nodes":0,"stroke":"#e6a42b","fill":"#e6a42b","opacity":0.12,"marker_ring":false}},{"type":"Feature","id":"country-footprint:MX","geometry":{"type":"Polygon","coordinates":[[[-103.56326,15.698050000000002],[-94.17796,15.698050000000002],[-94.17796,24.73565],[-103.56326,24.73565],[-103.56326,15.698050000000002]]]},"properties":{"name":"MX Node Footprint","kind":"country-footprint","country":"MX","point_count":10,"center_latitude":20.21685,"center_longitude":-98.87061,"sanctioned_nodes":0,"policy_restricted_nodes":0,"threat_infrastructure_nodes":0,"stroke":"#e6a42b","fill":"#e6a42b","opacity":0.12,"marker_ring":false}},{"type":"Feature","id":"country-footprint:DK","geometry":{"type":"Polygon","coordinates":[[[7.8716550000000005,53.817275],[12.903935,53.817275],[12.903935,58.127975],[7.8716550000000005,58.127975],[7.8716550000000005,53.817275]]]},"properties":{"name":"DK Node Footprint","kind":"country-footprint","country":"DK","point_count":8,"center_latitude":55.972625,"center_longitude":10.387795,"sanctioned_nodes":0,"policy_restricted_nodes":0,"threat_infrastructure_nodes":0,"stroke":"#e6a42b","fill":"#e6a42b","opacity":0.12,"marker_ring":false}},{"type":"Feature","id":"country-footprint:HU","geometry":{"type":"Polygon","coordinates":[[[17.8776875,45.8181],[20.1402875,45.8181],[20.1402875,48.7782],[17.8776875,48.7782],[17.8776875,45.8181]]]},"properties":{"name":"HU Node Footprint","kind":"country-footprint","country":"HU","point_count":8,"center_latitude":47.29815,"center_longitude":19.0089875,"sanctioned_nodes":0,"policy_restricted_nodes":0,"threat_infrastructure_nodes":0,"stroke":"#e6a42b","fill":"#e6a42b","opacity":0.12,"marker_ring":false}},{"type":"Feature","id":"country-footprint:LT","geometry":{"type":"Polygon","coordinates":[[[22.398857142857143,54.023492857142855],[25.901857142857143,54.023492857142855],[25.901857142857143,56.77119285714285],[22.398857142857143,56.77119285714285],[22.398857142857143,54.023492857142855]]]},"properties":{"name":"LT Node Footprint","kind":"country-footprint","country":"LT","point_count":7,"center_latitude":55.39734285714285,"center_longitude":24.150357142857143,"sanctioned_nodes":0,"policy_restricted_nodes":0,"threat_infrastructure_nodes":0,"stroke":"#e6a42b","fill":"#e6a42b","opacity":0.12,"marker_ring":false}},{"type":"Feature","id":"country-footprint:MD","geometry":{"type":"Polygon","coordinates":[[[27.838300000000004,45.998828571428575],[30.110500000000002,45.998828571428575],[30.110500000000002,47.998828571428575],[27.838300000000004,47.998828571428575],[27.838300000000004,45.998828571428575]]]},"properties":{"name":"MD Node Footprint","kind":"country-footprint","country":"MD","point_count":7,"center_latitude":46.998828571428575,"center_longitude":28.974400000000003,"sanctioned_nodes":0,"policy_restricted_nodes":0,"threat_infrastructure_nodes":0,"stroke":"#e6a42b","fill":"#e6a42b","opacity":0.12,"marker_ring":false}},{"type":"Feature","id":"country-footprint:GR","geometry":{"type":"Polygon","coordinates":[[[22.04031666666667,36.81561666666667],[24.909916666666668,36.81561666666667],[24.909916666666668,40.65041666666666],[22.04031666666667,40.65041666666666],[22.04031666666667,36.81561666666667]]]},"properties":{"name":"GR Node Footprint","kind":"country-footprint","country":"GR","point_count":6,"center_latitude":38.733016666666664,"center_longitude":23.47511666666667,"sanctioned_nodes":0,"policy_restricted_nodes":0,"threat_infrastructure_nodes":0,"stroke":"#e6a42b","fill":"#e6a42b","opacity":0.12,"marker_ring":false}},{"type":"Feature","id":"country-footprint:SK","geometry":{"type":"Polygon","coordinates":[[[16.102,47.1876],[21.0213,47.1876],[21.0213,49.869299999999996],[16.102,49.869299999999996],[16.102,47.1876]]]},"properties":{"name":"SK Node Footprint","kind":"country-footprint","country":"SK","point_count":6,"center_latitude":48.52845,"center_longitude":18.56165,"sanctioned_nodes":0,"policy_restricted_nodes":0,"threat_infrastructure_nodes":0,"stroke":"#e6a42b","fill":"#e6a42b","opacity":0.12,"marker_ring":false}},{"type":"Feature","id":"country-footprint:CL","geometry":{"type":"Polygon","coordinates":[[[-71.70400000000001,-34.486959999999996],[-69.70400000000001,-34.486959999999996],[-69.70400000000001,-32.486959999999996],[-71.70400000000001,-32.486959999999996],[-71.70400000000001,-34.486959999999996]]]},"properties":{"name":"CL Node Footprint","kind":"country-footprint","country":"CL","point_count":5,"center_latitude":-33.486959999999996,"center_longitude":-70.70400000000001,"sanctioned_nodes":0,"policy_restricted_nodes":0,"threat_infrastructure_nodes":0,"stroke":"#e6a42b","fill":"#e6a42b","opacity":0.12,"marker_ring":false}},{"type":"Feature","id":"country-footprint:IL","geometry":{"type":"Polygon","coordinates":[[[33.878460000000004,31.08858],[35.878460000000004,31.08858],[35.878460000000004,33.08858],[33.878460000000004,33.08858],[33.878460000000004,31.08858]]]},"properties":{"name":"IL Node Footprint","kind":"country-footprint","country":"IL","point_count":5,"center_latitude":32.08858,"center_longitude":34.878460000000004,"sanctioned_nodes":0,"policy_restricted_nodes":0,"threat_infrastructure_nodes":0,"stroke":"#e6a42b","fill":"#e6a42b","opacity":0.12,"marker_ring":false}},{"type":"Feature","id":"country-footprint:LV","geometry":{"type":"Polygon","coordinates":[[[23.1315,55.958360000000006],[25.1315,55.958360000000006],[25.1315,57.958360000000006],[23.1315,57.958360000000006],[23.1315,55.958360000000006]]]},"properties":{"name":"LV Node Footprint","kind":"country-footprint","country":"LV","point_count":5,"center_latitude":56.958360000000006,"center_longitude":24.1315,"sanctioned_nodes":0,"policy_restricted_nodes":0,"threat_infrastructure_nodes":0,"stroke":"#e6a42b","fill":"#e6a42b","opacity":0.12,"marker_ring":false}},{"type":"Feature","id":"country-footprint:OM","geometry":{"type":"Polygon","coordinates":[[[57.5441,22.599339999999998],[59.5441,22.599339999999998],[59.5441,24.599339999999998],[57.5441,24.599339999999998],[57.5441,22.599339999999998]]]},"properties":{"name":"OM Node Footprint","kind":"country-footprint","country":"OM","point_count":5,"center_latitude":23.599339999999998,"center_longitude":58.5441,"sanctioned_nodes":0,"policy_restricted_nodes":0,"threat_infrastructure_nodes":0,"stroke":"#e6a42b","fill":"#e6a42b","opacity":0.12,"marker_ring":false}},{"type":"Feature","id":"country-footprint:SI","geometry":{"type":"Polygon","coordinates":[[[13.51988,45.05972],[15.51988,45.05972],[15.51988,47.05972],[13.51988,47.05972],[13.51988,45.05972]]]},"properties":{"name":"SI Node Footprint","kind":"country-footprint","country":"SI","point_count":5,"center_latitude":46.05972,"center_longitude":14.51988,"sanctioned_nodes":0,"policy_restricted_nodes":0,"threat_infrastructure_nodes":0,"stroke":"#e6a42b","fill":"#e6a42b","opacity":0.12,"marker_ring":false}},{"type":"Feature","id":"country-footprint:TR","geometry":{"type":"Polygon","coordinates":[[[27.30845,37.076800000000006],[34.46895,37.076800000000006],[34.46895,42.870000000000005],[27.30845,42.870000000000005],[27.30845,37.076800000000006]]]},"properties":{"name":"TR Node Footprint","kind":"country-footprint","country":"TR","point_count":5,"center_latitude":39.973400000000005,"center_longitude":30.8887,"sanctioned_nodes":0,"policy_restricted_nodes":0,"threat_infrastructure_nodes":0,"stroke":"#e6a42b","fill":"#e6a42b","opacity":0.12,"marker_ring":false}},{"type":"Feature","id":"country-footprint:AE","geometry":{"type":"Polygon","coordinates":[[[54.30185,24.23955],[56.30185,24.23955],[56.30185,26.23955],[54.30185,26.23955],[54.30185,24.23955]]]},"properties":{"name":"AE Node Footprint","kind":"country-footprint","country":"AE","point_count":4,"center_latitude":25.23955,"center_longitude":55.30185,"sanctioned_nodes":0,"policy_restricted_nodes":0,"threat_infrastructure_nodes":0,"stroke":"#e6a42b","fill":"#e6a42b","opacity":0.12,"marker_ring":false}},{"type":"Feature","id":"country-footprint:CO","geometry":{"type":"Polygon","coordinates":[[[-75.97485,3.5966899999999997],[-72.93275,3.5966899999999997],[-72.93275,6.59199],[-75.97485,6.59199],[-75.97485,3.5966899999999997]]]},"properties":{"name":"CO Node Footprint","kind":"country-footprint","country":"CO","point_count":4,"center_latitude":5.09434,"center_longitude":-74.4538,"sanctioned_nodes":0,"policy_restricted_nodes":0,"threat_infrastructure_nodes":0,"stroke":"#e6a42b","fill":"#e6a42b","opacity":0.12,"marker_ring":false}},{"type":"Feature","id":"country-footprint:CR","geometry":{"type":"Polygon","coordinates":[[[-85.039175,8.9213875],[-83.039175,8.9213875],[-83.039175,10.9213875],[-85.039175,10.9213875],[-85.039175,8.9213875]]]},"properties":{"name":"CR Node Footprint","kind":"country-footprint","country":"CR","point_count":4,"center_latitude":9.9213875,"center_longitude":-84.039175,"sanctioned_nodes":0,"policy_restricted_nodes":0,"threat_infrastructure_nodes":0,"stroke":"#e6a42b","fill":"#e6a42b","opacity":0.12,"marker_ring":false}},{"type":"Feature","id":"country-footprint:HR","geometry":{"type":"Polygon","coordinates":[[[15.173649999999999,43.2611],[17.175549999999998,43.2611],[17.175549999999998,47.3746],[15.173649999999999,47.3746],[15.173649999999999,43.2611]]]},"properties":{"name":"HR Node Footprint","kind":"country-footprint","country":"HR","point_count":4,"center_latitude":45.31785,"center_longitude":16.174599999999998,"sanctioned_nodes":0,"policy_restricted_nodes":0,"threat_infrastructure_nodes":0,"stroke":"#e6a42b","fill":"#e6a42b","opacity":0.12,"marker_ring":false}},{"type":"Feature","id":"country-footprint:BY","geometry":{"type":"Polygon","coordinates":[[[24.267533333333333,51.475049999999996],[32.93893333333333,51.475049999999996],[32.93893333333333,54.21254999999999],[24.267533333333333,54.21254999999999],[24.267533333333333,51.475049999999996]]]},"properties":{"name":"BY Node Footprint","kind":"country-footprint","country":"BY","point_count":3,"center_latitude":52.843799999999995,"center_longitude":28.603233333333332,"sanctioned_nodes":0,"policy_restricted_nodes":0,"threat_infrastructure_nodes":0,"stroke":"#e6a42b","fill":"#e6a42b","opacity":0.12,"marker_ring":false}},{"type":"Feature","id":"country-footprint:EE","geometry":{"type":"Polygon","coordinates":[[[23.75283333333333,58.435066666666664],[25.75283333333333,58.435066666666664],[25.75283333333333,60.435066666666664],[23.75283333333333,60.435066666666664],[23.75283333333333,58.435066666666664]]]},"properties":{"name":"EE Node Footprint","kind":"country-footprint","country":"EE","point_count":3,"center_latitude":59.435066666666664,"center_longitude":24.75283333333333,"sanctioned_nodes":0,"policy_restricted_nodes":0,"threat_infrastructure_nodes":0,"stroke":"#e6a42b","fill":"#e6a42b","opacity":0.12,"marker_ring":false}},{"type":"Feature","id":"country-footprint:GE","geometry":{"type":"Polygon","coordinates":[[[43.79866666666666,40.6992],[45.79866666666666,40.6992],[45.79866666666666,42.6992],[43.79866666666666,42.6992],[43.79866666666666,40.6992]]]},"properties":{"name":"GE Node Footprint","kind":"country-footprint","country":"GE","point_count":3,"center_latitude":41.6992,"center_longitude":44.79866666666666,"sanctioned_nodes":0,"policy_restricted_nodes":0,"threat_infrastructure_nodes":0,"stroke":"#e6a42b","fill":"#e6a42b","opacity":0.12,"marker_ring":false}},{"type":"Feature","id":"country-footprint:IS","geometry":{"type":"Polygon","coordinates":[[[-23.208783333333336,63.0732],[-21.084083333333332,63.0732],[-21.084083333333332,65.0732],[-23.208783333333336,65.0732],[-23.208783333333336,63.0732]]]},"properties":{"name":"IS Node Footprint","kind":"country-footprint","country":"IS","point_count":3,"center_latitude":64.0732,"center_longitude":-22.146433333333334,"sanctioned_nodes":0,"policy_restricted_nodes":0,"threat_infrastructure_nodes":0,"stroke":"#e6a42b","fill":"#e6a42b","opacity":0.12,"marker_ring":false}},{"type":"Feature","id":"country-footprint:KW","geometry":{"type":"Polygon","coordinates":[[[47.02066666666667,28.3329],[49.02066666666667,28.3329],[49.02066666666667,30.3329],[47.02066666666667,30.3329],[47.02066666666667,28.3329]]]},"properties":{"name":"KW Node Footprint","kind":"country-footprint","country":"KW","point_count":3,"center_latitude":29.3329,"center_longitude":48.02066666666667,"sanctioned_nodes":0,"policy_restricted_nodes":0,"threat_infrastructure_nodes":0,"stroke":"#e6a42b","fill":"#e6a42b","opacity":0.12,"marker_ring":false}},{"type":"Feature","id":"country-footprint:VE","geometry":{"type":"Polygon","coordinates":[[[-69.8167,8.5944],[-64.8041,8.5944],[-64.8041,11.25556],[-69.8167,11.25556],[-69.8167,8.5944]]]},"properties":{"name":"VE Node Footprint","kind":"country-footprint","country":"VE","point_count":3,"center_latitude":9.92498,"center_longitude":-67.3104,"sanctioned_nodes":0,"policy_restricted_nodes":0,"threat_infrastructure_nodes":0,"stroke":"#e6a42b","fill":"#e6a42b","opacity":0.12,"marker_ring":false}},{"type":"Feature","id":"country-footprint:HN","geometry":{"type":"Polygon","coordinates":[[[-88.19999999999999,13.095199999999998],[-86.19999999999999,13.095199999999998],[-86.19999999999999,15.095199999999998],[-88.19999999999999,15.095199999999998],[-88.19999999999999,13.095199999999998]]]},"properties":{"name":"HN Node Footprint","kind":"country-footprint","country":"HN","point_count":2,"center_latitude":14.095199999999998,"center_longitude":-87.19999999999999,"sanctioned_nodes":0,"policy_restricted_nodes":0,"threat_infrastructure_nodes":0,"stroke":"#e6a42b","fill":"#e6a42b","opacity":0.12,"marker_ring":false}},{"type":"Feature","id":"country-footprint:KH","geometry":{"type":"Polygon","coordinates":[[[103.922,10.55945],[105.922,10.55945],[105.922,12.55945],[103.922,12.55945],[103.922,10.55945]]]},"properties":{"name":"KH Node Footprint","kind":"country-footprint","country":"KH","point_count":2,"center_latitude":11.55945,"center_longitude":104.922,"sanctioned_nodes":0,"policy_restricted_nodes":0,"threat_infrastructure_nodes":0,"stroke":"#e6a42b","fill":"#e6a42b","opacity":0.12,"marker_ring":false}},{"type":"Feature","id":"country-footprint:KZ","geometry":{"type":"Polygon","coordinates":[[[75.86705,42.230000000000004],[77.86705,42.230000000000004],[77.86705,44.230000000000004],[75.86705,44.230000000000004],[75.86705,42.230000000000004]]]},"properties":{"name":"KZ Node Footprint","kind":"country-footprint","country":"KZ","point_count":2,"center_latitude":43.230000000000004,"center_longitude":76.86705,"sanctioned_nodes":0,"policy_restricted_nodes":0,"threat_infrastructure_nodes":0,"stroke":"#e6a42b","fill":"#e6a42b","opacity":0.12,"marker_ring":false}},{"type":"Feature","id":"country-footprint:LI","geometry":{"type":"Polygon","coordinates":[[[8.512255,46.15455],[10.512255,46.15455],[10.512255,48.15455],[8.512255,48.15455],[8.512255,46.15455]]]},"properties":{"name":"LI Node Footprint","kind":"country-footprint","country":"LI","point_count":2,"center_latitude":47.15455,"center_longitude":9.512255,"sanctioned_nodes":0,"policy_restricted_nodes":0,"threat_infrastructure_nodes":0,"stroke":"#e6a42b","fill":"#e6a42b","opacity":0.12,"marker_ring":false}},{"type":"Feature","id":"country-footprint:LU","geometry":{"type":"Polygon","coordinates":[[[5.02555,48.6365],[7.02555,48.6365],[7.02555,50.6365],[5.02555,50.6365],[5.02555,48.6365]]]},"properties":{"name":"LU Node Footprint","kind":"country-footprint","country":"LU","point_count":2,"center_latitude":49.6365,"center_longitude":6.02555,"sanctioned_nodes":0,"policy_restricted_nodes":0,"threat_infrastructure_nodes":0,"stroke":"#e6a42b","fill":"#e6a42b","opacity":0.12,"marker_ring":false}},{"type":"Feature","id":"country-footprint:MT","geometry":{"type":"Polygon","coordinates":[[[13.472100000000001,34.9011],[15.472100000000001,34.9011],[15.472100000000001,36.9011],[13.472100000000001,36.9011],[13.472100000000001,34.9011]]]},"properties":{"name":"MT Node Footprint","kind":"country-footprint","country":"MT","point_count":2,"center_latitude":35.9011,"center_longitude":14.472100000000001,"sanctioned_nodes":0,"policy_restricted_nodes":0,"threat_infrastructure_nodes":0,"stroke":"#e6a42b","fill":"#e6a42b","opacity":0.12,"marker_ring":false}},{"type":"Feature","id":"country-footprint:MY","geometry":{"type":"Polygon","coordinates":[[[100.68549999999999,2.13546],[102.68549999999999,2.13546],[102.68549999999999,4.13546],[100.68549999999999,4.13546],[100.68549999999999,2.13546]]]},"properties":{"name":"MY Node Footprint","kind":"country-footprint","country":"MY","point_count":2,"center_latitude":3.13546,"center_longitude":101.68549999999999,"sanctioned_nodes":0,"policy_restricted_nodes":0,"threat_infrastructure_nodes":0,"stroke":"#e6a42b","fill":"#e6a42b","opacity":0.12,"marker_ring":false}},{"type":"Feature","id":"country-footprint:PH","geometry":{"type":"Polygon","coordinates":[[[120.12700000000001,13.52575],[122.12700000000001,13.52575],[122.12700000000001,15.52575],[120.12700000000001,15.52575],[120.12700000000001,13.52575]]]},"properties":{"name":"PH Node Footprint","kind":"country-footprint","country":"PH","point_count":2,"center_latitude":14.52575,"center_longitude":121.12700000000001,"sanctioned_nodes":0,"policy_restricted_nodes":0,"threat_infrastructure_nodes":0,"stroke":"#e6a42b","fill":"#e6a42b","opacity":0.12,"marker_ring":false}},{"type":"Feature","id":"country-footprint:QA","geometry":{"type":"Polygon","coordinates":[[[50.531,24.2854],[52.531,24.2854],[52.531,26.2854],[50.531,26.2854],[50.531,24.2854]]]},"properties":{"name":"QA Node Footprint","kind":"country-footprint","country":"QA","point_count":2,"center_latitude":25.2854,"center_longitude":51.531,"sanctioned_nodes":0,"policy_restricted_nodes":0,"threat_infrastructure_nodes":0,"stroke":"#e6a42b","fill":"#e6a42b","opacity":0.12,"marker_ring":false}},{"type":"Feature","id":"country-footprint:SA","geometry":{"type":"Polygon","coordinates":[[[45.6986,23.70065],[47.6986,23.70065],[47.6986,25.70065],[45.6986,25.70065],[45.6986,23.70065]]]},"properties":{"name":"SA Node Footprint","kind":"country-footprint","country":"SA","point_count":2,"center_latitude":24.70065,"center_longitude":46.6986,"sanctioned_nodes":0,"policy_restricted_nodes":0,"threat_infrastructure_nodes":0,"stroke":"#e6a42b","fill":"#e6a42b","opacity":0.12,"marker_ring":false}},{"type":"Feature","id":"country-footprint:UY","geometry":{"type":"Polygon","coordinates":[[[-58.609,-33.3718],[-56.609,-33.3718],[-56.609,-31.3718],[-58.609,-31.3718],[-58.609,-33.3718]]]},"properties":{"name":"UY Node Footprint","kind":"country-footprint","country":"UY","point_count":2,"center_latitude":-32.3718,"center_longitude":-57.609,"sanctioned_nodes":0,"policy_restricted_nodes":0,"threat_infrastructure_nodes":0,"stroke":"#e6a42b","fill":"#e6a42b","opacity":0.12,"marker_ring":false}},{"type":"Feature","id":"country-footprint:VN","geometry":{"type":"Polygon","coordinates":[[[104.834,20.0278],[106.834,20.0278],[106.834,22.0278],[104.834,22.0278],[104.834,20.0278]]]},"properties":{"name":"VN Node Footprint","kind":"country-footprint","country":"VN","point_count":2,"center_latitude":21.0278,"center_longitude":105.834,"sanctioned_nodes":0,"policy_restricted_nodes":0,"threat_infrastructure_nodes":0,"stroke":"#e6a42b","fill":"#e6a42b","opacity":0.12,"marker_ring":false}},{"type":"Feature","id":"country-footprint:AD","geometry":{"type":"Polygon","coordinates":[[[0.6536200000000001,41.5795],[2.65362,41.5795],[2.65362,43.5795],[0.6536200000000001,43.5795],[0.6536200000000001,41.5795]]]},"properties":{"name":"AD Node Footprint","kind":"country-footprint","country":"AD","point_count":1,"center_latitude":42.5795,"center_longitude":1.65362,"sanctioned_nodes":0,"policy_restricted_nodes":0,"threat_infrastructure_nodes":0,"stroke":"#e6a42b","fill":"#e6a42b","opacity":0.12,"marker_ring":false}},{"type":"Feature","id":"country-footprint:BH","geometry":{"type":"Polygon","coordinates":[[[49.5876,25.2235],[51.5876,25.2235],[51.5876,27.2235],[49.5876,27.2235],[49.5876,25.2235]]]},"properties":{"name":"BH Node Footprint","kind":"country-footprint","country":"BH","point_count":1,"center_latitude":26.2235,"center_longitude":50.5876,"sanctioned_nodes":0,"policy_restricted_nodes":0,"threat_infrastructure_nodes":0,"stroke":"#e6a42b","fill":"#e6a42b","opacity":0.12,"marker_ring":false}},{"type":"Feature","id":"country-footprint:BO","geometry":{"type":"Polygon","coordinates":[[[-64.03960000000001,-18.9082],[-62.0396,-18.9082],[-62.0396,-16.9082],[-64.03960000000001,-16.9082],[-64.03960000000001,-18.9082]]]},"properties":{"name":"BO Node Footprint","kind":"country-footprint","country":"BO","point_count":1,"center_latitude":-17.9082,"center_longitude":-63.0396,"sanctioned_nodes":0,"policy_restricted_nodes":0,"threat_infrastructure_nodes":0,"stroke":"#e6a42b","fill":"#e6a42b","opacity":0.12,"marker_ring":false}},{"type":"Feature","id":"country-footprint:CW","geometry":{"type":"Polygon","coordinates":[[[-69.9282,11.1106],[-67.9282,11.1106],[-67.9282,13.1106],[-69.9282,13.1106],[-69.9282,11.1106]]]},"properties":{"name":"CW Node Footprint","kind":"country-footprint","country":"CW","point_count":1,"center_latitude":12.1106,"center_longitude":-68.9282,"sanctioned_nodes":0,"policy_restricted_nodes":0,"threat_infrastructure_nodes":0,"stroke":"#e6a42b","fill":"#e6a42b","opacity":0.12,"marker_ring":false}},{"type":"Feature","id":"country-footprint:CY","geometry":{"type":"Polygon","coordinates":[[[32.6279,33.9221],[34.6279,33.9221],[34.6279,35.9221],[32.6279,35.9221],[32.6279,33.9221]]]},"properties":{"name":"CY Node Footprint","kind":"country-footprint","country":"CY","point_count":1,"center_latitude":34.9221,"center_longitude":33.6279,"sanctioned_nodes":0,"policy_restricted_nodes":0,"threat_infrastructure_nodes":0,"stroke":"#e6a42b","fill":"#e6a42b","opacity":0.12,"marker_ring":false}},{"type":"Feature","id":"country-footprint:DZ","geometry":{"type":"Polygon","coordinates":[[[5.61472,35.365],[7.61472,35.365],[7.61472,37.365],[5.61472,37.365],[5.61472,35.365]]]},"properties":{"name":"DZ Node Footprint","kind":"country-footprint","country":"DZ","point_count":1,"center_latitude":36.365,"center_longitude":6.61472,"sanctioned_nodes":0,"policy_restricted_nodes":0,"threat_infrastructure_nodes":0,"stroke":"#e6a42b","fill":"#e6a42b","opacity":0.12,"marker_ring":false}},{"type":"Feature","id":"country-footprint:FO","geometry":{"type":"Polygon","coordinates":[[[-7.78127,61.0341],[-5.78127,61.0341],[-5.78127,63.0341],[-7.78127,63.0341],[-7.78127,61.0341]]]},"properties":{"name":"FO Node Footprint","kind":"country-footprint","country":"FO","point_count":1,"center_latitude":62.0341,"center_longitude":-6.78127,"sanctioned_nodes":0,"policy_restricted_nodes":0,"threat_infrastructure_nodes":0,"stroke":"#e6a42b","fill":"#e6a42b","opacity":0.12,"marker_ring":false}},{"type":"Feature","id":"country-footprint:IR","geometry":{"type":"Polygon","coordinates":[[[50.4205,34.7543],[52.4205,34.7543],[52.4205,36.7543],[50.4205,36.7543],[50.4205,34.7543]]]},"properties":{"name":"IR Node Footprint","kind":"country-footprint","country":"IR","point_count":1,"center_latitude":35.7543,"center_longitude":51.4205,"sanctioned_nodes":0,"policy_restricted_nodes":0,"threat_infrastructure_nodes":0,"stroke":"#e6a42b","fill":"#e6a42b","opacity":0.12,"marker_ring":false}},{"type":"Feature","id":"country-footprint:JE","geometry":{"type":"Polygon","coordinates":[[[-3.10491,48.188],[-1.1049099999999998,48.188],[-1.1049099999999998,50.188],[-3.10491,50.188],[-3.10491,48.188]]]},"properties":{"name":"JE Node Footprint","kind":"country-footprint","country":"JE","point_count":1,"center_latitude":49.188,"center_longitude":-2.10491,"sanctioned_nodes":0,"policy_restricted_nodes":0,"threat_infrastructure_nodes":0,"stroke":"#e6a42b","fill":"#e6a42b","opacity":0.12,"marker_ring":false}},{"type":"Feature","id":"country-footprint:PE","geometry":{"type":"Polygon","coordinates":[[[-78.098,-13.0535],[-76.098,-13.0535],[-76.098,-11.0535],[-78.098,-11.0535],[-78.098,-13.0535]]]},"properties":{"name":"PE Node Footprint","kind":"country-footprint","country":"PE","point_count":1,"center_latitude":-12.0535,"center_longitude":-77.098,"sanctioned_nodes":0,"policy_restricted_nodes":0,"threat_infrastructure_nodes":0,"stroke":"#e6a42b","fill":"#e6a42b","opacity":0.12,"marker_ring":false}},{"type":"Feature","id":"country-footprint:PK","geometry":{"type":"Polygon","coordinates":[[[66.026,23.8549],[68.026,23.8549],[68.026,25.8549],[66.026,25.8549],[66.026,23.8549]]]},"properties":{"name":"PK Node Footprint","kind":"country-footprint","country":"PK","point_count":1,"center_latitude":24.8549,"center_longitude":67.026,"sanctioned_nodes":0,"policy_restricted_nodes":0,"threat_infrastructure_nodes":0,"stroke":"#e6a42b","fill":"#e6a42b","opacity":0.12,"marker_ring":false}},{"type":"Feature","id":"country-footprint:PR","geometry":{"type":"Polygon","coordinates":[[[-67.3975,17.447],[-65.3975,17.447],[-65.3975,19.447],[-67.3975,19.447],[-67.3975,17.447]]]},"properties":{"name":"PR Node Footprint","kind":"country-footprint","country":"PR","point_count":1,"center_latitude":18.447,"center_longitude":-66.3975,"sanctioned_nodes":0,"policy_restricted_nodes":0,"threat_infrastructure_nodes":0,"stroke":"#e6a42b","fill":"#e6a42b","opacity":0.12,"marker_ring":false}},{"type":"Feature","id":"country-footprint:RE","geometry":{"type":"Polygon","coordinates":[[[54.3024,-21.9522],[56.3024,-21.9522],[56.3024,-19.9522],[54.3024,-19.9522],[54.3024,-21.9522]]]},"properties":{"name":"RE Node Footprint","kind":"country-footprint","country":"RE","point_count":1,"center_latitude":-20.9522,"center_longitude":55.3024,"sanctioned_nodes":0,"policy_restricted_nodes":0,"threat_infrastructure_nodes":0,"stroke":"#e6a42b","fill":"#e6a42b","opacity":0.12,"marker_ring":false}},{"type":"Feature","id":"country-footprint:RS","geometry":{"type":"Polygon","coordinates":[[[18.8369,44.2517],[20.8369,44.2517],[20.8369,46.2517],[18.8369,46.2517],[18.8369,44.2517]]]},"properties":{"name":"RS Node Footprint","kind":"country-footprint","country":"RS","point_count":1,"center_latitude":45.2517,"center_longitude":19.8369,"sanctioned_nodes":0,"policy_restricted_nodes":0,"threat_infrastructure_nodes":0,"stroke":"#e6a42b","fill":"#e6a42b","opacity":0.12,"marker_ring":false}},{"type":"Feature","id":"country-footprint:SV","geometry":{"type":"Polygon","coordinates":[[[-90.2532,12.6649],[-88.2532,12.6649],[-88.2532,14.6649],[-90.2532,14.6649],[-90.2532,12.6649]]]},"properties":{"name":"SV Node Footprint","kind":"country-footprint","country":"SV","point_count":1,"center_latitude":13.6649,"center_longitude":-89.2532,"sanctioned_nodes":0,"policy_restricted_nodes":0,"threat_infrastructure_nodes":0,"stroke":"#e6a42b","fill":"#e6a42b","opacity":0.12,"marker_ring":false}},{"type":"Feature","id":"tor-overlay-zone","geometry":{"type":"Polygon","coordinates":[[[-42.0,-12.0],[-22.0,-12.0],[-22.0,12.0],[-42.0,12.0],[-42.0,-12.0]]]},"properties":{"name":"Tor Atlantic Overlay Zone","kind":"overlay-zone","network":"tor","symbolic":true,"stroke":"#9d67ad","fill":"#9d67ad","opacity":0.18,"note":"TOR nodes are symbolically plotted because physical attribution is intentionally ambiguous."}},{"type":"Feature","id":"i2p-overlay-zone","geometry":{"type":"Polygon","coordinates":[[[22.0,-12.0],[42.0,-12.0],[42.0,12.0],[22.0,12.0],[22.0,-12.0]]]},"properties":{"name":"I2P Indian Ocean Overlay Zone","kind":"overlay-zone","network":"i2p","symbolic":true,"stroke":"#b889ff","fill":"#b889ff","opacity":0.18,"note":"I2P nodes are symbolically plotted because physical attribution is intentionally ambiguous."}}]}
