{"type":"FeatureCollection","schema":"zzx-bitnodes-map-polygons-v4","name":"ZZX Bitnodes Map Polygons","generated_at":"2026-09-27T16:43:22+00:00","polygon_dir":"/home/runner/work/zzx-labs-website/zzx-labs-website/bitcoin/bitnodes/data/geo/polygons","feature_count":870,"density_feature_count":780,"country_footprint_count":87,"overlay_feature_count":2,"external_feature_count":0,"red_ring_semantics":{"sanctioned_density_or_country":"red polygon stroke/fill and marker_ring=true","policy_restricted_density_or_country":"red-orange polygon stroke/fill and marker_ring=true","threat_density_or_country":"orange threat polygon stroke/fill and marker_ring=true"},"false_positive_control":{"threat_infrastructure":"defensive infrastructure correlation only","threat_actor_labels":"explicit trusted metadata/feed labels only","no_country_to_apt_inference":true},"features":[{"type":"Feature","id":"world_bounds","geometry":{"type":"Polygon","coordinates":[[[-180.0,-85.0],[180.0,-85.0],[180.0,85.0],[-180.0,85.0],[-180.0,-85.0]]]},"properties":{"name":"World Bounds","kind":"reference-bounds","stroke":"#c0d674","fill":"transparent","opacity":0.22,"interactive":false}},{"type":"Feature","id":"node-density-grid-10:50:0","geometry":{"type":"Polygon","coordinates":[[[0,50],[10,50],[10,60],[0,60],[0,50]]]},"properties":{"name":"10° Density Cell 50,0","kind":"density-grid","grid_size_degrees":10,"point_count":799,"intensity":1.0,"networks":{"ipv4":799},"statuses":{"duplicate-location":704,"Unknown":95},"countries":{"DE":482,"NL":229,"FR":52,"GB":17,"BE":15,"DK":3,"NO":1},"sanctioned_nodes":0,"policy_restricted_nodes":0,"threat_infrastructure_nodes":0,"stroke":"#c0d674","fill":"#c0d674","opacity":0.55,"marker_ring":false}},{"type":"Feature","id":"node-density-grid-10:40:-80","geometry":{"type":"Polygon","coordinates":[[[-80,40],[-70,40],[-70,50],[-80,50],[-80,40]]]},"properties":{"name":"10° Density Cell 40,-80","kind":"density-grid","grid_size_degrees":10,"point_count":437,"intensity":0.546934,"networks":{"ipv4":437},"statuses":{"duplicate-location":342,"Unknown":95},"countries":{"US":220,"CA":217},"sanctioned_nodes":0,"policy_restricted_nodes":0,"threat_infrastructure_nodes":0,"stroke":"#c0d674","fill":"#c0d674","opacity":0.3008,"marker_ring":false}},{"type":"Feature","id":"node-density-grid-10:50:10","geometry":{"type":"Polygon","coordinates":[[[10,50],[20,50],[20,60],[10,60],[10,50]]]},"properties":{"name":"10° Density Cell 50,10","kind":"density-grid","grid_size_degrees":10,"point_count":368,"intensity":0.460576,"networks":{"ipv4":368},"statuses":{"duplicate-location":301,"Unknown":67},"countries":{"DE":262,"SE":62,"CZ":19,"PL":14,"NO":7,"DK":4},"sanctioned_nodes":0,"policy_restricted_nodes":0,"threat_infrastructure_nodes":0,"stroke":"#c0d674","fill":"#c0d674","opacity":0.2533,"marker_ring":false}},{"type":"Feature","id":"node-density-grid-10:40:0","geometry":{"type":"Polygon","coordinates":[[[0,40],[10,40],[10,50],[0,50],[0,40]]]},"properties":{"name":"10° Density Cell 40,0","kind":"density-grid","grid_size_degrees":10,"point_count":288,"intensity":0.360451,"networks":{"ipv4":288},"statuses":{"duplicate-location":179,"Unknown":109},"countries":{"FR":110,"CH":108,"DE":35,"IT":20,"ES":6,"LI":3,"LU":3,"AT":2,"AD":1},"sanctioned_nodes":0,"policy_restricted_nodes":0,"threat_infrastructure_nodes":0,"stroke":"#c0d674","fill":"#c0d674","opacity":0.1982,"marker_ring":false}},{"type":"Feature","id":"node-density-grid-10:40:10","geometry":{"type":"Polygon","coordinates":[[[10,40],[20,40],[20,50],[10,50],[10,40]]]},"properties":{"name":"10° Density Cell 40,10","kind":"density-grid","grid_size_degrees":10,"point_count":220,"intensity":0.275344,"networks":{"ipv4":220},"statuses":{"duplicate-location":150,"Unknown":70},"countries":{"DE":136,"AT":31,"IT":16,"CZ":13,"HU":9,"SK":6,"SI":4,"HR":3,"CH":1,"PL":1},"sanctioned_nodes":0,"policy_restricted_nodes":0,"threat_infrastructure_nodes":0,"stroke":"#c0d674","fill":"#c0d674","opacity":0.1514,"marker_ring":false}},{"type":"Feature","id":"node-density-grid-10:30:-120","geometry":{"type":"Polygon","coordinates":[[[-120,30],[-110,30],[-110,40],[-120,40],[-120,30]]]},"properties":{"name":"10° Density Cell 30,-120","kind":"density-grid","grid_size_degrees":10,"point_count":217,"intensity":0.271589,"networks":{"ipv4":217},"statuses":{"duplicate-location":162,"Unknown":55},"countries":{"US":217},"sanctioned_nodes":0,"policy_restricted_nodes":0,"threat_infrastructure_nodes":0,"stroke":"#c0d674","fill":"#c0d674","opacity":0.1494,"marker_ring":false}},{"type":"Feature","id":"node-density-grid-10:30:-80","geometry":{"type":"Polygon","coordinates":[[[-80,30],[-70,30],[-70,40],[-80,40],[-80,30]]]},"properties":{"name":"10° Density Cell 30,-80","kind":"density-grid","grid_size_degrees":10,"point_count":204,"intensity":0.255319,"networks":{"ipv4":204},"statuses":{"duplicate-location":170,"Unknown":34},"countries":{"US":204},"sanctioned_nodes":0,"policy_restricted_nodes":0,"threat_infrastructure_nodes":0,"stroke":"#c0d674","fill":"#c0d674","opacity":0.1404,"marker_ring":false}},{"type":"Feature","id":"node-density-grid-10:30:-100","geometry":{"type":"Polygon","coordinates":[[[-100,30],[-90,30],[-90,40],[-100,40],[-100,30]]]},"properties":{"name":"10° Density Cell 30,-100","kind":"density-grid","grid_size_degrees":10,"point_count":199,"intensity":0.249061,"networks":{"ipv4":199},"statuses":{"duplicate-location":126,"Unknown":73},"countries":{"US":199},"sanctioned_nodes":0,"policy_restricted_nodes":0,"threat_infrastructure_nodes":0,"stroke":"#c0d674","fill":"#c0d674","opacity":0.137,"marker_ring":false}},{"type":"Feature","id":"node-density-grid-10:40:-90","geometry":{"type":"Polygon","coordinates":[[[-90,40],[-80,40],[-80,50],[-90,50],[-90,40]]]},"properties":{"name":"10° Density Cell 40,-90","kind":"density-grid","grid_size_degrees":10,"point_count":193,"intensity":0.241552,"networks":{"ipv4":193},"statuses":{"duplicate-location":120,"Unknown":73},"countries":{"US":186,"CA":7},"sanctioned_nodes":0,"policy_restricted_nodes":0,"threat_infrastructure_nodes":0,"stroke":"#c0d674","fill":"#c0d674","opacity":0.1329,"marker_ring":false}},{"type":"Feature","id":"node-density-grid-10:50:-10","geometry":{"type":"Polygon","coordinates":[[[-10,50],[0,50],[0,60],[-10,60],[-10,50]]]},"properties":{"name":"10° Density Cell 50,-10","kind":"density-grid","grid_size_degrees":10,"point_count":192,"intensity":0.2403,"networks":{"ipv4":192},"statuses":{"duplicate-location":137,"Unknown":55},"countries":{"GB":166,"IE":26},"sanctioned_nodes":0,"policy_restricted_nodes":0,"threat_infrastructure_nodes":0,"stroke":"#c0d674","fill":"#c0d674","opacity":0.1322,"marker_ring":false}},{"type":"Feature","id":"node-density-grid-10:40:-130","geometry":{"type":"Polygon","coordinates":[[[-130,40],[-120,40],[-120,50],[-130,50],[-130,40]]]},"properties":{"name":"10° Density Cell 40,-130","kind":"density-grid","grid_size_degrees":10,"point_count":182,"intensity":0.227785,"networks":{"ipv4":182},"statuses":{"duplicate-location":137,"Unknown":45},"countries":{"US":157,"CA":25},"sanctioned_nodes":0,"policy_restricted_nodes":0,"threat_infrastructure_nodes":0,"stroke":"#c0d674","fill":"#c0d674","opacity":0.1253,"marker_ring":false}},{"type":"Feature","id":"node-density-grid-10:30:-90","geometry":{"type":"Polygon","coordinates":[[[-90,30],[-80,30],[-80,40],[-90,40],[-90,30]]]},"properties":{"name":"10° Density Cell 30,-90","kind":"density-grid","grid_size_degrees":10,"point_count":139,"intensity":0.173967,"networks":{"ipv4":139},"statuses":{"Unknown":84,"duplicate-location":55},"countries":{"US":139},"sanctioned_nodes":0,"policy_restricted_nodes":0,"threat_infrastructure_nodes":0,"stroke":"#c0d674","fill":"#c0d674","opacity":0.0957,"marker_ring":false}},{"type":"Feature","id":"node-density-grid-10:30:120","geometry":{"type":"Polygon","coordinates":[[[120,30],[130,30],[130,40],[120,40],[120,30]]]},"properties":{"name":"10° Density Cell 30,120","kind":"density-grid","grid_size_degrees":10,"point_count":129,"intensity":0.161452,"networks":{"ipv4":129},"statuses":{"duplicate-location":106,"Unknown":23},"countries":{"KR":120,"CN":9},"sanctioned_nodes":0,"policy_restricted_nodes":0,"threat_infrastructure_nodes":0,"stroke":"#c0d674","fill":"#c0d674","opacity":0.0888,"marker_ring":false}},{"type":"Feature","id":"node-density-grid-10:0:100","geometry":{"type":"Polygon","coordinates":[[[100,0],[110,0],[110,10],[100,10],[100,0]]]},"properties":{"name":"10° Density Cell 0,100","kind":"density-grid","grid_size_degrees":10,"point_count":116,"intensity":0.145181,"networks":{"ipv4":116},"statuses":{"duplicate-location":99,"Unknown":17},"countries":{"SG":108,"MY":8},"sanctioned_nodes":0,"policy_restricted_nodes":0,"threat_infrastructure_nodes":0,"stroke":"#c0d674","fill":"#c0d674","opacity":0.08,"marker_ring":false}},{"type":"Feature","id":"node-density-grid-10:30:130","geometry":{"type":"Polygon","coordinates":[[[130,30],[140,30],[140,40],[130,40],[130,30]]]},"properties":{"name":"10° Density Cell 30,130","kind":"density-grid","grid_size_degrees":10,"point_count":95,"intensity":0.118899,"networks":{"ipv4":95},"statuses":{"duplicate-location":76,"Unknown":19},"countries":{"JP":95},"sanctioned_nodes":0,"policy_restricted_nodes":0,"threat_infrastructure_nodes":0,"stroke":"#c0d674","fill":"#c0d674","opacity":0.08,"marker_ring":false}},{"type":"Feature","id":"node-density-grid-10:30:-130","geometry":{"type":"Polygon","coordinates":[[[-130,30],[-120,30],[-120,40],[-130,40],[-130,30]]]},"properties":{"name":"10° Density Cell 30,-130","kind":"density-grid","grid_size_degrees":10,"point_count":85,"intensity":0.106383,"networks":{"ipv4":85},"statuses":{"duplicate-location":59,"Unknown":26},"countries":{"US":85},"sanctioned_nodes":0,"policy_restricted_nodes":0,"threat_infrastructure_nodes":0,"stroke":"#c0d674","fill":"#c0d674","opacity":0.08,"marker_ring":false}},{"type":"Feature","id":"node-density-grid-10:60:20","geometry":{"type":"Polygon","coordinates":[[[20,60],[30,60],[30,70],[20,70],[20,60]]]},"properties":{"name":"10° Density Cell 60,20","kind":"density-grid","grid_size_degrees":10,"point_count":82,"intensity":0.102628,"networks":{"ipv4":82},"statuses":{"duplicate-location":70,"Unknown":12},"countries":{"FI":79,"SE":3},"sanctioned_nodes":0,"policy_restricted_nodes":0,"threat_infrastructure_nodes":0,"stroke":"#c0d674","fill":"#c0d674","opacity":0.08,"marker_ring":false}},{"type":"Feature","id":"node-density-grid-10:40:-120","geometry":{"type":"Polygon","coordinates":[[[-120,40],[-110,40],[-110,50],[-120,50],[-120,40]]]},"properties":{"name":"10° Density Cell 40,-120","kind":"density-grid","grid_size_degrees":10,"point_count":77,"intensity":0.09637,"networks":{"ipv4":77},"statuses":{"duplicate-location":58,"Unknown":19},"countries":{"US":75,"CA":2},"sanctioned_nodes":0,"policy_restricted_nodes":0,"threat_infrastructure_nodes":0,"stroke":"#c0d674","fill":"#c0d674","opacity":0.08,"marker_ring":false}},{"type":"Feature","id":"node-density-grid-10:-40:150","geometry":{"type":"Polygon","coordinates":[[[150,-40],[160,-40],[160,-30],[150,-30],[150,-40]]]},"properties":{"name":"10° Density Cell -40,150","kind":"density-grid","grid_size_degrees":10,"point_count":73,"intensity":0.091364,"networks":{"ipv4":73},"statuses":{"duplicate-location":59,"Unknown":14},"countries":{"AU":73},"sanctioned_nodes":0,"policy_restricted_nodes":0,"threat_infrastructure_nodes":0,"stroke":"#c0d674","fill":"#c0d674","opacity":0.08,"marker_ring":false}},{"type":"Feature","id":"node-density-grid-10:50:30","geometry":{"type":"Polygon","coordinates":[[[30,50],[40,50],[40,60],[30,60],[30,50]]]},"properties":{"name":"10° Density Cell 50,30","kind":"density-grid","grid_size_degrees":10,"point_count":68,"intensity":0.085106,"networks":{"ipv4":68},"statuses":{"duplicate-location":42,"Unknown":26},"countries":{"RU":50,"UA":16,"BY":2},"sanctioned_nodes":0,"policy_restricted_nodes":0,"threat_infrastructure_nodes":0,"stroke":"#c0d674","fill":"#c0d674","opacity":0.08,"marker_ring":false}},{"type":"Feature","id":"node-density-grid-10:40:-100","geometry":{"type":"Polygon","coordinates":[[[-100,40],[-90,40],[-90,50],[-100,50],[-100,40]]]},"properties":{"name":"10° Density Cell 40,-100","kind":"density-grid","grid_size_degrees":10,"point_count":66,"intensity":0.082603,"networks":{"ipv4":66},"statuses":{"duplicate-location":40,"Unknown":26},"countries":{"US":60,"CA":6},"sanctioned_nodes":0,"policy_restricted_nodes":0,"threat_infrastructure_nodes":0,"stroke":"#c0d674","fill":"#c0d674","opacity":0.08,"marker_ring":false}},{"type":"Feature","id":"node-density-grid-10:20:-90","geometry":{"type":"Polygon","coordinates":[[[-90,20],[-80,20],[-80,30],[-90,30],[-90,20]]]},"properties":{"name":"10° Density Cell 20,-90","kind":"density-grid","grid_size_degrees":10,"point_count":62,"intensity":0.077597,"networks":{"ipv4":62},"statuses":{"Unknown":50,"duplicate-location":12},"countries":{"US":62},"sanctioned_nodes":0,"policy_restricted_nodes":0,"threat_infrastructure_nodes":0,"stroke":"#c0d674","fill":"#c0d674","opacity":0.08,"marker_ring":false}},{"type":"Feature","id":"node-density-grid-10:20:110","geometry":{"type":"Polygon","coordinates":[[[110,20],[120,20],[120,30],[110,30],[110,20]]]},"properties":{"name":"10° Density Cell 20,110","kind":"density-grid","grid_size_degrees":10,"point_count":60,"intensity":0.075094,"networks":{"ipv4":60},"statuses":{"duplicate-location":49,"Unknown":11},"countries":{"HK":55,"CN":4,"MO":1},"sanctioned_nodes":0,"policy_restricted_nodes":0,"threat_infrastructure_nodes":0,"stroke":"#c0d674","fill":"#c0d674","opacity":0.08,"marker_ring":false}},{"type":"Feature","id":"node-density-grid-10:40:20","geometry":{"type":"Polygon","coordinates":[[[20,40],[30,40],[30,50],[20,50],[20,40]]]},"properties":{"name":"10° Density Cell 40,20","kind":"density-grid","grid_size_degrees":10,"point_count":49,"intensity":0.061327,"networks":{"ipv4":49},"statuses":{"duplicate-location":28,"Unknown":21},"countries":{"BG":18,"RO":15,"MD":7,"TR":4,"SK":3,"GR":1,"UA":1},"sanctioned_nodes":0,"policy_restricted_nodes":0,"threat_infrastructure_nodes":0,"stroke":"#c0d674","fill":"#c0d674","opacity":0.08,"marker_ring":false}},{"type":"Feature","id":"node-density-grid-10:-30:-50","geometry":{"type":"Polygon","coordinates":[[[-50,-30],[-40,-30],[-40,-20],[-50,-20],[-50,-30]]]},"properties":{"name":"10° Density Cell -30,-50","kind":"density-grid","grid_size_degrees":10,"point_count":46,"intensity":0.057572,"networks":{"ipv4":46},"statuses":{"duplicate-location":27,"Unknown":19},"countries":{"BR":46},"sanctioned_nodes":0,"policy_restricted_nodes":0,"threat_infrastructure_nodes":0,"stroke":"#c0d674","fill":"#c0d674","opacity":0.08,"marker_ring":false}},{"type":"Feature","id":"node-density-grid-10:-40:140","geometry":{"type":"Polygon","coordinates":[[[140,-40],[150,-40],[150,-30],[140,-30],[140,-40]]]},"properties":{"name":"10° Density Cell -40,140","kind":"density-grid","grid_size_degrees":10,"point_count":35,"intensity":0.043805,"networks":{"ipv4":35},"statuses":{"Unknown":19,"duplicate-location":16},"countries":{"AU":35},"sanctioned_nodes":0,"policy_restricted_nodes":0,"threat_infrastructure_nodes":0,"stroke":"#c0d674","fill":"#c0d674","opacity":0.08,"marker_ring":false}},{"type":"Feature","id":"node-density-grid-10:30:-110","geometry":{"type":"Polygon","coordinates":[[[-110,30],[-100,30],[-100,40],[-110,40],[-110,30]]]},"properties":{"name":"10° Density Cell 30,-110","kind":"density-grid","grid_size_degrees":10,"point_count":32,"intensity":0.04005,"networks":{"ipv4":32},"statuses":{"duplicate-location":17,"Unknown":15},"countries":{"US":32},"sanctioned_nodes":0,"policy_restricted_nodes":0,"threat_infrastructure_nodes":0,"stroke":"#c0d674","fill":"#c0d674","opacity":0.08,"marker_ring":false}},{"type":"Feature","id":"node-density-grid-10:-30:150","geometry":{"type":"Polygon","coordinates":[[[150,-30],[160,-30],[160,-20],[150,-20],[150,-30]]]},"properties":{"name":"10° Density Cell -30,150","kind":"density-grid","grid_size_degrees":10,"point_count":29,"intensity":0.036295,"networks":{"ipv4":29},"statuses":{"duplicate-location":20,"Unknown":9},"countries":{"AU":29},"sanctioned_nodes":0,"policy_restricted_nodes":0,"threat_infrastructure_nodes":0,"stroke":"#c0d674","fill":"#c0d674","opacity":0.08,"marker_ring":false}},{"type":"Feature","id":"node-density-grid-10:20:-100","geometry":{"type":"Polygon","coordinates":[[[-100,20],[-90,20],[-90,30],[-100,30],[-100,20]]]},"properties":{"name":"10° Density Cell 20,-100","kind":"density-grid","grid_size_degrees":10,"point_count":28,"intensity":0.035044,"networks":{"ipv4":28},"statuses":{"duplicate-location":18,"Unknown":10},"countries":{"US":27,"MX":1},"sanctioned_nodes":0,"policy_restricted_nodes":0,"threat_infrastructure_nodes":0,"stroke":"#c0d674","fill":"#c0d674","opacity":0.08,"marker_ring":false}},{"type":"Feature","id":"node-density-grid-10:50:20","geometry":{"type":"Polygon","coordinates":[[[20,50],[30,50],[30,60],[20,60],[20,50]]]},"properties":{"name":"10° Density Cell 50,20","kind":"density-grid","grid_size_degrees":10,"point_count":26,"intensity":0.032541,"networks":{"ipv4":26},"statuses":{"duplicate-location":15,"Unknown":11},"countries":{"PL":10,"LT":7,"EE":4,"LV":4,"BY":1},"sanctioned_nodes":0,"policy_restricted_nodes":0,"threat_infrastructure_nodes":0,"stroke":"#c0d674","fill":"#c0d674","opacity":0.08,"marker_ring":false}},{"type":"Feature","id":"node-density-grid-10:50:-120","geometry":{"type":"Polygon","coordinates":[[[-120,50],[-110,50],[-110,60],[-120,60],[-120,50]]]},"properties":{"name":"10° Density Cell 50,-120","kind":"density-grid","grid_size_degrees":10,"point_count":22,"intensity":0.027534,"networks":{"ipv4":22},"statuses":{"Unknown":11,"duplicate-location":11},"countries":{"CA":22},"sanctioned_nodes":0,"policy_restricted_nodes":0,"threat_infrastructure_nodes":0,"stroke":"#c0d674","fill":"#c0d674","opacity":0.08,"marker_ring":false}},{"type":"Feature","id":"node-density-grid-10:10:70","geometry":{"type":"Polygon","coordinates":[[[70,10],[80,10],[80,20],[70,20],[70,10]]]},"properties":{"name":"10° Density Cell 10,70","kind":"density-grid","grid_size_degrees":10,"point_count":21,"intensity":0.026283,"networks":{"ipv4":21},"statuses":{"duplicate-location":17,"Unknown":4},"countries":{"IN":21},"sanctioned_nodes":0,"policy_restricted_nodes":0,"threat_infrastructure_nodes":0,"stroke":"#c0d674","fill":"#c0d674","opacity":0.08,"marker_ring":false}},{"type":"Feature","id":"node-density-grid-10:30:-10","geometry":{"type":"Polygon","coordinates":[[[-10,30],[0,30],[0,40],[-10,40],[-10,30]]]},"properties":{"name":"10° Density Cell 30,-10","kind":"density-grid","grid_size_degrees":10,"point_count":21,"intensity":0.026283,"networks":{"ipv4":21},"statuses":{"Unknown":17,"duplicate-location":4},"countries":{"ES":15,"PT":6},"sanctioned_nodes":0,"policy_restricted_nodes":0,"threat_infrastructure_nodes":0,"stroke":"#c0d674","fill":"#c0d674","opacity":0.08,"marker_ring":false}},{"type":"Feature","id":"node-density-grid-10:10:100","geometry":{"type":"Polygon","coordinates":[[[100,10],[110,10],[110,20],[100,20],[100,10]]]},"properties":{"name":"10° Density Cell 10,100","kind":"density-grid","grid_size_degrees":10,"point_count":20,"intensity":0.025031,"networks":{"ipv4":20},"statuses":{"Unknown":14,"duplicate-location":6},"countries":{"TH":17,"KH":2,"VN":1},"sanctioned_nodes":0,"policy_restricted_nodes":0,"threat_infrastructure_nodes":0,"stroke":"#c0d674","fill":"#c0d674","opacity":0.08,"marker_ring":false}},{"type":"Feature","id":"node-density-grid-10:40:-10","geometry":{"type":"Polygon","coordinates":[[[-10,40],[0,40],[0,50],[-10,50],[-10,40]]]},"properties":{"name":"10° Density Cell 40,-10","kind":"density-grid","grid_size_degrees":10,"point_count":20,"intensity":0.025031,"networks":{"ipv4":20},"statuses":{"Unknown":15,"duplicate-location":5},"countries":{"ES":11,"FR":4,"PT":4,"JE":1},"sanctioned_nodes":0,"policy_restricted_nodes":0,"threat_infrastructure_nodes":0,"stroke":"#c0d674","fill":"#c0d674","opacity":0.08,"marker_ring":false}},{"type":"Feature","id":"node-density-grid-10:-40:170","geometry":{"type":"Polygon","coordinates":[[[170,-40],[180.0,-40],[180.0,-30],[170,-30],[170,-40]]]},"properties":{"name":"10° Density Cell -40,170","kind":"density-grid","grid_size_degrees":10,"point_count":19,"intensity":0.02378,"networks":{"ipv4":19},"statuses":{"duplicate-location":12,"Unknown":7},"countries":{"NZ":19},"sanctioned_nodes":0,"policy_restricted_nodes":0,"threat_infrastructure_nodes":0,"stroke":"#c0d674","fill":"#c0d674","opacity":0.08,"marker_ring":false}},{"type":"Feature","id":"node-density-grid-10:-40:-60","geometry":{"type":"Polygon","coordinates":[[[-60,-40],[-50,-40],[-50,-30],[-60,-30],[-60,-40]]]},"properties":{"name":"10° Density Cell -40,-60","kind":"density-grid","grid_size_degrees":10,"point_count":18,"intensity":0.022528,"networks":{"ipv4":18},"statuses":{"duplicate-location":10,"Unknown":8},"countries":{"AR":12,"UY":4,"BR":2},"sanctioned_nodes":0,"policy_restricted_nodes":0,"threat_infrastructure_nodes":0,"stroke":"#c0d674","fill":"#c0d674","opacity":0.08,"marker_ring":false}},{"type":"Feature","id":"node-density-grid-10:20:120","geometry":{"type":"Polygon","coordinates":[[[120,20],[130,20],[130,30],[120,30],[120,20]]]},"properties":{"name":"10° Density Cell 20,120","kind":"density-grid","grid_size_degrees":10,"point_count":17,"intensity":0.021277,"networks":{"ipv4":17},"statuses":{"duplicate-location":14,"Unknown":3},"countries":{"TW":15,"CN":1,"JP":1},"sanctioned_nodes":0,"policy_restricted_nodes":0,"threat_infrastructure_nodes":0,"stroke":"#c0d674","fill":"#c0d674","opacity":0.08,"marker_ring":false}},{"type":"Feature","id":"node-density-grid-10:40:30","geometry":{"type":"Polygon","coordinates":[[[30,40],[40,40],[40,50],[30,50],[30,40]]]},"properties":{"name":"10° Density Cell 40,30","kind":"density-grid","grid_size_degrees":10,"point_count":15,"intensity":0.018773,"networks":{"ipv4":15},"statuses":{"Unknown":10,"duplicate-location":5},"countries":{"UA":13,"RU":2},"sanctioned_nodes":0,"policy_restricted_nodes":0,"threat_infrastructure_nodes":0,"stroke":"#c0d674","fill":"#c0d674","opacity":0.08,"marker_ring":false}},{"type":"Feature","id":"node-density-grid-10:-40:10","geometry":{"type":"Polygon","coordinates":[[[10,-40],[20,-40],[20,-30],[10,-30],[10,-40]]]},"properties":{"name":"10° Density Cell -40,10","kind":"density-grid","grid_size_degrees":10,"point_count":13,"intensity":0.01627,"networks":{"ipv4":13},"statuses":{"duplicate-location":10,"Unknown":3},"countries":{"ZA":13},"sanctioned_nodes":0,"policy_restricted_nodes":0,"threat_infrastructure_nodes":0,"stroke":"#c0d674","fill":"#c0d674","opacity":0.08,"marker_ring":false}},{"type":"Feature","id":"node-density-grid-10:-40:110","geometry":{"type":"Polygon","coordinates":[[[110,-40],[120,-40],[120,-30],[110,-30],[110,-40]]]},"properties":{"name":"10° Density Cell -40,110","kind":"density-grid","grid_size_degrees":10,"point_count":12,"intensity":0.015019,"networks":{"ipv4":12},"statuses":{"Unknown":6,"duplicate-location":6},"countries":{"AU":12},"sanctioned_nodes":0,"policy_restricted_nodes":0,"threat_infrastructure_nodes":0,"stroke":"#c0d674","fill":"#c0d674","opacity":0.08,"marker_ring":false}},{"type":"Feature","id":"node-density-grid-10:-10:100","geometry":{"type":"Polygon","coordinates":[[[100,-10],[110,-10],[110,0],[100,0],[100,-10]]]},"properties":{"name":"10° Density Cell -10,100","kind":"density-grid","grid_size_degrees":10,"point_count":12,"intensity":0.015019,"networks":{"ipv4":12},"statuses":{"duplicate-location":7,"Unknown":5},"countries":{"ID":12},"sanctioned_nodes":0,"policy_restricted_nodes":0,"threat_infrastructure_nodes":0,"stroke":"#c0d674","fill":"#c0d674","opacity":0.08,"marker_ring":false}},{"type":"Feature","id":"node-density-grid-10:20:50","geometry":{"type":"Polygon","coordinates":[[[50,20],[60,20],[60,30],[50,30],[50,20]]]},"properties":{"name":"10° Density Cell 20,50","kind":"density-grid","grid_size_degrees":10,"point_count":12,"intensity":0.015019,"networks":{"ipv4":12},"statuses":{"duplicate-location":7,"Unknown":5},"countries":{"AE":7,"OM":2,"QA":2,"BH":1},"sanctioned_nodes":0,"policy_restricted_nodes":0,"threat_infrastructure_nodes":0,"stroke":"#c0d674","fill":"#c0d674","opacity":0.08,"marker_ring":false}},{"type":"Feature","id":"node-density-grid-10:40:-70","geometry":{"type":"Polygon","coordinates":[[[-70,40],[-60,40],[-60,50],[-70,50],[-70,40]]]},"properties":{"name":"10° Density Cell 40,-70","kind":"density-grid","grid_size_degrees":10,"point_count":11,"intensity":0.013767,"networks":{"ipv4":11},"statuses":{"Unknown":11},"countries":{"CA":10,"US":1},"sanctioned_nodes":0,"policy_restricted_nodes":0,"threat_infrastructure_nodes":0,"stroke":"#c0d674","fill":"#c0d674","opacity":0.08,"marker_ring":false}},{"type":"Feature","id":"node-density-grid-10:40:-110","geometry":{"type":"Polygon","coordinates":[[[-110,40],[-100,40],[-100,50],[-110,50],[-110,40]]]},"properties":{"name":"10° Density Cell 40,-110","kind":"density-grid","grid_size_degrees":10,"point_count":10,"intensity":0.012516,"networks":{"ipv4":10},"statuses":{"Unknown":7,"duplicate-location":3},"countries":{"US":10},"sanctioned_nodes":0,"policy_restricted_nodes":0,"threat_infrastructure_nodes":0,"stroke":"#c0d674","fill":"#c0d674","opacity":0.08,"marker_ring":false}},{"type":"Feature","id":"node-density-grid-10:-30:-60","geometry":{"type":"Polygon","coordinates":[[[-60,-30],[-50,-30],[-50,-20],[-60,-20],[-60,-30]]]},"properties":{"name":"10° Density Cell -30,-60","kind":"density-grid","grid_size_degrees":10,"point_count":7,"intensity":0.008761,"networks":{"ipv4":7},"statuses":{"Unknown":7},"countries":{"BR":7},"sanctioned_nodes":0,"policy_restricted_nodes":0,"threat_infrastructure_nodes":0,"stroke":"#c0d674","fill":"#c0d674","opacity":0.08,"marker_ring":false}},{"type":"Feature","id":"node-density-grid-10:-40:130","geometry":{"type":"Polygon","coordinates":[[[130,-40],[140,-40],[140,-30],[130,-30],[130,-40]]]},"properties":{"name":"10° Density Cell -40,130","kind":"density-grid","grid_size_degrees":10,"point_count":6,"intensity":0.007509,"networks":{"ipv4":6},"statuses":{"duplicate-location":4,"Unknown":2},"countries":{"AU":6},"sanctioned_nodes":0,"policy_restricted_nodes":0,"threat_infrastructure_nodes":0,"stroke":"#c0d674","fill":"#c0d674","opacity":0.08,"marker_ring":false}},{"type":"Feature","id":"node-density-grid-10:-20:-50","geometry":{"type":"Polygon","coordinates":[[[-50,-20],[-40,-20],[-40,-10],[-50,-10],[-50,-20]]]},"properties":{"name":"10° Density Cell -20,-50","kind":"density-grid","grid_size_degrees":10,"point_count":6,"intensity":0.007509,"networks":{"ipv4":6},"statuses":{"Unknown":4,"duplicate-location":2},"countries":{"BR":6},"sanctioned_nodes":0,"policy_restricted_nodes":0,"threat_infrastructure_nodes":0,"stroke":"#c0d674","fill":"#c0d674","opacity":0.08,"marker_ring":false}},{"type":"Feature","id":"node-density-grid-10:60:-30","geometry":{"type":"Polygon","coordinates":[[[-30,60],[-20,60],[-20,70],[-30,70],[-30,60]]]},"properties":{"name":"10° Density Cell 60,-30","kind":"density-grid","grid_size_degrees":10,"point_count":6,"intensity":0.007509,"networks":{"ipv4":6},"statuses":{"Unknown":4,"duplicate-location":2},"countries":{"IS":6},"sanctioned_nodes":0,"policy_restricted_nodes":0,"threat_infrastructure_nodes":0,"stroke":"#c0d674","fill":"#c0d674","opacity":0.08,"marker_ring":false}},{"type":"Feature","id":"node-density-grid-10:-40:-80","geometry":{"type":"Polygon","coordinates":[[[-80,-40],[-70,-40],[-70,-30],[-80,-30],[-80,-40]]]},"properties":{"name":"10° Density Cell -40,-80","kind":"density-grid","grid_size_degrees":10,"point_count":5,"intensity":0.006258,"networks":{"ipv4":5},"statuses":{"duplicate-location":4,"Unknown":1},"countries":{"CL":5},"sanctioned_nodes":0,"policy_restricted_nodes":0,"threat_infrastructure_nodes":0,"stroke":"#c0d674","fill":"#c0d674","opacity":0.08,"marker_ring":false}},{"type":"Feature","id":"node-density-grid-10:0:-80","geometry":{"type":"Polygon","coordinates":[[[-80,0],[-70,0],[-70,10],[-80,10],[-80,0]]]},"properties":{"name":"10° Density Cell 0,-80","kind":"density-grid","grid_size_degrees":10,"point_count":5,"intensity":0.006258,"networks":{"ipv4":5},"statuses":{"Unknown":5},"countries":{"CO":3,"PA":1,"VE":1},"sanctioned_nodes":0,"policy_restricted_nodes":0,"threat_infrastructure_nodes":0,"stroke":"#c0d674","fill":"#c0d674","opacity":0.08,"marker_ring":false}},{"type":"Feature","id":"node-density-grid-10:10:-70","geometry":{"type":"Polygon","coordinates":[[[-70,10],[-60,10],[-60,20],[-70,20],[-70,10]]]},"properties":{"name":"10° Density Cell 10,-70","kind":"density-grid","grid_size_degrees":10,"point_count":5,"intensity":0.006258,"networks":{"ipv4":5},"statuses":{"Unknown":5},"countries":{"PR":2,"VE":2,"CW":1},"sanctioned_nodes":0,"policy_restricted_nodes":0,"threat_infrastructure_nodes":0,"stroke":"#c0d674","fill":"#c0d674","opacity":0.08,"marker_ring":false}},{"type":"Feature","id":"node-density-grid-10:20:40","geometry":{"type":"Polygon","coordinates":[[[40,20],[50,20],[50,30],[40,30],[40,20]]]},"properties":{"name":"10° Density Cell 20,40","kind":"density-grid","grid_size_degrees":10,"point_count":5,"intensity":0.006258,"networks":{"ipv4":5},"statuses":{"Unknown":3,"duplicate-location":2},"countries":{"SA":3,"KW":2},"sanctioned_nodes":0,"policy_restricted_nodes":0,"threat_infrastructure_nodes":0,"stroke":"#c0d674","fill":"#c0d674","opacity":0.08,"marker_ring":false}},{"type":"Feature","id":"node-density-grid-10:30:20","geometry":{"type":"Polygon","coordinates":[[[20,30],[30,30],[30,40],[20,40],[20,30]]]},"properties":{"name":"10° Density Cell 30,20","kind":"density-grid","grid_size_degrees":10,"point_count":5,"intensity":0.006258,"networks":{"ipv4":5},"statuses":{"Unknown":5},"countries":{"GR":5},"sanctioned_nodes":0,"policy_restricted_nodes":0,"threat_infrastructure_nodes":0,"stroke":"#c0d674","fill":"#c0d674","opacity":0.08,"marker_ring":false}},{"type":"Feature","id":"node-density-grid-10:30:30","geometry":{"type":"Polygon","coordinates":[[[30,30],[40,30],[40,40],[30,40],[30,30]]]},"properties":{"name":"10° Density Cell 30,30","kind":"density-grid","grid_size_degrees":10,"point_count":5,"intensity":0.006258,"networks":{"ipv4":5},"statuses":{"Unknown":3,"duplicate-location":2},"countries":{"IL":3,"CY":1,"TR":1},"sanctioned_nodes":0,"policy_restricted_nodes":0,"threat_infrastructure_nodes":0,"stroke":"#c0d674","fill":"#c0d674","opacity":0.08,"marker_ring":false}},{"type":"Feature","id":"node-density-grid-10:60:10","geometry":{"type":"Polygon","coordinates":[[[10,60],[20,60],[20,70],[10,70],[10,60]]]},"properties":{"name":"10° Density Cell 60,10","kind":"density-grid","grid_size_degrees":10,"point_count":5,"intensity":0.006258,"networks":{"ipv4":5},"statuses":{"Unknown":3,"duplicate-location":2},"countries":{"NO":3,"SE":2},"sanctioned_nodes":0,"policy_restricted_nodes":0,"threat_infrastructure_nodes":0,"stroke":"#c0d674","fill":"#c0d674","opacity":0.08,"marker_ring":false}},{"type":"Feature","id":"node-density-grid-10:-50:170","geometry":{"type":"Polygon","coordinates":[[[170,-50],[180.0,-50],[180.0,-40],[170,-40],[170,-50]]]},"properties":{"name":"10° Density Cell -50,170","kind":"density-grid","grid_size_degrees":10,"point_count":4,"intensity":0.005006,"networks":{"ipv4":4},"statuses":{"Unknown":4},"countries":{"NZ":4},"sanctioned_nodes":0,"policy_restricted_nodes":0,"threat_infrastructure_nodes":0,"stroke":"#c0d674","fill":"#c0d674","opacity":0.08,"marker_ring":false}},{"type":"Feature","id":"node-density-grid-10:-30:20","geometry":{"type":"Polygon","coordinates":[[[20,-30],[30,-30],[30,-20],[20,-20],[20,-30]]]},"properties":{"name":"10° Density Cell -30,20","kind":"density-grid","grid_size_degrees":10,"point_count":4,"intensity":0.005006,"networks":{"ipv4":4},"statuses":{"Unknown":2,"duplicate-location":2},"countries":{"ZA":4},"sanctioned_nodes":0,"policy_restricted_nodes":0,"threat_infrastructure_nodes":0,"stroke":"#c0d674","fill":"#c0d674","opacity":0.08,"marker_ring":false}},{"type":"Feature","id":"node-density-grid-10:20:-160","geometry":{"type":"Polygon","coordinates":[[[-160,20],[-150,20],[-150,30],[-160,30],[-160,20]]]},"properties":{"name":"10° Density Cell 20,-160","kind":"density-grid","grid_size_degrees":10,"point_count":4,"intensity":0.005006,"networks":{"ipv4":4},"statuses":{"Unknown":2,"duplicate-location":2},"countries":{"US":4},"sanctioned_nodes":0,"policy_restricted_nodes":0,"threat_infrastructure_nodes":0,"stroke":"#c0d674","fill":"#c0d674","opacity":0.08,"marker_ring":false}},{"type":"Feature","id":"node-density-grid-10:30:100","geometry":{"type":"Polygon","coordinates":[[[100,30],[110,30],[110,40],[100,40],[100,30]]]},"properties":{"name":"10° Density Cell 30,100","kind":"density-grid","grid_size_degrees":10,"point_count":4,"intensity":0.005006,"networks":{"ipv4":4},"statuses":{"duplicate-location":4},"countries":{"CN":4},"sanctioned_nodes":0,"policy_restricted_nodes":0,"threat_infrastructure_nodes":0,"stroke":"#c0d674","fill":"#c0d674","opacity":0.08,"marker_ring":false}},{"type":"Feature","id":"node-density-grid-10:50:40","geometry":{"type":"Polygon","coordinates":[[[40,50],[50,50],[50,60],[40,60],[40,50]]]},"properties":{"name":"10° Density Cell 50,40","kind":"density-grid","grid_size_degrees":10,"point_count":4,"intensity":0.005006,"networks":{"ipv4":4},"statuses":{"Unknown":2,"duplicate-location":2},"countries":{"RU":4},"sanctioned_nodes":0,"policy_restricted_nodes":0,"threat_infrastructure_nodes":0,"stroke":"#c0d674","fill":"#c0d674","opacity":0.08,"marker_ring":false}},{"type":"Feature","id":"node-density-grid-10:-50:160","geometry":{"type":"Polygon","coordinates":[[[160,-50],[170,-50],[170,-40],[160,-40],[160,-50]]]},"properties":{"name":"10° Density Cell -50,160","kind":"density-grid","grid_size_degrees":10,"point_count":3,"intensity":0.003755,"networks":{"ipv4":3},"statuses":{"Unknown":3},"countries":{"NZ":3},"sanctioned_nodes":0,"policy_restricted_nodes":0,"threat_infrastructure_nodes":0,"stroke":"#c0d674","fill":"#c0d674","opacity":0.08,"marker_ring":false}},{"type":"Feature","id":"node-density-grid-10:-10:110","geometry":{"type":"Polygon","coordinates":[[[110,-10],[120,-10],[120,0],[110,0],[110,-10]]]},"properties":{"name":"10° Density Cell -10,110","kind":"density-grid","grid_size_degrees":10,"point_count":3,"intensity":0.003755,"networks":{"ipv4":3},"statuses":{"duplicate-location":2,"Unknown":1},"countries":{"ID":3},"sanctioned_nodes":0,"policy_restricted_nodes":0,"threat_infrastructure_nodes":0,"stroke":"#c0d674","fill":"#c0d674","opacity":0.08,"marker_ring":false}},{"type":"Feature","id":"node-density-grid-10:0:-90","geometry":{"type":"Polygon","coordinates":[[[-90,0],[-80,0],[-80,10],[-90,10],[-90,0]]]},"properties":{"name":"10° Density Cell 0,-90","kind":"density-grid","grid_size_degrees":10,"point_count":3,"intensity":0.003755,"networks":{"ipv4":3},"statuses":{"duplicate-location":2,"Unknown":1},"countries":{"CR":3},"sanctioned_nodes":0,"policy_restricted_nodes":0,"threat_infrastructure_nodes":0,"stroke":"#c0d674","fill":"#c0d674","opacity":0.08,"marker_ring":false}},{"type":"Feature","id":"node-density-grid-10:10:-100","geometry":{"type":"Polygon","coordinates":[[[-100,10],[-90,10],[-90,20],[-100,20],[-100,10]]]},"properties":{"name":"10° Density Cell 10,-100","kind":"density-grid","grid_size_degrees":10,"point_count":3,"intensity":0.003755,"networks":{"ipv4":3},"statuses":{"Unknown":3},"countries":{"MX":3},"sanctioned_nodes":0,"policy_restricted_nodes":0,"threat_infrastructure_nodes":0,"stroke":"#c0d674","fill":"#c0d674","opacity":0.08,"marker_ring":false}},{"type":"Feature","id":"node-density-grid-10:10:-90","geometry":{"type":"Polygon","coordinates":[[[-90,10],[-80,10],[-80,20],[-90,20],[-90,10]]]},"properties":{"name":"10° Density Cell 10,-90","kind":"density-grid","grid_size_degrees":10,"point_count":3,"intensity":0.003755,"networks":{"ipv4":3},"statuses":{"Unknown":3},"countries":{"HN":2,"SV":1},"sanctioned_nodes":0,"policy_restricted_nodes":0,"threat_infrastructure_nodes":0,"stroke":"#c0d674","fill":"#c0d674","opacity":0.08,"marker_ring":false}},{"type":"Feature","id":"node-density-grid-10:20:-110","geometry":{"type":"Polygon","coordinates":[[[-110,20],[-100,20],[-100,30],[-110,30],[-110,20]]]},"properties":{"name":"10° Density Cell 20,-110","kind":"density-grid","grid_size_degrees":10,"point_count":3,"intensity":0.003755,"networks":{"ipv4":3},"statuses":{"Unknown":3},"countries":{"MX":3},"sanctioned_nodes":0,"policy_restricted_nodes":0,"threat_infrastructure_nodes":0,"stroke":"#c0d674","fill":"#c0d674","opacity":0.08,"marker_ring":false}},{"type":"Feature","id":"node-density-grid-10:20:70","geometry":{"type":"Polygon","coordinates":[[[70,20],[80,20],[80,30],[70,30],[70,20]]]},"properties":{"name":"10° Density Cell 20,70","kind":"density-grid","grid_size_degrees":10,"point_count":3,"intensity":0.003755,"networks":{"ipv4":3},"statuses":{"Unknown":3},"countries":{"IN":3},"sanctioned_nodes":0,"policy_restricted_nodes":0,"threat_infrastructure_nodes":0,"stroke":"#c0d674","fill":"#c0d674","opacity":0.08,"marker_ring":false}},{"type":"Feature","id":"node-density-grid-10:40:70","geometry":{"type":"Polygon","coordinates":[[[70,40],[80,40],[80,50],[70,50],[70,40]]]},"properties":{"name":"10° Density Cell 40,70","kind":"density-grid","grid_size_degrees":10,"point_count":3,"intensity":0.003755,"networks":{"ipv4":3},"statuses":{"Unknown":3},"countries":{"KZ":3},"sanctioned_nodes":0,"policy_restricted_nodes":0,"threat_infrastructure_nodes":0,"stroke":"#c0d674","fill":"#c0d674","opacity":0.08,"marker_ring":false}},{"type":"Feature","id":"node-density-grid-10:50:50","geometry":{"type":"Polygon","coordinates":[[[50,50],[60,50],[60,60],[50,60],[50,50]]]},"properties":{"name":"10° Density Cell 50,50","kind":"density-grid","grid_size_degrees":10,"point_count":3,"intensity":0.003755,"networks":{"ipv4":3},"statuses":{"Unknown":3},"countries":{"RU":3},"sanctioned_nodes":0,"policy_restricted_nodes":0,"threat_infrastructure_nodes":0,"stroke":"#c0d674","fill":"#c0d674","opacity":0.08,"marker_ring":false}},{"type":"Feature","id":"node-density-grid-10:50:60","geometry":{"type":"Polygon","coordinates":[[[60,50],[70,50],[70,60],[60,60],[60,50]]]},"properties":{"name":"10° Density Cell 50,60","kind":"density-grid","grid_size_degrees":10,"point_count":3,"intensity":0.003755,"networks":{"ipv4":3},"statuses":{"duplicate-location":2,"Unknown":1},"countries":{"RU":3},"sanctioned_nodes":0,"policy_restricted_nodes":0,"threat_infrastructure_nodes":0,"stroke":"#c0d674","fill":"#c0d674","opacity":0.08,"marker_ring":false}},{"type":"Feature","id":"node-density-grid-10:60:30","geometry":{"type":"Polygon","coordinates":[[[30,60],[40,60],[40,70],[30,70],[30,60]]]},"properties":{"name":"10° Density Cell 60,30","kind":"density-grid","grid_size_degrees":10,"point_count":3,"intensity":0.003755,"networks":{"ipv4":3},"statuses":{"Unknown":3},"countries":{"RU":3},"sanctioned_nodes":0,"policy_restricted_nodes":0,"threat_infrastructure_nodes":0,"stroke":"#c0d674","fill":"#c0d674","opacity":0.08,"marker_ring":false}},{"type":"Feature","id":"node-density-grid-10:-30:140","geometry":{"type":"Polygon","coordinates":[[[140,-30],[150,-30],[150,-20],[140,-20],[140,-30]]]},"properties":{"name":"10° Density Cell -30,140","kind":"density-grid","grid_size_degrees":10,"point_count":2,"intensity":0.002503,"networks":{"ipv4":2},"statuses":{"Unknown":2},"countries":{"AU":2},"sanctioned_nodes":0,"policy_restricted_nodes":0,"threat_infrastructure_nodes":0,"stroke":"#c0d674","fill":"#c0d674","opacity":0.08,"marker_ring":false}},{"type":"Feature","id":"node-density-grid-10:10:90","geometry":{"type":"Polygon","coordinates":[[[90,10],[100,10],[100,20],[90,20],[90,10]]]},"properties":{"name":"10° Density Cell 10,90","kind":"density-grid","grid_size_degrees":10,"point_count":2,"intensity":0.002503,"networks":{"ipv4":2},"statuses":{"Unknown":2},"countries":{"TH":2},"sanctioned_nodes":0,"policy_restricted_nodes":0,"threat_infrastructure_nodes":0,"stroke":"#c0d674","fill":"#c0d674","opacity":0.08,"marker_ring":false}},{"type":"Feature","id":"node-density-grid-10:20:80","geometry":{"type":"Polygon","coordinates":[[[80,20],[90,20],[90,30],[80,30],[80,20]]]},"properties":{"name":"10° Density Cell 20,80","kind":"density-grid","grid_size_degrees":10,"point_count":2,"intensity":0.002503,"networks":{"ipv4":2},"statuses":{"Unknown":2},"countries":{"IN":2},"sanctioned_nodes":0,"policy_restricted_nodes":0,"threat_infrastructure_nodes":0,"stroke":"#c0d674","fill":"#c0d674","opacity":0.08,"marker_ring":false}},{"type":"Feature","id":"node-density-grid-10:20:90","geometry":{"type":"Polygon","coordinates":[[[90,20],[100,20],[100,30],[90,30],[90,20]]]},"properties":{"name":"10° Density Cell 20,90","kind":"density-grid","grid_size_degrees":10,"point_count":2,"intensity":0.002503,"networks":{"ipv4":2},"statuses":{"Unknown":2},"countries":{"BD":1,"IN":1},"sanctioned_nodes":0,"policy_restricted_nodes":0,"threat_infrastructure_nodes":0,"stroke":"#c0d674","fill":"#c0d674","opacity":0.08,"marker_ring":false}},{"type":"Feature","id":"node-density-grid-10:20:100","geometry":{"type":"Polygon","coordinates":[[[100,20],[110,20],[110,30],[100,30],[100,20]]]},"properties":{"name":"10° Density Cell 20,100","kind":"density-grid","grid_size_degrees":10,"point_count":2,"intensity":0.002503,"networks":{"ipv4":2},"statuses":{"Unknown":2},"countries":{"CN":1,"VN":1},"sanctioned_nodes":0,"policy_restricted_nodes":0,"threat_infrastructure_nodes":0,"stroke":"#c0d674","fill":"#c0d674","opacity":0.08,"marker_ring":false}},{"type":"Feature","id":"node-density-grid-10:40:40","geometry":{"type":"Polygon","coordinates":[[[40,40],[50,40],[50,50],[40,50],[40,40]]]},"properties":{"name":"10° Density Cell 40,40","kind":"density-grid","grid_size_degrees":10,"point_count":2,"intensity":0.002503,"networks":{"ipv4":2},"statuses":{"Unknown":2},"countries":{"GE":2},"sanctioned_nodes":0,"policy_restricted_nodes":0,"threat_infrastructure_nodes":0,"stroke":"#c0d674","fill":"#c0d674","opacity":0.08,"marker_ring":false}},{"type":"Feature","id":"node-density-grid-10:50:-160","geometry":{"type":"Polygon","coordinates":[[[-160,50],[-150,50],[-150,60],[-160,60],[-160,50]]]},"properties":{"name":"10° Density Cell 50,-160","kind":"density-grid","grid_size_degrees":10,"point_count":2,"intensity":0.002503,"networks":{"ipv4":2},"statuses":{"duplicate-location":2},"countries":{"US":2},"sanctioned_nodes":0,"policy_restricted_nodes":0,"threat_infrastructure_nodes":0,"stroke":"#c0d674","fill":"#c0d674","opacity":0.08,"marker_ring":false}},{"type":"Feature","id":"node-density-grid-10:50:-130","geometry":{"type":"Polygon","coordinates":[[[-130,50],[-120,50],[-120,60],[-130,60],[-130,50]]]},"properties":{"name":"10° Density Cell 50,-130","kind":"density-grid","grid_size_degrees":10,"point_count":2,"intensity":0.002503,"networks":{"ipv4":2},"statuses":{"Unknown":2},"countries":{"CA":2},"sanctioned_nodes":0,"policy_restricted_nodes":0,"threat_infrastructure_nodes":0,"stroke":"#c0d674","fill":"#c0d674","opacity":0.08,"marker_ring":false}},{"type":"Feature","id":"node-density-grid-10:50:80","geometry":{"type":"Polygon","coordinates":[[[80,50],[90,50],[90,60],[80,60],[80,50]]]},"properties":{"name":"10° Density Cell 50,80","kind":"density-grid","grid_size_degrees":10,"point_count":2,"intensity":0.002503,"networks":{"ipv4":2},"statuses":{"Unknown":2},"countries":{"RU":2},"sanctioned_nodes":0,"policy_restricted_nodes":0,"threat_infrastructure_nodes":0,"stroke":"#c0d674","fill":"#c0d674","opacity":0.08,"marker_ring":false}},{"type":"Feature","id":"node-density-grid-10:50:100","geometry":{"type":"Polygon","coordinates":[[[100,50],[110,50],[110,60],[100,60],[100,50]]]},"properties":{"name":"10° Density Cell 50,100","kind":"density-grid","grid_size_degrees":10,"point_count":2,"intensity":0.002503,"networks":{"ipv4":2},"statuses":{"Unknown":2},"countries":{"RU":2},"sanctioned_nodes":0,"policy_restricted_nodes":0,"threat_infrastructure_nodes":0,"stroke":"#c0d674","fill":"#c0d674","opacity":0.08,"marker_ring":false}},{"type":"Feature","id":"node-density-grid-10:60:-150","geometry":{"type":"Polygon","coordinates":[[[-150,60],[-140,60],[-140,70],[-150,70],[-150,60]]]},"properties":{"name":"10° Density Cell 60,-150","kind":"density-grid","grid_size_degrees":10,"point_count":2,"intensity":0.002503,"networks":{"ipv4":2},"statuses":{"Unknown":2},"countries":{"US":2},"sanctioned_nodes":0,"policy_restricted_nodes":0,"threat_infrastructure_nodes":0,"stroke":"#c0d674","fill":"#c0d674","opacity":0.08,"marker_ring":false}},{"type":"Feature","id":"node-density-grid-10:60:-10","geometry":{"type":"Polygon","coordinates":[[[-10,60],[0,60],[0,70],[-10,70],[-10,60]]]},"properties":{"name":"10° Density Cell 60,-10","kind":"density-grid","grid_size_degrees":10,"point_count":2,"intensity":0.002503,"networks":{"ipv4":2},"statuses":{"Unknown":2},"countries":{"FO":2},"sanctioned_nodes":0,"policy_restricted_nodes":0,"threat_infrastructure_nodes":0,"stroke":"#c0d674","fill":"#c0d674","opacity":0.08,"marker_ring":false}},{"type":"Feature","id":"node-density-grid-10:60:0","geometry":{"type":"Polygon","coordinates":[[[0,60],[10,60],[10,70],[0,70],[0,60]]]},"properties":{"name":"10° Density Cell 60,0","kind":"density-grid","grid_size_degrees":10,"point_count":2,"intensity":0.002503,"networks":{"ipv4":2},"statuses":{"Unknown":2},"countries":{"NO":2},"sanctioned_nodes":0,"policy_restricted_nodes":0,"threat_infrastructure_nodes":0,"stroke":"#c0d674","fill":"#c0d674","opacity":0.08,"marker_ring":false}},{"type":"Feature","id":"node-density-grid-10:-50:-80","geometry":{"type":"Polygon","coordinates":[[[-80,-50],[-70,-50],[-70,-40],[-80,-40],[-80,-50]]]},"properties":{"name":"10° Density Cell -50,-80","kind":"density-grid","grid_size_degrees":10,"point_count":1,"intensity":0.001252,"networks":{"ipv4":1},"statuses":{"Unknown":1},"countries":{"AR":1},"sanctioned_nodes":0,"policy_restricted_nodes":0,"threat_infrastructure_nodes":0,"stroke":"#c0d674","fill":"#c0d674","opacity":0.08,"marker_ring":false}},{"type":"Feature","id":"node-density-grid-10:-50:-70","geometry":{"type":"Polygon","coordinates":[[[-70,-50],[-60,-50],[-60,-40],[-70,-40],[-70,-50]]]},"properties":{"name":"10° Density Cell -50,-70","kind":"density-grid","grid_size_degrees":10,"point_count":1,"intensity":0.001252,"networks":{"ipv4":1},"statuses":{"Unknown":1},"countries":{"AR":1},"sanctioned_nodes":0,"policy_restricted_nodes":0,"threat_infrastructure_nodes":0,"stroke":"#c0d674","fill":"#c0d674","opacity":0.08,"marker_ring":false}},{"type":"Feature","id":"node-density-grid-10:-50:140","geometry":{"type":"Polygon","coordinates":[[[140,-50],[150,-50],[150,-40],[140,-40],[140,-50]]]},"properties":{"name":"10° Density Cell -50,140","kind":"density-grid","grid_size_degrees":10,"point_count":1,"intensity":0.001252,"networks":{"ipv4":1},"statuses":{"Unknown":1},"countries":{"AU":1},"sanctioned_nodes":0,"policy_restricted_nodes":0,"threat_infrastructure_nodes":0,"stroke":"#c0d674","fill":"#c0d674","opacity":0.08,"marker_ring":false}},{"type":"Feature","id":"node-density-grid-10:-40:-70","geometry":{"type":"Polygon","coordinates":[[[-70,-40],[-60,-40],[-60,-30],[-70,-30],[-70,-40]]]},"properties":{"name":"10° Density Cell -40,-70","kind":"density-grid","grid_size_degrees":10,"point_count":1,"intensity":0.001252,"networks":{"ipv4":1},"statuses":{"Unknown":1},"countries":{"AR":1},"sanctioned_nodes":0,"policy_restricted_nodes":0,"threat_infrastructure_nodes":0,"stroke":"#c0d674","fill":"#c0d674","opacity":0.08,"marker_ring":false}},{"type":"Feature","id":"node-density-grid-10:-30:30","geometry":{"type":"Polygon","coordinates":[[[30,-30],[40,-30],[40,-20],[30,-20],[30,-30]]]},"properties":{"name":"10° Density Cell -30,30","kind":"density-grid","grid_size_degrees":10,"point_count":1,"intensity":0.001252,"networks":{"ipv4":1},"statuses":{"Unknown":1},"countries":{"ZA":1},"sanctioned_nodes":0,"policy_restricted_nodes":0,"threat_infrastructure_nodes":0,"stroke":"#c0d674","fill":"#c0d674","opacity":0.08,"marker_ring":false}},{"type":"Feature","id":"node-density-grid-10:-30:50","geometry":{"type":"Polygon","coordinates":[[[50,-30],[60,-30],[60,-20],[50,-20],[50,-30]]]},"properties":{"name":"10° Density Cell -30,50","kind":"density-grid","grid_size_degrees":10,"point_count":1,"intensity":0.001252,"networks":{"ipv4":1},"statuses":{"Unknown":1},"countries":{"RE":1},"sanctioned_nodes":0,"policy_restricted_nodes":0,"threat_infrastructure_nodes":0,"stroke":"#c0d674","fill":"#c0d674","opacity":0.08,"marker_ring":false}},{"type":"Feature","id":"node-density-grid-10:-20:-70","geometry":{"type":"Polygon","coordinates":[[[-70,-20],[-60,-20],[-60,-10],[-70,-10],[-70,-20]]]},"properties":{"name":"10° Density Cell -20,-70","kind":"density-grid","grid_size_degrees":10,"point_count":1,"intensity":0.001252,"networks":{"ipv4":1},"statuses":{"Unknown":1},"countries":{"BO":1},"sanctioned_nodes":0,"policy_restricted_nodes":0,"threat_infrastructure_nodes":0,"stroke":"#c0d674","fill":"#c0d674","opacity":0.08,"marker_ring":false}},{"type":"Feature","id":"node-density-grid-10:-20:-60","geometry":{"type":"Polygon","coordinates":[[[-60,-20],[-50,-20],[-50,-10],[-60,-10],[-60,-20]]]},"properties":{"name":"10° Density Cell -20,-60","kind":"density-grid","grid_size_degrees":10,"point_count":1,"intensity":0.001252,"networks":{"ipv4":1},"statuses":{"Unknown":1},"countries":{"BR":1},"sanctioned_nodes":0,"policy_restricted_nodes":0,"threat_infrastructure_nodes":0,"stroke":"#c0d674","fill":"#c0d674","opacity":0.08,"marker_ring":false}},{"type":"Feature","id":"node-density-grid-10:-20:140","geometry":{"type":"Polygon","coordinates":[[[140,-20],[150,-20],[150,-10],[140,-10],[140,-20]]]},"properties":{"name":"10° Density Cell -20,140","kind":"density-grid","grid_size_degrees":10,"point_count":1,"intensity":0.001252,"networks":{"ipv4":1},"statuses":{"Unknown":1},"countries":{"AU":1},"sanctioned_nodes":0,"policy_restricted_nodes":0,"threat_infrastructure_nodes":0,"stroke":"#c0d674","fill":"#c0d674","opacity":0.08,"marker_ring":false}},{"type":"Feature","id":"node-density-grid-10:-10:-80","geometry":{"type":"Polygon","coordinates":[[[-80,-10],[-70,-10],[-70,0],[-80,0],[-80,-10]]]},"properties":{"name":"10° Density Cell -10,-80","kind":"density-grid","grid_size_degrees":10,"point_count":1,"intensity":0.001252,"networks":{"ipv4":1},"statuses":{"Unknown":1},"countries":{"EC":1},"sanctioned_nodes":0,"policy_restricted_nodes":0,"threat_infrastructure_nodes":0,"stroke":"#c0d674","fill":"#c0d674","opacity":0.08,"marker_ring":false}},{"type":"Feature","id":"node-density-grid-10:10:120","geometry":{"type":"Polygon","coordinates":[[[120,10],[130,10],[130,20],[120,20],[120,10]]]},"properties":{"name":"10° Density Cell 10,120","kind":"density-grid","grid_size_degrees":10,"point_count":1,"intensity":0.001252,"networks":{"ipv4":1},"statuses":{"Unknown":1},"countries":{"PH":1},"sanctioned_nodes":0,"policy_restricted_nodes":0,"threat_infrastructure_nodes":0,"stroke":"#c0d674","fill":"#c0d674","opacity":0.08,"marker_ring":false}},{"type":"Feature","id":"node-density-grid-10:20:-20","geometry":{"type":"Polygon","coordinates":[[[-20,20],[-10,20],[-10,30],[-20,30],[-20,20]]]},"properties":{"name":"10° Density Cell 20,-20","kind":"density-grid","grid_size_degrees":10,"point_count":1,"intensity":0.001252,"networks":{"ipv4":1},"statuses":{"Unknown":1},"countries":{"ES":1},"sanctioned_nodes":0,"policy_restricted_nodes":0,"threat_infrastructure_nodes":0,"stroke":"#c0d674","fill":"#c0d674","opacity":0.08,"marker_ring":false}},{"type":"Feature","id":"node-density-grid-10:20:60","geometry":{"type":"Polygon","coordinates":[[[60,20],[70,20],[70,30],[60,30],[60,20]]]},"properties":{"name":"10° Density Cell 20,60","kind":"density-grid","grid_size_degrees":10,"point_count":1,"intensity":0.001252,"networks":{"ipv4":1},"statuses":{"Unknown":1},"countries":{"PK":1},"sanctioned_nodes":0,"policy_restricted_nodes":0,"threat_infrastructure_nodes":0,"stroke":"#c0d674","fill":"#c0d674","opacity":0.08,"marker_ring":false}},{"type":"Feature","id":"node-density-grid-10:30:-20","geometry":{"type":"Polygon","coordinates":[[[-20,30],[-10,30],[-10,40],[-20,40],[-20,30]]]},"properties":{"name":"10° Density Cell 30,-20","kind":"density-grid","grid_size_degrees":10,"point_count":1,"intensity":0.001252,"networks":{"ipv4":1},"statuses":{"Unknown":1},"countries":{"PT":1},"sanctioned_nodes":0,"policy_restricted_nodes":0,"threat_infrastructure_nodes":0,"stroke":"#c0d674","fill":"#c0d674","opacity":0.08,"marker_ring":false}},{"type":"Feature","id":"node-density-grid-10:30:10","geometry":{"type":"Polygon","coordinates":[[[10,30],[20,30],[20,40],[10,40],[10,30]]]},"properties":{"name":"10° Density Cell 30,10","kind":"density-grid","grid_size_degrees":10,"point_count":1,"intensity":0.001252,"networks":{"ipv4":1},"statuses":{"Unknown":1},"countries":{"MT":1},"sanctioned_nodes":0,"policy_restricted_nodes":0,"threat_infrastructure_nodes":0,"stroke":"#c0d674","fill":"#c0d674","opacity":0.08,"marker_ring":false}},{"type":"Feature","id":"node-density-grid-10:30:50","geometry":{"type":"Polygon","coordinates":[[[50,30],[60,30],[60,40],[50,40],[50,30]]]},"properties":{"name":"10° Density Cell 30,50","kind":"density-grid","grid_size_degrees":10,"point_count":1,"intensity":0.001252,"networks":{"ipv4":1},"statuses":{"Unknown":1},"countries":{"IR":1},"sanctioned_nodes":0,"policy_restricted_nodes":0,"threat_infrastructure_nodes":0,"stroke":"#c0d674","fill":"#c0d674","opacity":0.08,"marker_ring":false}},{"type":"Feature","id":"node-density-grid-10:30:110","geometry":{"type":"Polygon","coordinates":[[[110,30],[120,30],[120,40],[110,40],[110,30]]]},"properties":{"name":"10° Density Cell 30,110","kind":"density-grid","grid_size_degrees":10,"point_count":1,"intensity":0.001252,"networks":{"ipv4":1},"statuses":{"Unknown":1},"countries":{"CN":1},"sanctioned_nodes":0,"policy_restricted_nodes":0,"threat_infrastructure_nodes":0,"stroke":"#c0d674","fill":"#c0d674","opacity":0.08,"marker_ring":false}},{"type":"Feature","id":"node-density-grid-10:40:-60","geometry":{"type":"Polygon","coordinates":[[[-60,40],[-50,40],[-50,50],[-60,50],[-60,40]]]},"properties":{"name":"10° Density Cell 40,-60","kind":"density-grid","grid_size_degrees":10,"point_count":1,"intensity":0.001252,"networks":{"ipv4":1},"statuses":{"Unknown":1},"countries":{"CA":1},"sanctioned_nodes":0,"policy_restricted_nodes":0,"threat_infrastructure_nodes":0,"stroke":"#c0d674","fill":"#c0d674","opacity":0.08,"marker_ring":false}},{"type":"Feature","id":"node-density-grid-10:50:-140","geometry":{"type":"Polygon","coordinates":[[[-140,50],[-130,50],[-130,60],[-140,60],[-140,50]]]},"properties":{"name":"10° Density Cell 50,-140","kind":"density-grid","grid_size_degrees":10,"point_count":1,"intensity":0.001252,"networks":{"ipv4":1},"statuses":{"Unknown":1},"countries":{"US":1},"sanctioned_nodes":0,"policy_restricted_nodes":0,"threat_infrastructure_nodes":0,"stroke":"#c0d674","fill":"#c0d674","opacity":0.08,"marker_ring":false}},{"type":"Feature","id":"node-density-grid-10:50:-110","geometry":{"type":"Polygon","coordinates":[[[-110,50],[-100,50],[-100,60],[-110,60],[-110,50]]]},"properties":{"name":"10° Density Cell 50,-110","kind":"density-grid","grid_size_degrees":10,"point_count":1,"intensity":0.001252,"networks":{"ipv4":1},"statuses":{"Unknown":1},"countries":{"CA":1},"sanctioned_nodes":0,"policy_restricted_nodes":0,"threat_infrastructure_nodes":0,"stroke":"#c0d674","fill":"#c0d674","opacity":0.08,"marker_ring":false}},{"type":"Feature","id":"node-density-grid-10:50:70","geometry":{"type":"Polygon","coordinates":[[[70,50],[80,50],[80,60],[70,60],[70,50]]]},"properties":{"name":"10° Density Cell 50,70","kind":"density-grid","grid_size_degrees":10,"point_count":1,"intensity":0.001252,"networks":{"ipv4":1},"statuses":{"Unknown":1},"countries":{"RU":1},"sanctioned_nodes":0,"policy_restricted_nodes":0,"threat_infrastructure_nodes":0,"stroke":"#c0d674","fill":"#c0d674","opacity":0.08,"marker_ring":false}},{"type":"Feature","id":"node-density-grid-10:70:20","geometry":{"type":"Polygon","coordinates":[[[20,70],[30,70],[30,80],[20,80],[20,70]]]},"properties":{"name":"10° Density Cell 70,20","kind":"density-grid","grid_size_degrees":10,"point_count":1,"intensity":0.001252,"networks":{"ipv4":1},"statuses":{"Unknown":1},"countries":{"NO":1},"sanctioned_nodes":0,"policy_restricted_nodes":0,"threat_infrastructure_nodes":0,"stroke":"#c0d674","fill":"#c0d674","opacity":0.08,"marker_ring":false}},{"type":"Feature","id":"node-density-grid-5:50:5","geometry":{"type":"Polygon","coordinates":[[[5,50],[10,50],[10,55],[5,55],[5,50]]]},"properties":{"name":"5° Density Cell 50,5","kind":"density-grid","grid_size_degrees":5,"point_count":520,"intensity":1.0,"networks":{"ipv4":520},"statuses":{"duplicate-location":455,"Unknown":65},"countries":{"DE":482,"NL":37,"DK":1},"sanctioned_nodes":0,"policy_restricted_nodes":0,"threat_infrastructure_nodes":0,"stroke":"#c0d674","fill":"#c0d674","opacity":0.55,"marker_ring":false}},{"type":"Feature","id":"node-density-grid-5:50:10","geometry":{"type":"Polygon","coordinates":[[[10,50],[15,50],[15,55],[10,55],[10,50]]]},"properties":{"name":"5° Density Cell 50,10","kind":"density-grid","grid_size_degrees":5,"point_count":277,"intensity":0.532692,"networks":{"ipv4":277},"statuses":{"duplicate-location":250,"Unknown":27},"countries":{"DE":262,"CZ":15},"sanctioned_nodes":0,"policy_restricted_nodes":0,"threat_infrastructure_nodes":0,"stroke":"#c0d674","fill":"#c0d674","opacity":0.293,"marker_ring":false}},{"type":"Feature","id":"node-density-grid-5:50:0","geometry":{"type":"Polygon","coordinates":[[[0,50],[5,50],[5,55],[0,55],[0,50]]]},"properties":{"name":"5° Density Cell 50,0","kind":"density-grid","grid_size_degrees":5,"point_count":276,"intensity":0.530769,"networks":{"ipv4":276},"statuses":{"duplicate-location":249,"Unknown":27},"countries":{"NL":192,"FR":52,"GB":17,"BE":15},"sanctioned_nodes":0,"policy_restricted_nodes":0,"threat_infrastructure_nodes":0,"stroke":"#c0d674","fill":"#c0d674","opacity":0.2919,"marker_ring":false}},{"type":"Feature","id":"node-density-grid-5:35:-80","geometry":{"type":"Polygon","coordinates":[[[-80,35],[-75,35],[-75,40],[-80,40],[-80,35]]]},"properties":{"name":"5° Density Cell 35,-80","kind":"density-grid","grid_size_degrees":5,"point_count":199,"intensity":0.382692,"networks":{"ipv4":199},"statuses":{"duplicate-location":170,"Unknown":29},"countries":{"US":199},"sanctioned_nodes":0,"policy_restricted_nodes":0,"threat_infrastructure_nodes":0,"stroke":"#c0d674","fill":"#c0d674","opacity":0.2105,"marker_ring":false}},{"type":"Feature","id":"node-density-grid-5:40:-75","geometry":{"type":"Polygon","coordinates":[[[-75,40],[-70,40],[-70,45],[-75,45],[-75,40]]]},"properties":{"name":"5° Density Cell 40,-75","kind":"density-grid","grid_size_degrees":5,"point_count":192,"intensity":0.369231,"networks":{"ipv4":192},"statuses":{"duplicate-location":151,"Unknown":41},"countries":{"US":192},"sanctioned_nodes":0,"policy_restricted_nodes":0,"threat_infrastructure_nodes":0,"stroke":"#c0d674","fill":"#c0d674","opacity":0.2031,"marker_ring":false}},{"type":"Feature","id":"node-density-grid-5:45:-125","geometry":{"type":"Polygon","coordinates":[[[-125,45],[-120,45],[-120,50],[-125,50],[-125,45]]]},"properties":{"name":"5° Density Cell 45,-125","kind":"density-grid","grid_size_degrees":5,"point_count":176,"intensity":0.338462,"networks":{"ipv4":176},"statuses":{"duplicate-location":137,"Unknown":39},"countries":{"US":151,"CA":25},"sanctioned_nodes":0,"policy_restricted_nodes":0,"threat_infrastructure_nodes":0,"stroke":"#c0d674","fill":"#c0d674","opacity":0.1862,"marker_ring":false}},{"type":"Feature","id":"node-density-grid-5:45:5","geometry":{"type":"Polygon","coordinates":[[[5,45],[10,45],[10,50],[5,50],[5,45]]]},"properties":{"name":"5° Density Cell 45,5","kind":"density-grid","grid_size_degrees":5,"point_count":175,"intensity":0.336538,"networks":{"ipv4":175},"statuses":{"Unknown":90,"duplicate-location":85},"countries":{"CH":108,"DE":35,"IT":19,"FR":5,"LI":3,"LU":3,"AT":2},"sanctioned_nodes":0,"policy_restricted_nodes":0,"threat_infrastructure_nodes":0,"stroke":"#c0d674","fill":"#c0d674","opacity":0.1851,"marker_ring":false}},{"type":"Feature","id":"node-density-grid-5:30:-120","geometry":{"type":"Polygon","coordinates":[[[-120,30],[-115,30],[-115,35],[-120,35],[-120,30]]]},"properties":{"name":"5° Density Cell 30,-120","kind":"density-grid","grid_size_degrees":5,"point_count":167,"intensity":0.321154,"networks":{"ipv4":167},"statuses":{"duplicate-location":127,"Unknown":40},"countries":{"US":167},"sanctioned_nodes":0,"policy_restricted_nodes":0,"threat_infrastructure_nodes":0,"stroke":"#c0d674","fill":"#c0d674","opacity":0.1766,"marker_ring":false}},{"type":"Feature","id":"node-density-grid-5:50:-5","geometry":{"type":"Polygon","coordinates":[[[-5,50],[0,50],[0,55],[-5,55],[-5,50]]]},"properties":{"name":"5° Density Cell 50,-5","kind":"density-grid","grid_size_degrees":5,"point_count":165,"intensity":0.317308,"networks":{"ipv4":165},"statuses":{"duplicate-location":117,"Unknown":48},"countries":{"GB":165},"sanctioned_nodes":0,"policy_restricted_nodes":0,"threat_infrastructure_nodes":0,"stroke":"#c0d674","fill":"#c0d674","opacity":0.1745,"marker_ring":false}},{"type":"Feature","id":"node-density-grid-5:45:10","geometry":{"type":"Polygon","coordinates":[[[10,45],[15,45],[15,50],[10,50],[10,45]]]},"properties":{"name":"5° Density Cell 45,10","kind":"density-grid","grid_size_degrees":5,"point_count":159,"intensity":0.305769,"networks":{"ipv4":159},"statuses":{"duplicate-location":128,"Unknown":31},"countries":{"DE":136,"AT":10,"CZ":4,"SI":4,"IT":3,"CH":1,"HR":1},"sanctioned_nodes":0,"policy_restricted_nodes":0,"threat_infrastructure_nodes":0,"stroke":"#c0d674","fill":"#c0d674","opacity":0.1682,"marker_ring":false}},{"type":"Feature","id":"node-density-grid-5:40:-90","geometry":{"type":"Polygon","coordinates":[[[-90,40],[-85,40],[-85,45],[-90,45],[-90,40]]]},"properties":{"name":"5° Density Cell 40,-90","kind":"density-grid","grid_size_degrees":5,"point_count":136,"intensity":0.261538,"networks":{"ipv4":136},"statuses":{"duplicate-location":92,"Unknown":44},"countries":{"US":136},"sanctioned_nodes":0,"policy_restricted_nodes":0,"threat_infrastructure_nodes":0,"stroke":"#c0d674","fill":"#c0d674","opacity":0.1438,"marker_ring":false}},{"type":"Feature","id":"node-density-grid-5:30:-100","geometry":{"type":"Polygon","coordinates":[[[-100,30],[-95,30],[-95,35],[-100,35],[-100,30]]]},"properties":{"name":"5° Density Cell 30,-100","kind":"density-grid","grid_size_degrees":5,"point_count":123,"intensity":0.236538,"networks":{"ipv4":123},"statuses":{"duplicate-location":90,"Unknown":33},"countries":{"US":123},"sanctioned_nodes":0,"policy_restricted_nodes":0,"threat_infrastructure_nodes":0,"stroke":"#c0d674","fill":"#c0d674","opacity":0.1301,"marker_ring":false}},{"type":"Feature","id":"node-density-grid-5:40:-80","geometry":{"type":"Polygon","coordinates":[[[-80,40],[-75,40],[-75,45],[-80,45],[-80,40]]]},"properties":{"name":"5° Density Cell 40,-80","kind":"density-grid","grid_size_degrees":5,"point_count":121,"intensity":0.232692,"networks":{"ipv4":121},"statuses":{"duplicate-location":93,"Unknown":28},"countries":{"CA":93,"US":28},"sanctioned_nodes":0,"policy_restricted_nodes":0,"threat_infrastructure_nodes":0,"stroke":"#c0d674","fill":"#c0d674","opacity":0.128,"marker_ring":false}},{"type":"Feature","id":"node-density-grid-5:35:125","geometry":{"type":"Polygon","coordinates":[[[125,35],[130,35],[130,40],[125,40],[125,35]]]},"properties":{"name":"5° Density Cell 35,125","kind":"density-grid","grid_size_degrees":5,"point_count":120,"intensity":0.230769,"networks":{"ipv4":120},"statuses":{"duplicate-location":98,"Unknown":22},"countries":{"KR":120},"sanctioned_nodes":0,"policy_restricted_nodes":0,"threat_infrastructure_nodes":0,"stroke":"#c0d674","fill":"#c0d674","opacity":0.1269,"marker_ring":false}},{"type":"Feature","id":"node-density-grid-5:0:100","geometry":{"type":"Polygon","coordinates":[[[100,0],[105,0],[105,5],[100,5],[100,0]]]},"properties":{"name":"5° Density Cell 0,100","kind":"density-grid","grid_size_degrees":5,"point_count":116,"intensity":0.223077,"networks":{"ipv4":116},"statuses":{"duplicate-location":99,"Unknown":17},"countries":{"SG":108,"MY":8},"sanctioned_nodes":0,"policy_restricted_nodes":0,"threat_infrastructure_nodes":0,"stroke":"#c0d674","fill":"#c0d674","opacity":0.1227,"marker_ring":false}},{"type":"Feature","id":"node-density-grid-5:45:-75","geometry":{"type":"Polygon","coordinates":[[[-75,45],[-70,45],[-70,50],[-75,50],[-75,45]]]},"properties":{"name":"5° Density Cell 45,-75","kind":"density-grid","grid_size_degrees":5,"point_count":114,"intensity":0.219231,"networks":{"ipv4":114},"statuses":{"duplicate-location":94,"Unknown":20},"countries":{"CA":114},"sanctioned_nodes":0,"policy_restricted_nodes":0,"threat_infrastructure_nodes":0,"stroke":"#c0d674","fill":"#c0d674","opacity":0.1206,"marker_ring":false}},{"type":"Feature","id":"node-density-grid-5:45:0","geometry":{"type":"Polygon","coordinates":[[[0,45],[5,45],[5,50],[0,50],[0,45]]]},"properties":{"name":"5° Density Cell 45,0","kind":"density-grid","grid_size_degrees":5,"point_count":86,"intensity":0.165385,"networks":{"ipv4":86},"statuses":{"duplicate-location":76,"Unknown":10},"countries":{"FR":86},"sanctioned_nodes":0,"policy_restricted_nodes":0,"threat_infrastructure_nodes":0,"stroke":"#c0d674","fill":"#c0d674","opacity":0.091,"marker_ring":false}},{"type":"Feature","id":"node-density-grid-5:35:-125","geometry":{"type":"Polygon","coordinates":[[[-125,35],[-120,35],[-120,40],[-125,40],[-125,35]]]},"properties":{"name":"5° Density Cell 35,-125","kind":"density-grid","grid_size_degrees":5,"point_count":84,"intensity":0.161538,"networks":{"ipv4":84},"statuses":{"duplicate-location":59,"Unknown":25},"countries":{"US":84},"sanctioned_nodes":0,"policy_restricted_nodes":0,"threat_infrastructure_nodes":0,"stroke":"#c0d674","fill":"#c0d674","opacity":0.0888,"marker_ring":false}},{"type":"Feature","id":"node-density-grid-5:35:135","geometry":{"type":"Polygon","coordinates":[[[135,35],[140,35],[140,40],[135,40],[135,35]]]},"properties":{"name":"5° Density Cell 35,135","kind":"density-grid","grid_size_degrees":5,"point_count":74,"intensity":0.142308,"networks":{"ipv4":74},"statuses":{"duplicate-location":59,"Unknown":15},"countries":{"JP":74},"sanctioned_nodes":0,"policy_restricted_nodes":0,"threat_infrastructure_nodes":0,"stroke":"#c0d674","fill":"#c0d674","opacity":0.08,"marker_ring":false}},{"type":"Feature","id":"node-density-grid-5:-35:150","geometry":{"type":"Polygon","coordinates":[[[150,-35],[155,-35],[155,-30],[150,-30],[150,-35]]]},"properties":{"name":"5° Density Cell -35,150","kind":"density-grid","grid_size_degrees":5,"point_count":73,"intensity":0.140385,"networks":{"ipv4":73},"statuses":{"duplicate-location":59,"Unknown":14},"countries":{"AU":73},"sanctioned_nodes":0,"policy_restricted_nodes":0,"threat_infrastructure_nodes":0,"stroke":"#c0d674","fill":"#c0d674","opacity":0.08,"marker_ring":false}},{"type":"Feature","id":"node-density-grid-5:60:20","geometry":{"type":"Polygon","coordinates":[[[20,60],[25,60],[25,65],[20,65],[20,60]]]},"properties":{"name":"5° Density Cell 60,20","kind":"density-grid","grid_size_degrees":5,"point_count":70,"intensity":0.134615,"networks":{"ipv4":70},"statuses":{"duplicate-location":62,"Unknown":8},"countries":{"FI":68,"SE":2},"sanctioned_nodes":0,"policy_restricted_nodes":0,"threat_infrastructure_nodes":0,"stroke":"#c0d674","fill":"#c0d674","opacity":0.08,"marker_ring":false}},{"type":"Feature","id":"node-density-grid-5:25:-85","geometry":{"type":"Polygon","coordinates":[[[-85,25],[-80,25],[-80,30],[-85,30],[-85,25]]]},"properties":{"name":"5° Density Cell 25,-85","kind":"density-grid","grid_size_degrees":5,"point_count":62,"intensity":0.119231,"networks":{"ipv4":62},"statuses":{"Unknown":50,"duplicate-location":12},"countries":{"US":62},"sanctioned_nodes":0,"policy_restricted_nodes":0,"threat_infrastructure_nodes":0,"stroke":"#c0d674","fill":"#c0d674","opacity":0.08,"marker_ring":false}},{"type":"Feature","id":"node-density-grid-5:20:110","geometry":{"type":"Polygon","coordinates":[[[110,20],[115,20],[115,25],[110,25],[110,20]]]},"properties":{"name":"5° Density Cell 20,110","kind":"density-grid","grid_size_degrees":5,"point_count":59,"intensity":0.113462,"networks":{"ipv4":59},"statuses":{"duplicate-location":49,"Unknown":10},"countries":{"HK":55,"CN":3,"MO":1},"sanctioned_nodes":0,"policy_restricted_nodes":0,"threat_infrastructure_nodes":0,"stroke":"#c0d674","fill":"#c0d674","opacity":0.08,"marker_ring":false}},{"type":"Feature","id":"node-density-grid-5:40:-85","geometry":{"type":"Polygon","coordinates":[[[-85,40],[-80,40],[-80,45],[-85,45],[-85,40]]]},"properties":{"name":"5° Density Cell 40,-85","kind":"density-grid","grid_size_degrees":5,"point_count":55,"intensity":0.105769,"networks":{"ipv4":55},"statuses":{"duplicate-location":28,"Unknown":27},"countries":{"US":49,"CA":6},"sanctioned_nodes":0,"policy_restricted_nodes":0,"threat_infrastructure_nodes":0,"stroke":"#c0d674","fill":"#c0d674","opacity":0.08,"marker_ring":false}},{"type":"Feature","id":"node-density-grid-5:35:-85","geometry":{"type":"Polygon","coordinates":[[[-85,35],[-80,35],[-80,40],[-85,40],[-85,35]]]},"properties":{"name":"5° Density Cell 35,-85","kind":"density-grid","grid_size_degrees":5,"point_count":51,"intensity":0.098077,"networks":{"ipv4":51},"statuses":{"Unknown":26,"duplicate-location":25},"countries":{"US":51},"sanctioned_nodes":0,"policy_restricted_nodes":0,"threat_infrastructure_nodes":0,"stroke":"#c0d674","fill":"#c0d674","opacity":0.08,"marker_ring":false}},{"type":"Feature","id":"node-density-grid-5:30:-85","geometry":{"type":"Polygon","coordinates":[[[-85,30],[-80,30],[-80,35],[-85,35],[-85,30]]]},"properties":{"name":"5° Density Cell 30,-85","kind":"density-grid","grid_size_degrees":5,"point_count":50,"intensity":0.096154,"networks":{"ipv4":50},"statuses":{"Unknown":25,"duplicate-location":25},"countries":{"US":50},"sanctioned_nodes":0,"policy_restricted_nodes":0,"threat_infrastructure_nodes":0,"stroke":"#c0d674","fill":"#c0d674","opacity":0.08,"marker_ring":false}},{"type":"Feature","id":"node-density-grid-5:45:15","geometry":{"type":"Polygon","coordinates":[[[15,45],[20,45],[20,50],[15,50],[15,45]]]},"properties":{"name":"5° Density Cell 45,15","kind":"density-grid","grid_size_degrees":5,"point_count":48,"intensity":0.092308,"networks":{"ipv4":48},"statuses":{"Unknown":28,"duplicate-location":20},"countries":{"AT":21,"CZ":9,"HU":9,"SK":6,"HR":2,"PL":1},"sanctioned_nodes":0,"policy_restricted_nodes":0,"threat_infrastructure_nodes":0,"stroke":"#c0d674","fill":"#c0d674","opacity":0.08,"marker_ring":false}},{"type":"Feature","id":"node-density-grid-5:35:-95","geometry":{"type":"Polygon","coordinates":[[[-95,35],[-90,35],[-90,40],[-95,40],[-95,35]]]},"properties":{"name":"5° Density Cell 35,-95","kind":"density-grid","grid_size_degrees":5,"point_count":47,"intensity":0.090385,"networks":{"ipv4":47},"statuses":{"duplicate-location":27,"Unknown":20},"countries":{"US":47},"sanctioned_nodes":0,"policy_restricted_nodes":0,"threat_infrastructure_nodes":0,"stroke":"#c0d674","fill":"#c0d674","opacity":0.08,"marker_ring":false}},{"type":"Feature","id":"node-density-grid-5:55:15","geometry":{"type":"Polygon","coordinates":[[[15,55],[20,55],[20,60],[15,60],[15,55]]]},"properties":{"name":"5° Density Cell 55,15","kind":"density-grid","grid_size_degrees":5,"point_count":47,"intensity":0.090385,"networks":{"ipv4":47},"statuses":{"duplicate-location":37,"Unknown":10},"countries":{"SE":47},"sanctioned_nodes":0,"policy_restricted_nodes":0,"threat_infrastructure_nodes":0,"stroke":"#c0d674","fill":"#c0d674","opacity":0.08,"marker_ring":false}},{"type":"Feature","id":"node-density-grid-5:40:-115","geometry":{"type":"Polygon","coordinates":[[[-115,40],[-110,40],[-110,45],[-115,45],[-115,40]]]},"properties":{"name":"5° Density Cell 40,-115","kind":"density-grid","grid_size_degrees":5,"point_count":42,"intensity":0.080769,"networks":{"ipv4":42},"statuses":{"duplicate-location":35,"Unknown":7},"countries":{"US":42},"sanctioned_nodes":0,"policy_restricted_nodes":0,"threat_infrastructure_nodes":0,"stroke":"#c0d674","fill":"#c0d674","opacity":0.08,"marker_ring":false}},{"type":"Feature","id":"node-density-grid-5:-25:-50","geometry":{"type":"Polygon","coordinates":[[[-50,-25],[-45,-25],[-45,-20],[-50,-20],[-50,-25]]]},"properties":{"name":"5° Density Cell -25,-50","kind":"density-grid","grid_size_degrees":5,"point_count":39,"intensity":0.075,"networks":{"ipv4":39},"statuses":{"duplicate-location":27,"Unknown":12},"countries":{"BR":39},"sanctioned_nodes":0,"policy_restricted_nodes":0,"threat_infrastructure_nodes":0,"stroke":"#c0d674","fill":"#c0d674","opacity":0.08,"marker_ring":false}},{"type":"Feature","id":"node-density-grid-5:55:35","geometry":{"type":"Polygon","coordinates":[[[35,55],[40,55],[40,60],[35,60],[35,55]]]},"properties":{"name":"5° Density Cell 55,35","kind":"density-grid","grid_size_degrees":5,"point_count":36,"intensity":0.069231,"networks":{"ipv4":36},"statuses":{"duplicate-location":22,"Unknown":14},"countries":{"RU":36},"sanctioned_nodes":0,"policy_restricted_nodes":0,"threat_infrastructure_nodes":0,"stroke":"#c0d674","fill":"#c0d674","opacity":0.08,"marker_ring":false}},{"type":"Feature","id":"node-density-grid-5:40:-95","geometry":{"type":"Polygon","coordinates":[[[-95,40],[-90,40],[-90,45],[-95,45],[-95,40]]]},"properties":{"name":"5° Density Cell 40,-95","kind":"density-grid","grid_size_degrees":5,"point_count":32,"intensity":0.061538,"networks":{"ipv4":32},"statuses":{"duplicate-location":18,"Unknown":14},"countries":{"US":32},"sanctioned_nodes":0,"policy_restricted_nodes":0,"threat_infrastructure_nodes":0,"stroke":"#c0d674","fill":"#c0d674","opacity":0.08,"marker_ring":false}},{"type":"Feature","id":"node-density-grid-5:35:-120","geometry":{"type":"Polygon","coordinates":[[[-120,35],[-115,35],[-115,40],[-120,40],[-120,35]]]},"properties":{"name":"5° Density Cell 35,-120","kind":"density-grid","grid_size_degrees":5,"point_count":30,"intensity":0.057692,"networks":{"ipv4":30},"statuses":{"duplicate-location":20,"Unknown":10},"countries":{"US":30},"sanctioned_nodes":0,"policy_restricted_nodes":0,"threat_infrastructure_nodes":0,"stroke":"#c0d674","fill":"#c0d674","opacity":0.08,"marker_ring":false}},{"type":"Feature","id":"node-density-grid-5:-30:150","geometry":{"type":"Polygon","coordinates":[[[150,-30],[155,-30],[155,-25],[150,-25],[150,-30]]]},"properties":{"name":"5° Density Cell -30,150","kind":"density-grid","grid_size_degrees":5,"point_count":29,"intensity":0.055769,"networks":{"ipv4":29},"statuses":{"duplicate-location":20,"Unknown":9},"countries":{"AU":29},"sanctioned_nodes":0,"policy_restricted_nodes":0,"threat_infrastructure_nodes":0,"stroke":"#c0d674","fill":"#c0d674","opacity":0.08,"marker_ring":false}},{"type":"Feature","id":"node-density-grid-5:-40:140","geometry":{"type":"Polygon","coordinates":[[[140,-40],[145,-40],[145,-35],[140,-35],[140,-40]]]},"properties":{"name":"5° Density Cell -40,140","kind":"density-grid","grid_size_degrees":5,"point_count":26,"intensity":0.05,"networks":{"ipv4":26},"statuses":{"duplicate-location":16,"Unknown":10},"countries":{"AU":26},"sanctioned_nodes":0,"policy_restricted_nodes":0,"threat_infrastructure_nodes":0,"stroke":"#c0d674","fill":"#c0d674","opacity":0.08,"marker_ring":false}},{"type":"Feature","id":"node-density-grid-5:50:-10","geometry":{"type":"Polygon","coordinates":[[[-10,50],[-5,50],[-5,55],[-10,55],[-10,50]]]},"properties":{"name":"5° Density Cell 50,-10","kind":"density-grid","grid_size_degrees":5,"point_count":26,"intensity":0.05,"networks":{"ipv4":26},"statuses":{"duplicate-location":20,"Unknown":6},"countries":{"IE":26},"sanctioned_nodes":0,"policy_restricted_nodes":0,"threat_infrastructure_nodes":0,"stroke":"#c0d674","fill":"#c0d674","opacity":0.08,"marker_ring":false}},{"type":"Feature","id":"node-density-grid-5:55:10","geometry":{"type":"Polygon","coordinates":[[[10,55],[15,55],[15,60],[10,60],[10,55]]]},"properties":{"name":"5° Density Cell 55,10","kind":"density-grid","grid_size_degrees":5,"point_count":26,"intensity":0.05,"networks":{"ipv4":26},"statuses":{"Unknown":18,"duplicate-location":8},"countries":{"SE":15,"NO":7,"DK":4},"sanctioned_nodes":0,"policy_restricted_nodes":0,"threat_infrastructure_nodes":0,"stroke":"#c0d674","fill":"#c0d674","opacity":0.08,"marker_ring":false}},{"type":"Feature","id":"node-density-grid-5:25:-100","geometry":{"type":"Polygon","coordinates":[[[-100,25],[-95,25],[-95,30],[-100,30],[-100,25]]]},"properties":{"name":"5° Density Cell 25,-100","kind":"density-grid","grid_size_degrees":5,"point_count":23,"intensity":0.044231,"networks":{"ipv4":23},"statuses":{"duplicate-location":14,"Unknown":9},"countries":{"US":23},"sanctioned_nodes":0,"policy_restricted_nodes":0,"threat_infrastructure_nodes":0,"stroke":"#c0d674","fill":"#c0d674","opacity":0.08,"marker_ring":false}},{"type":"Feature","id":"node-density-grid-5:45:-120","geometry":{"type":"Polygon","coordinates":[[[-120,45],[-115,45],[-115,50],[-120,50],[-120,45]]]},"properties":{"name":"5° Density Cell 45,-120","kind":"density-grid","grid_size_degrees":5,"point_count":23,"intensity":0.044231,"networks":{"ipv4":23},"statuses":{"duplicate-location":15,"Unknown":8},"countries":{"US":21,"CA":2},"sanctioned_nodes":0,"policy_restricted_nodes":0,"threat_infrastructure_nodes":0,"stroke":"#c0d674","fill":"#c0d674","opacity":0.08,"marker_ring":false}},{"type":"Feature","id":"node-density-grid-5:35:-90","geometry":{"type":"Polygon","coordinates":[[[-90,35],[-85,35],[-85,40],[-90,40],[-90,35]]]},"properties":{"name":"5° Density Cell 35,-90","kind":"density-grid","grid_size_degrees":5,"point_count":22,"intensity":0.042308,"networks":{"ipv4":22},"statuses":{"Unknown":20,"duplicate-location":2},"countries":{"US":22},"sanctioned_nodes":0,"policy_restricted_nodes":0,"threat_infrastructure_nodes":0,"stroke":"#c0d674","fill":"#c0d674","opacity":0.08,"marker_ring":false}},{"type":"Feature","id":"node-density-grid-5:40:-100","geometry":{"type":"Polygon","coordinates":[[[-100,40],[-95,40],[-95,45],[-100,45],[-100,40]]]},"properties":{"name":"5° Density Cell 40,-100","kind":"density-grid","grid_size_degrees":5,"point_count":22,"intensity":0.042308,"networks":{"ipv4":22},"statuses":{"duplicate-location":17,"Unknown":5},"countries":{"US":22},"sanctioned_nodes":0,"policy_restricted_nodes":0,"threat_infrastructure_nodes":0,"stroke":"#c0d674","fill":"#c0d674","opacity":0.08,"marker_ring":false}},{"type":"Feature","id":"node-density-grid-5:50:-115","geometry":{"type":"Polygon","coordinates":[[[-115,50],[-110,50],[-110,55],[-115,55],[-115,50]]]},"properties":{"name":"5° Density Cell 50,-115","kind":"density-grid","grid_size_degrees":5,"point_count":21,"intensity":0.040385,"networks":{"ipv4":21},"statuses":{"duplicate-location":11,"Unknown":10},"countries":{"CA":21},"sanctioned_nodes":0,"policy_restricted_nodes":0,"threat_infrastructure_nodes":0,"stroke":"#c0d674","fill":"#c0d674","opacity":0.08,"marker_ring":false}},{"type":"Feature","id":"node-density-grid-5:40:0","geometry":{"type":"Polygon","coordinates":[[[0,40],[5,40],[5,45],[0,45],[0,40]]]},"properties":{"name":"5° Density Cell 40,0","kind":"density-grid","grid_size_degrees":5,"point_count":20,"intensity":0.038462,"networks":{"ipv4":20},"statuses":{"duplicate-location":13,"Unknown":7},"countries":{"FR":13,"ES":6,"AD":1},"sanctioned_nodes":0,"policy_restricted_nodes":0,"threat_infrastructure_nodes":0,"stroke":"#c0d674","fill":"#c0d674","opacity":0.08,"marker_ring":false}},{"type":"Feature","id":"node-density-grid-5:30:-115","geometry":{"type":"Polygon","coordinates":[[[-115,30],[-110,30],[-110,35],[-115,35],[-115,30]]]},"properties":{"name":"5° Density Cell 30,-115","kind":"density-grid","grid_size_degrees":5,"point_count":19,"intensity":0.036538,"networks":{"ipv4":19},"statuses":{"duplicate-location":15,"Unknown":4},"countries":{"US":19},"sanctioned_nodes":0,"policy_restricted_nodes":0,"threat_infrastructure_nodes":0,"stroke":"#c0d674","fill":"#c0d674","opacity":0.08,"marker_ring":false}},{"type":"Feature","id":"node-density-grid-5:30:135","geometry":{"type":"Polygon","coordinates":[[[135,30],[140,30],[140,35],[135,35],[135,30]]]},"properties":{"name":"5° Density Cell 30,135","kind":"density-grid","grid_size_degrees":5,"point_count":19,"intensity":0.036538,"networks":{"ipv4":19},"statuses":{"duplicate-location":17,"Unknown":2},"countries":{"JP":19},"sanctioned_nodes":0,"policy_restricted_nodes":0,"threat_infrastructure_nodes":0,"stroke":"#c0d674","fill":"#c0d674","opacity":0.08,"marker_ring":false}},{"type":"Feature","id":"node-density-grid-5:50:30","geometry":{"type":"Polygon","coordinates":[[[30,50],[35,50],[35,55],[30,55],[30,50]]]},"properties":{"name":"5° Density Cell 50,30","kind":"density-grid","grid_size_degrees":5,"point_count":19,"intensity":0.036538,"networks":{"ipv4":19},"statuses":{"Unknown":10,"duplicate-location":9},"countries":{"UA":16,"BY":2,"RU":1},"sanctioned_nodes":0,"policy_restricted_nodes":0,"threat_infrastructure_nodes":0,"stroke":"#c0d674","fill":"#c0d674","opacity":0.08,"marker_ring":false}},{"type":"Feature","id":"node-density-grid-5:50:15","geometry":{"type":"Polygon","coordinates":[[[15,50],[20,50],[20,55],[15,55],[15,50]]]},"properties":{"name":"5° Density Cell 50,15","kind":"density-grid","grid_size_degrees":5,"point_count":18,"intensity":0.034615,"networks":{"ipv4":18},"statuses":{"Unknown":12,"duplicate-location":6},"countries":{"PL":14,"CZ":4},"sanctioned_nodes":0,"policy_restricted_nodes":0,"threat_infrastructure_nodes":0,"stroke":"#c0d674","fill":"#c0d674","opacity":0.08,"marker_ring":false}},{"type":"Feature","id":"node-density-grid-5:-40:170","geometry":{"type":"Polygon","coordinates":[[[170,-40],[175,-40],[175,-35],[170,-35],[170,-40]]]},"properties":{"name":"5° Density Cell -40,170","kind":"density-grid","grid_size_degrees":5,"point_count":17,"intensity":0.032692,"networks":{"ipv4":17},"statuses":{"duplicate-location":12,"Unknown":5},"countries":{"NZ":17},"sanctioned_nodes":0,"policy_restricted_nodes":0,"threat_infrastructure_nodes":0,"stroke":"#c0d674","fill":"#c0d674","opacity":0.08,"marker_ring":false}},{"type":"Feature","id":"node-density-grid-5:10:100","geometry":{"type":"Polygon","coordinates":[[[100,10],[105,10],[105,15],[100,15],[100,10]]]},"properties":{"name":"5° Density Cell 10,100","kind":"density-grid","grid_size_degrees":5,"point_count":17,"intensity":0.032692,"networks":{"ipv4":17},"statuses":{"Unknown":11,"duplicate-location":6},"countries":{"TH":15,"KH":2},"sanctioned_nodes":0,"policy_restricted_nodes":0,"threat_infrastructure_nodes":0,"stroke":"#c0d674","fill":"#c0d674","opacity":0.08,"marker_ring":false}},{"type":"Feature","id":"node-density-grid-5:40:25","geometry":{"type":"Polygon","coordinates":[[[25,40],[30,40],[30,45],[25,45],[25,40]]]},"properties":{"name":"5° Density Cell 40,25","kind":"density-grid","grid_size_degrees":5,"point_count":17,"intensity":0.032692,"networks":{"ipv4":17},"statuses":{"duplicate-location":12,"Unknown":5},"countries":{"RO":10,"TR":4,"BG":3},"sanctioned_nodes":0,"policy_restricted_nodes":0,"threat_infrastructure_nodes":0,"stroke":"#c0d674","fill":"#c0d674","opacity":0.08,"marker_ring":false}},{"type":"Feature","id":"node-density-grid-5:30:-90","geometry":{"type":"Polygon","coordinates":[[[-90,30],[-85,30],[-85,35],[-90,35],[-90,30]]]},"properties":{"name":"5° Density Cell 30,-90","kind":"density-grid","grid_size_degrees":5,"point_count":16,"intensity":0.030769,"networks":{"ipv4":16},"statuses":{"Unknown":13,"duplicate-location":3},"countries":{"US":16},"sanctioned_nodes":0,"policy_restricted_nodes":0,"threat_infrastructure_nodes":0,"stroke":"#c0d674","fill":"#c0d674","opacity":0.08,"marker_ring":false}},{"type":"Feature","id":"node-density-grid-5:35:-100","geometry":{"type":"Polygon","coordinates":[[[-100,35],[-95,35],[-95,40],[-100,40],[-100,35]]]},"properties":{"name":"5° Density Cell 35,-100","kind":"density-grid","grid_size_degrees":5,"point_count":16,"intensity":0.030769,"networks":{"ipv4":16},"statuses":{"Unknown":13,"duplicate-location":3},"countries":{"US":16},"sanctioned_nodes":0,"policy_restricted_nodes":0,"threat_infrastructure_nodes":0,"stroke":"#c0d674","fill":"#c0d674","opacity":0.08,"marker_ring":false}},{"type":"Feature","id":"node-density-grid-5:40:20","geometry":{"type":"Polygon","coordinates":[[[20,40],[25,40],[25,45],[20,45],[20,40]]]},"properties":{"name":"5° Density Cell 40,20","kind":"density-grid","grid_size_degrees":5,"point_count":16,"intensity":0.030769,"networks":{"ipv4":16},"statuses":{"duplicate-location":9,"Unknown":7},"countries":{"BG":15,"GR":1},"sanctioned_nodes":0,"policy_restricted_nodes":0,"threat_infrastructure_nodes":0,"stroke":"#c0d674","fill":"#c0d674","opacity":0.08,"marker_ring":false}},{"type":"Feature","id":"node-density-grid-5:15:70","geometry":{"type":"Polygon","coordinates":[[[70,15],[75,15],[75,20],[70,20],[70,15]]]},"properties":{"name":"5° Density Cell 15,70","kind":"density-grid","grid_size_degrees":5,"point_count":15,"intensity":0.028846,"networks":{"ipv4":15},"statuses":{"duplicate-location":14,"Unknown":1},"countries":{"IN":15},"sanctioned_nodes":0,"policy_restricted_nodes":0,"threat_infrastructure_nodes":0,"stroke":"#c0d674","fill":"#c0d674","opacity":0.08,"marker_ring":false}},{"type":"Feature","id":"node-density-grid-5:25:120","geometry":{"type":"Polygon","coordinates":[[[120,25],[125,25],[125,30],[120,30],[120,25]]]},"properties":{"name":"5° Density Cell 25,120","kind":"density-grid","grid_size_degrees":5,"point_count":15,"intensity":0.028846,"networks":{"ipv4":15},"statuses":{"duplicate-location":14,"Unknown":1},"countries":{"TW":14,"CN":1},"sanctioned_nodes":0,"policy_restricted_nodes":0,"threat_infrastructure_nodes":0,"stroke":"#c0d674","fill":"#c0d674","opacity":0.08,"marker_ring":false}},{"type":"Feature","id":"node-density-grid-5:35:-105","geometry":{"type":"Polygon","coordinates":[[[-105,35],[-100,35],[-100,40],[-105,40],[-105,35]]]},"properties":{"name":"5° Density Cell 35,-105","kind":"density-grid","grid_size_degrees":5,"point_count":15,"intensity":0.028846,"networks":{"ipv4":15},"statuses":{"duplicate-location":9,"Unknown":6},"countries":{"US":15},"sanctioned_nodes":0,"policy_restricted_nodes":0,"threat_infrastructure_nodes":0,"stroke":"#c0d674","fill":"#c0d674","opacity":0.08,"marker_ring":false}},{"type":"Feature","id":"node-density-grid-5:35:-110","geometry":{"type":"Polygon","coordinates":[[[-110,35],[-105,35],[-105,40],[-110,40],[-110,35]]]},"properties":{"name":"5° Density Cell 35,-110","kind":"density-grid","grid_size_degrees":5,"point_count":14,"intensity":0.026923,"networks":{"ipv4":14},"statuses":{"duplicate-location":8,"Unknown":6},"countries":{"US":14},"sanctioned_nodes":0,"policy_restricted_nodes":0,"threat_infrastructure_nodes":0,"stroke":"#c0d674","fill":"#c0d674","opacity":0.08,"marker_ring":false}},{"type":"Feature","id":"node-density-grid-5:-35:15","geometry":{"type":"Polygon","coordinates":[[[15,-35],[20,-35],[20,-30],[15,-30],[15,-35]]]},"properties":{"name":"5° Density Cell -35,15","kind":"density-grid","grid_size_degrees":5,"point_count":13,"intensity":0.025,"networks":{"ipv4":13},"statuses":{"duplicate-location":10,"Unknown":3},"countries":{"ZA":13},"sanctioned_nodes":0,"policy_restricted_nodes":0,"threat_infrastructure_nodes":0,"stroke":"#c0d674","fill":"#c0d674","opacity":0.08,"marker_ring":false}},{"type":"Feature","id":"node-density-grid-5:30:-95","geometry":{"type":"Polygon","coordinates":[[[-95,30],[-90,30],[-90,35],[-95,35],[-95,30]]]},"properties":{"name":"5° Density Cell 30,-95","kind":"density-grid","grid_size_degrees":5,"point_count":13,"intensity":0.025,"networks":{"ipv4":13},"statuses":{"Unknown":7,"duplicate-location":6},"countries":{"US":13},"sanctioned_nodes":0,"policy_restricted_nodes":0,"threat_infrastructure_nodes":0,"stroke":"#c0d674","fill":"#c0d674","opacity":0.08,"marker_ring":false}},{"type":"Feature","id":"node-density-grid-5:55:30","geometry":{"type":"Polygon","coordinates":[[[30,55],[35,55],[35,60],[30,60],[30,55]]]},"properties":{"name":"5° Density Cell 55,30","kind":"density-grid","grid_size_degrees":5,"point_count":13,"intensity":0.025,"networks":{"ipv4":13},"statuses":{"duplicate-location":11,"Unknown":2},"countries":{"RU":13},"sanctioned_nodes":0,"policy_restricted_nodes":0,"threat_infrastructure_nodes":0,"stroke":"#c0d674","fill":"#c0d674","opacity":0.08,"marker_ring":false}},{"type":"Feature","id":"node-density-grid-5:-35:-60","geometry":{"type":"Polygon","coordinates":[[[-60,-35],[-55,-35],[-55,-30],[-60,-30],[-60,-35]]]},"properties":{"name":"5° Density Cell -35,-60","kind":"density-grid","grid_size_degrees":5,"point_count":12,"intensity":0.023077,"networks":{"ipv4":12},"statuses":{"duplicate-location":8,"Unknown":4},"countries":{"AR":10,"UY":2},"sanctioned_nodes":0,"policy_restricted_nodes":0,"threat_infrastructure_nodes":0,"stroke":"#c0d674","fill":"#c0d674","opacity":0.08,"marker_ring":false}},{"type":"Feature","id":"node-density-grid-5:-35:115","geometry":{"type":"Polygon","coordinates":[[[115,-35],[120,-35],[120,-30],[115,-30],[115,-35]]]},"properties":{"name":"5° Density Cell -35,115","kind":"density-grid","grid_size_degrees":5,"point_count":12,"intensity":0.023077,"networks":{"ipv4":12},"statuses":{"Unknown":6,"duplicate-location":6},"countries":{"AU":12},"sanctioned_nodes":0,"policy_restricted_nodes":0,"threat_infrastructure_nodes":0,"stroke":"#c0d674","fill":"#c0d674","opacity":0.08,"marker_ring":false}},{"type":"Feature","id":"node-density-grid-5:-10:105","geometry":{"type":"Polygon","coordinates":[[[105,-10],[110,-10],[110,-5],[105,-5],[105,-10]]]},"properties":{"name":"5° Density Cell -10,105","kind":"density-grid","grid_size_degrees":5,"point_count":12,"intensity":0.023077,"networks":{"ipv4":12},"statuses":{"duplicate-location":7,"Unknown":5},"countries":{"ID":12},"sanctioned_nodes":0,"policy_restricted_nodes":0,"threat_infrastructure_nodes":0,"stroke":"#c0d674","fill":"#c0d674","opacity":0.08,"marker_ring":false}},{"type":"Feature","id":"node-density-grid-5:55:20","geometry":{"type":"Polygon","coordinates":[[[20,55],[25,55],[25,60],[20,60],[20,55]]]},"properties":{"name":"5° Density Cell 55,20","kind":"density-grid","grid_size_degrees":5,"point_count":12,"intensity":0.023077,"networks":{"ipv4":12},"statuses":{"duplicate-location":7,"Unknown":5},"countries":{"EE":4,"LT":4,"LV":4},"sanctioned_nodes":0,"policy_restricted_nodes":0,"threat_infrastructure_nodes":0,"stroke":"#c0d674","fill":"#c0d674","opacity":0.08,"marker_ring":false}},{"type":"Feature","id":"node-density-grid-5:35:-5","geometry":{"type":"Polygon","coordinates":[[[-5,35],[0,35],[0,40],[-5,40],[-5,35]]]},"properties":{"name":"5° Density Cell 35,-5","kind":"density-grid","grid_size_degrees":5,"point_count":11,"intensity":0.021154,"networks":{"ipv4":11},"statuses":{"Unknown":11},"countries":{"ES":11},"sanctioned_nodes":0,"policy_restricted_nodes":0,"threat_infrastructure_nodes":0,"stroke":"#c0d674","fill":"#c0d674","opacity":0.08,"marker_ring":false}},{"type":"Feature","id":"node-density-grid-5:40:-5","geometry":{"type":"Polygon","coordinates":[[[-5,40],[0,40],[0,45],[-5,45],[-5,40]]]},"properties":{"name":"5° Density Cell 40,-5","kind":"density-grid","grid_size_degrees":5,"point_count":11,"intensity":0.021154,"networks":{"ipv4":11},"statuses":{"Unknown":6,"duplicate-location":5},"countries":{"ES":10,"FR":1},"sanctioned_nodes":0,"policy_restricted_nodes":0,"threat_infrastructure_nodes":0,"stroke":"#c0d674","fill":"#c0d674","opacity":0.08,"marker_ring":false}},{"type":"Feature","id":"node-density-grid-5:40:10","geometry":{"type":"Polygon","coordinates":[[[10,40],[15,40],[15,45],[10,45],[10,40]]]},"properties":{"name":"5° Density Cell 40,10","kind":"density-grid","grid_size_degrees":5,"point_count":11,"intensity":0.021154,"networks":{"ipv4":11},"statuses":{"Unknown":9,"duplicate-location":2},"countries":{"IT":11},"sanctioned_nodes":0,"policy_restricted_nodes":0,"threat_infrastructure_nodes":0,"stroke":"#c0d674","fill":"#c0d674","opacity":0.08,"marker_ring":false}},{"type":"Feature","id":"node-density-grid-5:50:20","geometry":{"type":"Polygon","coordinates":[[[20,50],[25,50],[25,55],[20,55],[20,50]]]},"properties":{"name":"5° Density Cell 50,20","kind":"density-grid","grid_size_degrees":5,"point_count":11,"intensity":0.021154,"networks":{"ipv4":11},"statuses":{"duplicate-location":6,"Unknown":5},"countries":{"PL":10,"BY":1},"sanctioned_nodes":0,"policy_restricted_nodes":0,"threat_infrastructure_nodes":0,"stroke":"#c0d674","fill":"#c0d674","opacity":0.08,"marker_ring":false}},{"type":"Feature","id":"node-density-grid-5:35:-10","geometry":{"type":"Polygon","coordinates":[[[-10,35],[-5,35],[-5,40],[-10,40],[-10,35]]]},"properties":{"name":"5° Density Cell 35,-10","kind":"density-grid","grid_size_degrees":5,"point_count":10,"intensity":0.019231,"networks":{"ipv4":10},"statuses":{"Unknown":6,"duplicate-location":4},"countries":{"PT":6,"ES":4},"sanctioned_nodes":0,"policy_restricted_nodes":0,"threat_infrastructure_nodes":0,"stroke":"#c0d674","fill":"#c0d674","opacity":0.08,"marker_ring":false}},{"type":"Feature","id":"node-density-grid-5:45:-80","geometry":{"type":"Polygon","coordinates":[[[-80,45],[-75,45],[-75,50],[-80,50],[-80,45]]]},"properties":{"name":"5° Density Cell 45,-80","kind":"density-grid","grid_size_degrees":5,"point_count":10,"intensity":0.019231,"networks":{"ipv4":10},"statuses":{"Unknown":6,"duplicate-location":4},"countries":{"CA":10},"sanctioned_nodes":0,"policy_restricted_nodes":0,"threat_infrastructure_nodes":0,"stroke":"#c0d674","fill":"#c0d674","opacity":0.08,"marker_ring":false}},{"type":"Feature","id":"node-density-grid-5:60:25","geometry":{"type":"Polygon","coordinates":[[[25,60],[30,60],[30,65],[25,65],[25,60]]]},"properties":{"name":"5° Density Cell 60,25","kind":"density-grid","grid_size_degrees":5,"point_count":10,"intensity":0.019231,"networks":{"ipv4":10},"statuses":{"duplicate-location":8,"Unknown":2},"countries":{"FI":10},"sanctioned_nodes":0,"policy_restricted_nodes":0,"threat_infrastructure_nodes":0,"stroke":"#c0d674","fill":"#c0d674","opacity":0.08,"marker_ring":false}},{"type":"Feature","id":"node-density-grid-5:-40:145","geometry":{"type":"Polygon","coordinates":[[[145,-40],[150,-40],[150,-35],[145,-35],[145,-40]]]},"properties":{"name":"5° Density Cell -40,145","kind":"density-grid","grid_size_degrees":5,"point_count":9,"intensity":0.017308,"networks":{"ipv4":9},"statuses":{"Unknown":9},"countries":{"AU":9},"sanctioned_nodes":0,"policy_restricted_nodes":0,"threat_infrastructure_nodes":0,"stroke":"#c0d674","fill":"#c0d674","opacity":0.08,"marker_ring":false}},{"type":"Feature","id":"node-density-grid-5:45:-100","geometry":{"type":"Polygon","coordinates":[[[-100,45],[-95,45],[-95,50],[-100,50],[-100,45]]]},"properties":{"name":"5° Density Cell 45,-100","kind":"density-grid","grid_size_degrees":5,"point_count":9,"intensity":0.017308,"networks":{"ipv4":9},"statuses":{"duplicate-location":5,"Unknown":4},"countries":{"CA":6,"US":3},"sanctioned_nodes":0,"policy_restricted_nodes":0,"threat_infrastructure_nodes":0,"stroke":"#c0d674","fill":"#c0d674","opacity":0.08,"marker_ring":false}},{"type":"Feature","id":"node-density-grid-5:30:120","geometry":{"type":"Polygon","coordinates":[[[120,30],[125,30],[125,35],[120,35],[120,30]]]},"properties":{"name":"5° Density Cell 30,120","kind":"density-grid","grid_size_degrees":5,"point_count":8,"intensity":0.015385,"networks":{"ipv4":8},"statuses":{"duplicate-location":8},"countries":{"CN":8},"sanctioned_nodes":0,"policy_restricted_nodes":0,"threat_infrastructure_nodes":0,"stroke":"#c0d674","fill":"#c0d674","opacity":0.08,"marker_ring":false}},{"type":"Feature","id":"node-density-grid-5:45:20","geometry":{"type":"Polygon","coordinates":[[[20,45],[25,45],[25,50],[20,50],[20,45]]]},"properties":{"name":"5° Density Cell 45,20","kind":"density-grid","grid_size_degrees":5,"point_count":8,"intensity":0.015385,"networks":{"ipv4":8},"statuses":{"Unknown":5,"duplicate-location":3},"countries":{"RO":4,"SK":3,"UA":1},"sanctioned_nodes":0,"policy_restricted_nodes":0,"threat_infrastructure_nodes":0,"stroke":"#c0d674","fill":"#c0d674","opacity":0.08,"marker_ring":false}},{"type":"Feature","id":"node-density-grid-5:45:25","geometry":{"type":"Polygon","coordinates":[[[25,45],[30,45],[30,50],[25,50],[25,45]]]},"properties":{"name":"5° Density Cell 45,25","kind":"density-grid","grid_size_degrees":5,"point_count":8,"intensity":0.015385,"networks":{"ipv4":8},"statuses":{"Unknown":4,"duplicate-location":4},"countries":{"MD":7,"RO":1},"sanctioned_nodes":0,"policy_restricted_nodes":0,"threat_infrastructure_nodes":0,"stroke":"#c0d674","fill":"#c0d674","opacity":0.08,"marker_ring":false}},{"type":"Feature","id":"node-density-grid-5:40:5","geometry":{"type":"Polygon","coordinates":[[[5,40],[10,40],[10,45],[5,45],[5,40]]]},"properties":{"name":"5° Density Cell 40,5","kind":"density-grid","grid_size_degrees":5,"point_count":7,"intensity":0.013462,"networks":{"ipv4":7},"statuses":{"duplicate-location":5,"Unknown":2},"countries":{"FR":6,"IT":1},"sanctioned_nodes":0,"policy_restricted_nodes":0,"threat_infrastructure_nodes":0,"stroke":"#c0d674","fill":"#c0d674","opacity":0.08,"marker_ring":false}},{"type":"Feature","id":"node-density-grid-5:45:-115","geometry":{"type":"Polygon","coordinates":[[[-115,45],[-110,45],[-110,50],[-115,50],[-115,45]]]},"properties":{"name":"5° Density Cell 45,-115","kind":"density-grid","grid_size_degrees":5,"point_count":7,"intensity":0.013462,"networks":{"ipv4":7},"statuses":{"duplicate-location":4,"Unknown":3},"countries":{"US":7},"sanctioned_nodes":0,"policy_restricted_nodes":0,"threat_infrastructure_nodes":0,"stroke":"#c0d674","fill":"#c0d674","opacity":0.08,"marker_ring":false}},{"type":"Feature","id":"node-density-grid-5:45:35","geometry":{"type":"Polygon","coordinates":[[[35,45],[40,45],[40,50],[35,50],[35,45]]]},"properties":{"name":"5° Density Cell 45,35","kind":"density-grid","grid_size_degrees":5,"point_count":7,"intensity":0.013462,"networks":{"ipv4":7},"statuses":{"duplicate-location":5,"Unknown":2},"countries":{"UA":7},"sanctioned_nodes":0,"policy_restricted_nodes":0,"threat_infrastructure_nodes":0,"stroke":"#c0d674","fill":"#c0d674","opacity":0.08,"marker_ring":false}},{"type":"Feature","id":"node-density-grid-5:25:55","geometry":{"type":"Polygon","coordinates":[[[55,25],[60,25],[60,30],[55,30],[55,25]]]},"properties":{"name":"5° Density Cell 25,55","kind":"density-grid","grid_size_degrees":5,"point_count":6,"intensity":0.011538,"networks":{"ipv4":6},"statuses":{"Unknown":3,"duplicate-location":3},"countries":{"AE":6},"sanctioned_nodes":0,"policy_restricted_nodes":0,"threat_infrastructure_nodes":0,"stroke":"#c0d674","fill":"#c0d674","opacity":0.08,"marker_ring":false}},{"type":"Feature","id":"node-density-grid-5:40:-125","geometry":{"type":"Polygon","coordinates":[[[-125,40],[-120,40],[-120,45],[-125,45],[-125,40]]]},"properties":{"name":"5° Density Cell 40,-125","kind":"density-grid","grid_size_degrees":5,"point_count":6,"intensity":0.011538,"networks":{"ipv4":6},"statuses":{"Unknown":6},"countries":{"US":6},"sanctioned_nodes":0,"policy_restricted_nodes":0,"threat_infrastructure_nodes":0,"stroke":"#c0d674","fill":"#c0d674","opacity":0.08,"marker_ring":false}},{"type":"Feature","id":"node-density-grid-5:60:-25","geometry":{"type":"Polygon","coordinates":[[[-25,60],[-20,60],[-20,65],[-25,65],[-25,60]]]},"properties":{"name":"5° Density Cell 60,-25","kind":"density-grid","grid_size_degrees":5,"point_count":6,"intensity":0.011538,"networks":{"ipv4":6},"statuses":{"Unknown":4,"duplicate-location":2},"countries":{"IS":6},"sanctioned_nodes":0,"policy_restricted_nodes":0,"threat_infrastructure_nodes":0,"stroke":"#c0d674","fill":"#c0d674","opacity":0.08,"marker_ring":false}},{"type":"Feature","id":"node-density-grid-5:-35:-75","geometry":{"type":"Polygon","coordinates":[[[-75,-35],[-70,-35],[-70,-30],[-75,-30],[-75,-35]]]},"properties":{"name":"5° Density Cell -35,-75","kind":"density-grid","grid_size_degrees":5,"point_count":5,"intensity":0.009615,"networks":{"ipv4":5},"statuses":{"duplicate-location":4,"Unknown":1},"countries":{"CL":5},"sanctioned_nodes":0,"policy_restricted_nodes":0,"threat_infrastructure_nodes":0,"stroke":"#c0d674","fill":"#c0d674","opacity":0.08,"marker_ring":false}},{"type":"Feature","id":"node-density-grid-5:-35:135","geometry":{"type":"Polygon","coordinates":[[[135,-35],[140,-35],[140,-30],[135,-30],[135,-35]]]},"properties":{"name":"5° Density Cell -35,135","kind":"density-grid","grid_size_degrees":5,"point_count":5,"intensity":0.009615,"networks":{"ipv4":5},"statuses":{"duplicate-location":4,"Unknown":1},"countries":{"AU":5},"sanctioned_nodes":0,"policy_restricted_nodes":0,"threat_infrastructure_nodes":0,"stroke":"#c0d674","fill":"#c0d674","opacity":0.08,"marker_ring":false}},{"type":"Feature","id":"node-density-grid-5:-20:-45","geometry":{"type":"Polygon","coordinates":[[[-45,-20],[-40,-20],[-40,-15],[-45,-15],[-45,-20]]]},"properties":{"name":"5° Density Cell -20,-45","kind":"density-grid","grid_size_degrees":5,"point_count":5,"intensity":0.009615,"networks":{"ipv4":5},"statuses":{"Unknown":3,"duplicate-location":2},"countries":{"BR":5},"sanctioned_nodes":0,"policy_restricted_nodes":0,"threat_infrastructure_nodes":0,"stroke":"#c0d674","fill":"#c0d674","opacity":0.08,"marker_ring":false}},{"type":"Feature","id":"node-density-grid-5:35:20","geometry":{"type":"Polygon","coordinates":[[[20,35],[25,35],[25,40],[20,40],[20,35]]]},"properties":{"name":"5° Density Cell 35,20","kind":"density-grid","grid_size_degrees":5,"point_count":5,"intensity":0.009615,"networks":{"ipv4":5},"statuses":{"Unknown":5},"countries":{"GR":5},"sanctioned_nodes":0,"policy_restricted_nodes":0,"threat_infrastructure_nodes":0,"stroke":"#c0d674","fill":"#c0d674","opacity":0.08,"marker_ring":false}},{"type":"Feature","id":"node-density-grid-5:40:-120","geometry":{"type":"Polygon","coordinates":[[[-120,40],[-115,40],[-115,45],[-120,45],[-120,40]]]},"properties":{"name":"5° Density Cell 40,-120","kind":"density-grid","grid_size_degrees":5,"point_count":5,"intensity":0.009615,"networks":{"ipv4":5},"statuses":{"duplicate-location":4,"Unknown":1},"countries":{"US":5},"sanctioned_nodes":0,"policy_restricted_nodes":0,"threat_infrastructure_nodes":0,"stroke":"#c0d674","fill":"#c0d674","opacity":0.08,"marker_ring":false}},{"type":"Feature","id":"node-density-grid-5:40:-110","geometry":{"type":"Polygon","coordinates":[[[-110,40],[-105,40],[-105,45],[-110,45],[-110,40]]]},"properties":{"name":"5° Density Cell 40,-110","kind":"density-grid","grid_size_degrees":5,"point_count":5,"intensity":0.009615,"networks":{"ipv4":5},"statuses":{"duplicate-location":3,"Unknown":2},"countries":{"US":5},"sanctioned_nodes":0,"policy_restricted_nodes":0,"threat_infrastructure_nodes":0,"stroke":"#c0d674","fill":"#c0d674","opacity":0.08,"marker_ring":false}},{"type":"Feature","id":"node-density-grid-5:40:-10","geometry":{"type":"Polygon","coordinates":[[[-10,40],[-5,40],[-5,45],[-10,45],[-10,40]]]},"properties":{"name":"5° Density Cell 40,-10","kind":"density-grid","grid_size_degrees":5,"point_count":5,"intensity":0.009615,"networks":{"ipv4":5},"statuses":{"Unknown":5},"countries":{"PT":4,"ES":1},"sanctioned_nodes":0,"policy_restricted_nodes":0,"threat_infrastructure_nodes":0,"stroke":"#c0d674","fill":"#c0d674","opacity":0.08,"marker_ring":false}},{"type":"Feature","id":"node-density-grid-5:45:30","geometry":{"type":"Polygon","coordinates":[[[30,45],[35,45],[35,50],[30,50],[30,45]]]},"properties":{"name":"5° Density Cell 45,30","kind":"density-grid","grid_size_degrees":5,"point_count":5,"intensity":0.009615,"networks":{"ipv4":5},"statuses":{"Unknown":5},"countries":{"UA":5},"sanctioned_nodes":0,"policy_restricted_nodes":0,"threat_infrastructure_nodes":0,"stroke":"#c0d674","fill":"#c0d674","opacity":0.08,"marker_ring":false}},{"type":"Feature","id":"node-density-grid-5:-35:-55","geometry":{"type":"Polygon","coordinates":[[[-55,-35],[-50,-35],[-50,-30],[-55,-30],[-55,-35]]]},"properties":{"name":"5° Density Cell -35,-55","kind":"density-grid","grid_size_degrees":5,"point_count":4,"intensity":0.007692,"networks":{"ipv4":4},"statuses":{"Unknown":2,"duplicate-location":2},"countries":{"BR":2,"UY":2},"sanctioned_nodes":0,"policy_restricted_nodes":0,"threat_infrastructure_nodes":0,"stroke":"#c0d674","fill":"#c0d674","opacity":0.08,"marker_ring":false}},{"type":"Feature","id":"node-density-grid-5:-30:-55","geometry":{"type":"Polygon","coordinates":[[[-55,-30],[-50,-30],[-50,-25],[-55,-25],[-55,-30]]]},"properties":{"name":"5° Density Cell -30,-55","kind":"density-grid","grid_size_degrees":5,"point_count":4,"intensity":0.007692,"networks":{"ipv4":4},"statuses":{"Unknown":4},"countries":{"BR":4},"sanctioned_nodes":0,"policy_restricted_nodes":0,"threat_infrastructure_nodes":0,"stroke":"#c0d674","fill":"#c0d674","opacity":0.08,"marker_ring":false}},{"type":"Feature","id":"node-density-grid-5:-30:-50","geometry":{"type":"Polygon","coordinates":[[[-50,-30],[-45,-30],[-45,-25],[-50,-25],[-50,-30]]]},"properties":{"name":"5° Density Cell -30,-50","kind":"density-grid","grid_size_degrees":5,"point_count":4,"intensity":0.007692,"networks":{"ipv4":4},"statuses":{"Unknown":4},"countries":{"BR":4},"sanctioned_nodes":0,"policy_restricted_nodes":0,"threat_infrastructure_nodes":0,"stroke":"#c0d674","fill":"#c0d674","opacity":0.08,"marker_ring":false}},{"type":"Feature","id":"node-density-grid-5:-30:25","geometry":{"type":"Polygon","coordinates":[[[25,-30],[30,-30],[30,-25],[25,-25],[25,-30]]]},"properties":{"name":"5° Density Cell -30,25","kind":"density-grid","grid_size_degrees":5,"point_count":4,"intensity":0.007692,"networks":{"ipv4":4},"statuses":{"Unknown":2,"duplicate-location":2},"countries":{"ZA":4},"sanctioned_nodes":0,"policy_restricted_nodes":0,"threat_infrastructure_nodes":0,"stroke":"#c0d674","fill":"#c0d674","opacity":0.08,"marker_ring":false}},{"type":"Feature","id":"node-density-grid-5:10:75","geometry":{"type":"Polygon","coordinates":[[[75,10],[80,10],[80,15],[75,15],[75,10]]]},"properties":{"name":"5° Density Cell 10,75","kind":"density-grid","grid_size_degrees":5,"point_count":4,"intensity":0.007692,"networks":{"ipv4":4},"statuses":{"duplicate-location":3,"Unknown":1},"countries":{"IN":4},"sanctioned_nodes":0,"policy_restricted_nodes":0,"threat_infrastructure_nodes":0,"stroke":"#c0d674","fill":"#c0d674","opacity":0.08,"marker_ring":false}},{"type":"Feature","id":"node-density-grid-5:20:-160","geometry":{"type":"Polygon","coordinates":[[[-160,20],[-155,20],[-155,25],[-160,25],[-160,20]]]},"properties":{"name":"5° Density Cell 20,-160","kind":"density-grid","grid_size_degrees":5,"point_count":4,"intensity":0.007692,"networks":{"ipv4":4},"statuses":{"Unknown":2,"duplicate-location":2},"countries":{"US":4},"sanctioned_nodes":0,"policy_restricted_nodes":0,"threat_infrastructure_nodes":0,"stroke":"#c0d674","fill":"#c0d674","opacity":0.08,"marker_ring":false}},{"type":"Feature","id":"node-density-grid-5:25:-95","geometry":{"type":"Polygon","coordinates":[[[-95,25],[-90,25],[-90,30],[-95,30],[-95,25]]]},"properties":{"name":"5° Density Cell 25,-95","kind":"density-grid","grid_size_degrees":5,"point_count":4,"intensity":0.007692,"networks":{"ipv4":4},"statuses":{"duplicate-location":4},"countries":{"US":4},"sanctioned_nodes":0,"policy_restricted_nodes":0,"threat_infrastructure_nodes":0,"stroke":"#c0d674","fill":"#c0d674","opacity":0.08,"marker_ring":false}},{"type":"Feature","id":"node-density-grid-5:30:100","geometry":{"type":"Polygon","coordinates":[[[100,30],[105,30],[105,35],[100,35],[100,30]]]},"properties":{"name":"5° Density Cell 30,100","kind":"density-grid","grid_size_degrees":5,"point_count":4,"intensity":0.007692,"networks":{"ipv4":4},"statuses":{"duplicate-location":4},"countries":{"CN":4},"sanctioned_nodes":0,"policy_restricted_nodes":0,"threat_infrastructure_nodes":0,"stroke":"#c0d674","fill":"#c0d674","opacity":0.08,"marker_ring":false}},{"type":"Feature","id":"node-density-grid-5:45:-70","geometry":{"type":"Polygon","coordinates":[[[-70,45],[-65,45],[-65,50],[-70,50],[-70,45]]]},"properties":{"name":"5° Density Cell 45,-70","kind":"density-grid","grid_size_degrees":5,"point_count":4,"intensity":0.007692,"networks":{"ipv4":4},"statuses":{"Unknown":4},"countries":{"CA":4},"sanctioned_nodes":0,"policy_restricted_nodes":0,"threat_infrastructure_nodes":0,"stroke":"#c0d674","fill":"#c0d674","opacity":0.08,"marker_ring":false}},{"type":"Feature","id":"node-density-grid-5:45:-5","geometry":{"type":"Polygon","coordinates":[[[-5,45],[0,45],[0,50],[-5,50],[-5,45]]]},"properties":{"name":"5° Density Cell 45,-5","kind":"density-grid","grid_size_degrees":5,"point_count":4,"intensity":0.007692,"networks":{"ipv4":4},"statuses":{"Unknown":4},"countries":{"FR":3,"JE":1},"sanctioned_nodes":0,"policy_restricted_nodes":0,"threat_infrastructure_nodes":0,"stroke":"#c0d674","fill":"#c0d674","opacity":0.08,"marker_ring":false}},{"type":"Feature","id":"node-density-grid-5:-45:170","geometry":{"type":"Polygon","coordinates":[[[170,-45],[175,-45],[175,-40],[170,-40],[170,-45]]]},"properties":{"name":"5° Density Cell -45,170","kind":"density-grid","grid_size_degrees":5,"point_count":3,"intensity":0.005769,"networks":{"ipv4":3},"statuses":{"Unknown":3},"countries":{"NZ":3},"sanctioned_nodes":0,"policy_restricted_nodes":0,"threat_infrastructure_nodes":0,"stroke":"#c0d674","fill":"#c0d674","opacity":0.08,"marker_ring":false}},{"type":"Feature","id":"node-density-grid-5:-25:-55","geometry":{"type":"Polygon","coordinates":[[[-55,-25],[-50,-25],[-50,-20],[-55,-20],[-55,-25]]]},"properties":{"name":"5° Density Cell -25,-55","kind":"density-grid","grid_size_degrees":5,"point_count":3,"intensity":0.005769,"networks":{"ipv4":3},"statuses":{"Unknown":3},"countries":{"BR":3},"sanctioned_nodes":0,"policy_restricted_nodes":0,"threat_infrastructure_nodes":0,"stroke":"#c0d674","fill":"#c0d674","opacity":0.08,"marker_ring":false}},{"type":"Feature","id":"node-density-grid-5:-25:-45","geometry":{"type":"Polygon","coordinates":[[[-45,-25],[-40,-25],[-40,-20],[-45,-20],[-45,-25]]]},"properties":{"name":"5° Density Cell -25,-45","kind":"density-grid","grid_size_degrees":5,"point_count":3,"intensity":0.005769,"networks":{"ipv4":3},"statuses":{"Unknown":3},"countries":{"BR":3},"sanctioned_nodes":0,"policy_restricted_nodes":0,"threat_infrastructure_nodes":0,"stroke":"#c0d674","fill":"#c0d674","opacity":0.08,"marker_ring":false}},{"type":"Feature","id":"node-density-grid-5:5:-85","geometry":{"type":"Polygon","coordinates":[[[-85,5],[-80,5],[-80,10],[-85,10],[-85,5]]]},"properties":{"name":"5° Density Cell 5,-85","kind":"density-grid","grid_size_degrees":5,"point_count":3,"intensity":0.005769,"networks":{"ipv4":3},"statuses":{"duplicate-location":2,"Unknown":1},"countries":{"CR":3},"sanctioned_nodes":0,"policy_restricted_nodes":0,"threat_infrastructure_nodes":0,"stroke":"#c0d674","fill":"#c0d674","opacity":0.08,"marker_ring":false}},{"type":"Feature","id":"node-density-grid-5:10:-90","geometry":{"type":"Polygon","coordinates":[[[-90,10],[-85,10],[-85,15],[-90,15],[-90,10]]]},"properties":{"name":"5° Density Cell 10,-90","kind":"density-grid","grid_size_degrees":5,"point_count":3,"intensity":0.005769,"networks":{"ipv4":3},"statuses":{"Unknown":3},"countries":{"HN":2,"SV":1},"sanctioned_nodes":0,"policy_restricted_nodes":0,"threat_infrastructure_nodes":0,"stroke":"#c0d674","fill":"#c0d674","opacity":0.08,"marker_ring":false}},{"type":"Feature","id":"node-density-grid-5:10:-70","geometry":{"type":"Polygon","coordinates":[[[-70,10],[-65,10],[-65,15],[-70,15],[-70,10]]]},"properties":{"name":"5° Density Cell 10,-70","kind":"density-grid","grid_size_degrees":5,"point_count":3,"intensity":0.005769,"networks":{"ipv4":3},"statuses":{"Unknown":3},"countries":{"VE":2,"CW":1},"sanctioned_nodes":0,"policy_restricted_nodes":0,"threat_infrastructure_nodes":0,"stroke":"#c0d674","fill":"#c0d674","opacity":0.08,"marker_ring":false}},{"type":"Feature","id":"node-density-grid-5:15:-100","geometry":{"type":"Polygon","coordinates":[[[-100,15],[-95,15],[-95,20],[-100,20],[-100,15]]]},"properties":{"name":"5° Density Cell 15,-100","kind":"density-grid","grid_size_degrees":5,"point_count":3,"intensity":0.005769,"networks":{"ipv4":3},"statuses":{"Unknown":3},"countries":{"MX":3},"sanctioned_nodes":0,"policy_restricted_nodes":0,"threat_infrastructure_nodes":0,"stroke":"#c0d674","fill":"#c0d674","opacity":0.08,"marker_ring":false}},{"type":"Feature","id":"node-density-grid-5:20:45","geometry":{"type":"Polygon","coordinates":[[[45,20],[50,20],[50,25],[45,25],[45,20]]]},"properties":{"name":"5° Density Cell 20,45","kind":"density-grid","grid_size_degrees":5,"point_count":3,"intensity":0.005769,"networks":{"ipv4":3},"statuses":{"duplicate-location":2,"Unknown":1},"countries":{"SA":3},"sanctioned_nodes":0,"policy_restricted_nodes":0,"threat_infrastructure_nodes":0,"stroke":"#c0d674","fill":"#c0d674","opacity":0.08,"marker_ring":false}},{"type":"Feature","id":"node-density-grid-5:20:55","geometry":{"type":"Polygon","coordinates":[[[55,20],[60,20],[60,25],[55,25],[55,20]]]},"properties":{"name":"5° Density Cell 20,55","kind":"density-grid","grid_size_degrees":5,"point_count":3,"intensity":0.005769,"networks":{"ipv4":3},"statuses":{"duplicate-location":2,"Unknown":1},"countries":{"OM":2,"AE":1},"sanctioned_nodes":0,"policy_restricted_nodes":0,"threat_infrastructure_nodes":0,"stroke":"#c0d674","fill":"#c0d674","opacity":0.08,"marker_ring":false}},{"type":"Feature","id":"node-density-grid-5:25:50","geometry":{"type":"Polygon","coordinates":[[[50,25],[55,25],[55,30],[50,30],[50,25]]]},"properties":{"name":"5° Density Cell 25,50","kind":"density-grid","grid_size_degrees":5,"point_count":3,"intensity":0.005769,"networks":{"ipv4":3},"statuses":{"duplicate-location":2,"Unknown":1},"countries":{"QA":2,"BH":1},"sanctioned_nodes":0,"policy_restricted_nodes":0,"threat_infrastructure_nodes":0,"stroke":"#c0d674","fill":"#c0d674","opacity":0.08,"marker_ring":false}},{"type":"Feature","id":"node-density-grid-5:30:-105","geometry":{"type":"Polygon","coordinates":[[[-105,30],[-100,30],[-100,35],[-105,35],[-105,30]]]},"properties":{"name":"5° Density Cell 30,-105","kind":"density-grid","grid_size_degrees":5,"point_count":3,"intensity":0.005769,"networks":{"ipv4":3},"statuses":{"Unknown":3},"countries":{"US":3},"sanctioned_nodes":0,"policy_restricted_nodes":0,"threat_infrastructure_nodes":0,"stroke":"#c0d674","fill":"#c0d674","opacity":0.08,"marker_ring":false}},{"type":"Feature","id":"node-density-grid-5:30:-80","geometry":{"type":"Polygon","coordinates":[[[-80,30],[-75,30],[-75,35],[-80,35],[-80,30]]]},"properties":{"name":"5° Density Cell 30,-80","kind":"density-grid","grid_size_degrees":5,"point_count":3,"intensity":0.005769,"networks":{"ipv4":3},"statuses":{"Unknown":3},"countries":{"US":3},"sanctioned_nodes":0,"policy_restricted_nodes":0,"threat_infrastructure_nodes":0,"stroke":"#c0d674","fill":"#c0d674","opacity":0.08,"marker_ring":false}},{"type":"Feature","id":"node-density-grid-5:30:30","geometry":{"type":"Polygon","coordinates":[[[30,30],[35,30],[35,35],[30,35],[30,30]]]},"properties":{"name":"5° Density Cell 30,30","kind":"density-grid","grid_size_degrees":5,"point_count":3,"intensity":0.005769,"networks":{"ipv4":3},"statuses":{"duplicate-location":2,"Unknown":1},"countries":{"IL":3},"sanctioned_nodes":0,"policy_restricted_nodes":0,"threat_infrastructure_nodes":0,"stroke":"#c0d674","fill":"#c0d674","opacity":0.08,"marker_ring":false}},{"type":"Feature","id":"node-density-grid-5:40:75","geometry":{"type":"Polygon","coordinates":[[[75,40],[80,40],[80,45],[75,45],[75,40]]]},"properties":{"name":"5° Density Cell 40,75","kind":"density-grid","grid_size_degrees":5,"point_count":3,"intensity":0.005769,"networks":{"ipv4":3},"statuses":{"Unknown":3},"countries":{"KZ":3},"sanctioned_nodes":0,"policy_restricted_nodes":0,"threat_infrastructure_nodes":0,"stroke":"#c0d674","fill":"#c0d674","opacity":0.08,"marker_ring":false}},{"type":"Feature","id":"node-density-grid-5:45:-95","geometry":{"type":"Polygon","coordinates":[[[-95,45],[-90,45],[-90,50],[-95,50],[-95,45]]]},"properties":{"name":"5° Density Cell 45,-95","kind":"density-grid","grid_size_degrees":5,"point_count":3,"intensity":0.005769,"networks":{"ipv4":3},"statuses":{"Unknown":3},"countries":{"US":3},"sanctioned_nodes":0,"policy_restricted_nodes":0,"threat_infrastructure_nodes":0,"stroke":"#c0d674","fill":"#c0d674","opacity":0.08,"marker_ring":false}},{"type":"Feature","id":"node-density-grid-5:45:-65","geometry":{"type":"Polygon","coordinates":[[[-65,45],[-60,45],[-60,50],[-65,50],[-65,45]]]},"properties":{"name":"5° Density Cell 45,-65","kind":"density-grid","grid_size_degrees":5,"point_count":3,"intensity":0.005769,"networks":{"ipv4":3},"statuses":{"Unknown":3},"countries":{"CA":3},"sanctioned_nodes":0,"policy_restricted_nodes":0,"threat_infrastructure_nodes":0,"stroke":"#c0d674","fill":"#c0d674","opacity":0.08,"marker_ring":false}},{"type":"Feature","id":"node-density-grid-5:50:25","geometry":{"type":"Polygon","coordinates":[[[25,50],[30,50],[30,55],[25,55],[25,50]]]},"properties":{"name":"5° Density Cell 50,25","kind":"density-grid","grid_size_degrees":5,"point_count":3,"intensity":0.005769,"networks":{"ipv4":3},"statuses":{"duplicate-location":2,"Unknown":1},"countries":{"LT":3},"sanctioned_nodes":0,"policy_restricted_nodes":0,"threat_infrastructure_nodes":0,"stroke":"#c0d674","fill":"#c0d674","opacity":0.08,"marker_ring":false}},{"type":"Feature","id":"node-density-grid-5:55:5","geometry":{"type":"Polygon","coordinates":[[[5,55],[10,55],[10,60],[5,60],[5,55]]]},"properties":{"name":"5° Density Cell 55,5","kind":"density-grid","grid_size_degrees":5,"point_count":3,"intensity":0.005769,"networks":{"ipv4":3},"statuses":{"Unknown":3},"countries":{"DK":2,"NO":1},"sanctioned_nodes":0,"policy_restricted_nodes":0,"threat_infrastructure_nodes":0,"stroke":"#c0d674","fill":"#c0d674","opacity":0.08,"marker_ring":false}},{"type":"Feature","id":"node-density-grid-5:55:60","geometry":{"type":"Polygon","coordinates":[[[60,55],[65,55],[65,60],[60,60],[60,55]]]},"properties":{"name":"5° Density Cell 55,60","kind":"density-grid","grid_size_degrees":5,"point_count":3,"intensity":0.005769,"networks":{"ipv4":3},"statuses":{"duplicate-location":2,"Unknown":1},"countries":{"RU":3},"sanctioned_nodes":0,"policy_restricted_nodes":0,"threat_infrastructure_nodes":0,"stroke":"#c0d674","fill":"#c0d674","opacity":0.08,"marker_ring":false}},{"type":"Feature","id":"node-density-grid-5:60:10","geometry":{"type":"Polygon","coordinates":[[[10,60],[15,60],[15,65],[10,65],[10,60]]]},"properties":{"name":"5° Density Cell 60,10","kind":"density-grid","grid_size_degrees":5,"point_count":3,"intensity":0.005769,"networks":{"ipv4":3},"statuses":{"duplicate-location":2,"Unknown":1},"countries":{"NO":3},"sanctioned_nodes":0,"policy_restricted_nodes":0,"threat_infrastructure_nodes":0,"stroke":"#c0d674","fill":"#c0d674","opacity":0.08,"marker_ring":false}},{"type":"Feature","id":"node-density-grid-5:60:30","geometry":{"type":"Polygon","coordinates":[[[30,60],[35,60],[35,65],[30,65],[30,60]]]},"properties":{"name":"5° Density Cell 60,30","kind":"density-grid","grid_size_degrees":5,"point_count":3,"intensity":0.005769,"networks":{"ipv4":3},"statuses":{"Unknown":3},"countries":{"RU":3},"sanctioned_nodes":0,"policy_restricted_nodes":0,"threat_infrastructure_nodes":0,"stroke":"#c0d674","fill":"#c0d674","opacity":0.08,"marker_ring":false}},{"type":"Feature","id":"node-density-grid-5:-45:165","geometry":{"type":"Polygon","coordinates":[[[165,-45],[170,-45],[170,-40],[165,-40],[165,-45]]]},"properties":{"name":"5° Density Cell -45,165","kind":"density-grid","grid_size_degrees":5,"point_count":2,"intensity":0.003846,"networks":{"ipv4":2},"statuses":{"Unknown":2},"countries":{"NZ":2},"sanctioned_nodes":0,"policy_restricted_nodes":0,"threat_infrastructure_nodes":0,"stroke":"#c0d674","fill":"#c0d674","opacity":0.08,"marker_ring":false}},{"type":"Feature","id":"node-density-grid-5:-40:-60","geometry":{"type":"Polygon","coordinates":[[[-60,-40],[-55,-40],[-55,-35],[-60,-35],[-60,-40]]]},"properties":{"name":"5° Density Cell -40,-60","kind":"density-grid","grid_size_degrees":5,"point_count":2,"intensity":0.003846,"networks":{"ipv4":2},"statuses":{"Unknown":2},"countries":{"AR":2},"sanctioned_nodes":0,"policy_restricted_nodes":0,"threat_infrastructure_nodes":0,"stroke":"#c0d674","fill":"#c0d674","opacity":0.08,"marker_ring":false}},{"type":"Feature","id":"node-density-grid-5:-40:175","geometry":{"type":"Polygon","coordinates":[[[175,-40],[180.0,-40],[180.0,-35],[175,-35],[175,-40]]]},"properties":{"name":"5° Density Cell -40,175","kind":"density-grid","grid_size_degrees":5,"point_count":2,"intensity":0.003846,"networks":{"ipv4":2},"statuses":{"Unknown":2},"countries":{"NZ":2},"sanctioned_nodes":0,"policy_restricted_nodes":0,"threat_infrastructure_nodes":0,"stroke":"#c0d674","fill":"#c0d674","opacity":0.08,"marker_ring":false}},{"type":"Feature","id":"node-density-grid-5:-25:145","geometry":{"type":"Polygon","coordinates":[[[145,-25],[150,-25],[150,-20],[145,-20],[145,-25]]]},"properties":{"name":"5° Density Cell -25,145","kind":"density-grid","grid_size_degrees":5,"point_count":2,"intensity":0.003846,"networks":{"ipv4":2},"statuses":{"Unknown":2},"countries":{"AU":2},"sanctioned_nodes":0,"policy_restricted_nodes":0,"threat_infrastructure_nodes":0,"stroke":"#c0d674","fill":"#c0d674","opacity":0.08,"marker_ring":false}},{"type":"Feature","id":"node-density-grid-5:-10:110","geometry":{"type":"Polygon","coordinates":[[[110,-10],[115,-10],[115,-5],[110,-5],[110,-10]]]},"properties":{"name":"5° Density Cell -10,110","kind":"density-grid","grid_size_degrees":5,"point_count":2,"intensity":0.003846,"networks":{"ipv4":2},"statuses":{"duplicate-location":2},"countries":{"ID":2},"sanctioned_nodes":0,"policy_restricted_nodes":0,"threat_infrastructure_nodes":0,"stroke":"#c0d674","fill":"#c0d674","opacity":0.08,"marker_ring":false}},{"type":"Feature","id":"node-density-grid-5:0:-75","geometry":{"type":"Polygon","coordinates":[[[-75,0],[-70,0],[-70,5],[-75,5],[-75,0]]]},"properties":{"name":"5° Density Cell 0,-75","kind":"density-grid","grid_size_degrees":5,"point_count":2,"intensity":0.003846,"networks":{"ipv4":2},"statuses":{"Unknown":2},"countries":{"CO":2},"sanctioned_nodes":0,"policy_restricted_nodes":0,"threat_infrastructure_nodes":0,"stroke":"#c0d674","fill":"#c0d674","opacity":0.08,"marker_ring":false}},{"type":"Feature","id":"node-density-grid-5:5:-80","geometry":{"type":"Polygon","coordinates":[[[-80,5],[-75,5],[-75,10],[-80,10],[-80,5]]]},"properties":{"name":"5° Density Cell 5,-80","kind":"density-grid","grid_size_degrees":5,"point_count":2,"intensity":0.003846,"networks":{"ipv4":2},"statuses":{"Unknown":2},"countries":{"CO":1,"PA":1},"sanctioned_nodes":0,"policy_restricted_nodes":0,"threat_infrastructure_nodes":0,"stroke":"#c0d674","fill":"#c0d674","opacity":0.08,"marker_ring":false}},{"type":"Feature","id":"node-density-grid-5:10:95","geometry":{"type":"Polygon","coordinates":[[[95,10],[100,10],[100,15],[95,15],[95,10]]]},"properties":{"name":"5° Density Cell 10,95","kind":"density-grid","grid_size_degrees":5,"point_count":2,"intensity":0.003846,"networks":{"ipv4":2},"statuses":{"Unknown":2},"countries":{"TH":2},"sanctioned_nodes":0,"policy_restricted_nodes":0,"threat_infrastructure_nodes":0,"stroke":"#c0d674","fill":"#c0d674","opacity":0.08,"marker_ring":false}},{"type":"Feature","id":"node-density-grid-5:15:-70","geometry":{"type":"Polygon","coordinates":[[[-70,15],[-65,15],[-65,20],[-70,20],[-70,15]]]},"properties":{"name":"5° Density Cell 15,-70","kind":"density-grid","grid_size_degrees":5,"point_count":2,"intensity":0.003846,"networks":{"ipv4":2},"statuses":{"Unknown":2},"countries":{"PR":2},"sanctioned_nodes":0,"policy_restricted_nodes":0,"threat_infrastructure_nodes":0,"stroke":"#c0d674","fill":"#c0d674","opacity":0.08,"marker_ring":false}},{"type":"Feature","id":"node-density-grid-5:15:75","geometry":{"type":"Polygon","coordinates":[[[75,15],[80,15],[80,20],[75,20],[75,15]]]},"properties":{"name":"5° Density Cell 15,75","kind":"density-grid","grid_size_degrees":5,"point_count":2,"intensity":0.003846,"networks":{"ipv4":2},"statuses":{"Unknown":2},"countries":{"IN":2},"sanctioned_nodes":0,"policy_restricted_nodes":0,"threat_infrastructure_nodes":0,"stroke":"#c0d674","fill":"#c0d674","opacity":0.08,"marker_ring":false}},{"type":"Feature","id":"node-density-grid-5:15:100","geometry":{"type":"Polygon","coordinates":[[[100,15],[105,15],[105,20],[100,20],[100,15]]]},"properties":{"name":"5° Density Cell 15,100","kind":"density-grid","grid_size_degrees":5,"point_count":2,"intensity":0.003846,"networks":{"ipv4":2},"statuses":{"Unknown":2},"countries":{"TH":2},"sanctioned_nodes":0,"policy_restricted_nodes":0,"threat_infrastructure_nodes":0,"stroke":"#c0d674","fill":"#c0d674","opacity":0.08,"marker_ring":false}},{"type":"Feature","id":"node-density-grid-5:20:-105","geometry":{"type":"Polygon","coordinates":[[[-105,20],[-100,20],[-100,25],[-105,25],[-105,20]]]},"properties":{"name":"5° Density Cell 20,-105","kind":"density-grid","grid_size_degrees":5,"point_count":2,"intensity":0.003846,"networks":{"ipv4":2},"statuses":{"Unknown":2},"countries":{"MX":2},"sanctioned_nodes":0,"policy_restricted_nodes":0,"threat_infrastructure_nodes":0,"stroke":"#c0d674","fill":"#c0d674","opacity":0.08,"marker_ring":false}},{"type":"Feature","id":"node-density-grid-5:25:45","geometry":{"type":"Polygon","coordinates":[[[45,25],[50,25],[50,30],[45,30],[45,25]]]},"properties":{"name":"5° Density Cell 25,45","kind":"density-grid","grid_size_degrees":5,"point_count":2,"intensity":0.003846,"networks":{"ipv4":2},"statuses":{"Unknown":2},"countries":{"KW":2},"sanctioned_nodes":0,"policy_restricted_nodes":0,"threat_infrastructure_nodes":0,"stroke":"#c0d674","fill":"#c0d674","opacity":0.08,"marker_ring":false}},{"type":"Feature","id":"node-density-grid-5:35:-75","geometry":{"type":"Polygon","coordinates":[[[-75,35],[-70,35],[-70,40],[-75,40],[-75,35]]]},"properties":{"name":"5° Density Cell 35,-75","kind":"density-grid","grid_size_degrees":5,"point_count":2,"intensity":0.003846,"networks":{"ipv4":2},"statuses":{"Unknown":2},"countries":{"US":2},"sanctioned_nodes":0,"policy_restricted_nodes":0,"threat_infrastructure_nodes":0,"stroke":"#c0d674","fill":"#c0d674","opacity":0.08,"marker_ring":false}},{"type":"Feature","id":"node-density-grid-5:35:30","geometry":{"type":"Polygon","coordinates":[[[30,35],[35,35],[35,40],[30,40],[30,35]]]},"properties":{"name":"5° Density Cell 35,30","kind":"density-grid","grid_size_degrees":5,"point_count":2,"intensity":0.003846,"networks":{"ipv4":2},"statuses":{"Unknown":2},"countries":{"CY":1,"TR":1},"sanctioned_nodes":0,"policy_restricted_nodes":0,"threat_infrastructure_nodes":0,"stroke":"#c0d674","fill":"#c0d674","opacity":0.08,"marker_ring":false}},{"type":"Feature","id":"node-density-grid-5:40:-105","geometry":{"type":"Polygon","coordinates":[[[-105,40],[-100,40],[-100,45],[-105,45],[-105,40]]]},"properties":{"name":"5° Density Cell 40,-105","kind":"density-grid","grid_size_degrees":5,"point_count":2,"intensity":0.003846,"networks":{"ipv4":2},"statuses":{"Unknown":2},"countries":{"US":2},"sanctioned_nodes":0,"policy_restricted_nodes":0,"threat_infrastructure_nodes":0,"stroke":"#c0d674","fill":"#c0d674","opacity":0.08,"marker_ring":false}},{"type":"Feature","id":"node-density-grid-5:40:-70","geometry":{"type":"Polygon","coordinates":[[[-70,40],[-65,40],[-65,45],[-70,45],[-70,40]]]},"properties":{"name":"5° Density Cell 40,-70","kind":"density-grid","grid_size_degrees":5,"point_count":2,"intensity":0.003846,"networks":{"ipv4":2},"statuses":{"Unknown":2},"countries":{"CA":1,"US":1},"sanctioned_nodes":0,"policy_restricted_nodes":0,"threat_infrastructure_nodes":0,"stroke":"#c0d674","fill":"#c0d674","opacity":0.08,"marker_ring":false}},{"type":"Feature","id":"node-density-grid-5:40:-65","geometry":{"type":"Polygon","coordinates":[[[-65,40],[-60,40],[-60,45],[-65,45],[-65,40]]]},"properties":{"name":"5° Density Cell 40,-65","kind":"density-grid","grid_size_degrees":5,"point_count":2,"intensity":0.003846,"networks":{"ipv4":2},"statuses":{"Unknown":2},"countries":{"CA":2},"sanctioned_nodes":0,"policy_restricted_nodes":0,"threat_infrastructure_nodes":0,"stroke":"#c0d674","fill":"#c0d674","opacity":0.08,"marker_ring":false}},{"type":"Feature","id":"node-density-grid-5:40:15","geometry":{"type":"Polygon","coordinates":[[[15,40],[20,40],[20,45],[15,45],[15,40]]]},"properties":{"name":"5° Density Cell 40,15","kind":"density-grid","grid_size_degrees":5,"point_count":2,"intensity":0.003846,"networks":{"ipv4":2},"statuses":{"Unknown":2},"countries":{"IT":2},"sanctioned_nodes":0,"policy_restricted_nodes":0,"threat_infrastructure_nodes":0,"stroke":"#c0d674","fill":"#c0d674","opacity":0.08,"marker_ring":false}},{"type":"Feature","id":"node-density-grid-5:40:30","geometry":{"type":"Polygon","coordinates":[[[30,40],[35,40],[35,45],[30,45],[30,40]]]},"properties":{"name":"5° Density Cell 40,30","kind":"density-grid","grid_size_degrees":5,"point_count":2,"intensity":0.003846,"networks":{"ipv4":2},"statuses":{"Unknown":2},"countries":{"RU":1,"UA":1},"sanctioned_nodes":0,"policy_restricted_nodes":0,"threat_infrastructure_nodes":0,"stroke":"#c0d674","fill":"#c0d674","opacity":0.08,"marker_ring":false}},{"type":"Feature","id":"node-density-grid-5:40:40","geometry":{"type":"Polygon","coordinates":[[[40,40],[45,40],[45,45],[40,45],[40,40]]]},"properties":{"name":"5° Density Cell 40,40","kind":"density-grid","grid_size_degrees":5,"point_count":2,"intensity":0.003846,"networks":{"ipv4":2},"statuses":{"Unknown":2},"countries":{"GE":2},"sanctioned_nodes":0,"policy_restricted_nodes":0,"threat_infrastructure_nodes":0,"stroke":"#c0d674","fill":"#c0d674","opacity":0.08,"marker_ring":false}},{"type":"Feature","id":"node-density-grid-5:45:-105","geometry":{"type":"Polygon","coordinates":[[[-105,45],[-100,45],[-100,50],[-105,50],[-105,45]]]},"properties":{"name":"5° Density Cell 45,-105","kind":"density-grid","grid_size_degrees":5,"point_count":2,"intensity":0.003846,"networks":{"ipv4":2},"statuses":{"Unknown":2},"countries":{"US":2},"sanctioned_nodes":0,"policy_restricted_nodes":0,"threat_infrastructure_nodes":0,"stroke":"#c0d674","fill":"#c0d674","opacity":0.08,"marker_ring":false}},{"type":"Feature","id":"node-density-grid-5:50:-125","geometry":{"type":"Polygon","coordinates":[[[-125,50],[-120,50],[-120,55],[-125,55],[-125,50]]]},"properties":{"name":"5° Density Cell 50,-125","kind":"density-grid","grid_size_degrees":5,"point_count":2,"intensity":0.003846,"networks":{"ipv4":2},"statuses":{"Unknown":2},"countries":{"CA":2},"sanctioned_nodes":0,"policy_restricted_nodes":0,"threat_infrastructure_nodes":0,"stroke":"#c0d674","fill":"#c0d674","opacity":0.08,"marker_ring":false}},{"type":"Feature","id":"node-density-grid-5:50:100","geometry":{"type":"Polygon","coordinates":[[[100,50],[105,50],[105,55],[100,55],[100,50]]]},"properties":{"name":"5° Density Cell 50,100","kind":"density-grid","grid_size_degrees":5,"point_count":2,"intensity":0.003846,"networks":{"ipv4":2},"statuses":{"Unknown":2},"countries":{"RU":2},"sanctioned_nodes":0,"policy_restricted_nodes":0,"threat_infrastructure_nodes":0,"stroke":"#c0d674","fill":"#c0d674","opacity":0.08,"marker_ring":false}},{"type":"Feature","id":"node-density-grid-5:55:-155","geometry":{"type":"Polygon","coordinates":[[[-155,55],[-150,55],[-150,60],[-155,60],[-155,55]]]},"properties":{"name":"5° Density Cell 55,-155","kind":"density-grid","grid_size_degrees":5,"point_count":2,"intensity":0.003846,"networks":{"ipv4":2},"statuses":{"duplicate-location":2},"countries":{"US":2},"sanctioned_nodes":0,"policy_restricted_nodes":0,"threat_infrastructure_nodes":0,"stroke":"#c0d674","fill":"#c0d674","opacity":0.08,"marker_ring":false}},{"type":"Feature","id":"node-density-grid-5:55:45","geometry":{"type":"Polygon","coordinates":[[[45,55],[50,55],[50,60],[45,60],[45,55]]]},"properties":{"name":"5° Density Cell 55,45","kind":"density-grid","grid_size_degrees":5,"point_count":2,"intensity":0.003846,"networks":{"ipv4":2},"statuses":{"duplicate-location":2},"countries":{"RU":2},"sanctioned_nodes":0,"policy_restricted_nodes":0,"threat_infrastructure_nodes":0,"stroke":"#c0d674","fill":"#c0d674","opacity":0.08,"marker_ring":false}},{"type":"Feature","id":"node-density-grid-5:55:55","geometry":{"type":"Polygon","coordinates":[[[55,55],[60,55],[60,60],[55,60],[55,55]]]},"properties":{"name":"5° Density Cell 55,55","kind":"density-grid","grid_size_degrees":5,"point_count":2,"intensity":0.003846,"networks":{"ipv4":2},"statuses":{"Unknown":2},"countries":{"RU":2},"sanctioned_nodes":0,"policy_restricted_nodes":0,"threat_infrastructure_nodes":0,"stroke":"#c0d674","fill":"#c0d674","opacity":0.08,"marker_ring":false}},{"type":"Feature","id":"node-density-grid-5:60:-150","geometry":{"type":"Polygon","coordinates":[[[-150,60],[-145,60],[-145,65],[-150,65],[-150,60]]]},"properties":{"name":"5° Density Cell 60,-150","kind":"density-grid","grid_size_degrees":5,"point_count":2,"intensity":0.003846,"networks":{"ipv4":2},"statuses":{"Unknown":2},"countries":{"US":2},"sanctioned_nodes":0,"policy_restricted_nodes":0,"threat_infrastructure_nodes":0,"stroke":"#c0d674","fill":"#c0d674","opacity":0.08,"marker_ring":false}},{"type":"Feature","id":"node-density-grid-5:60:-10","geometry":{"type":"Polygon","coordinates":[[[-10,60],[-5,60],[-5,65],[-10,65],[-10,60]]]},"properties":{"name":"5° Density Cell 60,-10","kind":"density-grid","grid_size_degrees":5,"point_count":2,"intensity":0.003846,"networks":{"ipv4":2},"statuses":{"Unknown":2},"countries":{"FO":2},"sanctioned_nodes":0,"policy_restricted_nodes":0,"threat_infrastructure_nodes":0,"stroke":"#c0d674","fill":"#c0d674","opacity":0.08,"marker_ring":false}},{"type":"Feature","id":"node-density-grid-5:60:5","geometry":{"type":"Polygon","coordinates":[[[5,60],[10,60],[10,65],[5,65],[5,60]]]},"properties":{"name":"5° Density Cell 60,5","kind":"density-grid","grid_size_degrees":5,"point_count":2,"intensity":0.003846,"networks":{"ipv4":2},"statuses":{"Unknown":2},"countries":{"NO":2},"sanctioned_nodes":0,"policy_restricted_nodes":0,"threat_infrastructure_nodes":0,"stroke":"#c0d674","fill":"#c0d674","opacity":0.08,"marker_ring":false}},{"type":"Feature","id":"node-density-grid-5:60:15","geometry":{"type":"Polygon","coordinates":[[[15,60],[20,60],[20,65],[15,65],[15,60]]]},"properties":{"name":"5° Density Cell 60,15","kind":"density-grid","grid_size_degrees":5,"point_count":2,"intensity":0.003846,"networks":{"ipv4":2},"statuses":{"Unknown":2},"countries":{"SE":2},"sanctioned_nodes":0,"policy_restricted_nodes":0,"threat_infrastructure_nodes":0,"stroke":"#c0d674","fill":"#c0d674","opacity":0.08,"marker_ring":false}},{"type":"Feature","id":"node-density-grid-5:-50:-70","geometry":{"type":"Polygon","coordinates":[[[-70,-50],[-65,-50],[-65,-45],[-70,-45],[-70,-50]]]},"properties":{"name":"5° Density Cell -50,-70","kind":"density-grid","grid_size_degrees":5,"point_count":1,"intensity":0.001923,"networks":{"ipv4":1},"statuses":{"Unknown":1},"countries":{"AR":1},"sanctioned_nodes":0,"policy_restricted_nodes":0,"threat_infrastructure_nodes":0,"stroke":"#c0d674","fill":"#c0d674","opacity":0.08,"marker_ring":false}},{"type":"Feature","id":"node-density-grid-5:-50:165","geometry":{"type":"Polygon","coordinates":[[[165,-50],[170,-50],[170,-45],[165,-45],[165,-50]]]},"properties":{"name":"5° Density Cell -50,165","kind":"density-grid","grid_size_degrees":5,"point_count":1,"intensity":0.001923,"networks":{"ipv4":1},"statuses":{"Unknown":1},"countries":{"NZ":1},"sanctioned_nodes":0,"policy_restricted_nodes":0,"threat_infrastructure_nodes":0,"stroke":"#c0d674","fill":"#c0d674","opacity":0.08,"marker_ring":false}},{"type":"Feature","id":"node-density-grid-5:-50:170","geometry":{"type":"Polygon","coordinates":[[[170,-50],[175,-50],[175,-45],[170,-45],[170,-50]]]},"properties":{"name":"5° Density Cell -50,170","kind":"density-grid","grid_size_degrees":5,"point_count":1,"intensity":0.001923,"networks":{"ipv4":1},"statuses":{"Unknown":1},"countries":{"NZ":1},"sanctioned_nodes":0,"policy_restricted_nodes":0,"threat_infrastructure_nodes":0,"stroke":"#c0d674","fill":"#c0d674","opacity":0.08,"marker_ring":false}},{"type":"Feature","id":"node-density-grid-5:-45:-75","geometry":{"type":"Polygon","coordinates":[[[-75,-45],[-70,-45],[-70,-40],[-75,-40],[-75,-45]]]},"properties":{"name":"5° Density Cell -45,-75","kind":"density-grid","grid_size_degrees":5,"point_count":1,"intensity":0.001923,"networks":{"ipv4":1},"statuses":{"Unknown":1},"countries":{"AR":1},"sanctioned_nodes":0,"policy_restricted_nodes":0,"threat_infrastructure_nodes":0,"stroke":"#c0d674","fill":"#c0d674","opacity":0.08,"marker_ring":false}},{"type":"Feature","id":"node-density-grid-5:-45:145","geometry":{"type":"Polygon","coordinates":[[[145,-45],[150,-45],[150,-40],[145,-40],[145,-45]]]},"properties":{"name":"5° Density Cell -45,145","kind":"density-grid","grid_size_degrees":5,"point_count":1,"intensity":0.001923,"networks":{"ipv4":1},"statuses":{"Unknown":1},"countries":{"AU":1},"sanctioned_nodes":0,"policy_restricted_nodes":0,"threat_infrastructure_nodes":0,"stroke":"#c0d674","fill":"#c0d674","opacity":0.08,"marker_ring":false}},{"type":"Feature","id":"node-density-grid-5:-40:135","geometry":{"type":"Polygon","coordinates":[[[135,-40],[140,-40],[140,-35],[135,-35],[135,-40]]]},"properties":{"name":"5° Density Cell -40,135","kind":"density-grid","grid_size_degrees":5,"point_count":1,"intensity":0.001923,"networks":{"ipv4":1},"statuses":{"Unknown":1},"countries":{"AU":1},"sanctioned_nodes":0,"policy_restricted_nodes":0,"threat_infrastructure_nodes":0,"stroke":"#c0d674","fill":"#c0d674","opacity":0.08,"marker_ring":false}},{"type":"Feature","id":"node-density-grid-5:-35:-65","geometry":{"type":"Polygon","coordinates":[[[-65,-35],[-60,-35],[-60,-30],[-65,-30],[-65,-35]]]},"properties":{"name":"5° Density Cell -35,-65","kind":"density-grid","grid_size_degrees":5,"point_count":1,"intensity":0.001923,"networks":{"ipv4":1},"statuses":{"Unknown":1},"countries":{"AR":1},"sanctioned_nodes":0,"policy_restricted_nodes":0,"threat_infrastructure_nodes":0,"stroke":"#c0d674","fill":"#c0d674","opacity":0.08,"marker_ring":false}},{"type":"Feature","id":"node-density-grid-5:-30:30","geometry":{"type":"Polygon","coordinates":[[[30,-30],[35,-30],[35,-25],[30,-25],[30,-30]]]},"properties":{"name":"5° Density Cell -30,30","kind":"density-grid","grid_size_degrees":5,"point_count":1,"intensity":0.001923,"networks":{"ipv4":1},"statuses":{"Unknown":1},"countries":{"ZA":1},"sanctioned_nodes":0,"policy_restricted_nodes":0,"threat_infrastructure_nodes":0,"stroke":"#c0d674","fill":"#c0d674","opacity":0.08,"marker_ring":false}},{"type":"Feature","id":"node-density-grid-5:-25:55","geometry":{"type":"Polygon","coordinates":[[[55,-25],[60,-25],[60,-20],[55,-20],[55,-25]]]},"properties":{"name":"5° Density Cell -25,55","kind":"density-grid","grid_size_degrees":5,"point_count":1,"intensity":0.001923,"networks":{"ipv4":1},"statuses":{"Unknown":1},"countries":{"RE":1},"sanctioned_nodes":0,"policy_restricted_nodes":0,"threat_infrastructure_nodes":0,"stroke":"#c0d674","fill":"#c0d674","opacity":0.08,"marker_ring":false}},{"type":"Feature","id":"node-density-grid-5:-20:-65","geometry":{"type":"Polygon","coordinates":[[[-65,-20],[-60,-20],[-60,-15],[-65,-15],[-65,-20]]]},"properties":{"name":"5° Density Cell -20,-65","kind":"density-grid","grid_size_degrees":5,"point_count":1,"intensity":0.001923,"networks":{"ipv4":1},"statuses":{"Unknown":1},"countries":{"BO":1},"sanctioned_nodes":0,"policy_restricted_nodes":0,"threat_infrastructure_nodes":0,"stroke":"#c0d674","fill":"#c0d674","opacity":0.08,"marker_ring":false}},{"type":"Feature","id":"node-density-grid-5:-20:-55","geometry":{"type":"Polygon","coordinates":[[[-55,-20],[-50,-20],[-50,-15],[-55,-15],[-55,-20]]]},"properties":{"name":"5° Density Cell -20,-55","kind":"density-grid","grid_size_degrees":5,"point_count":1,"intensity":0.001923,"networks":{"ipv4":1},"statuses":{"Unknown":1},"countries":{"BR":1},"sanctioned_nodes":0,"policy_restricted_nodes":0,"threat_infrastructure_nodes":0,"stroke":"#c0d674","fill":"#c0d674","opacity":0.08,"marker_ring":false}},{"type":"Feature","id":"node-density-grid-5:-20:-50","geometry":{"type":"Polygon","coordinates":[[[-50,-20],[-45,-20],[-45,-15],[-50,-15],[-50,-20]]]},"properties":{"name":"5° Density Cell -20,-50","kind":"density-grid","grid_size_degrees":5,"point_count":1,"intensity":0.001923,"networks":{"ipv4":1},"statuses":{"Unknown":1},"countries":{"BR":1},"sanctioned_nodes":0,"policy_restricted_nodes":0,"threat_infrastructure_nodes":0,"stroke":"#c0d674","fill":"#c0d674","opacity":0.08,"marker_ring":false}},{"type":"Feature","id":"node-density-grid-5:-20:145","geometry":{"type":"Polygon","coordinates":[[[145,-20],[150,-20],[150,-15],[145,-15],[145,-20]]]},"properties":{"name":"5° Density Cell -20,145","kind":"density-grid","grid_size_degrees":5,"point_count":1,"intensity":0.001923,"networks":{"ipv4":1},"statuses":{"Unknown":1},"countries":{"AU":1},"sanctioned_nodes":0,"policy_restricted_nodes":0,"threat_infrastructure_nodes":0,"stroke":"#c0d674","fill":"#c0d674","opacity":0.08,"marker_ring":false}},{"type":"Feature","id":"node-density-grid-5:-10:115","geometry":{"type":"Polygon","coordinates":[[[115,-10],[120,-10],[120,-5],[115,-5],[115,-10]]]},"properties":{"name":"5° Density Cell -10,115","kind":"density-grid","grid_size_degrees":5,"point_count":1,"intensity":0.001923,"networks":{"ipv4":1},"statuses":{"Unknown":1},"countries":{"ID":1},"sanctioned_nodes":0,"policy_restricted_nodes":0,"threat_infrastructure_nodes":0,"stroke":"#c0d674","fill":"#c0d674","opacity":0.08,"marker_ring":false}},{"type":"Feature","id":"node-density-grid-5:-5:-80","geometry":{"type":"Polygon","coordinates":[[[-80,-5],[-75,-5],[-75,0],[-80,0],[-80,-5]]]},"properties":{"name":"5° Density Cell -5,-80","kind":"density-grid","grid_size_degrees":5,"point_count":1,"intensity":0.001923,"networks":{"ipv4":1},"statuses":{"Unknown":1},"countries":{"EC":1},"sanctioned_nodes":0,"policy_restricted_nodes":0,"threat_infrastructure_nodes":0,"stroke":"#c0d674","fill":"#c0d674","opacity":0.08,"marker_ring":false}},{"type":"Feature","id":"node-density-grid-5:5:-75","geometry":{"type":"Polygon","coordinates":[[[-75,5],[-70,5],[-70,10],[-75,10],[-75,5]]]},"properties":{"name":"5° Density Cell 5,-75","kind":"density-grid","grid_size_degrees":5,"point_count":1,"intensity":0.001923,"networks":{"ipv4":1},"statuses":{"Unknown":1},"countries":{"VE":1},"sanctioned_nodes":0,"policy_restricted_nodes":0,"threat_infrastructure_nodes":0,"stroke":"#c0d674","fill":"#c0d674","opacity":0.08,"marker_ring":false}},{"type":"Feature","id":"node-density-grid-5:10:105","geometry":{"type":"Polygon","coordinates":[[[105,10],[110,10],[110,15],[105,15],[105,10]]]},"properties":{"name":"5° Density Cell 10,105","kind":"density-grid","grid_size_degrees":5,"point_count":1,"intensity":0.001923,"networks":{"ipv4":1},"statuses":{"Unknown":1},"countries":{"VN":1},"sanctioned_nodes":0,"policy_restricted_nodes":0,"threat_infrastructure_nodes":0,"stroke":"#c0d674","fill":"#c0d674","opacity":0.08,"marker_ring":false}},{"type":"Feature","id":"node-density-grid-5:10:120","geometry":{"type":"Polygon","coordinates":[[[120,10],[125,10],[125,15],[120,15],[120,10]]]},"properties":{"name":"5° Density Cell 10,120","kind":"density-grid","grid_size_degrees":5,"point_count":1,"intensity":0.001923,"networks":{"ipv4":1},"statuses":{"Unknown":1},"countries":{"PH":1},"sanctioned_nodes":0,"policy_restricted_nodes":0,"threat_infrastructure_nodes":0,"stroke":"#c0d674","fill":"#c0d674","opacity":0.08,"marker_ring":false}},{"type":"Feature","id":"node-density-grid-5:20:-100","geometry":{"type":"Polygon","coordinates":[[[-100,20],[-95,20],[-95,25],[-100,25],[-100,20]]]},"properties":{"name":"5° Density Cell 20,-100","kind":"density-grid","grid_size_degrees":5,"point_count":1,"intensity":0.001923,"networks":{"ipv4":1},"statuses":{"Unknown":1},"countries":{"MX":1},"sanctioned_nodes":0,"policy_restricted_nodes":0,"threat_infrastructure_nodes":0,"stroke":"#c0d674","fill":"#c0d674","opacity":0.08,"marker_ring":false}},{"type":"Feature","id":"node-density-grid-5:20:65","geometry":{"type":"Polygon","coordinates":[[[65,20],[70,20],[70,25],[65,25],[65,20]]]},"properties":{"name":"5° Density Cell 20,65","kind":"density-grid","grid_size_degrees":5,"point_count":1,"intensity":0.001923,"networks":{"ipv4":1},"statuses":{"Unknown":1},"countries":{"PK":1},"sanctioned_nodes":0,"policy_restricted_nodes":0,"threat_infrastructure_nodes":0,"stroke":"#c0d674","fill":"#c0d674","opacity":0.08,"marker_ring":false}},{"type":"Feature","id":"node-density-grid-5:20:70","geometry":{"type":"Polygon","coordinates":[[[70,20],[75,20],[75,25],[70,25],[70,20]]]},"properties":{"name":"5° Density Cell 20,70","kind":"density-grid","grid_size_degrees":5,"point_count":1,"intensity":0.001923,"networks":{"ipv4":1},"statuses":{"Unknown":1},"countries":{"IN":1},"sanctioned_nodes":0,"policy_restricted_nodes":0,"threat_infrastructure_nodes":0,"stroke":"#c0d674","fill":"#c0d674","opacity":0.08,"marker_ring":false}},{"type":"Feature","id":"node-density-grid-5:20:75","geometry":{"type":"Polygon","coordinates":[[[75,20],[80,20],[80,25],[75,25],[75,20]]]},"properties":{"name":"5° Density Cell 20,75","kind":"density-grid","grid_size_degrees":5,"point_count":1,"intensity":0.001923,"networks":{"ipv4":1},"statuses":{"Unknown":1},"countries":{"IN":1},"sanctioned_nodes":0,"policy_restricted_nodes":0,"threat_infrastructure_nodes":0,"stroke":"#c0d674","fill":"#c0d674","opacity":0.08,"marker_ring":false}},{"type":"Feature","id":"node-density-grid-5:20:90","geometry":{"type":"Polygon","coordinates":[[[90,20],[95,20],[95,25],[90,25],[90,20]]]},"properties":{"name":"5° Density Cell 20,90","kind":"density-grid","grid_size_degrees":5,"point_count":1,"intensity":0.001923,"networks":{"ipv4":1},"statuses":{"Unknown":1},"countries":{"BD":1},"sanctioned_nodes":0,"policy_restricted_nodes":0,"threat_infrastructure_nodes":0,"stroke":"#c0d674","fill":"#c0d674","opacity":0.08,"marker_ring":false}},{"type":"Feature","id":"node-density-grid-5:20:105","geometry":{"type":"Polygon","coordinates":[[[105,20],[110,20],[110,25],[105,25],[105,20]]]},"properties":{"name":"5° Density Cell 20,105","kind":"density-grid","grid_size_degrees":5,"point_count":1,"intensity":0.001923,"networks":{"ipv4":1},"statuses":{"Unknown":1},"countries":{"VN":1},"sanctioned_nodes":0,"policy_restricted_nodes":0,"threat_infrastructure_nodes":0,"stroke":"#c0d674","fill":"#c0d674","opacity":0.08,"marker_ring":false}},{"type":"Feature","id":"node-density-grid-5:20:120","geometry":{"type":"Polygon","coordinates":[[[120,20],[125,20],[125,25],[120,25],[120,20]]]},"properties":{"name":"5° Density Cell 20,120","kind":"density-grid","grid_size_degrees":5,"point_count":1,"intensity":0.001923,"networks":{"ipv4":1},"statuses":{"Unknown":1},"countries":{"TW":1},"sanctioned_nodes":0,"policy_restricted_nodes":0,"threat_infrastructure_nodes":0,"stroke":"#c0d674","fill":"#c0d674","opacity":0.08,"marker_ring":false}},{"type":"Feature","id":"node-density-grid-5:25:-105","geometry":{"type":"Polygon","coordinates":[[[-105,25],[-100,25],[-100,30],[-105,30],[-105,25]]]},"properties":{"name":"5° Density Cell 25,-105","kind":"density-grid","grid_size_degrees":5,"point_count":1,"intensity":0.001923,"networks":{"ipv4":1},"statuses":{"Unknown":1},"countries":{"MX":1},"sanctioned_nodes":0,"policy_restricted_nodes":0,"threat_infrastructure_nodes":0,"stroke":"#c0d674","fill":"#c0d674","opacity":0.08,"marker_ring":false}},{"type":"Feature","id":"node-density-grid-5:25:-20","geometry":{"type":"Polygon","coordinates":[[[-20,25],[-15,25],[-15,30],[-20,30],[-20,25]]]},"properties":{"name":"5° Density Cell 25,-20","kind":"density-grid","grid_size_degrees":5,"point_count":1,"intensity":0.001923,"networks":{"ipv4":1},"statuses":{"Unknown":1},"countries":{"ES":1},"sanctioned_nodes":0,"policy_restricted_nodes":0,"threat_infrastructure_nodes":0,"stroke":"#c0d674","fill":"#c0d674","opacity":0.08,"marker_ring":false}},{"type":"Feature","id":"node-density-grid-5:25:75","geometry":{"type":"Polygon","coordinates":[[[75,25],[80,25],[80,30],[75,30],[75,25]]]},"properties":{"name":"5° Density Cell 25,75","kind":"density-grid","grid_size_degrees":5,"point_count":1,"intensity":0.001923,"networks":{"ipv4":1},"statuses":{"Unknown":1},"countries":{"IN":1},"sanctioned_nodes":0,"policy_restricted_nodes":0,"threat_infrastructure_nodes":0,"stroke":"#c0d674","fill":"#c0d674","opacity":0.08,"marker_ring":false}},{"type":"Feature","id":"node-density-grid-5:25:80","geometry":{"type":"Polygon","coordinates":[[[80,25],[85,25],[85,30],[80,30],[80,25]]]},"properties":{"name":"5° Density Cell 25,80","kind":"density-grid","grid_size_degrees":5,"point_count":1,"intensity":0.001923,"networks":{"ipv4":1},"statuses":{"Unknown":1},"countries":{"IN":1},"sanctioned_nodes":0,"policy_restricted_nodes":0,"threat_infrastructure_nodes":0,"stroke":"#c0d674","fill":"#c0d674","opacity":0.08,"marker_ring":false}},{"type":"Feature","id":"node-density-grid-5:25:85","geometry":{"type":"Polygon","coordinates":[[[85,25],[90,25],[90,30],[85,30],[85,25]]]},"properties":{"name":"5° Density Cell 25,85","kind":"density-grid","grid_size_degrees":5,"point_count":1,"intensity":0.001923,"networks":{"ipv4":1},"statuses":{"Unknown":1},"countries":{"IN":1},"sanctioned_nodes":0,"policy_restricted_nodes":0,"threat_infrastructure_nodes":0,"stroke":"#c0d674","fill":"#c0d674","opacity":0.08,"marker_ring":false}},{"type":"Feature","id":"node-density-grid-5:25:90","geometry":{"type":"Polygon","coordinates":[[[90,25],[95,25],[95,30],[90,30],[90,25]]]},"properties":{"name":"5° Density Cell 25,90","kind":"density-grid","grid_size_degrees":5,"point_count":1,"intensity":0.001923,"networks":{"ipv4":1},"statuses":{"Unknown":1},"countries":{"IN":1},"sanctioned_nodes":0,"policy_restricted_nodes":0,"threat_infrastructure_nodes":0,"stroke":"#c0d674","fill":"#c0d674","opacity":0.08,"marker_ring":false}},{"type":"Feature","id":"node-density-grid-5:25:105","geometry":{"type":"Polygon","coordinates":[[[105,25],[110,25],[110,30],[105,30],[105,25]]]},"properties":{"name":"5° Density Cell 25,105","kind":"density-grid","grid_size_degrees":5,"point_count":1,"intensity":0.001923,"networks":{"ipv4":1},"statuses":{"Unknown":1},"countries":{"CN":1},"sanctioned_nodes":0,"policy_restricted_nodes":0,"threat_infrastructure_nodes":0,"stroke":"#c0d674","fill":"#c0d674","opacity":0.08,"marker_ring":false}},{"type":"Feature","id":"node-density-grid-5:25:115","geometry":{"type":"Polygon","coordinates":[[[115,25],[120,25],[120,30],[115,30],[115,25]]]},"properties":{"name":"5° Density Cell 25,115","kind":"density-grid","grid_size_degrees":5,"point_count":1,"intensity":0.001923,"networks":{"ipv4":1},"statuses":{"Unknown":1},"countries":{"CN":1},"sanctioned_nodes":0,"policy_restricted_nodes":0,"threat_infrastructure_nodes":0,"stroke":"#c0d674","fill":"#c0d674","opacity":0.08,"marker_ring":false}},{"type":"Feature","id":"node-density-grid-5:25:125","geometry":{"type":"Polygon","coordinates":[[[125,25],[130,25],[130,30],[125,30],[125,25]]]},"properties":{"name":"5° Density Cell 25,125","kind":"density-grid","grid_size_degrees":5,"point_count":1,"intensity":0.001923,"networks":{"ipv4":1},"statuses":{"Unknown":1},"countries":{"JP":1},"sanctioned_nodes":0,"policy_restricted_nodes":0,"threat_infrastructure_nodes":0,"stroke":"#c0d674","fill":"#c0d674","opacity":0.08,"marker_ring":false}},{"type":"Feature","id":"node-density-grid-5:30:-125","geometry":{"type":"Polygon","coordinates":[[[-125,30],[-120,30],[-120,35],[-125,35],[-125,30]]]},"properties":{"name":"5° Density Cell 30,-125","kind":"density-grid","grid_size_degrees":5,"point_count":1,"intensity":0.001923,"networks":{"ipv4":1},"statuses":{"Unknown":1},"countries":{"US":1},"sanctioned_nodes":0,"policy_restricted_nodes":0,"threat_infrastructure_nodes":0,"stroke":"#c0d674","fill":"#c0d674","opacity":0.08,"marker_ring":false}},{"type":"Feature","id":"node-density-grid-5:30:-20","geometry":{"type":"Polygon","coordinates":[[[-20,30],[-15,30],[-15,35],[-20,35],[-20,30]]]},"properties":{"name":"5° Density Cell 30,-20","kind":"density-grid","grid_size_degrees":5,"point_count":1,"intensity":0.001923,"networks":{"ipv4":1},"statuses":{"Unknown":1},"countries":{"PT":1},"sanctioned_nodes":0,"policy_restricted_nodes":0,"threat_infrastructure_nodes":0,"stroke":"#c0d674","fill":"#c0d674","opacity":0.08,"marker_ring":false}},{"type":"Feature","id":"node-density-grid-5:30:130","geometry":{"type":"Polygon","coordinates":[[[130,30],[135,30],[135,35],[130,35],[130,30]]]},"properties":{"name":"5° Density Cell 30,130","kind":"density-grid","grid_size_degrees":5,"point_count":1,"intensity":0.001923,"networks":{"ipv4":1},"statuses":{"Unknown":1},"countries":{"JP":1},"sanctioned_nodes":0,"policy_restricted_nodes":0,"threat_infrastructure_nodes":0,"stroke":"#c0d674","fill":"#c0d674","opacity":0.08,"marker_ring":false}},{"type":"Feature","id":"node-density-grid-5:35:-115","geometry":{"type":"Polygon","coordinates":[[[-115,35],[-110,35],[-110,40],[-115,40],[-115,35]]]},"properties":{"name":"5° Density Cell 35,-115","kind":"density-grid","grid_size_degrees":5,"point_count":1,"intensity":0.001923,"networks":{"ipv4":1},"statuses":{"Unknown":1},"countries":{"US":1},"sanctioned_nodes":0,"policy_restricted_nodes":0,"threat_infrastructure_nodes":0,"stroke":"#c0d674","fill":"#c0d674","opacity":0.08,"marker_ring":false}},{"type":"Feature","id":"node-density-grid-5:35:10","geometry":{"type":"Polygon","coordinates":[[[10,35],[15,35],[15,40],[10,40],[10,35]]]},"properties":{"name":"5° Density Cell 35,10","kind":"density-grid","grid_size_degrees":5,"point_count":1,"intensity":0.001923,"networks":{"ipv4":1},"statuses":{"Unknown":1},"countries":{"MT":1},"sanctioned_nodes":0,"policy_restricted_nodes":0,"threat_infrastructure_nodes":0,"stroke":"#c0d674","fill":"#c0d674","opacity":0.08,"marker_ring":false}},{"type":"Feature","id":"node-density-grid-5:35:50","geometry":{"type":"Polygon","coordinates":[[[50,35],[55,35],[55,40],[50,40],[50,35]]]},"properties":{"name":"5° Density Cell 35,50","kind":"density-grid","grid_size_degrees":5,"point_count":1,"intensity":0.001923,"networks":{"ipv4":1},"statuses":{"Unknown":1},"countries":{"IR":1},"sanctioned_nodes":0,"policy_restricted_nodes":0,"threat_infrastructure_nodes":0,"stroke":"#c0d674","fill":"#c0d674","opacity":0.08,"marker_ring":false}},{"type":"Feature","id":"node-density-grid-5:35:115","geometry":{"type":"Polygon","coordinates":[[[115,35],[120,35],[120,40],[115,40],[115,35]]]},"properties":{"name":"5° Density Cell 35,115","kind":"density-grid","grid_size_degrees":5,"point_count":1,"intensity":0.001923,"networks":{"ipv4":1},"statuses":{"Unknown":1},"countries":{"CN":1},"sanctioned_nodes":0,"policy_restricted_nodes":0,"threat_infrastructure_nodes":0,"stroke":"#c0d674","fill":"#c0d674","opacity":0.08,"marker_ring":false}},{"type":"Feature","id":"node-density-grid-5:35:120","geometry":{"type":"Polygon","coordinates":[[[120,35],[125,35],[125,40],[120,40],[120,35]]]},"properties":{"name":"5° Density Cell 35,120","kind":"density-grid","grid_size_degrees":5,"point_count":1,"intensity":0.001923,"networks":{"ipv4":1},"statuses":{"Unknown":1},"countries":{"CN":1},"sanctioned_nodes":0,"policy_restricted_nodes":0,"threat_infrastructure_nodes":0,"stroke":"#c0d674","fill":"#c0d674","opacity":0.08,"marker_ring":false}},{"type":"Feature","id":"node-density-grid-5:35:130","geometry":{"type":"Polygon","coordinates":[[[130,35],[135,35],[135,40],[130,40],[130,35]]]},"properties":{"name":"5° Density Cell 35,130","kind":"density-grid","grid_size_degrees":5,"point_count":1,"intensity":0.001923,"networks":{"ipv4":1},"statuses":{"Unknown":1},"countries":{"JP":1},"sanctioned_nodes":0,"policy_restricted_nodes":0,"threat_infrastructure_nodes":0,"stroke":"#c0d674","fill":"#c0d674","opacity":0.08,"marker_ring":false}},{"type":"Feature","id":"node-density-grid-5:40:35","geometry":{"type":"Polygon","coordinates":[[[35,40],[40,40],[40,45],[35,45],[35,40]]]},"properties":{"name":"5° Density Cell 40,35","kind":"density-grid","grid_size_degrees":5,"point_count":1,"intensity":0.001923,"networks":{"ipv4":1},"statuses":{"Unknown":1},"countries":{"RU":1},"sanctioned_nodes":0,"policy_restricted_nodes":0,"threat_infrastructure_nodes":0,"stroke":"#c0d674","fill":"#c0d674","opacity":0.08,"marker_ring":false}},{"type":"Feature","id":"node-density-grid-5:45:-110","geometry":{"type":"Polygon","coordinates":[[[-110,45],[-105,45],[-105,50],[-110,50],[-110,45]]]},"properties":{"name":"5° Density Cell 45,-110","kind":"density-grid","grid_size_degrees":5,"point_count":1,"intensity":0.001923,"networks":{"ipv4":1},"statuses":{"Unknown":1},"countries":{"US":1},"sanctioned_nodes":0,"policy_restricted_nodes":0,"threat_infrastructure_nodes":0,"stroke":"#c0d674","fill":"#c0d674","opacity":0.08,"marker_ring":false}},{"type":"Feature","id":"node-density-grid-5:45:-90","geometry":{"type":"Polygon","coordinates":[[[-90,45],[-85,45],[-85,50],[-90,50],[-90,45]]]},"properties":{"name":"5° Density Cell 45,-90","kind":"density-grid","grid_size_degrees":5,"point_count":1,"intensity":0.001923,"networks":{"ipv4":1},"statuses":{"Unknown":1},"countries":{"US":1},"sanctioned_nodes":0,"policy_restricted_nodes":0,"threat_infrastructure_nodes":0,"stroke":"#c0d674","fill":"#c0d674","opacity":0.08,"marker_ring":false}},{"type":"Feature","id":"node-density-grid-5:45:-85","geometry":{"type":"Polygon","coordinates":[[[-85,45],[-80,45],[-80,50],[-85,50],[-85,45]]]},"properties":{"name":"5° Density Cell 45,-85","kind":"density-grid","grid_size_degrees":5,"point_count":1,"intensity":0.001923,"networks":{"ipv4":1},"statuses":{"Unknown":1},"countries":{"CA":1},"sanctioned_nodes":0,"policy_restricted_nodes":0,"threat_infrastructure_nodes":0,"stroke":"#c0d674","fill":"#c0d674","opacity":0.08,"marker_ring":false}},{"type":"Feature","id":"node-density-grid-5:45:-55","geometry":{"type":"Polygon","coordinates":[[[-55,45],[-50,45],[-50,50],[-55,50],[-55,45]]]},"properties":{"name":"5° Density Cell 45,-55","kind":"density-grid","grid_size_degrees":5,"point_count":1,"intensity":0.001923,"networks":{"ipv4":1},"statuses":{"Unknown":1},"countries":{"CA":1},"sanctioned_nodes":0,"policy_restricted_nodes":0,"threat_infrastructure_nodes":0,"stroke":"#c0d674","fill":"#c0d674","opacity":0.08,"marker_ring":false}},{"type":"Feature","id":"node-density-grid-5:50:-105","geometry":{"type":"Polygon","coordinates":[[[-105,50],[-100,50],[-100,55],[-105,55],[-105,50]]]},"properties":{"name":"5° Density Cell 50,-105","kind":"density-grid","grid_size_degrees":5,"point_count":1,"intensity":0.001923,"networks":{"ipv4":1},"statuses":{"Unknown":1},"countries":{"CA":1},"sanctioned_nodes":0,"policy_restricted_nodes":0,"threat_infrastructure_nodes":0,"stroke":"#c0d674","fill":"#c0d674","opacity":0.08,"marker_ring":false}},{"type":"Feature","id":"node-density-grid-5:50:40","geometry":{"type":"Polygon","coordinates":[[[40,50],[45,50],[45,55],[40,55],[40,50]]]},"properties":{"name":"5° Density Cell 50,40","kind":"density-grid","grid_size_degrees":5,"point_count":1,"intensity":0.001923,"networks":{"ipv4":1},"statuses":{"Unknown":1},"countries":{"RU":1},"sanctioned_nodes":0,"policy_restricted_nodes":0,"threat_infrastructure_nodes":0,"stroke":"#c0d674","fill":"#c0d674","opacity":0.08,"marker_ring":false}},{"type":"Feature","id":"node-density-grid-5:50:55","geometry":{"type":"Polygon","coordinates":[[[55,50],[60,50],[60,55],[55,55],[55,50]]]},"properties":{"name":"5° Density Cell 50,55","kind":"density-grid","grid_size_degrees":5,"point_count":1,"intensity":0.001923,"networks":{"ipv4":1},"statuses":{"Unknown":1},"countries":{"RU":1},"sanctioned_nodes":0,"policy_restricted_nodes":0,"threat_infrastructure_nodes":0,"stroke":"#c0d674","fill":"#c0d674","opacity":0.08,"marker_ring":false}},{"type":"Feature","id":"node-density-grid-5:50:70","geometry":{"type":"Polygon","coordinates":[[[70,50],[75,50],[75,55],[70,55],[70,50]]]},"properties":{"name":"5° Density Cell 50,70","kind":"density-grid","grid_size_degrees":5,"point_count":1,"intensity":0.001923,"networks":{"ipv4":1},"statuses":{"Unknown":1},"countries":{"RU":1},"sanctioned_nodes":0,"policy_restricted_nodes":0,"threat_infrastructure_nodes":0,"stroke":"#c0d674","fill":"#c0d674","opacity":0.08,"marker_ring":false}},{"type":"Feature","id":"node-density-grid-5:50:80","geometry":{"type":"Polygon","coordinates":[[[80,50],[85,50],[85,55],[80,55],[80,50]]]},"properties":{"name":"5° Density Cell 50,80","kind":"density-grid","grid_size_degrees":5,"point_count":1,"intensity":0.001923,"networks":{"ipv4":1},"statuses":{"Unknown":1},"countries":{"RU":1},"sanctioned_nodes":0,"policy_restricted_nodes":0,"threat_infrastructure_nodes":0,"stroke":"#c0d674","fill":"#c0d674","opacity":0.08,"marker_ring":false}},{"type":"Feature","id":"node-density-grid-5:55:-135","geometry":{"type":"Polygon","coordinates":[[[-135,55],[-130,55],[-130,60],[-135,60],[-135,55]]]},"properties":{"name":"5° Density Cell 55,-135","kind":"density-grid","grid_size_degrees":5,"point_count":1,"intensity":0.001923,"networks":{"ipv4":1},"statuses":{"Unknown":1},"countries":{"US":1},"sanctioned_nodes":0,"policy_restricted_nodes":0,"threat_infrastructure_nodes":0,"stroke":"#c0d674","fill":"#c0d674","opacity":0.08,"marker_ring":false}},{"type":"Feature","id":"node-density-grid-5:55:-120","geometry":{"type":"Polygon","coordinates":[[[-120,55],[-115,55],[-115,60],[-120,60],[-120,55]]]},"properties":{"name":"5° Density Cell 55,-120","kind":"density-grid","grid_size_degrees":5,"point_count":1,"intensity":0.001923,"networks":{"ipv4":1},"statuses":{"Unknown":1},"countries":{"CA":1},"sanctioned_nodes":0,"policy_restricted_nodes":0,"threat_infrastructure_nodes":0,"stroke":"#c0d674","fill":"#c0d674","opacity":0.08,"marker_ring":false}},{"type":"Feature","id":"node-density-grid-5:55:-5","geometry":{"type":"Polygon","coordinates":[[[-5,55],[0,55],[0,60],[-5,60],[-5,55]]]},"properties":{"name":"5° Density Cell 55,-5","kind":"density-grid","grid_size_degrees":5,"point_count":1,"intensity":0.001923,"networks":{"ipv4":1},"statuses":{"Unknown":1},"countries":{"GB":1},"sanctioned_nodes":0,"policy_restricted_nodes":0,"threat_infrastructure_nodes":0,"stroke":"#c0d674","fill":"#c0d674","opacity":0.08,"marker_ring":false}},{"type":"Feature","id":"node-density-grid-5:55:40","geometry":{"type":"Polygon","coordinates":[[[40,55],[45,55],[45,60],[40,60],[40,55]]]},"properties":{"name":"5° Density Cell 55,40","kind":"density-grid","grid_size_degrees":5,"point_count":1,"intensity":0.001923,"networks":{"ipv4":1},"statuses":{"Unknown":1},"countries":{"RU":1},"sanctioned_nodes":0,"policy_restricted_nodes":0,"threat_infrastructure_nodes":0,"stroke":"#c0d674","fill":"#c0d674","opacity":0.08,"marker_ring":false}},{"type":"Feature","id":"node-density-grid-5:55:85","geometry":{"type":"Polygon","coordinates":[[[85,55],[90,55],[90,60],[85,60],[85,55]]]},"properties":{"name":"5° Density Cell 55,85","kind":"density-grid","grid_size_degrees":5,"point_count":1,"intensity":0.001923,"networks":{"ipv4":1},"statuses":{"Unknown":1},"countries":{"RU":1},"sanctioned_nodes":0,"policy_restricted_nodes":0,"threat_infrastructure_nodes":0,"stroke":"#c0d674","fill":"#c0d674","opacity":0.08,"marker_ring":false}},{"type":"Feature","id":"node-density-grid-5:65:20","geometry":{"type":"Polygon","coordinates":[[[20,65],[25,65],[25,70],[20,70],[20,65]]]},"properties":{"name":"5° Density Cell 65,20","kind":"density-grid","grid_size_degrees":5,"point_count":1,"intensity":0.001923,"networks":{"ipv4":1},"statuses":{"Unknown":1},"countries":{"SE":1},"sanctioned_nodes":0,"policy_restricted_nodes":0,"threat_infrastructure_nodes":0,"stroke":"#c0d674","fill":"#c0d674","opacity":0.08,"marker_ring":false}},{"type":"Feature","id":"node-density-grid-5:65:25","geometry":{"type":"Polygon","coordinates":[[[25,65],[30,65],[30,70],[25,70],[25,65]]]},"properties":{"name":"5° Density Cell 65,25","kind":"density-grid","grid_size_degrees":5,"point_count":1,"intensity":0.001923,"networks":{"ipv4":1},"statuses":{"Unknown":1},"countries":{"FI":1},"sanctioned_nodes":0,"policy_restricted_nodes":0,"threat_infrastructure_nodes":0,"stroke":"#c0d674","fill":"#c0d674","opacity":0.08,"marker_ring":false}},{"type":"Feature","id":"node-density-grid-5:70:20","geometry":{"type":"Polygon","coordinates":[[[20,70],[25,70],[25,75],[20,75],[20,70]]]},"properties":{"name":"5° Density Cell 70,20","kind":"density-grid","grid_size_degrees":5,"point_count":1,"intensity":0.001923,"networks":{"ipv4":1},"statuses":{"Unknown":1},"countries":{"NO":1},"sanctioned_nodes":0,"policy_restricted_nodes":0,"threat_infrastructure_nodes":0,"stroke":"#c0d674","fill":"#c0d674","opacity":0.08,"marker_ring":false}},{"type":"Feature","id":"node-density-grid-2:50:8","geometry":{"type":"Polygon","coordinates":[[[8,50],[10,50],[10,52],[8,52],[8,50]]]},"properties":{"name":"2° Density Cell 50,8","kind":"density-grid","grid_size_degrees":2,"point_count":438,"intensity":1.0,"networks":{"ipv4":438},"statuses":{"duplicate-location":426,"Unknown":12},"countries":{"DE":438},"sanctioned_nodes":0,"policy_restricted_nodes":0,"threat_infrastructure_nodes":0,"stroke":"#c0d674","fill":"#c0d674","opacity":0.55,"marker_ring":false}},{"type":"Feature","id":"node-density-grid-2:50:12","geometry":{"type":"Polygon","coordinates":[[[12,50],[14,50],[14,52],[12,52],[12,50]]]},"properties":{"name":"2° Density Cell 50,12","kind":"density-grid","grid_size_degrees":2,"point_count":216,"intensity":0.493151,"networks":{"ipv4":216},"statuses":{"duplicate-location":210,"Unknown":6},"countries":{"DE":216},"sanctioned_nodes":0,"policy_restricted_nodes":0,"threat_infrastructure_nodes":0,"stroke":"#c0d674","fill":"#c0d674","opacity":0.2712,"marker_ring":false}},{"type":"Feature","id":"node-density-grid-2:52:4","geometry":{"type":"Polygon","coordinates":[[[4,52],[6,52],[6,54],[4,54],[4,52]]]},"properties":{"name":"2° Density Cell 52,4","kind":"density-grid","grid_size_degrees":2,"point_count":176,"intensity":0.401826,"networks":{"ipv4":176},"statuses":{"duplicate-location":157,"Unknown":19},"countries":{"NL":176},"sanctioned_nodes":0,"policy_restricted_nodes":0,"threat_infrastructure_nodes":0,"stroke":"#c0d674","fill":"#c0d674","opacity":0.221,"marker_ring":false}},{"type":"Feature","id":"node-density-grid-2:38:-78","geometry":{"type":"Polygon","coordinates":[[[-78,38],[-76,38],[-76,40],[-78,40],[-78,38]]]},"properties":{"name":"2° Density Cell 38,-78","kind":"density-grid","grid_size_degrees":2,"point_count":152,"intensity":0.347032,"networks":{"ipv4":152},"statuses":{"duplicate-location":141,"Unknown":11},"countries":{"US":152},"sanctioned_nodes":0,"policy_restricted_nodes":0,"threat_infrastructure_nodes":0,"stroke":"#c0d674","fill":"#c0d674","opacity":0.1909,"marker_ring":false}},{"type":"Feature","id":"node-density-grid-2:34:-120","geometry":{"type":"Polygon","coordinates":[[[-120,34],[-118,34],[-118,36],[-120,36],[-120,34]]]},"properties":{"name":"2° Density Cell 34,-120","kind":"density-grid","grid_size_degrees":2,"point_count":133,"intensity":0.303653,"networks":{"ipv4":133},"statuses":{"duplicate-location":117,"Unknown":16},"countries":{"US":133},"sanctioned_nodes":0,"policy_restricted_nodes":0,"threat_infrastructure_nodes":0,"stroke":"#c0d674","fill":"#c0d674","opacity":0.167,"marker_ring":false}},{"type":"Feature","id":"node-density-grid-2:48:10","geometry":{"type":"Polygon","coordinates":[[[10,48],[12,48],[12,50],[10,50],[10,48]]]},"properties":{"name":"2° Density Cell 48,10","kind":"density-grid","grid_size_degrees":2,"point_count":132,"intensity":0.30137,"networks":{"ipv4":132},"statuses":{"duplicate-location":122,"Unknown":10},"countries":{"DE":132},"sanctioned_nodes":0,"policy_restricted_nodes":0,"threat_infrastructure_nodes":0,"stroke":"#c0d674","fill":"#c0d674","opacity":0.1658,"marker_ring":false}},{"type":"Feature","id":"node-density-grid-2:50:-2","geometry":{"type":"Polygon","coordinates":[[[-2,50],[0,50],[0,52],[-2,52],[-2,50]]]},"properties":{"name":"2° Density Cell 50,-2","kind":"density-grid","grid_size_degrees":2,"point_count":129,"intensity":0.294521,"networks":{"ipv4":129},"statuses":{"duplicate-location":107,"Unknown":22},"countries":{"GB":129},"sanctioned_nodes":0,"policy_restricted_nodes":0,"threat_infrastructure_nodes":0,"stroke":"#c0d674","fill":"#c0d674","opacity":0.162,"marker_ring":false}},{"type":"Feature","id":"node-density-grid-2:40:-76","geometry":{"type":"Polygon","coordinates":[[[-76,40],[-74,40],[-74,42],[-76,42],[-76,40]]]},"properties":{"name":"2° Density Cell 40,-76","kind":"density-grid","grid_size_degrees":2,"point_count":127,"intensity":0.289954,"networks":{"ipv4":127},"statuses":{"duplicate-location":114,"Unknown":13},"countries":{"US":127},"sanctioned_nodes":0,"policy_restricted_nodes":0,"threat_infrastructure_nodes":0,"stroke":"#c0d674","fill":"#c0d674","opacity":0.1595,"marker_ring":false}},{"type":"Feature","id":"node-density-grid-2:36:126","geometry":{"type":"Polygon","coordinates":[[[126,36],[128,36],[128,38],[126,38],[126,36]]]},"properties":{"name":"2° Density Cell 36,126","kind":"density-grid","grid_size_degrees":2,"point_count":111,"intensity":0.253425,"networks":{"ipv4":111},"statuses":{"duplicate-location":96,"Unknown":15},"countries":{"KR":111},"sanctioned_nodes":0,"policy_restricted_nodes":0,"threat_infrastructure_nodes":0,"stroke":"#c0d674","fill":"#c0d674","opacity":0.1394,"marker_ring":false}},{"type":"Feature","id":"node-density-grid-2:0:102","geometry":{"type":"Polygon","coordinates":[[[102,0],[104,0],[104,2],[102,2],[102,0]]]},"properties":{"name":"2° Density Cell 0,102","kind":"density-grid","grid_size_degrees":2,"point_count":108,"intensity":0.246575,"networks":{"ipv4":108},"statuses":{"duplicate-location":96,"Unknown":12},"countries":{"SG":108},"sanctioned_nodes":0,"policy_restricted_nodes":0,"threat_infrastructure_nodes":0,"stroke":"#c0d674","fill":"#c0d674","opacity":0.1356,"marker_ring":false}},{"type":"Feature","id":"node-density-grid-2:44:-74","geometry":{"type":"Polygon","coordinates":[[[-74,44],[-72,44],[-72,46],[-74,46],[-74,44]]]},"properties":{"name":"2° Density Cell 44,-74","kind":"density-grid","grid_size_degrees":2,"point_count":108,"intensity":0.246575,"networks":{"ipv4":108},"statuses":{"duplicate-location":92,"Unknown":16},"countries":{"CA":107,"US":1},"sanctioned_nodes":0,"policy_restricted_nodes":0,"threat_infrastructure_nodes":0,"stroke":"#c0d674","fill":"#c0d674","opacity":0.1356,"marker_ring":false}},{"type":"Feature","id":"node-density-grid-2:46:-124","geometry":{"type":"Polygon","coordinates":[[[-124,46],[-122,46],[-122,48],[-124,48],[-124,46]]]},"properties":{"name":"2° Density Cell 46,-124","kind":"density-grid","grid_size_degrees":2,"point_count":100,"intensity":0.228311,"networks":{"ipv4":100},"statuses":{"duplicate-location":81,"Unknown":19},"countries":{"US":100},"sanctioned_nodes":0,"policy_restricted_nodes":0,"threat_infrastructure_nodes":0,"stroke":"#c0d674","fill":"#c0d674","opacity":0.1256,"marker_ring":false}},{"type":"Feature","id":"node-density-grid-2:42:-80","geometry":{"type":"Polygon","coordinates":[[[-80,42],[-78,42],[-78,44],[-80,44],[-80,42]]]},"properties":{"name":"2° Density Cell 42,-80","kind":"density-grid","grid_size_degrees":2,"point_count":99,"intensity":0.226027,"networks":{"ipv4":99},"statuses":{"duplicate-location":84,"Unknown":15},"countries":{"CA":90,"US":9},"sanctioned_nodes":0,"policy_restricted_nodes":0,"threat_infrastructure_nodes":0,"stroke":"#c0d674","fill":"#c0d674","opacity":0.1243,"marker_ring":false}},{"type":"Feature","id":"node-density-grid-2:40:-88","geometry":{"type":"Polygon","coordinates":[[[-88,40],[-86,40],[-86,42],[-88,42],[-88,40]]]},"properties":{"name":"2° Density Cell 40,-88","kind":"density-grid","grid_size_degrees":2,"point_count":94,"intensity":0.214612,"networks":{"ipv4":94},"statuses":{"duplicate-location":82,"Unknown":12},"countries":{"US":94},"sanctioned_nodes":0,"policy_restricted_nodes":0,"threat_infrastructure_nodes":0,"stroke":"#c0d674","fill":"#c0d674","opacity":0.118,"marker_ring":false}},{"type":"Feature","id":"node-density-grid-2:48:2","geometry":{"type":"Polygon","coordinates":[[[2,48],[4,48],[4,50],[2,50],[2,48]]]},"properties":{"name":"2° Density Cell 48,2","kind":"density-grid","grid_size_degrees":2,"point_count":75,"intensity":0.171233,"networks":{"ipv4":75},"statuses":{"duplicate-location":66,"Unknown":9},"countries":{"FR":75},"sanctioned_nodes":0,"policy_restricted_nodes":0,"threat_infrastructure_nodes":0,"stroke":"#c0d674","fill":"#c0d674","opacity":0.0942,"marker_ring":false}},{"type":"Feature","id":"node-density-grid-2:32:-98","geometry":{"type":"Polygon","coordinates":[[[-98,32],[-96,32],[-96,34],[-98,34],[-98,32]]]},"properties":{"name":"2° Density Cell 32,-98","kind":"density-grid","grid_size_degrees":2,"point_count":72,"intensity":0.164384,"networks":{"ipv4":72},"statuses":{"duplicate-location":56,"Unknown":16},"countries":{"US":72},"sanctioned_nodes":0,"policy_restricted_nodes":0,"threat_infrastructure_nodes":0,"stroke":"#c0d674","fill":"#c0d674","opacity":0.0904,"marker_ring":false}},{"type":"Feature","id":"node-density-grid-2:34:138","geometry":{"type":"Polygon","coordinates":[[[138,34],[140,34],[140,36],[138,36],[138,34]]]},"properties":{"name":"2° Density Cell 34,138","kind":"density-grid","grid_size_degrees":2,"point_count":72,"intensity":0.164384,"networks":{"ipv4":72},"statuses":{"duplicate-location":59,"Unknown":13},"countries":{"JP":72},"sanctioned_nodes":0,"policy_restricted_nodes":0,"threat_infrastructure_nodes":0,"stroke":"#c0d674","fill":"#c0d674","opacity":0.0904,"marker_ring":false}},{"type":"Feature","id":"node-density-grid-2:-34:150","geometry":{"type":"Polygon","coordinates":[[[150,-34],[152,-34],[152,-32],[150,-32],[150,-34]]]},"properties":{"name":"2° Density Cell -34,150","kind":"density-grid","grid_size_degrees":2,"point_count":71,"intensity":0.1621,"networks":{"ipv4":71},"statuses":{"duplicate-location":59,"Unknown":12},"countries":{"AU":71},"sanctioned_nodes":0,"policy_restricted_nodes":0,"threat_infrastructure_nodes":0,"stroke":"#c0d674","fill":"#c0d674","opacity":0.0892,"marker_ring":false}},{"type":"Feature","id":"node-density-grid-2:60:24","geometry":{"type":"Polygon","coordinates":[[[24,60],[26,60],[26,62],[24,62],[24,60]]]},"properties":{"name":"2° Density Cell 60,24","kind":"density-grid","grid_size_degrees":2,"point_count":68,"intensity":0.155251,"networks":{"ipv4":68},"statuses":{"duplicate-location":62,"Unknown":6},"countries":{"FI":68},"sanctioned_nodes":0,"policy_restricted_nodes":0,"threat_infrastructure_nodes":0,"stroke":"#c0d674","fill":"#c0d674","opacity":0.0854,"marker_ring":false}},{"type":"Feature","id":"node-density-grid-2:46:8","geometry":{"type":"Polygon","coordinates":[[[8,46],[10,46],[10,48],[8,48],[8,46]]]},"properties":{"name":"2° Density Cell 46,8","kind":"density-grid","grid_size_degrees":2,"point_count":65,"intensity":0.148402,"networks":{"ipv4":65},"statuses":{"Unknown":34,"duplicate-location":31},"countries":{"CH":59,"LI":3,"AT":2,"DE":1},"sanctioned_nodes":0,"policy_restricted_nodes":0,"threat_infrastructure_nodes":0,"stroke":"#c0d674","fill":"#c0d674","opacity":0.0816,"marker_ring":false}},{"type":"Feature","id":"node-density-grid-2:36:-122","geometry":{"type":"Polygon","coordinates":[[[-122,36],[-120,36],[-120,38],[-122,38],[-122,36]]]},"properties":{"name":"2° Density Cell 36,-122","kind":"density-grid","grid_size_degrees":2,"point_count":57,"intensity":0.130137,"networks":{"ipv4":57},"statuses":{"duplicate-location":50,"Unknown":7},"countries":{"US":57},"sanctioned_nodes":0,"policy_restricted_nodes":0,"threat_infrastructure_nodes":0,"stroke":"#c0d674","fill":"#c0d674","opacity":0.08,"marker_ring":false}},{"type":"Feature","id":"node-density-grid-2:22:114","geometry":{"type":"Polygon","coordinates":[[[114,22],[116,22],[116,24],[114,24],[114,22]]]},"properties":{"name":"2° Density Cell 22,114","kind":"density-grid","grid_size_degrees":2,"point_count":55,"intensity":0.125571,"networks":{"ipv4":55},"statuses":{"duplicate-location":47,"Unknown":8},"countries":{"HK":55},"sanctioned_nodes":0,"policy_restricted_nodes":0,"threat_infrastructure_nodes":0,"stroke":"#c0d674","fill":"#c0d674","opacity":0.08,"marker_ring":false}},{"type":"Feature","id":"node-density-grid-2:50:2","geometry":{"type":"Polygon","coordinates":[[[2,50],[4,50],[4,52],[2,52],[2,50]]]},"properties":{"name":"2° Density Cell 50,2","kind":"density-grid","grid_size_degrees":2,"point_count":55,"intensity":0.125571,"networks":{"ipv4":55},"statuses":{"duplicate-location":51,"Unknown":4},"countries":{"FR":52,"BE":2,"NL":1},"sanctioned_nodes":0,"policy_restricted_nodes":0,"threat_infrastructure_nodes":0,"stroke":"#c0d674","fill":"#c0d674","opacity":0.08,"marker_ring":false}},{"type":"Feature","id":"node-density-grid-2:46:6","geometry":{"type":"Polygon","coordinates":[[[6,46],[8,46],[8,48],[6,48],[6,46]]]},"properties":{"name":"2° Density Cell 46,6","kind":"density-grid","grid_size_degrees":2,"point_count":49,"intensity":0.111872,"networks":{"ipv4":49},"statuses":{"Unknown":27,"duplicate-location":22},"countries":{"CH":49},"sanctioned_nodes":0,"policy_restricted_nodes":0,"threat_infrastructure_nodes":0,"stroke":"#c0d674","fill":"#c0d674","opacity":0.08,"marker_ring":false}},{"type":"Feature","id":"node-density-grid-2:44:-124","geometry":{"type":"Polygon","coordinates":[[[-124,44],[-122,44],[-122,46],[-124,46],[-124,44]]]},"properties":{"name":"2° Density Cell 44,-124","kind":"density-grid","grid_size_degrees":2,"point_count":42,"intensity":0.09589,"networks":{"ipv4":42},"statuses":{"duplicate-location":34,"Unknown":8},"countries":{"US":42},"sanctioned_nodes":0,"policy_restricted_nodes":0,"threat_infrastructure_nodes":0,"stroke":"#c0d674","fill":"#c0d674","opacity":0.08,"marker_ring":false}},{"type":"Feature","id":"node-density-grid-2:50:4","geometry":{"type":"Polygon","coordinates":[[[4,50],[6,50],[6,52],[4,52],[4,50]]]},"properties":{"name":"2° Density Cell 50,4","kind":"density-grid","grid_size_degrees":2,"point_count":42,"intensity":0.09589,"networks":{"ipv4":42},"statuses":{"duplicate-location":28,"Unknown":14},"countries":{"NL":29,"BE":13},"sanctioned_nodes":0,"policy_restricted_nodes":0,"threat_infrastructure_nodes":0,"stroke":"#c0d674","fill":"#c0d674","opacity":0.08,"marker_ring":false}},{"type":"Feature","id":"node-density-grid-2:40:-112","geometry":{"type":"Polygon","coordinates":[[[-112,40],[-110,40],[-110,42],[-112,42],[-112,40]]]},"properties":{"name":"2° Density Cell 40,-112","kind":"density-grid","grid_size_degrees":2,"point_count":40,"intensity":0.091324,"networks":{"ipv4":40},"statuses":{"duplicate-location":35,"Unknown":5},"countries":{"US":40},"sanctioned_nodes":0,"policy_restricted_nodes":0,"threat_infrastructure_nodes":0,"stroke":"#c0d674","fill":"#c0d674","opacity":0.08,"marker_ring":false}},{"type":"Feature","id":"node-density-grid-2:50:6","geometry":{"type":"Polygon","coordinates":[[[6,50],[8,50],[8,52],[6,52],[6,50]]]},"properties":{"name":"2° Density Cell 50,6","kind":"density-grid","grid_size_degrees":2,"point_count":35,"intensity":0.079909,"networks":{"ipv4":35},"statuses":{"Unknown":19,"duplicate-location":16},"countries":{"DE":31,"NL":4},"sanctioned_nodes":0,"policy_restricted_nodes":0,"threat_infrastructure_nodes":0,"stroke":"#c0d674","fill":"#c0d674","opacity":0.08,"marker_ring":false}},{"type":"Feature","id":"node-density-grid-2:52:12","geometry":{"type":"Polygon","coordinates":[[[12,52],[14,52],[14,54],[12,54],[12,52]]]},"properties":{"name":"2° Density Cell 52,12","kind":"density-grid","grid_size_degrees":2,"point_count":35,"intensity":0.079909,"networks":{"ipv4":35},"statuses":{"duplicate-location":31,"Unknown":4},"countries":{"DE":35},"sanctioned_nodes":0,"policy_restricted_nodes":0,"threat_infrastructure_nodes":0,"stroke":"#c0d674","fill":"#c0d674","opacity":0.08,"marker_ring":false}},{"type":"Feature","id":"node-density-grid-2:-24:-48","geometry":{"type":"Polygon","coordinates":[[[-48,-24],[-46,-24],[-46,-22],[-48,-22],[-48,-24]]]},"properties":{"name":"2° Density Cell -24,-48","kind":"density-grid","grid_size_degrees":2,"point_count":34,"intensity":0.077626,"networks":{"ipv4":34},"statuses":{"duplicate-location":25,"Unknown":9},"countries":{"BR":34},"sanctioned_nodes":0,"policy_restricted_nodes":0,"threat_infrastructure_nodes":0,"stroke":"#c0d674","fill":"#c0d674","opacity":0.08,"marker_ring":false}},{"type":"Feature","id":"node-density-grid-2:54:36","geometry":{"type":"Polygon","coordinates":[[[36,54],[38,54],[38,56],[36,56],[36,54]]]},"properties":{"name":"2° Density Cell 54,36","kind":"density-grid","grid_size_degrees":2,"point_count":34,"intensity":0.077626,"networks":{"ipv4":34},"statuses":{"duplicate-location":22,"Unknown":12},"countries":{"RU":34},"sanctioned_nodes":0,"policy_restricted_nodes":0,"threat_infrastructure_nodes":0,"stroke":"#c0d674","fill":"#c0d674","opacity":0.08,"marker_ring":false}},{"type":"Feature","id":"node-density-grid-2:30:-98","geometry":{"type":"Polygon","coordinates":[[[-98,30],[-96,30],[-96,32],[-98,32],[-98,30]]]},"properties":{"name":"2° Density Cell 30,-98","kind":"density-grid","grid_size_degrees":2,"point_count":32,"intensity":0.073059,"networks":{"ipv4":32},"statuses":{"duplicate-location":19,"Unknown":13},"countries":{"US":32},"sanctioned_nodes":0,"policy_restricted_nodes":0,"threat_infrastructure_nodes":0,"stroke":"#c0d674","fill":"#c0d674","opacity":0.08,"marker_ring":false}},{"type":"Feature","id":"node-density-grid-2:58:18","geometry":{"type":"Polygon","coordinates":[[[18,58],[20,58],[20,60],[18,60],[18,58]]]},"properties":{"name":"2° Density Cell 58,18","kind":"density-grid","grid_size_degrees":2,"point_count":32,"intensity":0.073059,"networks":{"ipv4":32},"statuses":{"duplicate-location":29,"Unknown":3},"countries":{"SE":32},"sanctioned_nodes":0,"policy_restricted_nodes":0,"threat_infrastructure_nodes":0,"stroke":"#c0d674","fill":"#c0d674","opacity":0.08,"marker_ring":false}},{"type":"Feature","id":"node-density-grid-2:48:16","geometry":{"type":"Polygon","coordinates":[[[16,48],[18,48],[18,50],[16,50],[16,48]]]},"properties":{"name":"2° Density Cell 48,16","kind":"density-grid","grid_size_degrees":2,"point_count":31,"intensity":0.070776,"networks":{"ipv4":31},"statuses":{"Unknown":17,"duplicate-location":14},"countries":{"AT":21,"CZ":6,"SK":4},"sanctioned_nodes":0,"policy_restricted_nodes":0,"threat_infrastructure_nodes":0,"stroke":"#c0d674","fill":"#c0d674","opacity":0.08,"marker_ring":false}},{"type":"Feature","id":"node-density-grid-2:40:-74","geometry":{"type":"Polygon","coordinates":[[[-74,40],[-72,40],[-72,42],[-74,42],[-74,40]]]},"properties":{"name":"2° Density Cell 40,-74","kind":"density-grid","grid_size_degrees":2,"point_count":30,"intensity":0.068493,"networks":{"ipv4":30},"statuses":{"duplicate-location":18,"Unknown":12},"countries":{"US":30},"sanctioned_nodes":0,"policy_restricted_nodes":0,"threat_infrastructure_nodes":0,"stroke":"#c0d674","fill":"#c0d674","opacity":0.08,"marker_ring":false}},{"type":"Feature","id":"node-density-grid-2:38:-96","geometry":{"type":"Polygon","coordinates":[[[-96,38],[-94,38],[-94,40],[-96,40],[-96,38]]]},"properties":{"name":"2° Density Cell 38,-96","kind":"density-grid","grid_size_degrees":2,"point_count":27,"intensity":0.061644,"networks":{"ipv4":27},"statuses":{"duplicate-location":16,"Unknown":11},"countries":{"US":27},"sanctioned_nodes":0,"policy_restricted_nodes":0,"threat_infrastructure_nodes":0,"stroke":"#c0d674","fill":"#c0d674","opacity":0.08,"marker_ring":false}},{"type":"Feature","id":"node-density-grid-2:48:8","geometry":{"type":"Polygon","coordinates":[[[8,48],[10,48],[10,50],[8,50],[8,48]]]},"properties":{"name":"2° Density Cell 48,8","kind":"density-grid","grid_size_degrees":2,"point_count":27,"intensity":0.061644,"networks":{"ipv4":27},"statuses":{"Unknown":14,"duplicate-location":13},"countries":{"DE":27},"sanctioned_nodes":0,"policy_restricted_nodes":0,"threat_infrastructure_nodes":0,"stroke":"#c0d674","fill":"#c0d674","opacity":0.08,"marker_ring":false}},{"type":"Feature","id":"node-density-grid-2:-38:144","geometry":{"type":"Polygon","coordinates":[[[144,-38],[146,-38],[146,-36],[144,-36],[144,-38]]]},"properties":{"name":"2° Density Cell -38,144","kind":"density-grid","grid_size_degrees":2,"point_count":26,"intensity":0.059361,"networks":{"ipv4":26},"statuses":{"duplicate-location":16,"Unknown":10},"countries":{"AU":26},"sanctioned_nodes":0,"policy_restricted_nodes":0,"threat_infrastructure_nodes":0,"stroke":"#c0d674","fill":"#c0d674","opacity":0.08,"marker_ring":false}},{"type":"Feature","id":"node-density-grid-2:-28:152","geometry":{"type":"Polygon","coordinates":[[[152,-28],[154,-28],[154,-26],[152,-26],[152,-28]]]},"properties":{"name":"2° Density Cell -28,152","kind":"density-grid","grid_size_degrees":2,"point_count":25,"intensity":0.057078,"networks":{"ipv4":25},"statuses":{"duplicate-location":18,"Unknown":7},"countries":{"AU":25},"sanctioned_nodes":0,"policy_restricted_nodes":0,"threat_infrastructure_nodes":0,"stroke":"#c0d674","fill":"#c0d674","opacity":0.08,"marker_ring":false}},{"type":"Feature","id":"node-density-grid-2:42:-72","geometry":{"type":"Polygon","coordinates":[[[-72,42],[-70,42],[-70,44],[-72,44],[-72,42]]]},"properties":{"name":"2° Density Cell 42,-72","kind":"density-grid","grid_size_degrees":2,"point_count":25,"intensity":0.057078,"networks":{"ipv4":25},"statuses":{"duplicate-location":19,"Unknown":6},"countries":{"US":25},"sanctioned_nodes":0,"policy_restricted_nodes":0,"threat_infrastructure_nodes":0,"stroke":"#c0d674","fill":"#c0d674","opacity":0.08,"marker_ring":false}},{"type":"Feature","id":"node-density-grid-2:48:-124","geometry":{"type":"Polygon","coordinates":[[[-124,48],[-122,48],[-122,50],[-124,50],[-124,48]]]},"properties":{"name":"2° Density Cell 48,-124","kind":"density-grid","grid_size_degrees":2,"point_count":25,"intensity":0.057078,"networks":{"ipv4":25},"statuses":{"Unknown":14,"duplicate-location":11},"countries":{"CA":24,"US":1},"sanctioned_nodes":0,"policy_restricted_nodes":0,"threat_infrastructure_nodes":0,"stroke":"#c0d674","fill":"#c0d674","opacity":0.08,"marker_ring":false}},{"type":"Feature","id":"node-density-grid-2:32:-118","geometry":{"type":"Polygon","coordinates":[[[-118,32],[-116,32],[-116,34],[-118,34],[-118,32]]]},"properties":{"name":"2° Density Cell 32,-118","kind":"density-grid","grid_size_degrees":2,"point_count":24,"intensity":0.054795,"networks":{"ipv4":24},"statuses":{"Unknown":14,"duplicate-location":10},"countries":{"US":24},"sanctioned_nodes":0,"policy_restricted_nodes":0,"threat_infrastructure_nodes":0,"stroke":"#c0d674","fill":"#c0d674","opacity":0.08,"marker_ring":false}},{"type":"Feature","id":"node-density-grid-2:32:-86","geometry":{"type":"Polygon","coordinates":[[[-86,32],[-84,32],[-84,34],[-86,34],[-86,32]]]},"properties":{"name":"2° Density Cell 32,-86","kind":"density-grid","grid_size_degrees":2,"point_count":24,"intensity":0.054795,"networks":{"ipv4":24},"statuses":{"duplicate-location":17,"Unknown":7},"countries":{"US":24},"sanctioned_nodes":0,"policy_restricted_nodes":0,"threat_infrastructure_nodes":0,"stroke":"#c0d674","fill":"#c0d674","opacity":0.08,"marker_ring":false}},{"type":"Feature","id":"node-density-grid-2:52:-8","geometry":{"type":"Polygon","coordinates":[[[-8,52],[-6,52],[-6,54],[-8,54],[-8,52]]]},"properties":{"name":"2° Density Cell 52,-8","kind":"density-grid","grid_size_degrees":2,"point_count":23,"intensity":0.052511,"networks":{"ipv4":23},"statuses":{"duplicate-location":20,"Unknown":3},"countries":{"IE":23},"sanctioned_nodes":0,"policy_restricted_nodes":0,"threat_infrastructure_nodes":0,"stroke":"#c0d674","fill":"#c0d674","opacity":0.08,"marker_ring":false}},{"type":"Feature","id":"node-density-grid-2:34:134","geometry":{"type":"Polygon","coordinates":[[[134,34],[136,34],[136,36],[134,36],[134,34]]]},"properties":{"name":"2° Density Cell 34,134","kind":"density-grid","grid_size_degrees":2,"point_count":21,"intensity":0.047945,"networks":{"ipv4":21},"statuses":{"duplicate-location":17,"Unknown":4},"countries":{"JP":21},"sanctioned_nodes":0,"policy_restricted_nodes":0,"threat_infrastructure_nodes":0,"stroke":"#c0d674","fill":"#c0d674","opacity":0.08,"marker_ring":false}},{"type":"Feature","id":"node-density-grid-2:36:-124","geometry":{"type":"Polygon","coordinates":[[[-124,36],[-122,36],[-122,38],[-124,38],[-124,36]]]},"properties":{"name":"2° Density Cell 36,-124","kind":"density-grid","grid_size_degrees":2,"point_count":21,"intensity":0.047945,"networks":{"ipv4":21},"statuses":{"Unknown":12,"duplicate-location":9},"countries":{"US":21},"sanctioned_nodes":0,"policy_restricted_nodes":0,"threat_infrastructure_nodes":0,"stroke":"#c0d674","fill":"#c0d674","opacity":0.08,"marker_ring":false}},{"type":"Feature","id":"node-density-grid-2:38:-92","geometry":{"type":"Polygon","coordinates":[[[-92,38],[-90,38],[-90,40],[-92,40],[-92,38]]]},"properties":{"name":"2° Density Cell 38,-92","kind":"density-grid","grid_size_degrees":2,"point_count":21,"intensity":0.047945,"networks":{"ipv4":21},"statuses":{"duplicate-location":14,"Unknown":7},"countries":{"US":21},"sanctioned_nodes":0,"policy_restricted_nodes":0,"threat_infrastructure_nodes":0,"stroke":"#c0d674","fill":"#c0d674","opacity":0.08,"marker_ring":false}},{"type":"Feature","id":"node-density-grid-2:40:-84","geometry":{"type":"Polygon","coordinates":[[[-84,40],[-82,40],[-82,42],[-84,42],[-84,40]]]},"properties":{"name":"2° Density Cell 40,-84","kind":"density-grid","grid_size_degrees":2,"point_count":21,"intensity":0.047945,"networks":{"ipv4":21},"statuses":{"duplicate-location":19,"Unknown":2},"countries":{"US":21},"sanctioned_nodes":0,"policy_restricted_nodes":0,"threat_infrastructure_nodes":0,"stroke":"#c0d674","fill":"#c0d674","opacity":0.08,"marker_ring":false}},{"type":"Feature","id":"node-density-grid-2:34:-80","geometry":{"type":"Polygon","coordinates":[[[-80,34],[-78,34],[-78,36],[-80,36],[-80,34]]]},"properties":{"name":"2° Density Cell 34,-80","kind":"density-grid","grid_size_degrees":2,"point_count":20,"intensity":0.045662,"networks":{"ipv4":20},"statuses":{"duplicate-location":15,"Unknown":5},"countries":{"US":20},"sanctioned_nodes":0,"policy_restricted_nodes":0,"threat_infrastructure_nodes":0,"stroke":"#c0d674","fill":"#c0d674","opacity":0.08,"marker_ring":false}},{"type":"Feature","id":"node-density-grid-2:38:-106","geometry":{"type":"Polygon","coordinates":[[[-106,38],[-104,38],[-104,40],[-106,40],[-106,38]]]},"properties":{"name":"2° Density Cell 38,-106","kind":"density-grid","grid_size_degrees":2,"point_count":20,"intensity":0.045662,"networks":{"ipv4":20},"statuses":{"duplicate-location":11,"Unknown":9},"countries":{"US":20},"sanctioned_nodes":0,"policy_restricted_nodes":0,"threat_infrastructure_nodes":0,"stroke":"#c0d674","fill":"#c0d674","opacity":0.08,"marker_ring":false}},{"type":"Feature","id":"node-density-grid-2:38:-86","geometry":{"type":"Polygon","coordinates":[[[-86,38],[-84,38],[-84,40],[-86,40],[-86,38]]]},"properties":{"name":"2° Density Cell 38,-86","kind":"density-grid","grid_size_degrees":2,"point_count":20,"intensity":0.045662,"networks":{"ipv4":20},"statuses":{"duplicate-location":11,"Unknown":9},"countries":{"US":20},"sanctioned_nodes":0,"policy_restricted_nodes":0,"threat_infrastructure_nodes":0,"stroke":"#c0d674","fill":"#c0d674","opacity":0.08,"marker_ring":false}},{"type":"Feature","id":"node-density-grid-2:36:-116","geometry":{"type":"Polygon","coordinates":[[[-116,36],[-114,36],[-114,38],[-116,38],[-116,36]]]},"properties":{"name":"2° Density Cell 36,-116","kind":"density-grid","grid_size_degrees":2,"point_count":19,"intensity":0.043379,"networks":{"ipv4":19},"statuses":{"duplicate-location":18,"Unknown":1},"countries":{"US":19},"sanctioned_nodes":0,"policy_restricted_nodes":0,"threat_infrastructure_nodes":0,"stroke":"#c0d674","fill":"#c0d674","opacity":0.08,"marker_ring":false}},{"type":"Feature","id":"node-density-grid-2:50:14","geometry":{"type":"Polygon","coordinates":[[[14,50],[16,50],[16,52],[14,52],[14,50]]]},"properties":{"name":"2° Density Cell 50,14","kind":"density-grid","grid_size_degrees":2,"point_count":19,"intensity":0.043379,"networks":{"ipv4":19},"statuses":{"duplicate-location":11,"Unknown":8},"countries":{"CZ":19},"sanctioned_nodes":0,"policy_restricted_nodes":0,"threat_infrastructure_nodes":0,"stroke":"#c0d674","fill":"#c0d674","opacity":0.08,"marker_ring":false}},{"type":"Feature","id":"node-density-grid-2:52:6","geometry":{"type":"Polygon","coordinates":[[[6,52],[8,52],[8,54],[6,54],[6,52]]]},"properties":{"name":"2° Density Cell 52,6","kind":"density-grid","grid_size_degrees":2,"point_count":19,"intensity":0.043379,"networks":{"ipv4":19},"statuses":{"duplicate-location":13,"Unknown":6},"countries":{"NL":19},"sanctioned_nodes":0,"policy_restricted_nodes":0,"threat_infrastructure_nodes":0,"stroke":"#c0d674","fill":"#c0d674","opacity":0.08,"marker_ring":false}},{"type":"Feature","id":"node-density-grid-2:-38:174","geometry":{"type":"Polygon","coordinates":[[[174,-38],[176,-38],[176,-36],[174,-36],[174,-38]]]},"properties":{"name":"2° Density Cell -38,174","kind":"density-grid","grid_size_degrees":2,"point_count":18,"intensity":0.041096,"networks":{"ipv4":18},"statuses":{"duplicate-location":12,"Unknown":6},"countries":{"NZ":18},"sanctioned_nodes":0,"policy_restricted_nodes":0,"threat_infrastructure_nodes":0,"stroke":"#c0d674","fill":"#c0d674","opacity":0.08,"marker_ring":false}},{"type":"Feature","id":"node-density-grid-2:40:-96","geometry":{"type":"Polygon","coordinates":[[[-96,40],[-94,40],[-94,42],[-96,42],[-96,40]]]},"properties":{"name":"2° Density Cell 40,-96","kind":"density-grid","grid_size_degrees":2,"point_count":18,"intensity":0.041096,"networks":{"ipv4":18},"statuses":{"duplicate-location":17,"Unknown":1},"countries":{"US":18},"sanctioned_nodes":0,"policy_restricted_nodes":0,"threat_infrastructure_nodes":0,"stroke":"#c0d674","fill":"#c0d674","opacity":0.08,"marker_ring":false}},{"type":"Feature","id":"node-density-grid-2:40:-82","geometry":{"type":"Polygon","coordinates":[[[-82,40],[-80,40],[-80,42],[-82,42],[-82,40]]]},"properties":{"name":"2° Density Cell 40,-82","kind":"density-grid","grid_size_degrees":2,"point_count":17,"intensity":0.038813,"networks":{"ipv4":17},"statuses":{"duplicate-location":9,"Unknown":8},"countries":{"US":17},"sanctioned_nodes":0,"policy_restricted_nodes":0,"threat_infrastructure_nodes":0,"stroke":"#c0d674","fill":"#c0d674","opacity":0.08,"marker_ring":false}},{"type":"Feature","id":"node-density-grid-2:44:8","geometry":{"type":"Polygon","coordinates":[[[8,44],[10,44],[10,46],[8,46],[8,44]]]},"properties":{"name":"2° Density Cell 44,8","kind":"density-grid","grid_size_degrees":2,"point_count":17,"intensity":0.038813,"networks":{"ipv4":17},"statuses":{"duplicate-location":12,"Unknown":5},"countries":{"IT":17},"sanctioned_nodes":0,"policy_restricted_nodes":0,"threat_infrastructure_nodes":0,"stroke":"#c0d674","fill":"#c0d674","opacity":0.08,"marker_ring":false}},{"type":"Feature","id":"node-density-grid-2:32:-114","geometry":{"type":"Polygon","coordinates":[[[-114,32],[-112,32],[-112,34],[-114,34],[-114,32]]]},"properties":{"name":"2° Density Cell 32,-114","kind":"density-grid","grid_size_degrees":2,"point_count":16,"intensity":0.03653,"networks":{"ipv4":16},"statuses":{"duplicate-location":13,"Unknown":3},"countries":{"US":16},"sanctioned_nodes":0,"policy_restricted_nodes":0,"threat_infrastructure_nodes":0,"stroke":"#c0d674","fill":"#c0d674","opacity":0.08,"marker_ring":false}},{"type":"Feature","id":"node-density-grid-2:50:0","geometry":{"type":"Polygon","coordinates":[[[0,50],[2,50],[2,52],[0,52],[0,50]]]},"properties":{"name":"2° Density Cell 50,0","kind":"density-grid","grid_size_degrees":2,"point_count":16,"intensity":0.03653,"networks":{"ipv4":16},"statuses":{"duplicate-location":13,"Unknown":3},"countries":{"GB":16},"sanctioned_nodes":0,"policy_restricted_nodes":0,"threat_infrastructure_nodes":0,"stroke":"#c0d674","fill":"#c0d674","opacity":0.08,"marker_ring":false}},{"type":"Feature","id":"node-density-grid-2:50:30","geometry":{"type":"Polygon","coordinates":[[[30,50],[32,50],[32,52],[30,52],[30,50]]]},"properties":{"name":"2° Density Cell 50,30","kind":"density-grid","grid_size_degrees":2,"point_count":16,"intensity":0.03653,"networks":{"ipv4":16},"statuses":{"Unknown":9,"duplicate-location":7},"countries":{"UA":16},"sanctioned_nodes":0,"policy_restricted_nodes":0,"threat_infrastructure_nodes":0,"stroke":"#c0d674","fill":"#c0d674","opacity":0.08,"marker_ring":false}},{"type":"Feature","id":"node-density-grid-2:12:100","geometry":{"type":"Polygon","coordinates":[[[100,12],[102,12],[102,14],[100,14],[100,12]]]},"properties":{"name":"2° Density Cell 12,100","kind":"density-grid","grid_size_degrees":2,"point_count":15,"intensity":0.034247,"networks":{"ipv4":15},"statuses":{"Unknown":9,"duplicate-location":6},"countries":{"TH":15},"sanctioned_nodes":0,"policy_restricted_nodes":0,"threat_infrastructure_nodes":0,"stroke":"#c0d674","fill":"#c0d674","opacity":0.08,"marker_ring":false}},{"type":"Feature","id":"node-density-grid-2:18:72","geometry":{"type":"Polygon","coordinates":[[[72,18],[74,18],[74,20],[72,20],[72,18]]]},"properties":{"name":"2° Density Cell 18,72","kind":"density-grid","grid_size_degrees":2,"point_count":15,"intensity":0.034247,"networks":{"ipv4":15},"statuses":{"duplicate-location":14,"Unknown":1},"countries":{"IN":15},"sanctioned_nodes":0,"policy_restricted_nodes":0,"threat_infrastructure_nodes":0,"stroke":"#c0d674","fill":"#c0d674","opacity":0.08,"marker_ring":false}},{"type":"Feature","id":"node-density-grid-2:24:-82","geometry":{"type":"Polygon","coordinates":[[[-82,24],[-80,24],[-80,26],[-82,26],[-82,24]]]},"properties":{"name":"2° Density Cell 24,-82","kind":"density-grid","grid_size_degrees":2,"point_count":15,"intensity":0.034247,"networks":{"ipv4":15},"statuses":{"duplicate-location":8,"Unknown":7},"countries":{"US":15},"sanctioned_nodes":0,"policy_restricted_nodes":0,"threat_infrastructure_nodes":0,"stroke":"#c0d674","fill":"#c0d674","opacity":0.08,"marker_ring":false}},{"type":"Feature","id":"node-density-grid-2:24:120","geometry":{"type":"Polygon","coordinates":[[[120,24],[122,24],[122,26],[120,26],[120,24]]]},"properties":{"name":"2° Density Cell 24,120","kind":"density-grid","grid_size_degrees":2,"point_count":15,"intensity":0.034247,"networks":{"ipv4":15},"statuses":{"duplicate-location":14,"Unknown":1},"countries":{"TW":15},"sanctioned_nodes":0,"policy_restricted_nodes":0,"threat_infrastructure_nodes":0,"stroke":"#c0d674","fill":"#c0d674","opacity":0.08,"marker_ring":false}},{"type":"Feature","id":"node-density-grid-2:34:-82","geometry":{"type":"Polygon","coordinates":[[[-82,34],[-80,34],[-80,36],[-82,36],[-82,34]]]},"properties":{"name":"2° Density Cell 34,-82","kind":"density-grid","grid_size_degrees":2,"point_count":15,"intensity":0.034247,"networks":{"ipv4":15},"statuses":{"Unknown":10,"duplicate-location":5},"countries":{"US":15},"sanctioned_nodes":0,"policy_restricted_nodes":0,"threat_infrastructure_nodes":0,"stroke":"#c0d674","fill":"#c0d674","opacity":0.08,"marker_ring":false}},{"type":"Feature","id":"node-density-grid-2:38:-76","geometry":{"type":"Polygon","coordinates":[[[-76,38],[-74,38],[-74,40],[-76,40],[-76,38]]]},"properties":{"name":"2° Density Cell 38,-76","kind":"density-grid","grid_size_degrees":2,"point_count":15,"intensity":0.034247,"networks":{"ipv4":15},"statuses":{"duplicate-location":9,"Unknown":6},"countries":{"US":15},"sanctioned_nodes":0,"policy_restricted_nodes":0,"threat_infrastructure_nodes":0,"stroke":"#c0d674","fill":"#c0d674","opacity":0.08,"marker_ring":false}},{"type":"Feature","id":"node-density-grid-2:44:-94","geometry":{"type":"Polygon","coordinates":[[[-94,44],[-92,44],[-92,46],[-94,46],[-94,44]]]},"properties":{"name":"2° Density Cell 44,-94","kind":"density-grid","grid_size_degrees":2,"point_count":15,"intensity":0.034247,"networks":{"ipv4":15},"statuses":{"duplicate-location":10,"Unknown":5},"countries":{"US":15},"sanctioned_nodes":0,"policy_restricted_nodes":0,"threat_infrastructure_nodes":0,"stroke":"#c0d674","fill":"#c0d674","opacity":0.08,"marker_ring":false}},{"type":"Feature","id":"node-density-grid-2:52:-4","geometry":{"type":"Polygon","coordinates":[[[-4,52],[-2,52],[-2,54],[-4,54],[-4,52]]]},"properties":{"name":"2° Density Cell 52,-4","kind":"density-grid","grid_size_degrees":2,"point_count":15,"intensity":0.034247,"networks":{"ipv4":15},"statuses":{"duplicate-location":8,"Unknown":7},"countries":{"GB":15},"sanctioned_nodes":0,"policy_restricted_nodes":0,"threat_infrastructure_nodes":0,"stroke":"#c0d674","fill":"#c0d674","opacity":0.08,"marker_ring":false}},{"type":"Feature","id":"node-density-grid-2:42:-90","geometry":{"type":"Polygon","coordinates":[[[-90,42],[-88,42],[-88,44],[-90,44],[-90,42]]]},"properties":{"name":"2° Density Cell 42,-90","kind":"density-grid","grid_size_degrees":2,"point_count":14,"intensity":0.031963,"networks":{"ipv4":14},"statuses":{"Unknown":8,"duplicate-location":6},"countries":{"US":14},"sanctioned_nodes":0,"policy_restricted_nodes":0,"threat_infrastructure_nodes":0,"stroke":"#c0d674","fill":"#c0d674","opacity":0.08,"marker_ring":false}},{"type":"Feature","id":"node-density-grid-2:42:22","geometry":{"type":"Polygon","coordinates":[[[22,42],[24,42],[24,44],[22,44],[22,42]]]},"properties":{"name":"2° Density Cell 42,22","kind":"density-grid","grid_size_degrees":2,"point_count":14,"intensity":0.031963,"networks":{"ipv4":14},"statuses":{"duplicate-location":9,"Unknown":5},"countries":{"BG":14},"sanctioned_nodes":0,"policy_restricted_nodes":0,"threat_infrastructure_nodes":0,"stroke":"#c0d674","fill":"#c0d674","opacity":0.08,"marker_ring":false}},{"type":"Feature","id":"node-density-grid-2:48:6","geometry":{"type":"Polygon","coordinates":[[[6,48],[8,48],[8,50],[6,50],[6,48]]]},"properties":{"name":"2° Density Cell 48,6","kind":"density-grid","grid_size_degrees":2,"point_count":14,"intensity":0.031963,"networks":{"ipv4":14},"statuses":{"Unknown":7,"duplicate-location":7},"countries":{"DE":7,"FR":5,"LU":2},"sanctioned_nodes":0,"policy_restricted_nodes":0,"threat_infrastructure_nodes":0,"stroke":"#c0d674","fill":"#c0d674","opacity":0.08,"marker_ring":false}},{"type":"Feature","id":"node-density-grid-2:58:16","geometry":{"type":"Polygon","coordinates":[[[16,58],[18,58],[18,60],[16,60],[16,58]]]},"properties":{"name":"2° Density Cell 58,16","kind":"density-grid","grid_size_degrees":2,"point_count":14,"intensity":0.031963,"networks":{"ipv4":14},"statuses":{"duplicate-location":8,"Unknown":6},"countries":{"SE":14},"sanctioned_nodes":0,"policy_restricted_nodes":0,"threat_infrastructure_nodes":0,"stroke":"#c0d674","fill":"#c0d674","opacity":0.08,"marker_ring":false}},{"type":"Feature","id":"node-density-grid-2:26:-82","geometry":{"type":"Polygon","coordinates":[[[-82,26],[-80,26],[-80,28],[-82,28],[-82,26]]]},"properties":{"name":"2° Density Cell 26,-82","kind":"density-grid","grid_size_degrees":2,"point_count":13,"intensity":0.02968,"networks":{"ipv4":13},"statuses":{"Unknown":13},"countries":{"US":13},"sanctioned_nodes":0,"policy_restricted_nodes":0,"threat_infrastructure_nodes":0,"stroke":"#c0d674","fill":"#c0d674","opacity":0.08,"marker_ring":false}},{"type":"Feature","id":"node-density-grid-2:44:-120","geometry":{"type":"Polygon","coordinates":[[[-120,44],[-118,44],[-118,46],[-120,46],[-120,44]]]},"properties":{"name":"2° Density Cell 44,-120","kind":"density-grid","grid_size_degrees":2,"point_count":13,"intensity":0.02968,"networks":{"ipv4":13},"statuses":{"duplicate-location":13},"countries":{"US":13},"sanctioned_nodes":0,"policy_restricted_nodes":0,"threat_infrastructure_nodes":0,"stroke":"#c0d674","fill":"#c0d674","opacity":0.08,"marker_ring":false}},{"type":"Feature","id":"node-density-grid-2:58:30","geometry":{"type":"Polygon","coordinates":[[[30,58],[32,58],[32,60],[30,60],[30,58]]]},"properties":{"name":"2° Density Cell 58,30","kind":"density-grid","grid_size_degrees":2,"point_count":13,"intensity":0.02968,"networks":{"ipv4":13},"statuses":{"duplicate-location":11,"Unknown":2},"countries":{"RU":13},"sanctioned_nodes":0,"policy_restricted_nodes":0,"threat_infrastructure_nodes":0,"stroke":"#c0d674","fill":"#c0d674","opacity":0.08,"marker_ring":false}},{"type":"Feature","id":"node-density-grid-2:28:-84","geometry":{"type":"Polygon","coordinates":[[[-84,28],[-82,28],[-82,30],[-84,30],[-84,28]]]},"properties":{"name":"2° Density Cell 28,-84","kind":"density-grid","grid_size_degrees":2,"point_count":12,"intensity":0.027397,"networks":{"ipv4":12},"statuses":{"Unknown":8,"duplicate-location":4},"countries":{"US":12},"sanctioned_nodes":0,"policy_restricted_nodes":0,"threat_infrastructure_nodes":0,"stroke":"#c0d674","fill":"#c0d674","opacity":0.08,"marker_ring":false}},{"type":"Feature","id":"node-density-grid-2:28:-82","geometry":{"type":"Polygon","coordinates":[[[-82,28],[-80,28],[-80,30],[-82,30],[-82,28]]]},"properties":{"name":"2° Density Cell 28,-82","kind":"density-grid","grid_size_degrees":2,"point_count":12,"intensity":0.027397,"networks":{"ipv4":12},"statuses":{"Unknown":12},"countries":{"US":12},"sanctioned_nodes":0,"policy_restricted_nodes":0,"threat_infrastructure_nodes":0,"stroke":"#c0d674","fill":"#c0d674","opacity":0.08,"marker_ring":false}},{"type":"Feature","id":"node-density-grid-2:44:-122","geometry":{"type":"Polygon","coordinates":[[[-122,44],[-120,44],[-120,46],[-122,46],[-122,44]]]},"properties":{"name":"2° Density Cell 44,-122","kind":"density-grid","grid_size_degrees":2,"point_count":12,"intensity":0.027397,"networks":{"ipv4":12},"statuses":{"duplicate-location":11,"Unknown":1},"countries":{"US":12},"sanctioned_nodes":0,"policy_restricted_nodes":0,"threat_infrastructure_nodes":0,"stroke":"#c0d674","fill":"#c0d674","opacity":0.08,"marker_ring":false}},{"type":"Feature","id":"node-density-grid-2:52:8","geometry":{"type":"Polygon","coordinates":[[[8,52],[10,52],[10,54],[8,54],[8,52]]]},"properties":{"name":"2° Density Cell 52,8","kind":"density-grid","grid_size_degrees":2,"point_count":12,"intensity":0.027397,"networks":{"ipv4":12},"statuses":{"Unknown":12},"countries":{"DE":12},"sanctioned_nodes":0,"policy_restricted_nodes":0,"threat_infrastructure_nodes":0,"stroke":"#c0d674","fill":"#c0d674","opacity":0.08,"marker_ring":false}},{"type":"Feature","id":"node-density-grid-2:-34:18","geometry":{"type":"Polygon","coordinates":[[[18,-34],[20,-34],[20,-32],[18,-32],[18,-34]]]},"properties":{"name":"2° Density Cell -34,18","kind":"density-grid","grid_size_degrees":2,"point_count":11,"intensity":0.025114,"networks":{"ipv4":11},"statuses":{"duplicate-location":8,"Unknown":3},"countries":{"ZA":11},"sanctioned_nodes":0,"policy_restricted_nodes":0,"threat_infrastructure_nodes":0,"stroke":"#c0d674","fill":"#c0d674","opacity":0.08,"marker_ring":false}},{"type":"Feature","id":"node-density-grid-2:-8:106","geometry":{"type":"Polygon","coordinates":[[[106,-8],[108,-8],[108,-6],[106,-6],[106,-8]]]},"properties":{"name":"2° Density Cell -8,106","kind":"density-grid","grid_size_degrees":2,"point_count":11,"intensity":0.025114,"networks":{"ipv4":11},"statuses":{"duplicate-location":7,"Unknown":4},"countries":{"ID":11},"sanctioned_nodes":0,"policy_restricted_nodes":0,"threat_infrastructure_nodes":0,"stroke":"#c0d674","fill":"#c0d674","opacity":0.08,"marker_ring":false}},{"type":"Feature","id":"node-density-grid-2:28:-96","geometry":{"type":"Polygon","coordinates":[[[-96,28],[-94,28],[-94,30],[-96,30],[-96,28]]]},"properties":{"name":"2° Density Cell 28,-96","kind":"density-grid","grid_size_degrees":2,"point_count":11,"intensity":0.025114,"networks":{"ipv4":11},"statuses":{"duplicate-location":7,"Unknown":4},"countries":{"US":11},"sanctioned_nodes":0,"policy_restricted_nodes":0,"threat_infrastructure_nodes":0,"stroke":"#c0d674","fill":"#c0d674","opacity":0.08,"marker_ring":false}},{"type":"Feature","id":"node-density-grid-2:42:2","geometry":{"type":"Polygon","coordinates":[[[2,42],[4,42],[4,44],[2,44],[2,42]]]},"properties":{"name":"2° Density Cell 42,2","kind":"density-grid","grid_size_degrees":2,"point_count":11,"intensity":0.025114,"networks":{"ipv4":11},"statuses":{"duplicate-location":11},"countries":{"FR":11},"sanctioned_nodes":0,"policy_restricted_nodes":0,"threat_infrastructure_nodes":0,"stroke":"#c0d674","fill":"#c0d674","opacity":0.08,"marker_ring":false}},{"type":"Feature","id":"node-density-grid-2:26:-84","geometry":{"type":"Polygon","coordinates":[[[-84,26],[-82,26],[-82,28],[-84,28],[-84,26]]]},"properties":{"name":"2° Density Cell 26,-84","kind":"density-grid","grid_size_degrees":2,"point_count":10,"intensity":0.022831,"networks":{"ipv4":10},"statuses":{"Unknown":10},"countries":{"US":10},"sanctioned_nodes":0,"policy_restricted_nodes":0,"threat_infrastructure_nodes":0,"stroke":"#c0d674","fill":"#c0d674","opacity":0.08,"marker_ring":false}},{"type":"Feature","id":"node-density-grid-2:32:-82","geometry":{"type":"Polygon","coordinates":[[[-82,32],[-80,32],[-80,34],[-82,34],[-82,32]]]},"properties":{"name":"2° Density Cell 32,-82","kind":"density-grid","grid_size_degrees":2,"point_count":10,"intensity":0.022831,"networks":{"ipv4":10},"statuses":{"duplicate-location":6,"Unknown":4},"countries":{"US":10},"sanctioned_nodes":0,"policy_restricted_nodes":0,"threat_infrastructure_nodes":0,"stroke":"#c0d674","fill":"#c0d674","opacity":0.08,"marker_ring":false}},{"type":"Feature","id":"node-density-grid-2:34:-84","geometry":{"type":"Polygon","coordinates":[[[-84,34],[-82,34],[-82,36],[-84,36],[-84,34]]]},"properties":{"name":"2° Density Cell 34,-84","kind":"density-grid","grid_size_degrees":2,"point_count":10,"intensity":0.022831,"networks":{"ipv4":10},"statuses":{"Unknown":5,"duplicate-location":5},"countries":{"US":10},"sanctioned_nodes":0,"policy_restricted_nodes":0,"threat_infrastructure_nodes":0,"stroke":"#c0d674","fill":"#c0d674","opacity":0.08,"marker_ring":false}},{"type":"Feature","id":"node-density-grid-2:40:-90","geometry":{"type":"Polygon","coordinates":[[[-90,40],[-88,40],[-88,42],[-90,42],[-90,40]]]},"properties":{"name":"2° Density Cell 40,-90","kind":"density-grid","grid_size_degrees":2,"point_count":10,"intensity":0.022831,"networks":{"ipv4":10},"statuses":{"Unknown":10},"countries":{"US":10},"sanctioned_nodes":0,"policy_restricted_nodes":0,"threat_infrastructure_nodes":0,"stroke":"#c0d674","fill":"#c0d674","opacity":0.08,"marker_ring":false}},{"type":"Feature","id":"node-density-grid-2:42:-86","geometry":{"type":"Polygon","coordinates":[[[-86,42],[-84,42],[-84,44],[-86,44],[-86,42]]]},"properties":{"name":"2° Density Cell 42,-86","kind":"density-grid","grid_size_degrees":2,"point_count":10,"intensity":0.022831,"networks":{"ipv4":10},"statuses":{"Unknown":10},"countries":{"US":10},"sanctioned_nodes":0,"policy_restricted_nodes":0,"threat_infrastructure_nodes":0,"stroke":"#c0d674","fill":"#c0d674","opacity":0.08,"marker_ring":false}},{"type":"Feature","id":"node-density-grid-2:44:4","geometry":{"type":"Polygon","coordinates":[[[4,44],[6,44],[6,46],[4,46],[4,44]]]},"properties":{"name":"2° Density Cell 44,4","kind":"density-grid","grid_size_degrees":2,"point_count":10,"intensity":0.022831,"networks":{"ipv4":10},"statuses":{"duplicate-location":10},"countries":{"FR":10},"sanctioned_nodes":0,"policy_restricted_nodes":0,"threat_infrastructure_nodes":0,"stroke":"#c0d674","fill":"#c0d674","opacity":0.08,"marker_ring":false}},{"type":"Feature","id":"node-density-grid-2:44:26","geometry":{"type":"Polygon","coordinates":[[[26,44],[28,44],[28,46],[26,46],[26,44]]]},"properties":{"name":"2° Density Cell 44,26","kind":"density-grid","grid_size_degrees":2,"point_count":10,"intensity":0.022831,"networks":{"ipv4":10},"statuses":{"duplicate-location":8,"Unknown":2},"countries":{"RO":10},"sanctioned_nodes":0,"policy_restricted_nodes":0,"threat_infrastructure_nodes":0,"stroke":"#c0d674","fill":"#c0d674","opacity":0.08,"marker_ring":false}},{"type":"Feature","id":"node-density-grid-2:52:-114","geometry":{"type":"Polygon","coordinates":[[[-114,52],[-112,52],[-112,54],[-114,54],[-114,52]]]},"properties":{"name":"2° Density Cell 52,-114","kind":"density-grid","grid_size_degrees":2,"point_count":10,"intensity":0.022831,"networks":{"ipv4":10},"statuses":{"Unknown":5,"duplicate-location":5},"countries":{"CA":10},"sanctioned_nodes":0,"policy_restricted_nodes":0,"threat_infrastructure_nodes":0,"stroke":"#c0d674","fill":"#c0d674","opacity":0.08,"marker_ring":false}},{"type":"Feature","id":"node-density-grid-2:52:-2","geometry":{"type":"Polygon","coordinates":[[[-2,52],[0,52],[0,54],[-2,54],[-2,52]]]},"properties":{"name":"2° Density Cell 52,-2","kind":"density-grid","grid_size_degrees":2,"point_count":10,"intensity":0.022831,"networks":{"ipv4":10},"statuses":{"Unknown":10},"countries":{"GB":10},"sanctioned_nodes":0,"policy_restricted_nodes":0,"threat_infrastructure_nodes":0,"stroke":"#c0d674","fill":"#c0d674","opacity":0.08,"marker_ring":false}},{"type":"Feature","id":"node-density-grid-2:52:20","geometry":{"type":"Polygon","coordinates":[[[20,52],[22,52],[22,54],[20,54],[20,52]]]},"properties":{"name":"2° Density Cell 52,20","kind":"density-grid","grid_size_degrees":2,"point_count":10,"intensity":0.022831,"networks":{"ipv4":10},"statuses":{"duplicate-location":6,"Unknown":4},"countries":{"PL":10},"sanctioned_nodes":0,"policy_restricted_nodes":0,"threat_infrastructure_nodes":0,"stroke":"#c0d674","fill":"#c0d674","opacity":0.08,"marker_ring":false}},{"type":"Feature","id":"node-density-grid-2:-32:114","geometry":{"type":"Polygon","coordinates":[[[114,-32],[116,-32],[116,-30],[114,-30],[114,-32]]]},"properties":{"name":"2° Density Cell -32,114","kind":"density-grid","grid_size_degrees":2,"point_count":9,"intensity":0.020548,"networks":{"ipv4":9},"statuses":{"duplicate-location":6,"Unknown":3},"countries":{"AU":9},"sanctioned_nodes":0,"policy_restricted_nodes":0,"threat_infrastructure_nodes":0,"stroke":"#c0d674","fill":"#c0d674","opacity":0.08,"marker_ring":false}},{"type":"Feature","id":"node-density-grid-2:34:-100","geometry":{"type":"Polygon","coordinates":[[[-100,34],[-98,34],[-98,36],[-100,36],[-100,34]]]},"properties":{"name":"2° Density Cell 34,-100","kind":"density-grid","grid_size_degrees":2,"point_count":9,"intensity":0.020548,"networks":{"ipv4":9},"statuses":{"duplicate-location":9},"countries":{"US":9},"sanctioned_nodes":0,"policy_restricted_nodes":0,"threat_infrastructure_nodes":0,"stroke":"#c0d674","fill":"#c0d674","opacity":0.08,"marker_ring":false}},{"type":"Feature","id":"node-density-grid-2:36:-80","geometry":{"type":"Polygon","coordinates":[[[-80,36],[-78,36],[-78,38],[-80,38],[-80,36]]]},"properties":{"name":"2° Density Cell 36,-80","kind":"density-grid","grid_size_degrees":2,"point_count":9,"intensity":0.020548,"networks":{"ipv4":9},"statuses":{"duplicate-location":5,"Unknown":4},"countries":{"US":9},"sanctioned_nodes":0,"policy_restricted_nodes":0,"threat_infrastructure_nodes":0,"stroke":"#c0d674","fill":"#c0d674","opacity":0.08,"marker_ring":false}},{"type":"Feature","id":"node-density-grid-2:46:18","geometry":{"type":"Polygon","coordinates":[[[18,46],[20,46],[20,48],[18,48],[18,46]]]},"properties":{"name":"2° Density Cell 46,18","kind":"density-grid","grid_size_degrees":2,"point_count":9,"intensity":0.020548,"networks":{"ipv4":9},"statuses":{"Unknown":5,"duplicate-location":4},"countries":{"HU":9},"sanctioned_nodes":0,"policy_restricted_nodes":0,"threat_infrastructure_nodes":0,"stroke":"#c0d674","fill":"#c0d674","opacity":0.08,"marker_ring":false}},{"type":"Feature","id":"node-density-grid-2:50:-116","geometry":{"type":"Polygon","coordinates":[[[-116,50],[-114,50],[-114,52],[-116,52],[-116,50]]]},"properties":{"name":"2° Density Cell 50,-116","kind":"density-grid","grid_size_degrees":2,"point_count":9,"intensity":0.020548,"networks":{"ipv4":9},"statuses":{"duplicate-location":6,"Unknown":3},"countries":{"CA":9},"sanctioned_nodes":0,"policy_restricted_nodes":0,"threat_infrastructure_nodes":0,"stroke":"#c0d674","fill":"#c0d674","opacity":0.08,"marker_ring":false}},{"type":"Feature","id":"node-density-grid-2:-36:-60","geometry":{"type":"Polygon","coordinates":[[[-60,-36],[-58,-36],[-58,-34],[-60,-34],[-60,-36]]]},"properties":{"name":"2° Density Cell -36,-60","kind":"density-grid","grid_size_degrees":2,"point_count":8,"intensity":0.018265,"networks":{"ipv4":8},"statuses":{"duplicate-location":6,"Unknown":2},"countries":{"AR":8},"sanctioned_nodes":0,"policy_restricted_nodes":0,"threat_infrastructure_nodes":0,"stroke":"#c0d674","fill":"#c0d674","opacity":0.08,"marker_ring":false}},{"type":"Feature","id":"node-density-grid-2:2:100","geometry":{"type":"Polygon","coordinates":[[[100,2],[102,2],[102,4],[100,4],[100,2]]]},"properties":{"name":"2° Density Cell 2,100","kind":"density-grid","grid_size_degrees":2,"point_count":8,"intensity":0.018265,"networks":{"ipv4":8},"statuses":{"Unknown":5,"duplicate-location":3},"countries":{"MY":8},"sanctioned_nodes":0,"policy_restricted_nodes":0,"threat_infrastructure_nodes":0,"stroke":"#c0d674","fill":"#c0d674","opacity":0.08,"marker_ring":false}},{"type":"Feature","id":"node-density-grid-2:30:120","geometry":{"type":"Polygon","coordinates":[[[120,30],[122,30],[122,32],[120,32],[120,30]]]},"properties":{"name":"2° Density Cell 30,120","kind":"density-grid","grid_size_degrees":2,"point_count":8,"intensity":0.018265,"networks":{"ipv4":8},"statuses":{"duplicate-location":8},"countries":{"CN":8},"sanctioned_nodes":0,"policy_restricted_nodes":0,"threat_infrastructure_nodes":0,"stroke":"#c0d674","fill":"#c0d674","opacity":0.08,"marker_ring":false}},{"type":"Feature","id":"node-density-grid-2:32:-120","geometry":{"type":"Polygon","coordinates":[[[-120,32],[-118,32],[-118,34],[-120,34],[-120,32]]]},"properties":{"name":"2° Density Cell 32,-120","kind":"density-grid","grid_size_degrees":2,"point_count":8,"intensity":0.018265,"networks":{"ipv4":8},"statuses":{"Unknown":8},"countries":{"US":8},"sanctioned_nodes":0,"policy_restricted_nodes":0,"threat_infrastructure_nodes":0,"stroke":"#c0d674","fill":"#c0d674","opacity":0.08,"marker_ring":false}},{"type":"Feature","id":"node-density-grid-2:32:-96","geometry":{"type":"Polygon","coordinates":[[[-96,32],[-94,32],[-94,34],[-96,34],[-96,32]]]},"properties":{"name":"2° Density Cell 32,-96","kind":"density-grid","grid_size_degrees":2,"point_count":8,"intensity":0.018265,"networks":{"ipv4":8},"statuses":{"duplicate-location":6,"Unknown":2},"countries":{"US":8},"sanctioned_nodes":0,"policy_restricted_nodes":0,"threat_infrastructure_nodes":0,"stroke":"#c0d674","fill":"#c0d674","opacity":0.08,"marker_ring":false}},{"type":"Feature","id":"node-density-grid-2:38:-84","geometry":{"type":"Polygon","coordinates":[[[-84,38],[-82,38],[-82,40],[-84,40],[-84,38]]]},"properties":{"name":"2° Density Cell 38,-84","kind":"density-grid","grid_size_degrees":2,"point_count":8,"intensity":0.018265,"networks":{"ipv4":8},"statuses":{"duplicate-location":6,"Unknown":2},"countries":{"US":8},"sanctioned_nodes":0,"policy_restricted_nodes":0,"threat_infrastructure_nodes":0,"stroke":"#c0d674","fill":"#c0d674","opacity":0.08,"marker_ring":false}},{"type":"Feature","id":"node-density-grid-2:40:-4","geometry":{"type":"Polygon","coordinates":[[[-4,40],[-2,40],[-2,42],[-4,42],[-4,40]]]},"properties":{"name":"2° Density Cell 40,-4","kind":"density-grid","grid_size_degrees":2,"point_count":8,"intensity":0.018265,"networks":{"ipv4":8},"statuses":{"duplicate-location":5,"Unknown":3},"countries":{"ES":8},"sanctioned_nodes":0,"policy_restricted_nodes":0,"threat_infrastructure_nodes":0,"stroke":"#c0d674","fill":"#c0d674","opacity":0.08,"marker_ring":false}},{"type":"Feature","id":"node-density-grid-2:42:-88","geometry":{"type":"Polygon","coordinates":[[[-88,42],[-86,42],[-86,44],[-88,44],[-88,42]]]},"properties":{"name":"2° Density Cell 42,-88","kind":"density-grid","grid_size_degrees":2,"point_count":8,"intensity":0.018265,"networks":{"ipv4":8},"statuses":{"Unknown":6,"duplicate-location":2},"countries":{"US":8},"sanctioned_nodes":0,"policy_restricted_nodes":0,"threat_infrastructure_nodes":0,"stroke":"#c0d674","fill":"#c0d674","opacity":0.08,"marker_ring":false}},{"type":"Feature","id":"node-density-grid-2:42:-78","geometry":{"type":"Polygon","coordinates":[[[-78,42],[-76,42],[-76,44],[-78,44],[-78,42]]]},"properties":{"name":"2° Density Cell 42,-78","kind":"density-grid","grid_size_degrees":2,"point_count":8,"intensity":0.018265,"networks":{"ipv4":8},"statuses":{"Unknown":5,"duplicate-location":3},"countries":{"US":8},"sanctioned_nodes":0,"policy_restricted_nodes":0,"threat_infrastructure_nodes":0,"stroke":"#c0d674","fill":"#c0d674","opacity":0.08,"marker_ring":false}},{"type":"Feature","id":"node-density-grid-2:44:-76","geometry":{"type":"Polygon","coordinates":[[[-76,44],[-74,44],[-74,46],[-76,46],[-76,44]]]},"properties":{"name":"2° Density Cell 44,-76","kind":"density-grid","grid_size_degrees":2,"point_count":8,"intensity":0.018265,"networks":{"ipv4":8},"statuses":{"Unknown":4,"duplicate-location":4},"countries":{"CA":8},"sanctioned_nodes":0,"policy_restricted_nodes":0,"threat_infrastructure_nodes":0,"stroke":"#c0d674","fill":"#c0d674","opacity":0.08,"marker_ring":false}},{"type":"Feature","id":"node-density-grid-2:60:28","geometry":{"type":"Polygon","coordinates":[[[28,60],[30,60],[30,62],[28,62],[28,60]]]},"properties":{"name":"2° Density Cell 60,28","kind":"density-grid","grid_size_degrees":2,"point_count":8,"intensity":0.018265,"networks":{"ipv4":8},"statuses":{"duplicate-location":8},"countries":{"FI":8},"sanctioned_nodes":0,"policy_restricted_nodes":0,"threat_infrastructure_nodes":0,"stroke":"#c0d674","fill":"#c0d674","opacity":0.08,"marker_ring":false}},{"type":"Feature","id":"node-density-grid-2:24:54","geometry":{"type":"Polygon","coordinates":[[[54,24],[56,24],[56,26],[54,26],[54,24]]]},"properties":{"name":"2° Density Cell 24,54","kind":"density-grid","grid_size_degrees":2,"point_count":7,"intensity":0.015982,"networks":{"ipv4":7},"statuses":{"Unknown":4,"duplicate-location":3},"countries":{"AE":7},"sanctioned_nodes":0,"policy_restricted_nodes":0,"threat_infrastructure_nodes":0,"stroke":"#c0d674","fill":"#c0d674","opacity":0.08,"marker_ring":false}},{"type":"Feature","id":"node-density-grid-2:36:-88","geometry":{"type":"Polygon","coordinates":[[[-88,36],[-86,36],[-86,38],[-88,38],[-88,36]]]},"properties":{"name":"2° Density Cell 36,-88","kind":"density-grid","grid_size_degrees":2,"point_count":7,"intensity":0.015982,"networks":{"ipv4":7},"statuses":{"Unknown":7},"countries":{"US":7},"sanctioned_nodes":0,"policy_restricted_nodes":0,"threat_infrastructure_nodes":0,"stroke":"#c0d674","fill":"#c0d674","opacity":0.08,"marker_ring":false}},{"type":"Feature","id":"node-density-grid-2:38:-120","geometry":{"type":"Polygon","coordinates":[[[-120,38],[-118,38],[-118,40],[-120,40],[-120,38]]]},"properties":{"name":"2° Density Cell 38,-120","kind":"density-grid","grid_size_degrees":2,"point_count":7,"intensity":0.015982,"networks":{"ipv4":7},"statuses":{"Unknown":7},"countries":{"US":7},"sanctioned_nodes":0,"policy_restricted_nodes":0,"threat_infrastructure_nodes":0,"stroke":"#c0d674","fill":"#c0d674","opacity":0.08,"marker_ring":false}},{"type":"Feature","id":"node-density-grid-2:42:-84","geometry":{"type":"Polygon","coordinates":[[[-84,42],[-82,42],[-82,44],[-84,44],[-84,42]]]},"properties":{"name":"2° Density Cell 42,-84","kind":"density-grid","grid_size_degrees":2,"point_count":7,"intensity":0.015982,"networks":{"ipv4":7},"statuses":{"Unknown":7},"countries":{"US":5,"CA":2},"sanctioned_nodes":0,"policy_restricted_nodes":0,"threat_infrastructure_nodes":0,"stroke":"#c0d674","fill":"#c0d674","opacity":0.08,"marker_ring":false}},{"type":"Feature","id":"node-density-grid-2:46:14","geometry":{"type":"Polygon","coordinates":[[[14,46],[16,46],[16,48],[14,48],[14,46]]]},"properties":{"name":"2° Density Cell 46,14","kind":"density-grid","grid_size_degrees":2,"point_count":7,"intensity":0.015982,"networks":{"ipv4":7},"statuses":{"duplicate-location":6,"Unknown":1},"countries":{"AT":4,"SI":3},"sanctioned_nodes":0,"policy_restricted_nodes":0,"threat_infrastructure_nodes":0,"stroke":"#c0d674","fill":"#c0d674","opacity":0.08,"marker_ring":false}},{"type":"Feature","id":"node-density-grid-2:46:28","geometry":{"type":"Polygon","coordinates":[[[28,46],[30,46],[30,48],[28,48],[28,46]]]},"properties":{"name":"2° Density Cell 46,28","kind":"density-grid","grid_size_degrees":2,"point_count":7,"intensity":0.015982,"networks":{"ipv4":7},"statuses":{"duplicate-location":4,"Unknown":3},"countries":{"MD":7},"sanctioned_nodes":0,"policy_restricted_nodes":0,"threat_infrastructure_nodes":0,"stroke":"#c0d674","fill":"#c0d674","opacity":0.08,"marker_ring":false}},{"type":"Feature","id":"node-density-grid-2:56:12","geometry":{"type":"Polygon","coordinates":[[[12,56],[14,56],[14,58],[12,58],[12,56]]]},"properties":{"name":"2° Density Cell 56,12","kind":"density-grid","grid_size_degrees":2,"point_count":7,"intensity":0.015982,"networks":{"ipv4":7},"statuses":{"Unknown":7},"countries":{"SE":7},"sanctioned_nodes":0,"policy_restricted_nodes":0,"threat_infrastructure_nodes":0,"stroke":"#c0d674","fill":"#c0d674","opacity":0.08,"marker_ring":false}},{"type":"Feature","id":"node-density-grid-2:58:10","geometry":{"type":"Polygon","coordinates":[[[10,58],[12,58],[12,60],[10,60],[10,58]]]},"properties":{"name":"2° Density Cell 58,10","kind":"density-grid","grid_size_degrees":2,"point_count":7,"intensity":0.015982,"networks":{"ipv4":7},"statuses":{"duplicate-location":6,"Unknown":1},"countries":{"NO":7},"sanctioned_nodes":0,"policy_restricted_nodes":0,"threat_infrastructure_nodes":0,"stroke":"#c0d674","fill":"#c0d674","opacity":0.08,"marker_ring":false}},{"type":"Feature","id":"node-density-grid-2:-36:138","geometry":{"type":"Polygon","coordinates":[[[138,-36],[140,-36],[140,-34],[138,-34],[138,-36]]]},"properties":{"name":"2° Density Cell -36,138","kind":"density-grid","grid_size_degrees":2,"point_count":6,"intensity":0.013699,"networks":{"ipv4":6},"statuses":{"duplicate-location":4,"Unknown":2},"countries":{"AU":6},"sanctioned_nodes":0,"policy_restricted_nodes":0,"threat_infrastructure_nodes":0,"stroke":"#c0d674","fill":"#c0d674","opacity":0.08,"marker_ring":false}},{"type":"Feature","id":"node-density-grid-2:38:-10","geometry":{"type":"Polygon","coordinates":[[[-10,38],[-8,38],[-8,40],[-10,40],[-10,38]]]},"properties":{"name":"2° Density Cell 38,-10","kind":"density-grid","grid_size_degrees":2,"point_count":6,"intensity":0.013699,"networks":{"ipv4":6},"statuses":{"Unknown":4,"duplicate-location":2},"countries":{"PT":6},"sanctioned_nodes":0,"policy_restricted_nodes":0,"threat_infrastructure_nodes":0,"stroke":"#c0d674","fill":"#c0d674","opacity":0.08,"marker_ring":false}},{"type":"Feature","id":"node-density-grid-2:38:-2","geometry":{"type":"Polygon","coordinates":[[[-2,38],[0,38],[0,40],[-2,40],[-2,38]]]},"properties":{"name":"2° Density Cell 38,-2","kind":"density-grid","grid_size_degrees":2,"point_count":6,"intensity":0.013699,"networks":{"ipv4":6},"statuses":{"Unknown":6},"countries":{"ES":6},"sanctioned_nodes":0,"policy_restricted_nodes":0,"threat_infrastructure_nodes":0,"stroke":"#c0d674","fill":"#c0d674","opacity":0.08,"marker_ring":false}},{"type":"Feature","id":"node-density-grid-2:40:-106","geometry":{"type":"Polygon","coordinates":[[[-106,40],[-104,40],[-104,42],[-106,42],[-106,40]]]},"properties":{"name":"2° Density Cell 40,-106","kind":"density-grid","grid_size_degrees":2,"point_count":6,"intensity":0.013699,"networks":{"ipv4":6},"statuses":{"Unknown":3,"duplicate-location":3},"countries":{"US":6},"sanctioned_nodes":0,"policy_restricted_nodes":0,"threat_infrastructure_nodes":0,"stroke":"#c0d674","fill":"#c0d674","opacity":0.08,"marker_ring":false}},{"type":"Feature","id":"node-density-grid-2:40:-94","geometry":{"type":"Polygon","coordinates":[[[-94,40],[-92,40],[-92,42],[-94,42],[-94,40]]]},"properties":{"name":"2° Density Cell 40,-94","kind":"density-grid","grid_size_degrees":2,"point_count":6,"intensity":0.013699,"networks":{"ipv4":6},"statuses":{"duplicate-location":4,"Unknown":2},"countries":{"US":6},"sanctioned_nodes":0,"policy_restricted_nodes":0,"threat_infrastructure_nodes":0,"stroke":"#c0d674","fill":"#c0d674","opacity":0.08,"marker_ring":false}},{"type":"Feature","id":"node-density-grid-2:40:-80","geometry":{"type":"Polygon","coordinates":[[[-80,40],[-78,40],[-78,42],[-80,42],[-80,40]]]},"properties":{"name":"2° Density Cell 40,-80","kind":"density-grid","grid_size_degrees":2,"point_count":6,"intensity":0.013699,"networks":{"ipv4":6},"statuses":{"duplicate-location":4,"Unknown":2},"countries":{"US":6},"sanctioned_nodes":0,"policy_restricted_nodes":0,"threat_infrastructure_nodes":0,"stroke":"#c0d674","fill":"#c0d674","opacity":0.08,"marker_ring":false}},{"type":"Feature","id":"node-density-grid-2:40:2","geometry":{"type":"Polygon","coordinates":[[[2,40],[4,40],[4,42],[2,42],[2,40]]]},"properties":{"name":"2° Density Cell 40,2","kind":"density-grid","grid_size_degrees":2,"point_count":6,"intensity":0.013699,"networks":{"ipv4":6},"statuses":{"Unknown":4,"duplicate-location":2},"countries":{"ES":6},"sanctioned_nodes":0,"policy_restricted_nodes":0,"threat_infrastructure_nodes":0,"stroke":"#c0d674","fill":"#c0d674","opacity":0.08,"marker_ring":false}},{"type":"Feature","id":"node-density-grid-2:42:-92","geometry":{"type":"Polygon","coordinates":[[[-92,42],[-90,42],[-90,44],[-92,44],[-92,42]]]},"properties":{"name":"2° Density Cell 42,-92","kind":"density-grid","grid_size_degrees":2,"point_count":6,"intensity":0.013699,"networks":{"ipv4":6},"statuses":{"Unknown":4,"duplicate-location":2},"countries":{"US":6},"sanctioned_nodes":0,"policy_restricted_nodes":0,"threat_infrastructure_nodes":0,"stroke":"#c0d674","fill":"#c0d674","opacity":0.08,"marker_ring":false}},{"type":"Feature","id":"node-density-grid-2:42:-74","geometry":{"type":"Polygon","coordinates":[[[-74,42],[-72,42],[-72,44],[-74,44],[-74,42]]]},"properties":{"name":"2° Density Cell 42,-74","kind":"density-grid","grid_size_degrees":2,"point_count":6,"intensity":0.013699,"networks":{"ipv4":6},"statuses":{"Unknown":6},"countries":{"US":6},"sanctioned_nodes":0,"policy_restricted_nodes":0,"threat_infrastructure_nodes":0,"stroke":"#c0d674","fill":"#c0d674","opacity":0.08,"marker_ring":false}},{"type":"Feature","id":"node-density-grid-2:42:4","geometry":{"type":"Polygon","coordinates":[[[4,42],[6,42],[6,44],[4,44],[4,42]]]},"properties":{"name":"2° Density Cell 42,4","kind":"density-grid","grid_size_degrees":2,"point_count":6,"intensity":0.013699,"networks":{"ipv4":6},"statuses":{"duplicate-location":5,"Unknown":1},"countries":{"FR":6},"sanctioned_nodes":0,"policy_restricted_nodes":0,"threat_infrastructure_nodes":0,"stroke":"#c0d674","fill":"#c0d674","opacity":0.08,"marker_ring":false}},{"type":"Feature","id":"node-density-grid-2:48:-98","geometry":{"type":"Polygon","coordinates":[[[-98,48],[-96,48],[-96,50],[-98,50],[-98,48]]]},"properties":{"name":"2° Density Cell 48,-98","kind":"density-grid","grid_size_degrees":2,"point_count":6,"intensity":0.013699,"networks":{"ipv4":6},"statuses":{"duplicate-location":5,"Unknown":1},"countries":{"CA":6},"sanctioned_nodes":0,"policy_restricted_nodes":0,"threat_infrastructure_nodes":0,"stroke":"#c0d674","fill":"#c0d674","opacity":0.08,"marker_ring":false}},{"type":"Feature","id":"node-density-grid-2:48:18","geometry":{"type":"Polygon","coordinates":[[[18,48],[20,48],[20,50],[18,50],[18,48]]]},"properties":{"name":"2° Density Cell 48,18","kind":"density-grid","grid_size_degrees":2,"point_count":6,"intensity":0.013699,"networks":{"ipv4":6},"statuses":{"Unknown":6},"countries":{"CZ":3,"SK":2,"PL":1},"sanctioned_nodes":0,"policy_restricted_nodes":0,"threat_infrastructure_nodes":0,"stroke":"#c0d674","fill":"#c0d674","opacity":0.08,"marker_ring":false}},{"type":"Feature","id":"node-density-grid-2:48:36","geometry":{"type":"Polygon","coordinates":[[[36,48],[38,48],[38,50],[36,50],[36,48]]]},"properties":{"name":"2° Density Cell 48,36","kind":"density-grid","grid_size_degrees":2,"point_count":6,"intensity":0.013699,"networks":{"ipv4":6},"statuses":{"duplicate-location":5,"Unknown":1},"countries":{"UA":6},"sanctioned_nodes":0,"policy_restricted_nodes":0,"threat_infrastructure_nodes":0,"stroke":"#c0d674","fill":"#c0d674","opacity":0.08,"marker_ring":false}},{"type":"Feature","id":"node-density-grid-2:50:-4","geometry":{"type":"Polygon","coordinates":[[[-4,50],[-2,50],[-2,52],[-4,52],[-4,50]]]},"properties":{"name":"2° Density Cell 50,-4","kind":"density-grid","grid_size_degrees":2,"point_count":6,"intensity":0.013699,"networks":{"ipv4":6},"statuses":{"Unknown":6},"countries":{"GB":6},"sanctioned_nodes":0,"policy_restricted_nodes":0,"threat_infrastructure_nodes":0,"stroke":"#c0d674","fill":"#c0d674","opacity":0.08,"marker_ring":false}},{"type":"Feature","id":"node-density-grid-2:50:16","geometry":{"type":"Polygon","coordinates":[[[16,50],[18,50],[18,52],[16,52],[16,50]]]},"properties":{"name":"2° Density Cell 50,16","kind":"density-grid","grid_size_degrees":2,"point_count":6,"intensity":0.013699,"networks":{"ipv4":6},"statuses":{"duplicate-location":4,"Unknown":2},"countries":{"PL":6},"sanctioned_nodes":0,"policy_restricted_nodes":0,"threat_infrastructure_nodes":0,"stroke":"#c0d674","fill":"#c0d674","opacity":0.08,"marker_ring":false}},{"type":"Feature","id":"node-density-grid-2:56:10","geometry":{"type":"Polygon","coordinates":[[[10,56],[12,56],[12,58],[10,58],[10,56]]]},"properties":{"name":"2° Density Cell 56,10","kind":"density-grid","grid_size_degrees":2,"point_count":6,"intensity":0.013699,"networks":{"ipv4":6},"statuses":{"Unknown":4,"duplicate-location":2},"countries":{"SE":4,"DK":2},"sanctioned_nodes":0,"policy_restricted_nodes":0,"threat_infrastructure_nodes":0,"stroke":"#c0d674","fill":"#c0d674","opacity":0.08,"marker_ring":false}},{"type":"Feature","id":"node-density-grid-2:-34:-72","geometry":{"type":"Polygon","coordinates":[[[-72,-34],[-70,-34],[-70,-32],[-72,-32],[-72,-34]]]},"properties":{"name":"2° Density Cell -34,-72","kind":"density-grid","grid_size_degrees":2,"point_count":5,"intensity":0.011416,"networks":{"ipv4":5},"statuses":{"duplicate-location":4,"Unknown":1},"countries":{"CL":5},"sanctioned_nodes":0,"policy_restricted_nodes":0,"threat_infrastructure_nodes":0,"stroke":"#c0d674","fill":"#c0d674","opacity":0.08,"marker_ring":false}},{"type":"Feature","id":"node-density-grid-2:28:-100","geometry":{"type":"Polygon","coordinates":[[[-100,28],[-98,28],[-98,30],[-100,30],[-100,28]]]},"properties":{"name":"2° Density Cell 28,-100","kind":"density-grid","grid_size_degrees":2,"point_count":5,"intensity":0.011416,"networks":{"ipv4":5},"statuses":{"duplicate-location":4,"Unknown":1},"countries":{"US":5},"sanctioned_nodes":0,"policy_restricted_nodes":0,"threat_infrastructure_nodes":0,"stroke":"#c0d674","fill":"#c0d674","opacity":0.08,"marker_ring":false}},{"type":"Feature","id":"node-density-grid-2:30:-90","geometry":{"type":"Polygon","coordinates":[[[-90,30],[-88,30],[-88,32],[-90,32],[-90,30]]]},"properties":{"name":"2° Density Cell 30,-90","kind":"density-grid","grid_size_degrees":2,"point_count":5,"intensity":0.011416,"networks":{"ipv4":5},"statuses":{"duplicate-location":3,"Unknown":2},"countries":{"US":5},"sanctioned_nodes":0,"policy_restricted_nodes":0,"threat_infrastructure_nodes":0,"stroke":"#c0d674","fill":"#c0d674","opacity":0.08,"marker_ring":false}},{"type":"Feature","id":"node-density-grid-2:32:-88","geometry":{"type":"Polygon","coordinates":[[[-88,32],[-86,32],[-86,34],[-88,34],[-88,32]]]},"properties":{"name":"2° Density Cell 32,-88","kind":"density-grid","grid_size_degrees":2,"point_count":5,"intensity":0.011416,"networks":{"ipv4":5},"statuses":{"Unknown":5},"countries":{"US":5},"sanctioned_nodes":0,"policy_restricted_nodes":0,"threat_infrastructure_nodes":0,"stroke":"#c0d674","fill":"#c0d674","opacity":0.08,"marker_ring":false}},{"type":"Feature","id":"node-density-grid-2:34:-98","geometry":{"type":"Polygon","coordinates":[[[-98,34],[-96,34],[-96,36],[-98,36],[-98,34]]]},"properties":{"name":"2° Density Cell 34,-98","kind":"density-grid","grid_size_degrees":2,"point_count":5,"intensity":0.011416,"networks":{"ipv4":5},"statuses":{"Unknown":5},"countries":{"US":5},"sanctioned_nodes":0,"policy_restricted_nodes":0,"threat_infrastructure_nodes":0,"stroke":"#c0d674","fill":"#c0d674","opacity":0.08,"marker_ring":false}},{"type":"Feature","id":"node-density-grid-2:34:-86","geometry":{"type":"Polygon","coordinates":[[[-86,34],[-84,34],[-84,36],[-86,36],[-86,34]]]},"properties":{"name":"2° Density Cell 34,-86","kind":"density-grid","grid_size_degrees":2,"point_count":5,"intensity":0.011416,"networks":{"ipv4":5},"statuses":{"Unknown":5},"countries":{"US":5},"sanctioned_nodes":0,"policy_restricted_nodes":0,"threat_infrastructure_nodes":0,"stroke":"#c0d674","fill":"#c0d674","opacity":0.08,"marker_ring":false}},{"type":"Feature","id":"node-density-grid-2:38:-90","geometry":{"type":"Polygon","coordinates":[[[-90,38],[-88,38],[-88,40],[-90,40],[-90,38]]]},"properties":{"name":"2° Density Cell 38,-90","kind":"density-grid","grid_size_degrees":2,"point_count":5,"intensity":0.011416,"networks":{"ipv4":5},"statuses":{"Unknown":5},"countries":{"US":5},"sanctioned_nodes":0,"policy_restricted_nodes":0,"threat_infrastructure_nodes":0,"stroke":"#c0d674","fill":"#c0d674","opacity":0.08,"marker_ring":false}},{"type":"Feature","id":"node-density-grid-2:40:-92","geometry":{"type":"Polygon","coordinates":[[[-92,40],[-90,40],[-90,42],[-92,42],[-92,40]]]},"properties":{"name":"2° Density Cell 40,-92","kind":"density-grid","grid_size_degrees":2,"point_count":5,"intensity":0.011416,"networks":{"ipv4":5},"statuses":{"Unknown":3,"duplicate-location":2},"countries":{"US":5},"sanctioned_nodes":0,"policy_restricted_nodes":0,"threat_infrastructure_nodes":0,"stroke":"#c0d674","fill":"#c0d674","opacity":0.08,"marker_ring":false}},{"type":"Feature","id":"node-density-grid-2:42:-118","geometry":{"type":"Polygon","coordinates":[[[-118,42],[-116,42],[-116,44],[-118,44],[-118,42]]]},"properties":{"name":"2° Density Cell 42,-118","kind":"density-grid","grid_size_degrees":2,"point_count":5,"intensity":0.011416,"networks":{"ipv4":5},"statuses":{"duplicate-location":4,"Unknown":1},"countries":{"US":5},"sanctioned_nodes":0,"policy_restricted_nodes":0,"threat_infrastructure_nodes":0,"stroke":"#c0d674","fill":"#c0d674","opacity":0.08,"marker_ring":false}},{"type":"Feature","id":"node-density-grid-2:46:-114","geometry":{"type":"Polygon","coordinates":[[[-114,46],[-112,46],[-112,48],[-114,48],[-114,46]]]},"properties":{"name":"2° Density Cell 46,-114","kind":"density-grid","grid_size_degrees":2,"point_count":5,"intensity":0.011416,"networks":{"ipv4":5},"statuses":{"duplicate-location":4,"Unknown":1},"countries":{"US":5},"sanctioned_nodes":0,"policy_restricted_nodes":0,"threat_infrastructure_nodes":0,"stroke":"#c0d674","fill":"#c0d674","opacity":0.08,"marker_ring":false}},{"type":"Feature","id":"node-density-grid-2:48:12","geometry":{"type":"Polygon","coordinates":[[[12,48],[14,48],[14,50],[12,50],[12,48]]]},"properties":{"name":"2° Density Cell 48,12","kind":"density-grid","grid_size_degrees":2,"point_count":5,"intensity":0.011416,"networks":{"ipv4":5},"statuses":{"Unknown":5},"countries":{"AT":3,"CZ":1,"DE":1},"sanctioned_nodes":0,"policy_restricted_nodes":0,"threat_infrastructure_nodes":0,"stroke":"#c0d674","fill":"#c0d674","opacity":0.08,"marker_ring":false}},{"type":"Feature","id":"node-density-grid-2:50:10","geometry":{"type":"Polygon","coordinates":[[[10,50],[12,50],[12,52],[10,52],[10,50]]]},"properties":{"name":"2° Density Cell 50,10","kind":"density-grid","grid_size_degrees":2,"point_count":5,"intensity":0.011416,"networks":{"ipv4":5},"statuses":{"Unknown":5},"countries":{"DE":5},"sanctioned_nodes":0,"policy_restricted_nodes":0,"threat_infrastructure_nodes":0,"stroke":"#c0d674","fill":"#c0d674","opacity":0.08,"marker_ring":false}},{"type":"Feature","id":"node-density-grid-2:54:12","geometry":{"type":"Polygon","coordinates":[[[12,54],[14,54],[14,56],[12,56],[12,54]]]},"properties":{"name":"2° Density Cell 54,12","kind":"density-grid","grid_size_degrees":2,"point_count":5,"intensity":0.011416,"networks":{"ipv4":5},"statuses":{"Unknown":5},"countries":{"SE":3,"DK":2},"sanctioned_nodes":0,"policy_restricted_nodes":0,"threat_infrastructure_nodes":0,"stroke":"#c0d674","fill":"#c0d674","opacity":0.08,"marker_ring":false}},{"type":"Feature","id":"node-density-grid-2:-36:-58","geometry":{"type":"Polygon","coordinates":[[[-58,-36],[-56,-36],[-56,-34],[-58,-34],[-58,-36]]]},"properties":{"name":"2° Density Cell -36,-58","kind":"density-grid","grid_size_degrees":2,"point_count":4,"intensity":0.009132,"networks":{"ipv4":4},"statuses":{"Unknown":2,"duplicate-location":2},"countries":{"AR":2,"UY":2},"sanctioned_nodes":0,"policy_restricted_nodes":0,"threat_infrastructure_nodes":0,"stroke":"#c0d674","fill":"#c0d674","opacity":0.08,"marker_ring":false}},{"type":"Feature","id":"node-density-grid-2:-30:-52","geometry":{"type":"Polygon","coordinates":[[[-52,-30],[-50,-30],[-50,-28],[-52,-28],[-52,-30]]]},"properties":{"name":"2° Density Cell -30,-52","kind":"density-grid","grid_size_degrees":2,"point_count":4,"intensity":0.009132,"networks":{"ipv4":4},"statuses":{"Unknown":4},"countries":{"BR":4},"sanctioned_nodes":0,"policy_restricted_nodes":0,"threat_infrastructure_nodes":0,"stroke":"#c0d674","fill":"#c0d674","opacity":0.08,"marker_ring":false}},{"type":"Feature","id":"node-density-grid-2:-24:-50","geometry":{"type":"Polygon","coordinates":[[[-50,-24],[-48,-24],[-48,-22],[-50,-22],[-50,-24]]]},"properties":{"name":"2° Density Cell -24,-50","kind":"density-grid","grid_size_degrees":2,"point_count":4,"intensity":0.009132,"networks":{"ipv4":4},"statuses":{"Unknown":2,"duplicate-location":2},"countries":{"BR":4},"sanctioned_nodes":0,"policy_restricted_nodes":0,"threat_infrastructure_nodes":0,"stroke":"#c0d674","fill":"#c0d674","opacity":0.08,"marker_ring":false}},{"type":"Feature","id":"node-density-grid-2:-20:-44","geometry":{"type":"Polygon","coordinates":[[[-44,-20],[-42,-20],[-42,-18],[-44,-18],[-44,-20]]]},"properties":{"name":"2° Density Cell -20,-44","kind":"density-grid","grid_size_degrees":2,"point_count":4,"intensity":0.009132,"networks":{"ipv4":4},"statuses":{"Unknown":2,"duplicate-location":2},"countries":{"BR":4},"sanctioned_nodes":0,"policy_restricted_nodes":0,"threat_infrastructure_nodes":0,"stroke":"#c0d674","fill":"#c0d674","opacity":0.08,"marker_ring":false}},{"type":"Feature","id":"node-density-grid-2:12:76","geometry":{"type":"Polygon","coordinates":[[[76,12],[78,12],[78,14],[76,14],[76,12]]]},"properties":{"name":"2° Density Cell 12,76","kind":"density-grid","grid_size_degrees":2,"point_count":4,"intensity":0.009132,"networks":{"ipv4":4},"statuses":{"duplicate-location":3,"Unknown":1},"countries":{"IN":4},"sanctioned_nodes":0,"policy_restricted_nodes":0,"threat_infrastructure_nodes":0,"stroke":"#c0d674","fill":"#c0d674","opacity":0.08,"marker_ring":false}},{"type":"Feature","id":"node-density-grid-2:20:-158","geometry":{"type":"Polygon","coordinates":[[[-158,20],[-156,20],[-156,22],[-158,22],[-158,20]]]},"properties":{"name":"2° Density Cell 20,-158","kind":"density-grid","grid_size_degrees":2,"point_count":4,"intensity":0.009132,"networks":{"ipv4":4},"statuses":{"Unknown":2,"duplicate-location":2},"countries":{"US":4},"sanctioned_nodes":0,"policy_restricted_nodes":0,"threat_infrastructure_nodes":0,"stroke":"#c0d674","fill":"#c0d674","opacity":0.08,"marker_ring":false}},{"type":"Feature","id":"node-density-grid-2:22:112","geometry":{"type":"Polygon","coordinates":[[[112,22],[114,22],[114,24],[112,24],[112,22]]]},"properties":{"name":"2° Density Cell 22,112","kind":"density-grid","grid_size_degrees":2,"point_count":4,"intensity":0.009132,"networks":{"ipv4":4},"statuses":{"Unknown":2,"duplicate-location":2},"countries":{"CN":3,"MO":1},"sanctioned_nodes":0,"policy_restricted_nodes":0,"threat_infrastructure_nodes":0,"stroke":"#c0d674","fill":"#c0d674","opacity":0.08,"marker_ring":false}},{"type":"Feature","id":"node-density-grid-2:28:-98","geometry":{"type":"Polygon","coordinates":[[[-98,28],[-96,28],[-96,30],[-98,30],[-98,28]]]},"properties":{"name":"2° Density Cell 28,-98","kind":"density-grid","grid_size_degrees":2,"point_count":4,"intensity":0.009132,"networks":{"ipv4":4},"statuses":{"duplicate-location":3,"Unknown":1},"countries":{"US":4},"sanctioned_nodes":0,"policy_restricted_nodes":0,"threat_infrastructure_nodes":0,"stroke":"#c0d674","fill":"#c0d674","opacity":0.08,"marker_ring":false}},{"type":"Feature","id":"node-density-grid-2:28:-92","geometry":{"type":"Polygon","coordinates":[[[-92,28],[-90,28],[-90,30],[-92,30],[-92,28]]]},"properties":{"name":"2° Density Cell 28,-92","kind":"density-grid","grid_size_degrees":2,"point_count":4,"intensity":0.009132,"networks":{"ipv4":4},"statuses":{"duplicate-location":4},"countries":{"US":4},"sanctioned_nodes":0,"policy_restricted_nodes":0,"threat_infrastructure_nodes":0,"stroke":"#c0d674","fill":"#c0d674","opacity":0.08,"marker_ring":false}},{"type":"Feature","id":"node-density-grid-2:30:-96","geometry":{"type":"Polygon","coordinates":[[[-96,30],[-94,30],[-94,32],[-96,32],[-96,30]]]},"properties":{"name":"2° Density Cell 30,-96","kind":"density-grid","grid_size_degrees":2,"point_count":4,"intensity":0.009132,"networks":{"ipv4":4},"statuses":{"Unknown":4},"countries":{"US":4},"sanctioned_nodes":0,"policy_restricted_nodes":0,"threat_infrastructure_nodes":0,"stroke":"#c0d674","fill":"#c0d674","opacity":0.08,"marker_ring":false}},{"type":"Feature","id":"node-density-grid-2:30:104","geometry":{"type":"Polygon","coordinates":[[[104,30],[106,30],[106,32],[104,32],[104,30]]]},"properties":{"name":"2° Density Cell 30,104","kind":"density-grid","grid_size_degrees":2,"point_count":4,"intensity":0.009132,"networks":{"ipv4":4},"statuses":{"duplicate-location":4},"countries":{"CN":4},"sanctioned_nodes":0,"policy_restricted_nodes":0,"threat_infrastructure_nodes":0,"stroke":"#c0d674","fill":"#c0d674","opacity":0.08,"marker_ring":false}},{"type":"Feature","id":"node-density-grid-2:34:126","geometry":{"type":"Polygon","coordinates":[[[126,34],[128,34],[128,36],[126,36],[126,34]]]},"properties":{"name":"2° Density Cell 34,126","kind":"density-grid","grid_size_degrees":2,"point_count":4,"intensity":0.009132,"networks":{"ipv4":4},"statuses":{"Unknown":2,"duplicate-location":2},"countries":{"KR":4},"sanctioned_nodes":0,"policy_restricted_nodes":0,"threat_infrastructure_nodes":0,"stroke":"#c0d674","fill":"#c0d674","opacity":0.08,"marker_ring":false}},{"type":"Feature","id":"node-density-grid-2:34:128","geometry":{"type":"Polygon","coordinates":[[[128,34],[130,34],[130,36],[128,36],[128,34]]]},"properties":{"name":"2° Density Cell 34,128","kind":"density-grid","grid_size_degrees":2,"point_count":4,"intensity":0.009132,"networks":{"ipv4":4},"statuses":{"Unknown":4},"countries":{"KR":4},"sanctioned_nodes":0,"policy_restricted_nodes":0,"threat_infrastructure_nodes":0,"stroke":"#c0d674","fill":"#c0d674","opacity":0.08,"marker_ring":false}},{"type":"Feature","id":"node-density-grid-2:36:-90","geometry":{"type":"Polygon","coordinates":[[[-90,36],[-88,36],[-88,38],[-90,38],[-90,36]]]},"properties":{"name":"2° Density Cell 36,-90","kind":"density-grid","grid_size_degrees":2,"point_count":4,"intensity":0.009132,"networks":{"ipv4":4},"statuses":{"Unknown":2,"duplicate-location":2},"countries":{"US":4},"sanctioned_nodes":0,"policy_restricted_nodes":0,"threat_infrastructure_nodes":0,"stroke":"#c0d674","fill":"#c0d674","opacity":0.08,"marker_ring":false}},{"type":"Feature","id":"node-density-grid-2:38:-122","geometry":{"type":"Polygon","coordinates":[[[-122,38],[-120,38],[-120,40],[-122,40],[-122,38]]]},"properties":{"name":"2° Density Cell 38,-122","kind":"density-grid","grid_size_degrees":2,"point_count":4,"intensity":0.009132,"networks":{"ipv4":4},"statuses":{"Unknown":4},"countries":{"US":4},"sanctioned_nodes":0,"policy_restricted_nodes":0,"threat_infrastructure_nodes":0,"stroke":"#c0d674","fill":"#c0d674","opacity":0.08,"marker_ring":false}},{"type":"Feature","id":"node-density-grid-2:38:-108","geometry":{"type":"Polygon","coordinates":[[[-108,38],[-106,38],[-106,40],[-108,40],[-108,38]]]},"properties":{"name":"2° Density Cell 38,-108","kind":"density-grid","grid_size_degrees":2,"point_count":4,"intensity":0.009132,"networks":{"ipv4":4},"statuses":{"duplicate-location":4},"countries":{"US":4},"sanctioned_nodes":0,"policy_restricted_nodes":0,"threat_infrastructure_nodes":0,"stroke":"#c0d674","fill":"#c0d674","opacity":0.08,"marker_ring":false}},{"type":"Feature","id":"node-density-grid-2:40:-86","geometry":{"type":"Polygon","coordinates":[[[-86,40],[-84,40],[-84,42],[-86,42],[-86,40]]]},"properties":{"name":"2° Density Cell 40,-86","kind":"density-grid","grid_size_degrees":2,"point_count":4,"intensity":0.009132,"networks":{"ipv4":4},"statuses":{"Unknown":2,"duplicate-location":2},"countries":{"US":4},"sanctioned_nodes":0,"policy_restricted_nodes":0,"threat_infrastructure_nodes":0,"stroke":"#c0d674","fill":"#c0d674","opacity":0.08,"marker_ring":false}},{"type":"Feature","id":"node-density-grid-2:40:-72","geometry":{"type":"Polygon","coordinates":[[[-72,40],[-70,40],[-70,42],[-72,42],[-72,40]]]},"properties":{"name":"2° Density Cell 40,-72","kind":"density-grid","grid_size_degrees":2,"point_count":4,"intensity":0.009132,"networks":{"ipv4":4},"statuses":{"Unknown":4},"countries":{"US":4},"sanctioned_nodes":0,"policy_restricted_nodes":0,"threat_infrastructure_nodes":0,"stroke":"#c0d674","fill":"#c0d674","opacity":0.08,"marker_ring":false}},{"type":"Feature","id":"node-density-grid-2:40:-10","geometry":{"type":"Polygon","coordinates":[[[-10,40],[-8,40],[-8,42],[-10,42],[-10,40]]]},"properties":{"name":"2° Density Cell 40,-10","kind":"density-grid","grid_size_degrees":2,"point_count":4,"intensity":0.009132,"networks":{"ipv4":4},"statuses":{"Unknown":4},"countries":{"PT":4},"sanctioned_nodes":0,"policy_restricted_nodes":0,"threat_infrastructure_nodes":0,"stroke":"#c0d674","fill":"#c0d674","opacity":0.08,"marker_ring":false}},{"type":"Feature","id":"node-density-grid-2:40:28","geometry":{"type":"Polygon","coordinates":[[[28,40],[30,40],[30,42],[28,42],[28,40]]]},"properties":{"name":"2° Density Cell 40,28","kind":"density-grid","grid_size_degrees":2,"point_count":4,"intensity":0.009132,"networks":{"ipv4":4},"statuses":{"Unknown":2,"duplicate-location":2},"countries":{"TR":4},"sanctioned_nodes":0,"policy_restricted_nodes":0,"threat_infrastructure_nodes":0,"stroke":"#c0d674","fill":"#c0d674","opacity":0.08,"marker_ring":false}},{"type":"Feature","id":"node-density-grid-2:42:-82","geometry":{"type":"Polygon","coordinates":[[[-82,42],[-80,42],[-80,44],[-82,44],[-82,42]]]},"properties":{"name":"2° Density Cell 42,-82","kind":"density-grid","grid_size_degrees":2,"point_count":4,"intensity":0.009132,"networks":{"ipv4":4},"statuses":{"Unknown":4},"countries":{"CA":4},"sanctioned_nodes":0,"policy_restricted_nodes":0,"threat_infrastructure_nodes":0,"stroke":"#c0d674","fill":"#c0d674","opacity":0.08,"marker_ring":false}},{"type":"Feature","id":"node-density-grid-2:42:10","geometry":{"type":"Polygon","coordinates":[[[10,42],[12,42],[12,44],[10,44],[10,42]]]},"properties":{"name":"2° Density Cell 42,10","kind":"density-grid","grid_size_degrees":2,"point_count":4,"intensity":0.009132,"networks":{"ipv4":4},"statuses":{"Unknown":2,"duplicate-location":2},"countries":{"IT":4},"sanctioned_nodes":0,"policy_restricted_nodes":0,"threat_infrastructure_nodes":0,"stroke":"#c0d674","fill":"#c0d674","opacity":0.08,"marker_ring":false}},{"type":"Feature","id":"node-density-grid-2:44:-80","geometry":{"type":"Polygon","coordinates":[[[-80,44],[-78,44],[-78,46],[-80,46],[-80,44]]]},"properties":{"name":"2° Density Cell 44,-80","kind":"density-grid","grid_size_degrees":2,"point_count":4,"intensity":0.009132,"networks":{"ipv4":4},"statuses":{"Unknown":2,"duplicate-location":2},"countries":{"CA":4},"sanctioned_nodes":0,"policy_restricted_nodes":0,"threat_infrastructure_nodes":0,"stroke":"#c0d674","fill":"#c0d674","opacity":0.08,"marker_ring":false}},{"type":"Feature","id":"node-density-grid-2:46:-118","geometry":{"type":"Polygon","coordinates":[[[-118,46],[-116,46],[-116,48],[-118,48],[-118,46]]]},"properties":{"name":"2° Density Cell 46,-118","kind":"density-grid","grid_size_degrees":2,"point_count":4,"intensity":0.009132,"networks":{"ipv4":4},"statuses":{"Unknown":4},"countries":{"US":4},"sanctioned_nodes":0,"policy_restricted_nodes":0,"threat_infrastructure_nodes":0,"stroke":"#c0d674","fill":"#c0d674","opacity":0.08,"marker_ring":false}},{"type":"Feature","id":"node-density-grid-2:46:12","geometry":{"type":"Polygon","coordinates":[[[12,46],[14,46],[14,48],[12,48],[12,46]]]},"properties":{"name":"2° Density Cell 46,12","kind":"density-grid","grid_size_degrees":2,"point_count":4,"intensity":0.009132,"networks":{"ipv4":4},"statuses":{"Unknown":4},"countries":{"AT":2,"DE":2},"sanctioned_nodes":0,"policy_restricted_nodes":0,"threat_infrastructure_nodes":0,"stroke":"#c0d674","fill":"#c0d674","opacity":0.08,"marker_ring":false}},{"type":"Feature","id":"node-density-grid-2:48:14","geometry":{"type":"Polygon","coordinates":[[[14,48],[16,48],[16,50],[14,50],[14,48]]]},"properties":{"name":"2° Density Cell 48,14","kind":"density-grid","grid_size_degrees":2,"point_count":4,"intensity":0.009132,"networks":{"ipv4":4},"statuses":{"Unknown":4},"countries":{"CZ":3,"AT":1},"sanctioned_nodes":0,"policy_restricted_nodes":0,"threat_infrastructure_nodes":0,"stroke":"#c0d674","fill":"#c0d674","opacity":0.08,"marker_ring":false}},{"type":"Feature","id":"node-density-grid-2:52:10","geometry":{"type":"Polygon","coordinates":[[[10,52],[12,52],[12,54],[10,54],[10,52]]]},"properties":{"name":"2° Density Cell 52,10","kind":"density-grid","grid_size_degrees":2,"point_count":4,"intensity":0.009132,"networks":{"ipv4":4},"statuses":{"Unknown":4},"countries":{"DE":4},"sanctioned_nodes":0,"policy_restricted_nodes":0,"threat_infrastructure_nodes":0,"stroke":"#c0d674","fill":"#c0d674","opacity":0.08,"marker_ring":false}},{"type":"Feature","id":"node-density-grid-2:54:18","geometry":{"type":"Polygon","coordinates":[[[18,54],[20,54],[20,56],[18,56],[18,54]]]},"properties":{"name":"2° Density Cell 54,18","kind":"density-grid","grid_size_degrees":2,"point_count":4,"intensity":0.009132,"networks":{"ipv4":4},"statuses":{"Unknown":4},"countries":{"PL":4},"sanctioned_nodes":0,"policy_restricted_nodes":0,"threat_infrastructure_nodes":0,"stroke":"#c0d674","fill":"#c0d674","opacity":0.08,"marker_ring":false}},{"type":"Feature","id":"node-density-grid-2:54:22","geometry":{"type":"Polygon","coordinates":[[[22,54],[24,54],[24,56],[22,56],[22,54]]]},"properties":{"name":"2° Density Cell 54,22","kind":"density-grid","grid_size_degrees":2,"point_count":4,"intensity":0.009132,"networks":{"ipv4":4},"statuses":{"duplicate-location":3,"Unknown":1},"countries":{"LT":4},"sanctioned_nodes":0,"policy_restricted_nodes":0,"threat_infrastructure_nodes":0,"stroke":"#c0d674","fill":"#c0d674","opacity":0.08,"marker_ring":false}},{"type":"Feature","id":"node-density-grid-2:56:24","geometry":{"type":"Polygon","coordinates":[[[24,56],[26,56],[26,58],[24,58],[24,56]]]},"properties":{"name":"2° Density Cell 56,24","kind":"density-grid","grid_size_degrees":2,"point_count":4,"intensity":0.009132,"networks":{"ipv4":4},"statuses":{"Unknown":2,"duplicate-location":2},"countries":{"LV":4},"sanctioned_nodes":0,"policy_restricted_nodes":0,"threat_infrastructure_nodes":0,"stroke":"#c0d674","fill":"#c0d674","opacity":0.08,"marker_ring":false}},{"type":"Feature","id":"node-density-grid-2:58:24","geometry":{"type":"Polygon","coordinates":[[[24,58],[26,58],[26,60],[24,60],[24,58]]]},"properties":{"name":"2° Density Cell 58,24","kind":"density-grid","grid_size_degrees":2,"point_count":4,"intensity":0.009132,"networks":{"ipv4":4},"statuses":{"Unknown":2,"duplicate-location":2},"countries":{"EE":4},"sanctioned_nodes":0,"policy_restricted_nodes":0,"threat_infrastructure_nodes":0,"stroke":"#c0d674","fill":"#c0d674","opacity":0.08,"marker_ring":false}},{"type":"Feature","id":"node-density-grid-2:64:-22","geometry":{"type":"Polygon","coordinates":[[[-22,64],[-20,64],[-20,66],[-22,66],[-22,64]]]},"properties":{"name":"2° Density Cell 64,-22","kind":"density-grid","grid_size_degrees":2,"point_count":4,"intensity":0.009132,"networks":{"ipv4":4},"statuses":{"Unknown":4},"countries":{"IS":4},"sanctioned_nodes":0,"policy_restricted_nodes":0,"threat_infrastructure_nodes":0,"stroke":"#c0d674","fill":"#c0d674","opacity":0.08,"marker_ring":false}},{"type":"Feature","id":"node-density-grid-2:-46:168","geometry":{"type":"Polygon","coordinates":[[[168,-46],[170,-46],[170,-44],[168,-44],[168,-46]]]},"properties":{"name":"2° Density Cell -46,168","kind":"density-grid","grid_size_degrees":2,"point_count":3,"intensity":0.006849,"networks":{"ipv4":3},"statuses":{"Unknown":3},"countries":{"NZ":3},"sanctioned_nodes":0,"policy_restricted_nodes":0,"threat_infrastructure_nodes":0,"stroke":"#c0d674","fill":"#c0d674","opacity":0.08,"marker_ring":false}},{"type":"Feature","id":"node-density-grid-2:-40:144","geometry":{"type":"Polygon","coordinates":[[[144,-40],[146,-40],[146,-38],[144,-38],[144,-40]]]},"properties":{"name":"2° Density Cell -40,144","kind":"density-grid","grid_size_degrees":2,"point_count":3,"intensity":0.006849,"networks":{"ipv4":3},"statuses":{"Unknown":3},"countries":{"AU":3},"sanctioned_nodes":0,"policy_restricted_nodes":0,"threat_infrastructure_nodes":0,"stroke":"#c0d674","fill":"#c0d674","opacity":0.08,"marker_ring":false}},{"type":"Feature","id":"node-density-grid-2:-30:152","geometry":{"type":"Polygon","coordinates":[[[152,-30],[154,-30],[154,-28],[152,-28],[152,-30]]]},"properties":{"name":"2° Density Cell -30,152","kind":"density-grid","grid_size_degrees":2,"point_count":3,"intensity":0.006849,"networks":{"ipv4":3},"statuses":{"duplicate-location":2,"Unknown":1},"countries":{"AU":3},"sanctioned_nodes":0,"policy_restricted_nodes":0,"threat_infrastructure_nodes":0,"stroke":"#c0d674","fill":"#c0d674","opacity":0.08,"marker_ring":false}},{"type":"Feature","id":"node-density-grid-2:-28:-50","geometry":{"type":"Polygon","coordinates":[[[-50,-28],[-48,-28],[-48,-26],[-50,-26],[-50,-28]]]},"properties":{"name":"2° Density Cell -28,-50","kind":"density-grid","grid_size_degrees":2,"point_count":3,"intensity":0.006849,"networks":{"ipv4":3},"statuses":{"Unknown":3},"countries":{"BR":3},"sanctioned_nodes":0,"policy_restricted_nodes":0,"threat_infrastructure_nodes":0,"stroke":"#c0d674","fill":"#c0d674","opacity":0.08,"marker_ring":false}},{"type":"Feature","id":"node-density-grid-2:8:-86","geometry":{"type":"Polygon","coordinates":[[[-86,8],[-84,8],[-84,10],[-86,10],[-86,8]]]},"properties":{"name":"2° Density Cell 8,-86","kind":"density-grid","grid_size_degrees":2,"point_count":3,"intensity":0.006849,"networks":{"ipv4":3},"statuses":{"duplicate-location":2,"Unknown":1},"countries":{"CR":3},"sanctioned_nodes":0,"policy_restricted_nodes":0,"threat_infrastructure_nodes":0,"stroke":"#c0d674","fill":"#c0d674","opacity":0.08,"marker_ring":false}},{"type":"Feature","id":"node-density-grid-2:18:-100","geometry":{"type":"Polygon","coordinates":[[[-100,18],[-98,18],[-98,20],[-100,20],[-100,18]]]},"properties":{"name":"2° Density Cell 18,-100","kind":"density-grid","grid_size_degrees":2,"point_count":3,"intensity":0.006849,"networks":{"ipv4":3},"statuses":{"Unknown":3},"countries":{"MX":3},"sanctioned_nodes":0,"policy_restricted_nodes":0,"threat_infrastructure_nodes":0,"stroke":"#c0d674","fill":"#c0d674","opacity":0.08,"marker_ring":false}},{"type":"Feature","id":"node-density-grid-2:24:46","geometry":{"type":"Polygon","coordinates":[[[46,24],[48,24],[48,26],[46,26],[46,24]]]},"properties":{"name":"2° Density Cell 24,46","kind":"density-grid","grid_size_degrees":2,"point_count":3,"intensity":0.006849,"networks":{"ipv4":3},"statuses":{"duplicate-location":2,"Unknown":1},"countries":{"SA":3},"sanctioned_nodes":0,"policy_restricted_nodes":0,"threat_infrastructure_nodes":0,"stroke":"#c0d674","fill":"#c0d674","opacity":0.08,"marker_ring":false}},{"type":"Feature","id":"node-density-grid-2:30:-88","geometry":{"type":"Polygon","coordinates":[[[-88,30],[-86,30],[-86,32],[-88,32],[-88,30]]]},"properties":{"name":"2° Density Cell 30,-88","kind":"density-grid","grid_size_degrees":2,"point_count":3,"intensity":0.006849,"networks":{"ipv4":3},"statuses":{"Unknown":3},"countries":{"US":3},"sanctioned_nodes":0,"policy_restricted_nodes":0,"threat_infrastructure_nodes":0,"stroke":"#c0d674","fill":"#c0d674","opacity":0.08,"marker_ring":false}},{"type":"Feature","id":"node-density-grid-2:30:-82","geometry":{"type":"Polygon","coordinates":[[[-82,30],[-80,30],[-80,32],[-82,32],[-82,30]]]},"properties":{"name":"2° Density Cell 30,-82","kind":"density-grid","grid_size_degrees":2,"point_count":3,"intensity":0.006849,"networks":{"ipv4":3},"statuses":{"Unknown":3},"countries":{"US":3},"sanctioned_nodes":0,"policy_restricted_nodes":0,"threat_infrastructure_nodes":0,"stroke":"#c0d674","fill":"#c0d674","opacity":0.08,"marker_ring":false}},{"type":"Feature","id":"node-density-grid-2:32:-112","geometry":{"type":"Polygon","coordinates":[[[-112,32],[-110,32],[-110,34],[-112,34],[-112,32]]]},"properties":{"name":"2° Density Cell 32,-112","kind":"density-grid","grid_size_degrees":2,"point_count":3,"intensity":0.006849,"networks":{"ipv4":3},"statuses":{"duplicate-location":2,"Unknown":1},"countries":{"US":3},"sanctioned_nodes":0,"policy_restricted_nodes":0,"threat_infrastructure_nodes":0,"stroke":"#c0d674","fill":"#c0d674","opacity":0.08,"marker_ring":false}},{"type":"Feature","id":"node-density-grid-2:32:-92","geometry":{"type":"Polygon","coordinates":[[[-92,32],[-90,32],[-90,34],[-92,34],[-92,32]]]},"properties":{"name":"2° Density Cell 32,-92","kind":"density-grid","grid_size_degrees":2,"point_count":3,"intensity":0.006849,"networks":{"ipv4":3},"statuses":{"duplicate-location":2,"Unknown":1},"countries":{"US":3},"sanctioned_nodes":0,"policy_restricted_nodes":0,"threat_infrastructure_nodes":0,"stroke":"#c0d674","fill":"#c0d674","opacity":0.08,"marker_ring":false}},{"type":"Feature","id":"node-density-grid-2:32:-80","geometry":{"type":"Polygon","coordinates":[[[-80,32],[-78,32],[-78,34],[-80,34],[-80,32]]]},"properties":{"name":"2° Density Cell 32,-80","kind":"density-grid","grid_size_degrees":2,"point_count":3,"intensity":0.006849,"networks":{"ipv4":3},"statuses":{"Unknown":3},"countries":{"US":3},"sanctioned_nodes":0,"policy_restricted_nodes":0,"threat_infrastructure_nodes":0,"stroke":"#c0d674","fill":"#c0d674","opacity":0.08,"marker_ring":false}},{"type":"Feature","id":"node-density-grid-2:32:34","geometry":{"type":"Polygon","coordinates":[[[34,32],[36,32],[36,34],[34,34],[34,32]]]},"properties":{"name":"2° Density Cell 32,34","kind":"density-grid","grid_size_degrees":2,"point_count":3,"intensity":0.006849,"networks":{"ipv4":3},"statuses":{"duplicate-location":2,"Unknown":1},"countries":{"IL":3},"sanctioned_nodes":0,"policy_restricted_nodes":0,"threat_infrastructure_nodes":0,"stroke":"#c0d674","fill":"#c0d674","opacity":0.08,"marker_ring":false}},{"type":"Feature","id":"node-density-grid-2:34:-118","geometry":{"type":"Polygon","coordinates":[[[-118,34],[-116,34],[-116,36],[-118,36],[-118,34]]]},"properties":{"name":"2° Density Cell 34,-118","kind":"density-grid","grid_size_degrees":2,"point_count":3,"intensity":0.006849,"networks":{"ipv4":3},"statuses":{"Unknown":3},"countries":{"US":3},"sanctioned_nodes":0,"policy_restricted_nodes":0,"threat_infrastructure_nodes":0,"stroke":"#c0d674","fill":"#c0d674","opacity":0.08,"marker_ring":false}},{"type":"Feature","id":"node-density-grid-2:34:-94","geometry":{"type":"Polygon","coordinates":[[[-94,34],[-92,34],[-92,36],[-94,36],[-94,34]]]},"properties":{"name":"2° Density Cell 34,-94","kind":"density-grid","grid_size_degrees":2,"point_count":3,"intensity":0.006849,"networks":{"ipv4":3},"statuses":{"duplicate-location":2,"Unknown":1},"countries":{"US":3},"sanctioned_nodes":0,"policy_restricted_nodes":0,"threat_infrastructure_nodes":0,"stroke":"#c0d674","fill":"#c0d674","opacity":0.08,"marker_ring":false}},{"type":"Feature","id":"node-density-grid-2:34:-88","geometry":{"type":"Polygon","coordinates":[[[-88,34],[-86,34],[-86,36],[-88,36],[-88,34]]]},"properties":{"name":"2° Density Cell 34,-88","kind":"density-grid","grid_size_degrees":2,"point_count":3,"intensity":0.006849,"networks":{"ipv4":3},"statuses":{"Unknown":3},"countries":{"US":3},"sanctioned_nodes":0,"policy_restricted_nodes":0,"threat_infrastructure_nodes":0,"stroke":"#c0d674","fill":"#c0d674","opacity":0.08,"marker_ring":false}},{"type":"Feature","id":"node-density-grid-2:36:-120","geometry":{"type":"Polygon","coordinates":[[[-120,36],[-118,36],[-118,38],[-120,38],[-120,36]]]},"properties":{"name":"2° Density Cell 36,-120","kind":"density-grid","grid_size_degrees":2,"point_count":3,"intensity":0.006849,"networks":{"ipv4":3},"statuses":{"duplicate-location":2,"Unknown":1},"countries":{"US":3},"sanctioned_nodes":0,"policy_restricted_nodes":0,"threat_infrastructure_nodes":0,"stroke":"#c0d674","fill":"#c0d674","opacity":0.08,"marker_ring":false}},{"type":"Feature","id":"node-density-grid-2:36:-96","geometry":{"type":"Polygon","coordinates":[[[-96,36],[-94,36],[-94,38],[-96,38],[-96,36]]]},"properties":{"name":"2° Density Cell 36,-96","kind":"density-grid","grid_size_degrees":2,"point_count":3,"intensity":0.006849,"networks":{"ipv4":3},"statuses":{"Unknown":3},"countries":{"US":3},"sanctioned_nodes":0,"policy_restricted_nodes":0,"threat_infrastructure_nodes":0,"stroke":"#c0d674","fill":"#c0d674","opacity":0.08,"marker_ring":false}},{"type":"Feature","id":"node-density-grid-2:36:-78","geometry":{"type":"Polygon","coordinates":[[[-78,36],[-76,36],[-76,38],[-78,38],[-78,36]]]},"properties":{"name":"2° Density Cell 36,-78","kind":"density-grid","grid_size_degrees":2,"point_count":3,"intensity":0.006849,"networks":{"ipv4":3},"statuses":{"Unknown":3},"countries":{"US":3},"sanctioned_nodes":0,"policy_restricted_nodes":0,"threat_infrastructure_nodes":0,"stroke":"#c0d674","fill":"#c0d674","opacity":0.08,"marker_ring":false}},{"type":"Feature","id":"node-density-grid-2:38:22","geometry":{"type":"Polygon","coordinates":[[[22,38],[24,38],[24,40],[22,40],[22,38]]]},"properties":{"name":"2° Density Cell 38,22","kind":"density-grid","grid_size_degrees":2,"point_count":3,"intensity":0.006849,"networks":{"ipv4":3},"statuses":{"Unknown":3},"countries":{"GR":3},"sanctioned_nodes":0,"policy_restricted_nodes":0,"threat_infrastructure_nodes":0,"stroke":"#c0d674","fill":"#c0d674","opacity":0.08,"marker_ring":false}},{"type":"Feature","id":"node-density-grid-2:42:12","geometry":{"type":"Polygon","coordinates":[[[12,42],[14,42],[14,44],[12,44],[12,42]]]},"properties":{"name":"2° Density Cell 42,12","kind":"density-grid","grid_size_degrees":2,"point_count":3,"intensity":0.006849,"networks":{"ipv4":3},"statuses":{"Unknown":3},"countries":{"IT":3},"sanctioned_nodes":0,"policy_restricted_nodes":0,"threat_infrastructure_nodes":0,"stroke":"#c0d674","fill":"#c0d674","opacity":0.08,"marker_ring":false}},{"type":"Feature","id":"node-density-grid-2:42:76","geometry":{"type":"Polygon","coordinates":[[[76,42],[78,42],[78,44],[76,44],[76,42]]]},"properties":{"name":"2° Density Cell 42,76","kind":"density-grid","grid_size_degrees":2,"point_count":3,"intensity":0.006849,"networks":{"ipv4":3},"statuses":{"Unknown":3},"countries":{"KZ":3},"sanctioned_nodes":0,"policy_restricted_nodes":0,"threat_infrastructure_nodes":0,"stroke":"#c0d674","fill":"#c0d674","opacity":0.08,"marker_ring":false}},{"type":"Feature","id":"node-density-grid-2:44:-68","geometry":{"type":"Polygon","coordinates":[[[-68,44],[-66,44],[-66,46],[-68,46],[-68,44]]]},"properties":{"name":"2° Density Cell 44,-68","kind":"density-grid","grid_size_degrees":2,"point_count":3,"intensity":0.006849,"networks":{"ipv4":3},"statuses":{"Unknown":3},"countries":{"CA":2,"US":1},"sanctioned_nodes":0,"policy_restricted_nodes":0,"threat_infrastructure_nodes":0,"stroke":"#c0d674","fill":"#c0d674","opacity":0.08,"marker_ring":false}},{"type":"Feature","id":"node-density-grid-2:44:6","geometry":{"type":"Polygon","coordinates":[[[6,44],[8,44],[8,46],[6,46],[6,44]]]},"properties":{"name":"2° Density Cell 44,6","kind":"density-grid","grid_size_degrees":2,"point_count":3,"intensity":0.006849,"networks":{"ipv4":3},"statuses":{"Unknown":3},"countries":{"IT":3},"sanctioned_nodes":0,"policy_restricted_nodes":0,"threat_infrastructure_nodes":0,"stroke":"#c0d674","fill":"#c0d674","opacity":0.08,"marker_ring":false}},{"type":"Feature","id":"node-density-grid-2:44:10","geometry":{"type":"Polygon","coordinates":[[[10,44],[12,44],[12,46],[10,46],[10,44]]]},"properties":{"name":"2° Density Cell 44,10","kind":"density-grid","grid_size_degrees":2,"point_count":3,"intensity":0.006849,"networks":{"ipv4":3},"statuses":{"Unknown":3},"countries":{"IT":3},"sanctioned_nodes":0,"policy_restricted_nodes":0,"threat_infrastructure_nodes":0,"stroke":"#c0d674","fill":"#c0d674","opacity":0.08,"marker_ring":false}},{"type":"Feature","id":"node-density-grid-2:44:12","geometry":{"type":"Polygon","coordinates":[[[12,44],[14,44],[14,46],[12,46],[12,44]]]},"properties":{"name":"2° Density Cell 44,12","kind":"density-grid","grid_size_degrees":2,"point_count":3,"intensity":0.006849,"networks":{"ipv4":3},"statuses":{"Unknown":3},"countries":{"IT":2,"HR":1},"sanctioned_nodes":0,"policy_restricted_nodes":0,"threat_infrastructure_nodes":0,"stroke":"#c0d674","fill":"#c0d674","opacity":0.08,"marker_ring":false}},{"type":"Feature","id":"node-density-grid-2:44:14","geometry":{"type":"Polygon","coordinates":[[[14,44],[16,44],[16,46],[14,46],[14,44]]]},"properties":{"name":"2° Density Cell 44,14","kind":"density-grid","grid_size_degrees":2,"point_count":3,"intensity":0.006849,"networks":{"ipv4":3},"statuses":{"duplicate-location":2,"Unknown":1},"countries":{"HR":2,"SI":1},"sanctioned_nodes":0,"policy_restricted_nodes":0,"threat_infrastructure_nodes":0,"stroke":"#c0d674","fill":"#c0d674","opacity":0.08,"marker_ring":false}},{"type":"Feature","id":"node-density-grid-2:46:-120","geometry":{"type":"Polygon","coordinates":[[[-120,46],[-118,46],[-118,48],[-120,48],[-120,46]]]},"properties":{"name":"2° Density Cell 46,-120","kind":"density-grid","grid_size_degrees":2,"point_count":3,"intensity":0.006849,"networks":{"ipv4":3},"statuses":{"duplicate-location":2,"Unknown":1},"countries":{"US":3},"sanctioned_nodes":0,"policy_restricted_nodes":0,"threat_infrastructure_nodes":0,"stroke":"#c0d674","fill":"#c0d674","opacity":0.08,"marker_ring":false}},{"type":"Feature","id":"node-density-grid-2:46:-74","geometry":{"type":"Polygon","coordinates":[[[-74,46],[-72,46],[-72,48],[-74,48],[-74,46]]]},"properties":{"name":"2° Density Cell 46,-74","kind":"density-grid","grid_size_degrees":2,"point_count":3,"intensity":0.006849,"networks":{"ipv4":3},"statuses":{"duplicate-location":2,"Unknown":1},"countries":{"CA":3},"sanctioned_nodes":0,"policy_restricted_nodes":0,"threat_infrastructure_nodes":0,"stroke":"#c0d674","fill":"#c0d674","opacity":0.08,"marker_ring":false}},{"type":"Feature","id":"node-density-grid-2:46:-72","geometry":{"type":"Polygon","coordinates":[[[-72,46],[-70,46],[-70,48],[-72,48],[-72,46]]]},"properties":{"name":"2° Density Cell 46,-72","kind":"density-grid","grid_size_degrees":2,"point_count":3,"intensity":0.006849,"networks":{"ipv4":3},"statuses":{"Unknown":3},"countries":{"CA":3},"sanctioned_nodes":0,"policy_restricted_nodes":0,"threat_infrastructure_nodes":0,"stroke":"#c0d674","fill":"#c0d674","opacity":0.08,"marker_ring":false}},{"type":"Feature","id":"node-density-grid-2:46:10","geometry":{"type":"Polygon","coordinates":[[[10,46],[12,46],[12,48],[10,48],[10,46]]]},"properties":{"name":"2° Density Cell 46,10","kind":"density-grid","grid_size_degrees":2,"point_count":3,"intensity":0.006849,"networks":{"ipv4":3},"statuses":{"Unknown":3},"countries":{"CH":1,"DE":1,"IT":1},"sanctioned_nodes":0,"policy_restricted_nodes":0,"threat_infrastructure_nodes":0,"stroke":"#c0d674","fill":"#c0d674","opacity":0.08,"marker_ring":false}},{"type":"Feature","id":"node-density-grid-2:48:20","geometry":{"type":"Polygon","coordinates":[[[20,48],[22,48],[22,50],[20,50],[20,48]]]},"properties":{"name":"2° Density Cell 48,20","kind":"density-grid","grid_size_degrees":2,"point_count":3,"intensity":0.006849,"networks":{"ipv4":3},"statuses":{"duplicate-location":3},"countries":{"SK":3},"sanctioned_nodes":0,"policy_restricted_nodes":0,"threat_infrastructure_nodes":0,"stroke":"#c0d674","fill":"#c0d674","opacity":0.08,"marker_ring":false}},{"type":"Feature","id":"node-density-grid-2:50:-6","geometry":{"type":"Polygon","coordinates":[[[-6,50],[-4,50],[-4,52],[-6,52],[-6,50]]]},"properties":{"name":"2° Density Cell 50,-6","kind":"density-grid","grid_size_degrees":2,"point_count":3,"intensity":0.006849,"networks":{"ipv4":3},"statuses":{"duplicate-location":2,"Unknown":1},"countries":{"GB":3},"sanctioned_nodes":0,"policy_restricted_nodes":0,"threat_infrastructure_nodes":0,"stroke":"#c0d674","fill":"#c0d674","opacity":0.08,"marker_ring":false}},{"type":"Feature","id":"node-density-grid-2:54:8","geometry":{"type":"Polygon","coordinates":[[[8,54],[10,54],[10,56],[8,56],[8,54]]]},"properties":{"name":"2° Density Cell 54,8","kind":"density-grid","grid_size_degrees":2,"point_count":3,"intensity":0.006849,"networks":{"ipv4":3},"statuses":{"Unknown":3},"countries":{"DK":2,"DE":1},"sanctioned_nodes":0,"policy_restricted_nodes":0,"threat_infrastructure_nodes":0,"stroke":"#c0d674","fill":"#c0d674","opacity":0.08,"marker_ring":false}},{"type":"Feature","id":"node-density-grid-2:54:24","geometry":{"type":"Polygon","coordinates":[[[24,54],[26,54],[26,56],[24,56],[24,54]]]},"properties":{"name":"2° Density Cell 54,24","kind":"density-grid","grid_size_degrees":2,"point_count":3,"intensity":0.006849,"networks":{"ipv4":3},"statuses":{"duplicate-location":2,"Unknown":1},"countries":{"LT":3},"sanctioned_nodes":0,"policy_restricted_nodes":0,"threat_infrastructure_nodes":0,"stroke":"#c0d674","fill":"#c0d674","opacity":0.08,"marker_ring":false}},{"type":"Feature","id":"node-density-grid-2:56:60","geometry":{"type":"Polygon","coordinates":[[[60,56],[62,56],[62,58],[60,58],[60,56]]]},"properties":{"name":"2° Density Cell 56,60","kind":"density-grid","grid_size_degrees":2,"point_count":3,"intensity":0.006849,"networks":{"ipv4":3},"statuses":{"duplicate-location":2,"Unknown":1},"countries":{"RU":3},"sanctioned_nodes":0,"policy_restricted_nodes":0,"threat_infrastructure_nodes":0,"stroke":"#c0d674","fill":"#c0d674","opacity":0.08,"marker_ring":false}},{"type":"Feature","id":"node-density-grid-2:60:30","geometry":{"type":"Polygon","coordinates":[[[30,60],[32,60],[32,62],[30,62],[30,60]]]},"properties":{"name":"2° Density Cell 60,30","kind":"density-grid","grid_size_degrees":2,"point_count":3,"intensity":0.006849,"networks":{"ipv4":3},"statuses":{"Unknown":3},"countries":{"RU":3},"sanctioned_nodes":0,"policy_restricted_nodes":0,"threat_infrastructure_nodes":0,"stroke":"#c0d674","fill":"#c0d674","opacity":0.08,"marker_ring":false}},{"type":"Feature","id":"node-density-grid-2:-38:-58","geometry":{"type":"Polygon","coordinates":[[[-58,-38],[-56,-38],[-56,-36],[-58,-36],[-58,-38]]]},"properties":{"name":"2° Density Cell -38,-58","kind":"density-grid","grid_size_degrees":2,"point_count":2,"intensity":0.004566,"networks":{"ipv4":2},"statuses":{"Unknown":2},"countries":{"AR":2},"sanctioned_nodes":0,"policy_restricted_nodes":0,"threat_infrastructure_nodes":0,"stroke":"#c0d674","fill":"#c0d674","opacity":0.08,"marker_ring":false}},{"type":"Feature","id":"node-density-grid-2:-38:142","geometry":{"type":"Polygon","coordinates":[[[142,-38],[144,-38],[144,-36],[142,-36],[142,-38]]]},"properties":{"name":"2° Density Cell -38,142","kind":"density-grid","grid_size_degrees":2,"point_count":2,"intensity":0.004566,"networks":{"ipv4":2},"statuses":{"Unknown":2},"countries":{"AU":2},"sanctioned_nodes":0,"policy_restricted_nodes":0,"threat_infrastructure_nodes":0,"stroke":"#c0d674","fill":"#c0d674","opacity":0.08,"marker_ring":false}},{"type":"Feature","id":"node-density-grid-2:-36:-56","geometry":{"type":"Polygon","coordinates":[[[-56,-36],[-54,-36],[-54,-34],[-56,-34],[-56,-36]]]},"properties":{"name":"2° Density Cell -36,-56","kind":"density-grid","grid_size_degrees":2,"point_count":2,"intensity":0.004566,"networks":{"ipv4":2},"statuses":{"duplicate-location":2},"countries":{"UY":2},"sanctioned_nodes":0,"policy_restricted_nodes":0,"threat_infrastructure_nodes":0,"stroke":"#c0d674","fill":"#c0d674","opacity":0.08,"marker_ring":false}},{"type":"Feature","id":"node-density-grid-2:-36:18","geometry":{"type":"Polygon","coordinates":[[[18,-36],[20,-36],[20,-34],[18,-34],[18,-36]]]},"properties":{"name":"2° Density Cell -36,18","kind":"density-grid","grid_size_degrees":2,"point_count":2,"intensity":0.004566,"networks":{"ipv4":2},"statuses":{"duplicate-location":2},"countries":{"ZA":2},"sanctioned_nodes":0,"policy_restricted_nodes":0,"threat_infrastructure_nodes":0,"stroke":"#c0d674","fill":"#c0d674","opacity":0.08,"marker_ring":false}},{"type":"Feature","id":"node-density-grid-2:-36:150","geometry":{"type":"Polygon","coordinates":[[[150,-36],[152,-36],[152,-34],[150,-34],[150,-36]]]},"properties":{"name":"2° Density Cell -36,150","kind":"density-grid","grid_size_degrees":2,"point_count":2,"intensity":0.004566,"networks":{"ipv4":2},"statuses":{"Unknown":2},"countries":{"AU":2},"sanctioned_nodes":0,"policy_restricted_nodes":0,"threat_infrastructure_nodes":0,"stroke":"#c0d674","fill":"#c0d674","opacity":0.08,"marker_ring":false}},{"type":"Feature","id":"node-density-grid-2:-32:-52","geometry":{"type":"Polygon","coordinates":[[[-52,-32],[-50,-32],[-50,-30],[-52,-30],[-52,-32]]]},"properties":{"name":"2° Density Cell -32,-52","kind":"density-grid","grid_size_degrees":2,"point_count":2,"intensity":0.004566,"networks":{"ipv4":2},"statuses":{"Unknown":2},"countries":{"BR":2},"sanctioned_nodes":0,"policy_restricted_nodes":0,"threat_infrastructure_nodes":0,"stroke":"#c0d674","fill":"#c0d674","opacity":0.08,"marker_ring":false}},{"type":"Feature","id":"node-density-grid-2:-28:28","geometry":{"type":"Polygon","coordinates":[[[28,-28],[30,-28],[30,-26],[28,-26],[28,-28]]]},"properties":{"name":"2° Density Cell -28,28","kind":"density-grid","grid_size_degrees":2,"point_count":2,"intensity":0.004566,"networks":{"ipv4":2},"statuses":{"duplicate-location":2},"countries":{"ZA":2},"sanctioned_nodes":0,"policy_restricted_nodes":0,"threat_infrastructure_nodes":0,"stroke":"#c0d674","fill":"#c0d674","opacity":0.08,"marker_ring":false}},{"type":"Feature","id":"node-density-grid-2:-24:-44","geometry":{"type":"Polygon","coordinates":[[[-44,-24],[-42,-24],[-42,-22],[-44,-22],[-44,-24]]]},"properties":{"name":"2° Density Cell -24,-44","kind":"density-grid","grid_size_degrees":2,"point_count":2,"intensity":0.004566,"networks":{"ipv4":2},"statuses":{"Unknown":2},"countries":{"BR":2},"sanctioned_nodes":0,"policy_restricted_nodes":0,"threat_infrastructure_nodes":0,"stroke":"#c0d674","fill":"#c0d674","opacity":0.08,"marker_ring":false}},{"type":"Feature","id":"node-density-grid-2:-22:148","geometry":{"type":"Polygon","coordinates":[[[148,-22],[150,-22],[150,-20],[148,-20],[148,-22]]]},"properties":{"name":"2° Density Cell -22,148","kind":"density-grid","grid_size_degrees":2,"point_count":2,"intensity":0.004566,"networks":{"ipv4":2},"statuses":{"Unknown":2},"countries":{"AU":2},"sanctioned_nodes":0,"policy_restricted_nodes":0,"threat_infrastructure_nodes":0,"stroke":"#c0d674","fill":"#c0d674","opacity":0.08,"marker_ring":false}},{"type":"Feature","id":"node-density-grid-2:-8:112","geometry":{"type":"Polygon","coordinates":[[[112,-8],[114,-8],[114,-6],[112,-6],[112,-8]]]},"properties":{"name":"2° Density Cell -8,112","kind":"density-grid","grid_size_degrees":2,"point_count":2,"intensity":0.004566,"networks":{"ipv4":2},"statuses":{"duplicate-location":2},"countries":{"ID":2},"sanctioned_nodes":0,"policy_restricted_nodes":0,"threat_infrastructure_nodes":0,"stroke":"#c0d674","fill":"#c0d674","opacity":0.08,"marker_ring":false}},{"type":"Feature","id":"node-density-grid-2:4:-76","geometry":{"type":"Polygon","coordinates":[[[-76,4],[-74,4],[-74,6],[-76,6],[-76,4]]]},"properties":{"name":"2° Density Cell 4,-76","kind":"density-grid","grid_size_degrees":2,"point_count":2,"intensity":0.004566,"networks":{"ipv4":2},"statuses":{"Unknown":2},"countries":{"CO":2},"sanctioned_nodes":0,"policy_restricted_nodes":0,"threat_infrastructure_nodes":0,"stroke":"#c0d674","fill":"#c0d674","opacity":0.08,"marker_ring":false}},{"type":"Feature","id":"node-density-grid-2:10:-68","geometry":{"type":"Polygon","coordinates":[[[-68,10],[-66,10],[-66,12],[-68,12],[-68,10]]]},"properties":{"name":"2° Density Cell 10,-68","kind":"density-grid","grid_size_degrees":2,"point_count":2,"intensity":0.004566,"networks":{"ipv4":2},"statuses":{"Unknown":2},"countries":{"VE":2},"sanctioned_nodes":0,"policy_restricted_nodes":0,"threat_infrastructure_nodes":0,"stroke":"#c0d674","fill":"#c0d674","opacity":0.08,"marker_ring":false}},{"type":"Feature","id":"node-density-grid-2:10:104","geometry":{"type":"Polygon","coordinates":[[[104,10],[106,10],[106,12],[104,12],[104,10]]]},"properties":{"name":"2° Density Cell 10,104","kind":"density-grid","grid_size_degrees":2,"point_count":2,"intensity":0.004566,"networks":{"ipv4":2},"statuses":{"Unknown":2},"countries":{"KH":2},"sanctioned_nodes":0,"policy_restricted_nodes":0,"threat_infrastructure_nodes":0,"stroke":"#c0d674","fill":"#c0d674","opacity":0.08,"marker_ring":false}},{"type":"Feature","id":"node-density-grid-2:12:98","geometry":{"type":"Polygon","coordinates":[[[98,12],[100,12],[100,14],[98,14],[98,12]]]},"properties":{"name":"2° Density Cell 12,98","kind":"density-grid","grid_size_degrees":2,"point_count":2,"intensity":0.004566,"networks":{"ipv4":2},"statuses":{"Unknown":2},"countries":{"TH":2},"sanctioned_nodes":0,"policy_restricted_nodes":0,"threat_infrastructure_nodes":0,"stroke":"#c0d674","fill":"#c0d674","opacity":0.08,"marker_ring":false}},{"type":"Feature","id":"node-density-grid-2:14:-88","geometry":{"type":"Polygon","coordinates":[[[-88,14],[-86,14],[-86,16],[-88,16],[-88,14]]]},"properties":{"name":"2° Density Cell 14,-88","kind":"density-grid","grid_size_degrees":2,"point_count":2,"intensity":0.004566,"networks":{"ipv4":2},"statuses":{"Unknown":2},"countries":{"HN":2},"sanctioned_nodes":0,"policy_restricted_nodes":0,"threat_infrastructure_nodes":0,"stroke":"#c0d674","fill":"#c0d674","opacity":0.08,"marker_ring":false}},{"type":"Feature","id":"node-density-grid-2:16:78","geometry":{"type":"Polygon","coordinates":[[[78,16],[80,16],[80,18],[78,18],[78,16]]]},"properties":{"name":"2° Density Cell 16,78","kind":"density-grid","grid_size_degrees":2,"point_count":2,"intensity":0.004566,"networks":{"ipv4":2},"statuses":{"Unknown":2},"countries":{"IN":2},"sanctioned_nodes":0,"policy_restricted_nodes":0,"threat_infrastructure_nodes":0,"stroke":"#c0d674","fill":"#c0d674","opacity":0.08,"marker_ring":false}},{"type":"Feature","id":"node-density-grid-2:18:-68","geometry":{"type":"Polygon","coordinates":[[[-68,18],[-66,18],[-66,20],[-68,20],[-68,18]]]},"properties":{"name":"2° Density Cell 18,-68","kind":"density-grid","grid_size_degrees":2,"point_count":2,"intensity":0.004566,"networks":{"ipv4":2},"statuses":{"Unknown":2},"countries":{"PR":2},"sanctioned_nodes":0,"policy_restricted_nodes":0,"threat_infrastructure_nodes":0,"stroke":"#c0d674","fill":"#c0d674","opacity":0.08,"marker_ring":false}},{"type":"Feature","id":"node-density-grid-2:22:58","geometry":{"type":"Polygon","coordinates":[[[58,22],[60,22],[60,24],[58,24],[58,22]]]},"properties":{"name":"2° Density Cell 22,58","kind":"density-grid","grid_size_degrees":2,"point_count":2,"intensity":0.004566,"networks":{"ipv4":2},"statuses":{"duplicate-location":2},"countries":{"OM":2},"sanctioned_nodes":0,"policy_restricted_nodes":0,"threat_infrastructure_nodes":0,"stroke":"#c0d674","fill":"#c0d674","opacity":0.08,"marker_ring":false}},{"type":"Feature","id":"node-density-grid-2:24:50","geometry":{"type":"Polygon","coordinates":[[[50,24],[52,24],[52,26],[50,26],[50,24]]]},"properties":{"name":"2° Density Cell 24,50","kind":"density-grid","grid_size_degrees":2,"point_count":2,"intensity":0.004566,"networks":{"ipv4":2},"statuses":{"duplicate-location":2},"countries":{"QA":2},"sanctioned_nodes":0,"policy_restricted_nodes":0,"threat_infrastructure_nodes":0,"stroke":"#c0d674","fill":"#c0d674","opacity":0.08,"marker_ring":false}},{"type":"Feature","id":"node-density-grid-2:30:-92","geometry":{"type":"Polygon","coordinates":[[[-92,30],[-90,30],[-90,32],[-92,32],[-92,30]]]},"properties":{"name":"2° Density Cell 30,-92","kind":"density-grid","grid_size_degrees":2,"point_count":2,"intensity":0.004566,"networks":{"ipv4":2},"statuses":{"Unknown":2},"countries":{"US":2},"sanctioned_nodes":0,"policy_restricted_nodes":0,"threat_infrastructure_nodes":0,"stroke":"#c0d674","fill":"#c0d674","opacity":0.08,"marker_ring":false}},{"type":"Feature","id":"node-density-grid-2:32:-94","geometry":{"type":"Polygon","coordinates":[[[-94,32],[-92,32],[-92,34],[-94,34],[-94,32]]]},"properties":{"name":"2° Density Cell 32,-94","kind":"density-grid","grid_size_degrees":2,"point_count":2,"intensity":0.004566,"networks":{"ipv4":2},"statuses":{"duplicate-location":2},"countries":{"US":2},"sanctioned_nodes":0,"policy_restricted_nodes":0,"threat_infrastructure_nodes":0,"stroke":"#c0d674","fill":"#c0d674","opacity":0.08,"marker_ring":false}},{"type":"Feature","id":"node-density-grid-2:32:-84","geometry":{"type":"Polygon","coordinates":[[[-84,32],[-82,32],[-82,34],[-84,34],[-84,32]]]},"properties":{"name":"2° Density Cell 32,-84","kind":"density-grid","grid_size_degrees":2,"point_count":2,"intensity":0.004566,"networks":{"ipv4":2},"statuses":{"Unknown":2},"countries":{"US":2},"sanctioned_nodes":0,"policy_restricted_nodes":0,"threat_infrastructure_nodes":0,"stroke":"#c0d674","fill":"#c0d674","opacity":0.08,"marker_ring":false}},{"type":"Feature","id":"node-density-grid-2:34:-108","geometry":{"type":"Polygon","coordinates":[[[-108,34],[-106,34],[-106,36],[-108,36],[-108,34]]]},"properties":{"name":"2° Density Cell 34,-108","kind":"density-grid","grid_size_degrees":2,"point_count":2,"intensity":0.004566,"networks":{"ipv4":2},"statuses":{"duplicate-location":2},"countries":{"US":2},"sanctioned_nodes":0,"policy_restricted_nodes":0,"threat_infrastructure_nodes":0,"stroke":"#c0d674","fill":"#c0d674","opacity":0.08,"marker_ring":false}},{"type":"Feature","id":"node-density-grid-2:36:-108","geometry":{"type":"Polygon","coordinates":[[[-108,36],[-106,36],[-106,38],[-108,38],[-108,36]]]},"properties":{"name":"2° Density Cell 36,-108","kind":"density-grid","grid_size_degrees":2,"point_count":2,"intensity":0.004566,"networks":{"ipv4":2},"statuses":{"Unknown":2},"countries":{"US":2},"sanctioned_nodes":0,"policy_restricted_nodes":0,"threat_infrastructure_nodes":0,"stroke":"#c0d674","fill":"#c0d674","opacity":0.08,"marker_ring":false}},{"type":"Feature","id":"node-density-grid-2:36:-94","geometry":{"type":"Polygon","coordinates":[[[-94,36],[-92,36],[-92,38],[-94,38],[-94,36]]]},"properties":{"name":"2° Density Cell 36,-94","kind":"density-grid","grid_size_degrees":2,"point_count":2,"intensity":0.004566,"networks":{"ipv4":2},"statuses":{"Unknown":2},"countries":{"US":2},"sanctioned_nodes":0,"policy_restricted_nodes":0,"threat_infrastructure_nodes":0,"stroke":"#c0d674","fill":"#c0d674","opacity":0.08,"marker_ring":false}},{"type":"Feature","id":"node-density-grid-2:36:-86","geometry":{"type":"Polygon","coordinates":[[[-86,36],[-84,36],[-84,38],[-86,38],[-86,36]]]},"properties":{"name":"2° Density Cell 36,-86","kind":"density-grid","grid_size_degrees":2,"point_count":2,"intensity":0.004566,"networks":{"ipv4":2},"statuses":{"Unknown":2},"countries":{"US":2},"sanctioned_nodes":0,"policy_restricted_nodes":0,"threat_infrastructure_nodes":0,"stroke":"#c0d674","fill":"#c0d674","opacity":0.08,"marker_ring":false}},{"type":"Feature","id":"node-density-grid-2:36:-84","geometry":{"type":"Polygon","coordinates":[[[-84,36],[-82,36],[-82,38],[-84,38],[-84,36]]]},"properties":{"name":"2° Density Cell 36,-84","kind":"density-grid","grid_size_degrees":2,"point_count":2,"intensity":0.004566,"networks":{"ipv4":2},"statuses":{"Unknown":2},"countries":{"US":2},"sanctioned_nodes":0,"policy_restricted_nodes":0,"threat_infrastructure_nodes":0,"stroke":"#c0d674","fill":"#c0d674","opacity":0.08,"marker_ring":false}},{"type":"Feature","id":"node-density-grid-2:36:-82","geometry":{"type":"Polygon","coordinates":[[[-82,36],[-80,36],[-80,38],[-82,38],[-82,36]]]},"properties":{"name":"2° Density Cell 36,-82","kind":"density-grid","grid_size_degrees":2,"point_count":2,"intensity":0.004566,"networks":{"ipv4":2},"statuses":{"Unknown":2},"countries":{"US":2},"sanctioned_nodes":0,"policy_restricted_nodes":0,"threat_infrastructure_nodes":0,"stroke":"#c0d674","fill":"#c0d674","opacity":0.08,"marker_ring":false}},{"type":"Feature","id":"node-density-grid-2:36:-8","geometry":{"type":"Polygon","coordinates":[[[-8,36],[-6,36],[-6,38],[-8,38],[-8,36]]]},"properties":{"name":"2° Density Cell 36,-8","kind":"density-grid","grid_size_degrees":2,"point_count":2,"intensity":0.004566,"networks":{"ipv4":2},"statuses":{"Unknown":2},"countries":{"ES":2},"sanctioned_nodes":0,"policy_restricted_nodes":0,"threat_infrastructure_nodes":0,"stroke":"#c0d674","fill":"#c0d674","opacity":0.08,"marker_ring":false}},{"type":"Feature","id":"node-density-grid-2:36:-6","geometry":{"type":"Polygon","coordinates":[[[-6,36],[-4,36],[-4,38],[-6,38],[-6,36]]]},"properties":{"name":"2° Density Cell 36,-6","kind":"density-grid","grid_size_degrees":2,"point_count":2,"intensity":0.004566,"networks":{"ipv4":2},"statuses":{"Unknown":2},"countries":{"ES":2},"sanctioned_nodes":0,"policy_restricted_nodes":0,"threat_infrastructure_nodes":0,"stroke":"#c0d674","fill":"#c0d674","opacity":0.08,"marker_ring":false}},{"type":"Feature","id":"node-density-grid-2:36:-2","geometry":{"type":"Polygon","coordinates":[[[-2,36],[0,36],[0,38],[-2,38],[-2,36]]]},"properties":{"name":"2° Density Cell 36,-2","kind":"density-grid","grid_size_degrees":2,"point_count":2,"intensity":0.004566,"networks":{"ipv4":2},"statuses":{"Unknown":2},"countries":{"ES":2},"sanctioned_nodes":0,"policy_restricted_nodes":0,"threat_infrastructure_nodes":0,"stroke":"#c0d674","fill":"#c0d674","opacity":0.08,"marker_ring":false}},{"type":"Feature","id":"node-density-grid-2:36:22","geometry":{"type":"Polygon","coordinates":[[[22,36],[24,36],[24,38],[22,38],[22,36]]]},"properties":{"name":"2° Density Cell 36,22","kind":"density-grid","grid_size_degrees":2,"point_count":2,"intensity":0.004566,"networks":{"ipv4":2},"statuses":{"Unknown":2},"countries":{"GR":2},"sanctioned_nodes":0,"policy_restricted_nodes":0,"threat_infrastructure_nodes":0,"stroke":"#c0d674","fill":"#c0d674","opacity":0.08,"marker_ring":false}},{"type":"Feature","id":"node-density-grid-2:38:-124","geometry":{"type":"Polygon","coordinates":[[[-124,38],[-122,38],[-122,40],[-124,40],[-124,38]]]},"properties":{"name":"2° Density Cell 38,-124","kind":"density-grid","grid_size_degrees":2,"point_count":2,"intensity":0.004566,"networks":{"ipv4":2},"statuses":{"Unknown":2},"countries":{"US":2},"sanctioned_nodes":0,"policy_restricted_nodes":0,"threat_infrastructure_nodes":0,"stroke":"#c0d674","fill":"#c0d674","opacity":0.08,"marker_ring":false}},{"type":"Feature","id":"node-density-grid-2:38:-98","geometry":{"type":"Polygon","coordinates":[[[-98,38],[-96,38],[-96,40],[-98,40],[-98,38]]]},"properties":{"name":"2° Density Cell 38,-98","kind":"density-grid","grid_size_degrees":2,"point_count":2,"intensity":0.004566,"networks":{"ipv4":2},"statuses":{"Unknown":2},"countries":{"US":2},"sanctioned_nodes":0,"policy_restricted_nodes":0,"threat_infrastructure_nodes":0,"stroke":"#c0d674","fill":"#c0d674","opacity":0.08,"marker_ring":false}},{"type":"Feature","id":"node-density-grid-2:38:-80","geometry":{"type":"Polygon","coordinates":[[[-80,38],[-78,38],[-78,40],[-80,40],[-80,38]]]},"properties":{"name":"2° Density Cell 38,-80","kind":"density-grid","grid_size_degrees":2,"point_count":2,"intensity":0.004566,"networks":{"ipv4":2},"statuses":{"Unknown":2},"countries":{"US":2},"sanctioned_nodes":0,"policy_restricted_nodes":0,"threat_infrastructure_nodes":0,"stroke":"#c0d674","fill":"#c0d674","opacity":0.08,"marker_ring":false}},{"type":"Feature","id":"node-density-grid-2:38:-8","geometry":{"type":"Polygon","coordinates":[[[-8,38],[-6,38],[-6,40],[-8,40],[-8,38]]]},"properties":{"name":"2° Density Cell 38,-8","kind":"density-grid","grid_size_degrees":2,"point_count":2,"intensity":0.004566,"networks":{"ipv4":2},"statuses":{"duplicate-location":2},"countries":{"ES":2},"sanctioned_nodes":0,"policy_restricted_nodes":0,"threat_infrastructure_nodes":0,"stroke":"#c0d674","fill":"#c0d674","opacity":0.08,"marker_ring":false}},{"type":"Feature","id":"node-density-grid-2:40:-114","geometry":{"type":"Polygon","coordinates":[[[-114,40],[-112,40],[-112,42],[-114,42],[-114,40]]]},"properties":{"name":"2° Density Cell 40,-114","kind":"density-grid","grid_size_degrees":2,"point_count":2,"intensity":0.004566,"networks":{"ipv4":2},"statuses":{"Unknown":2},"countries":{"US":2},"sanctioned_nodes":0,"policy_restricted_nodes":0,"threat_infrastructure_nodes":0,"stroke":"#c0d674","fill":"#c0d674","opacity":0.08,"marker_ring":false}},{"type":"Feature","id":"node-density-grid-2:40:-78","geometry":{"type":"Polygon","coordinates":[[[-78,40],[-76,40],[-76,42],[-78,42],[-78,40]]]},"properties":{"name":"2° Density Cell 40,-78","kind":"density-grid","grid_size_degrees":2,"point_count":2,"intensity":0.004566,"networks":{"ipv4":2},"statuses":{"Unknown":2},"countries":{"US":2},"sanctioned_nodes":0,"policy_restricted_nodes":0,"threat_infrastructure_nodes":0,"stroke":"#c0d674","fill":"#c0d674","opacity":0.08,"marker_ring":false}},{"type":"Feature","id":"node-density-grid-2:40:16","geometry":{"type":"Polygon","coordinates":[[[16,40],[18,40],[18,42],[16,42],[16,40]]]},"properties":{"name":"2° Density Cell 40,16","kind":"density-grid","grid_size_degrees":2,"point_count":2,"intensity":0.004566,"networks":{"ipv4":2},"statuses":{"Unknown":2},"countries":{"IT":2},"sanctioned_nodes":0,"policy_restricted_nodes":0,"threat_infrastructure_nodes":0,"stroke":"#c0d674","fill":"#c0d674","opacity":0.08,"marker_ring":false}},{"type":"Feature","id":"node-density-grid-2:40:44","geometry":{"type":"Polygon","coordinates":[[[44,40],[46,40],[46,42],[44,42],[44,40]]]},"properties":{"name":"2° Density Cell 40,44","kind":"density-grid","grid_size_degrees":2,"point_count":2,"intensity":0.004566,"networks":{"ipv4":2},"statuses":{"Unknown":2},"countries":{"GE":2},"sanctioned_nodes":0,"policy_restricted_nodes":0,"threat_infrastructure_nodes":0,"stroke":"#c0d674","fill":"#c0d674","opacity":0.08,"marker_ring":false}},{"type":"Feature","id":"node-density-grid-2:42:-94","geometry":{"type":"Polygon","coordinates":[[[-94,42],[-92,42],[-92,44],[-94,44],[-94,42]]]},"properties":{"name":"2° Density Cell 42,-94","kind":"density-grid","grid_size_degrees":2,"point_count":2,"intensity":0.004566,"networks":{"ipv4":2},"statuses":{"Unknown":2},"countries":{"US":2},"sanctioned_nodes":0,"policy_restricted_nodes":0,"threat_infrastructure_nodes":0,"stroke":"#c0d674","fill":"#c0d674","opacity":0.08,"marker_ring":false}},{"type":"Feature","id":"node-density-grid-2:42:-76","geometry":{"type":"Polygon","coordinates":[[[-76,42],[-74,42],[-74,44],[-76,44],[-76,42]]]},"properties":{"name":"2° Density Cell 42,-76","kind":"density-grid","grid_size_degrees":2,"point_count":2,"intensity":0.004566,"networks":{"ipv4":2},"statuses":{"Unknown":2},"countries":{"US":2},"sanctioned_nodes":0,"policy_restricted_nodes":0,"threat_infrastructure_nodes":0,"stroke":"#c0d674","fill":"#c0d674","opacity":0.08,"marker_ring":false}},{"type":"Feature","id":"node-density-grid-2:42:0","geometry":{"type":"Polygon","coordinates":[[[0,42],[2,42],[2,44],[0,44],[0,42]]]},"properties":{"name":"2° Density Cell 42,0","kind":"density-grid","grid_size_degrees":2,"point_count":2,"intensity":0.004566,"networks":{"ipv4":2},"statuses":{"Unknown":2},"countries":{"AD":1,"FR":1},"sanctioned_nodes":0,"policy_restricted_nodes":0,"threat_infrastructure_nodes":0,"stroke":"#c0d674","fill":"#c0d674","opacity":0.08,"marker_ring":false}},{"type":"Feature","id":"node-density-grid-2:42:26","geometry":{"type":"Polygon","coordinates":[[[26,42],[28,42],[28,44],[26,44],[26,42]]]},"properties":{"name":"2° Density Cell 42,26","kind":"density-grid","grid_size_degrees":2,"point_count":2,"intensity":0.004566,"networks":{"ipv4":2},"statuses":{"duplicate-location":2},"countries":{"BG":2},"sanctioned_nodes":0,"policy_restricted_nodes":0,"threat_infrastructure_nodes":0,"stroke":"#c0d674","fill":"#c0d674","opacity":0.08,"marker_ring":false}},{"type":"Feature","id":"node-density-grid-2:44:-96","geometry":{"type":"Polygon","coordinates":[[[-96,44],[-94,44],[-94,46],[-96,46],[-96,44]]]},"properties":{"name":"2° Density Cell 44,-96","kind":"density-grid","grid_size_degrees":2,"point_count":2,"intensity":0.004566,"networks":{"ipv4":2},"statuses":{"Unknown":2},"countries":{"US":2},"sanctioned_nodes":0,"policy_restricted_nodes":0,"threat_infrastructure_nodes":0,"stroke":"#c0d674","fill":"#c0d674","opacity":0.08,"marker_ring":false}},{"type":"Feature","id":"node-density-grid-2:44:-66","geometry":{"type":"Polygon","coordinates":[[[-66,44],[-64,44],[-64,46],[-66,46],[-66,44]]]},"properties":{"name":"2° Density Cell 44,-66","kind":"density-grid","grid_size_degrees":2,"point_count":2,"intensity":0.004566,"networks":{"ipv4":2},"statuses":{"Unknown":2},"countries":{"CA":2},"sanctioned_nodes":0,"policy_restricted_nodes":0,"threat_infrastructure_nodes":0,"stroke":"#c0d674","fill":"#c0d674","opacity":0.08,"marker_ring":false}},{"type":"Feature","id":"node-density-grid-2:44:32","geometry":{"type":"Polygon","coordinates":[[[32,44],[34,44],[34,46],[32,46],[32,44]]]},"properties":{"name":"2° Density Cell 44,32","kind":"density-grid","grid_size_degrees":2,"point_count":2,"intensity":0.004566,"networks":{"ipv4":2},"statuses":{"Unknown":2},"countries":{"RU":1,"UA":1},"sanctioned_nodes":0,"policy_restricted_nodes":0,"threat_infrastructure_nodes":0,"stroke":"#c0d674","fill":"#c0d674","opacity":0.08,"marker_ring":false}},{"type":"Feature","id":"node-density-grid-2:46:-66","geometry":{"type":"Polygon","coordinates":[[[-66,46],[-64,46],[-64,48],[-66,48],[-66,46]]]},"properties":{"name":"2° Density Cell 46,-66","kind":"density-grid","grid_size_degrees":2,"point_count":2,"intensity":0.004566,"networks":{"ipv4":2},"statuses":{"Unknown":2},"countries":{"CA":2},"sanctioned_nodes":0,"policy_restricted_nodes":0,"threat_infrastructure_nodes":0,"stroke":"#c0d674","fill":"#c0d674","opacity":0.08,"marker_ring":false}},{"type":"Feature","id":"node-density-grid-2:46:22","geometry":{"type":"Polygon","coordinates":[[[22,46],[24,46],[24,48],[22,48],[22,46]]]},"properties":{"name":"2° Density Cell 46,22","kind":"density-grid","grid_size_degrees":2,"point_count":2,"intensity":0.004566,"networks":{"ipv4":2},"statuses":{"Unknown":2},"countries":{"RO":2},"sanctioned_nodes":0,"policy_restricted_nodes":0,"threat_infrastructure_nodes":0,"stroke":"#c0d674","fill":"#c0d674","opacity":0.08,"marker_ring":false}},{"type":"Feature","id":"node-density-grid-2:46:24","geometry":{"type":"Polygon","coordinates":[[[24,46],[26,46],[26,48],[24,48],[24,46]]]},"properties":{"name":"2° Density Cell 46,24","kind":"density-grid","grid_size_degrees":2,"point_count":2,"intensity":0.004566,"networks":{"ipv4":2},"statuses":{"Unknown":2},"countries":{"RO":2},"sanctioned_nodes":0,"policy_restricted_nodes":0,"threat_infrastructure_nodes":0,"stroke":"#c0d674","fill":"#c0d674","opacity":0.08,"marker_ring":false}},{"type":"Feature","id":"node-density-grid-2:46:30","geometry":{"type":"Polygon","coordinates":[[[30,46],[32,46],[32,48],[30,48],[30,46]]]},"properties":{"name":"2° Density Cell 46,30","kind":"density-grid","grid_size_degrees":2,"point_count":2,"intensity":0.004566,"networks":{"ipv4":2},"statuses":{"Unknown":2},"countries":{"UA":2},"sanctioned_nodes":0,"policy_restricted_nodes":0,"threat_infrastructure_nodes":0,"stroke":"#c0d674","fill":"#c0d674","opacity":0.08,"marker_ring":false}},{"type":"Feature","id":"node-density-grid-2:48:-120","geometry":{"type":"Polygon","coordinates":[[[-120,48],[-118,48],[-118,50],[-120,50],[-120,48]]]},"properties":{"name":"2° Density Cell 48,-120","kind":"density-grid","grid_size_degrees":2,"point_count":2,"intensity":0.004566,"networks":{"ipv4":2},"statuses":{"Unknown":2},"countries":{"CA":2},"sanctioned_nodes":0,"policy_restricted_nodes":0,"threat_infrastructure_nodes":0,"stroke":"#c0d674","fill":"#c0d674","opacity":0.08,"marker_ring":false}},{"type":"Feature","id":"node-density-grid-2:48:-2","geometry":{"type":"Polygon","coordinates":[[[-2,48],[0,48],[0,50],[-2,50],[-2,48]]]},"properties":{"name":"2° Density Cell 48,-2","kind":"density-grid","grid_size_degrees":2,"point_count":2,"intensity":0.004566,"networks":{"ipv4":2},"statuses":{"Unknown":2},"countries":{"FR":2},"sanctioned_nodes":0,"policy_restricted_nodes":0,"threat_infrastructure_nodes":0,"stroke":"#c0d674","fill":"#c0d674","opacity":0.08,"marker_ring":false}},{"type":"Feature","id":"node-density-grid-2:48:34","geometry":{"type":"Polygon","coordinates":[[[34,48],[36,48],[36,50],[34,50],[34,48]]]},"properties":{"name":"2° Density Cell 48,34","kind":"density-grid","grid_size_degrees":2,"point_count":2,"intensity":0.004566,"networks":{"ipv4":2},"statuses":{"Unknown":2},"countries":{"UA":2},"sanctioned_nodes":0,"policy_restricted_nodes":0,"threat_infrastructure_nodes":0,"stroke":"#c0d674","fill":"#c0d674","opacity":0.08,"marker_ring":false}},{"type":"Feature","id":"node-density-grid-2:50:-114","geometry":{"type":"Polygon","coordinates":[[[-114,50],[-112,50],[-112,52],[-114,52],[-114,50]]]},"properties":{"name":"2° Density Cell 50,-114","kind":"density-grid","grid_size_degrees":2,"point_count":2,"intensity":0.004566,"networks":{"ipv4":2},"statuses":{"Unknown":2},"countries":{"CA":2},"sanctioned_nodes":0,"policy_restricted_nodes":0,"threat_infrastructure_nodes":0,"stroke":"#c0d674","fill":"#c0d674","opacity":0.08,"marker_ring":false}},{"type":"Feature","id":"node-density-grid-2:50:18","geometry":{"type":"Polygon","coordinates":[[[18,50],[20,50],[20,52],[18,52],[18,50]]]},"properties":{"name":"2° Density Cell 50,18","kind":"density-grid","grid_size_degrees":2,"point_count":2,"intensity":0.004566,"networks":{"ipv4":2},"statuses":{"Unknown":2},"countries":{"PL":2},"sanctioned_nodes":0,"policy_restricted_nodes":0,"threat_infrastructure_nodes":0,"stroke":"#c0d674","fill":"#c0d674","opacity":0.08,"marker_ring":false}},{"type":"Feature","id":"node-density-grid-2:52:-10","geometry":{"type":"Polygon","coordinates":[[[-10,52],[-8,52],[-8,54],[-10,54],[-10,52]]]},"properties":{"name":"2° Density Cell 52,-10","kind":"density-grid","grid_size_degrees":2,"point_count":2,"intensity":0.004566,"networks":{"ipv4":2},"statuses":{"Unknown":2},"countries":{"IE":2},"sanctioned_nodes":0,"policy_restricted_nodes":0,"threat_infrastructure_nodes":0,"stroke":"#c0d674","fill":"#c0d674","opacity":0.08,"marker_ring":false}},{"type":"Feature","id":"node-density-grid-2:52:16","geometry":{"type":"Polygon","coordinates":[[[16,52],[18,52],[18,54],[16,54],[16,52]]]},"properties":{"name":"2° Density Cell 52,16","kind":"density-grid","grid_size_degrees":2,"point_count":2,"intensity":0.004566,"networks":{"ipv4":2},"statuses":{"Unknown":2},"countries":{"PL":2},"sanctioned_nodes":0,"policy_restricted_nodes":0,"threat_infrastructure_nodes":0,"stroke":"#c0d674","fill":"#c0d674","opacity":0.08,"marker_ring":false}},{"type":"Feature","id":"node-density-grid-2:52:30","geometry":{"type":"Polygon","coordinates":[[[30,52],[32,52],[32,54],[30,54],[30,52]]]},"properties":{"name":"2° Density Cell 52,30","kind":"density-grid","grid_size_degrees":2,"point_count":2,"intensity":0.004566,"networks":{"ipv4":2},"statuses":{"duplicate-location":2},"countries":{"BY":2},"sanctioned_nodes":0,"policy_restricted_nodes":0,"threat_infrastructure_nodes":0,"stroke":"#c0d674","fill":"#c0d674","opacity":0.08,"marker_ring":false}},{"type":"Feature","id":"node-density-grid-2:52:104","geometry":{"type":"Polygon","coordinates":[[[104,52],[106,52],[106,54],[104,54],[104,52]]]},"properties":{"name":"2° Density Cell 52,104","kind":"density-grid","grid_size_degrees":2,"point_count":2,"intensity":0.004566,"networks":{"ipv4":2},"statuses":{"Unknown":2},"countries":{"RU":2},"sanctioned_nodes":0,"policy_restricted_nodes":0,"threat_infrastructure_nodes":0,"stroke":"#c0d674","fill":"#c0d674","opacity":0.08,"marker_ring":false}},{"type":"Feature","id":"node-density-grid-2:54:48","geometry":{"type":"Polygon","coordinates":[[[48,54],[50,54],[50,56],[48,56],[48,54]]]},"properties":{"name":"2° Density Cell 54,48","kind":"density-grid","grid_size_degrees":2,"point_count":2,"intensity":0.004566,"networks":{"ipv4":2},"statuses":{"duplicate-location":2},"countries":{"RU":2},"sanctioned_nodes":0,"policy_restricted_nodes":0,"threat_infrastructure_nodes":0,"stroke":"#c0d674","fill":"#c0d674","opacity":0.08,"marker_ring":false}},{"type":"Feature","id":"node-density-grid-2:56:56","geometry":{"type":"Polygon","coordinates":[[[56,56],[58,56],[58,58],[56,58],[56,56]]]},"properties":{"name":"2° Density Cell 56,56","kind":"density-grid","grid_size_degrees":2,"point_count":2,"intensity":0.004566,"networks":{"ipv4":2},"statuses":{"Unknown":2},"countries":{"RU":2},"sanctioned_nodes":0,"policy_restricted_nodes":0,"threat_infrastructure_nodes":0,"stroke":"#c0d674","fill":"#c0d674","opacity":0.08,"marker_ring":false}},{"type":"Feature","id":"node-density-grid-2:58:-152","geometry":{"type":"Polygon","coordinates":[[[-152,58],[-150,58],[-150,60],[-152,60],[-152,58]]]},"properties":{"name":"2° Density Cell 58,-152","kind":"density-grid","grid_size_degrees":2,"point_count":2,"intensity":0.004566,"networks":{"ipv4":2},"statuses":{"duplicate-location":2},"countries":{"US":2},"sanctioned_nodes":0,"policy_restricted_nodes":0,"threat_infrastructure_nodes":0,"stroke":"#c0d674","fill":"#c0d674","opacity":0.08,"marker_ring":false}},{"type":"Feature","id":"node-density-grid-2:62:-8","geometry":{"type":"Polygon","coordinates":[[[-8,62],[-6,62],[-6,64],[-8,64],[-8,62]]]},"properties":{"name":"2° Density Cell 62,-8","kind":"density-grid","grid_size_degrees":2,"point_count":2,"intensity":0.004566,"networks":{"ipv4":2},"statuses":{"Unknown":2},"countries":{"FO":2},"sanctioned_nodes":0,"policy_restricted_nodes":0,"threat_infrastructure_nodes":0,"stroke":"#c0d674","fill":"#c0d674","opacity":0.08,"marker_ring":false}},{"type":"Feature","id":"node-density-grid-2:62:10","geometry":{"type":"Polygon","coordinates":[[[10,62],[12,62],[12,64],[10,64],[10,62]]]},"properties":{"name":"2° Density Cell 62,10","kind":"density-grid","grid_size_degrees":2,"point_count":2,"intensity":0.004566,"networks":{"ipv4":2},"statuses":{"duplicate-location":2},"countries":{"NO":2},"sanctioned_nodes":0,"policy_restricted_nodes":0,"threat_infrastructure_nodes":0,"stroke":"#c0d674","fill":"#c0d674","opacity":0.08,"marker_ring":false}},{"type":"Feature","id":"node-density-grid-2:64:-24","geometry":{"type":"Polygon","coordinates":[[[-24,64],[-22,64],[-22,66],[-24,66],[-24,64]]]},"properties":{"name":"2° Density Cell 64,-24","kind":"density-grid","grid_size_degrees":2,"point_count":2,"intensity":0.004566,"networks":{"ipv4":2},"statuses":{"duplicate-location":2},"countries":{"IS":2},"sanctioned_nodes":0,"policy_restricted_nodes":0,"threat_infrastructure_nodes":0,"stroke":"#c0d674","fill":"#c0d674","opacity":0.08,"marker_ring":false}},{"type":"Feature","id":"node-density-grid-2:64:20","geometry":{"type":"Polygon","coordinates":[[[20,64],[22,64],[22,66],[20,66],[20,64]]]},"properties":{"name":"2° Density Cell 64,20","kind":"density-grid","grid_size_degrees":2,"point_count":2,"intensity":0.004566,"networks":{"ipv4":2},"statuses":{"Unknown":2},"countries":{"SE":2},"sanctioned_nodes":0,"policy_restricted_nodes":0,"threat_infrastructure_nodes":0,"stroke":"#c0d674","fill":"#c0d674","opacity":0.08,"marker_ring":false}},{"type":"Feature","id":"node-density-grid-2:-46:-68","geometry":{"type":"Polygon","coordinates":[[[-68,-46],[-66,-46],[-66,-44],[-68,-44],[-68,-46]]]},"properties":{"name":"2° Density Cell -46,-68","kind":"density-grid","grid_size_degrees":2,"point_count":1,"intensity":0.002283,"networks":{"ipv4":1},"statuses":{"Unknown":1},"countries":{"AR":1},"sanctioned_nodes":0,"policy_restricted_nodes":0,"threat_infrastructure_nodes":0,"stroke":"#c0d674","fill":"#c0d674","opacity":0.08,"marker_ring":false}},{"type":"Feature","id":"node-density-grid-2:-46:170","geometry":{"type":"Polygon","coordinates":[[[170,-46],[172,-46],[172,-44],[170,-44],[170,-46]]]},"properties":{"name":"2° Density Cell -46,170","kind":"density-grid","grid_size_degrees":2,"point_count":1,"intensity":0.002283,"networks":{"ipv4":1},"statuses":{"Unknown":1},"countries":{"NZ":1},"sanctioned_nodes":0,"policy_restricted_nodes":0,"threat_infrastructure_nodes":0,"stroke":"#c0d674","fill":"#c0d674","opacity":0.08,"marker_ring":false}},{"type":"Feature","id":"node-density-grid-2:-44:146","geometry":{"type":"Polygon","coordinates":[[[146,-44],[148,-44],[148,-42],[146,-42],[146,-44]]]},"properties":{"name":"2° Density Cell -44,146","kind":"density-grid","grid_size_degrees":2,"point_count":1,"intensity":0.002283,"networks":{"ipv4":1},"statuses":{"Unknown":1},"countries":{"AU":1},"sanctioned_nodes":0,"policy_restricted_nodes":0,"threat_infrastructure_nodes":0,"stroke":"#c0d674","fill":"#c0d674","opacity":0.08,"marker_ring":false}},{"type":"Feature","id":"node-density-grid-2:-44:172","geometry":{"type":"Polygon","coordinates":[[[172,-44],[174,-44],[174,-42],[172,-42],[172,-44]]]},"properties":{"name":"2° Density Cell -44,172","kind":"density-grid","grid_size_degrees":2,"point_count":1,"intensity":0.002283,"networks":{"ipv4":1},"statuses":{"Unknown":1},"countries":{"NZ":1},"sanctioned_nodes":0,"policy_restricted_nodes":0,"threat_infrastructure_nodes":0,"stroke":"#c0d674","fill":"#c0d674","opacity":0.08,"marker_ring":false}},{"type":"Feature","id":"node-density-grid-2:-42:-72","geometry":{"type":"Polygon","coordinates":[[[-72,-42],[-70,-42],[-70,-40],[-72,-40],[-72,-42]]]},"properties":{"name":"2° Density Cell -42,-72","kind":"density-grid","grid_size_degrees":2,"point_count":1,"intensity":0.002283,"networks":{"ipv4":1},"statuses":{"Unknown":1},"countries":{"AR":1},"sanctioned_nodes":0,"policy_restricted_nodes":0,"threat_infrastructure_nodes":0,"stroke":"#c0d674","fill":"#c0d674","opacity":0.08,"marker_ring":false}},{"type":"Feature","id":"node-density-grid-2:-42:172","geometry":{"type":"Polygon","coordinates":[[[172,-42],[174,-42],[174,-40],[172,-40],[172,-42]]]},"properties":{"name":"2° Density Cell -42,172","kind":"density-grid","grid_size_degrees":2,"point_count":1,"intensity":0.002283,"networks":{"ipv4":1},"statuses":{"Unknown":1},"countries":{"NZ":1},"sanctioned_nodes":0,"policy_restricted_nodes":0,"threat_infrastructure_nodes":0,"stroke":"#c0d674","fill":"#c0d674","opacity":0.08,"marker_ring":false}},{"type":"Feature","id":"node-density-grid-2:-42:174","geometry":{"type":"Polygon","coordinates":[[[174,-42],[176,-42],[176,-40],[174,-40],[174,-42]]]},"properties":{"name":"2° Density Cell -42,174","kind":"density-grid","grid_size_degrees":2,"point_count":1,"intensity":0.002283,"networks":{"ipv4":1},"statuses":{"Unknown":1},"countries":{"NZ":1},"sanctioned_nodes":0,"policy_restricted_nodes":0,"threat_infrastructure_nodes":0,"stroke":"#c0d674","fill":"#c0d674","opacity":0.08,"marker_ring":false}},{"type":"Feature","id":"node-density-grid-2:-40:146","geometry":{"type":"Polygon","coordinates":[[[146,-40],[148,-40],[148,-38],[146,-38],[146,-40]]]},"properties":{"name":"2° Density Cell -40,146","kind":"density-grid","grid_size_degrees":2,"point_count":1,"intensity":0.002283,"networks":{"ipv4":1},"statuses":{"Unknown":1},"countries":{"AU":1},"sanctioned_nodes":0,"policy_restricted_nodes":0,"threat_infrastructure_nodes":0,"stroke":"#c0d674","fill":"#c0d674","opacity":0.08,"marker_ring":false}},{"type":"Feature","id":"node-density-grid-2:-40:176","geometry":{"type":"Polygon","coordinates":[[[176,-40],[178,-40],[178,-38],[176,-38],[176,-40]]]},"properties":{"name":"2° Density Cell -40,176","kind":"density-grid","grid_size_degrees":2,"point_count":1,"intensity":0.002283,"networks":{"ipv4":1},"statuses":{"Unknown":1},"countries":{"NZ":1},"sanctioned_nodes":0,"policy_restricted_nodes":0,"threat_infrastructure_nodes":0,"stroke":"#c0d674","fill":"#c0d674","opacity":0.08,"marker_ring":false}},{"type":"Feature","id":"node-density-grid-2:-38:140","geometry":{"type":"Polygon","coordinates":[[[140,-38],[142,-38],[142,-36],[140,-36],[140,-38]]]},"properties":{"name":"2° Density Cell -38,140","kind":"density-grid","grid_size_degrees":2,"point_count":1,"intensity":0.002283,"networks":{"ipv4":1},"statuses":{"Unknown":1},"countries":{"AU":1},"sanctioned_nodes":0,"policy_restricted_nodes":0,"threat_infrastructure_nodes":0,"stroke":"#c0d674","fill":"#c0d674","opacity":0.08,"marker_ring":false}},{"type":"Feature","id":"node-density-grid-2:-38:146","geometry":{"type":"Polygon","coordinates":[[[146,-38],[148,-38],[148,-36],[146,-36],[146,-38]]]},"properties":{"name":"2° Density Cell -38,146","kind":"density-grid","grid_size_degrees":2,"point_count":1,"intensity":0.002283,"networks":{"ipv4":1},"statuses":{"Unknown":1},"countries":{"AU":1},"sanctioned_nodes":0,"policy_restricted_nodes":0,"threat_infrastructure_nodes":0,"stroke":"#c0d674","fill":"#c0d674","opacity":0.08,"marker_ring":false}},{"type":"Feature","id":"node-density-grid-2:-36:148","geometry":{"type":"Polygon","coordinates":[[[148,-36],[150,-36],[150,-34],[148,-34],[148,-36]]]},"properties":{"name":"2° Density Cell -36,148","kind":"density-grid","grid_size_degrees":2,"point_count":1,"intensity":0.002283,"networks":{"ipv4":1},"statuses":{"Unknown":1},"countries":{"AU":1},"sanctioned_nodes":0,"policy_restricted_nodes":0,"threat_infrastructure_nodes":0,"stroke":"#c0d674","fill":"#c0d674","opacity":0.08,"marker_ring":false}},{"type":"Feature","id":"node-density-grid-2:-34:114","geometry":{"type":"Polygon","coordinates":[[[114,-34],[116,-34],[116,-32],[114,-32],[114,-34]]]},"properties":{"name":"2° Density Cell -34,114","kind":"density-grid","grid_size_degrees":2,"point_count":1,"intensity":0.002283,"networks":{"ipv4":1},"statuses":{"Unknown":1},"countries":{"AU":1},"sanctioned_nodes":0,"policy_restricted_nodes":0,"threat_infrastructure_nodes":0,"stroke":"#c0d674","fill":"#c0d674","opacity":0.08,"marker_ring":false}},{"type":"Feature","id":"node-density-grid-2:-34:116","geometry":{"type":"Polygon","coordinates":[[[116,-34],[118,-34],[118,-32],[116,-32],[116,-34]]]},"properties":{"name":"2° Density Cell -34,116","kind":"density-grid","grid_size_degrees":2,"point_count":1,"intensity":0.002283,"networks":{"ipv4":1},"statuses":{"Unknown":1},"countries":{"AU":1},"sanctioned_nodes":0,"policy_restricted_nodes":0,"threat_infrastructure_nodes":0,"stroke":"#c0d674","fill":"#c0d674","opacity":0.08,"marker_ring":false}},{"type":"Feature","id":"node-density-grid-2:-32:-62","geometry":{"type":"Polygon","coordinates":[[[-62,-32],[-60,-32],[-60,-30],[-62,-30],[-62,-32]]]},"properties":{"name":"2° Density Cell -32,-62","kind":"density-grid","grid_size_degrees":2,"point_count":1,"intensity":0.002283,"networks":{"ipv4":1},"statuses":{"Unknown":1},"countries":{"AR":1},"sanctioned_nodes":0,"policy_restricted_nodes":0,"threat_infrastructure_nodes":0,"stroke":"#c0d674","fill":"#c0d674","opacity":0.08,"marker_ring":false}},{"type":"Feature","id":"node-density-grid-2:-32:116","geometry":{"type":"Polygon","coordinates":[[[116,-32],[118,-32],[118,-30],[116,-30],[116,-32]]]},"properties":{"name":"2° Density Cell -32,116","kind":"density-grid","grid_size_degrees":2,"point_count":1,"intensity":0.002283,"networks":{"ipv4":1},"statuses":{"Unknown":1},"countries":{"AU":1},"sanctioned_nodes":0,"policy_restricted_nodes":0,"threat_infrastructure_nodes":0,"stroke":"#c0d674","fill":"#c0d674","opacity":0.08,"marker_ring":false}},{"type":"Feature","id":"node-density-grid-2:-30:30","geometry":{"type":"Polygon","coordinates":[[[30,-30],[32,-30],[32,-28],[30,-28],[30,-30]]]},"properties":{"name":"2° Density Cell -30,30","kind":"density-grid","grid_size_degrees":2,"point_count":1,"intensity":0.002283,"networks":{"ipv4":1},"statuses":{"Unknown":1},"countries":{"ZA":1},"sanctioned_nodes":0,"policy_restricted_nodes":0,"threat_infrastructure_nodes":0,"stroke":"#c0d674","fill":"#c0d674","opacity":0.08,"marker_ring":false}},{"type":"Feature","id":"node-density-grid-2:-28:26","geometry":{"type":"Polygon","coordinates":[[[26,-28],[28,-28],[28,-26],[26,-26],[26,-28]]]},"properties":{"name":"2° Density Cell -28,26","kind":"density-grid","grid_size_degrees":2,"point_count":1,"intensity":0.002283,"networks":{"ipv4":1},"statuses":{"Unknown":1},"countries":{"ZA":1},"sanctioned_nodes":0,"policy_restricted_nodes":0,"threat_infrastructure_nodes":0,"stroke":"#c0d674","fill":"#c0d674","opacity":0.08,"marker_ring":false}},{"type":"Feature","id":"node-density-grid-2:-26:-54","geometry":{"type":"Polygon","coordinates":[[[-54,-26],[-52,-26],[-52,-24],[-54,-24],[-54,-26]]]},"properties":{"name":"2° Density Cell -26,-54","kind":"density-grid","grid_size_degrees":2,"point_count":1,"intensity":0.002283,"networks":{"ipv4":1},"statuses":{"Unknown":1},"countries":{"BR":1},"sanctioned_nodes":0,"policy_restricted_nodes":0,"threat_infrastructure_nodes":0,"stroke":"#c0d674","fill":"#c0d674","opacity":0.08,"marker_ring":false}},{"type":"Feature","id":"node-density-grid-2:-26:-50","geometry":{"type":"Polygon","coordinates":[[[-50,-26],[-48,-26],[-48,-24],[-50,-24],[-50,-26]]]},"properties":{"name":"2° Density Cell -26,-50","kind":"density-grid","grid_size_degrees":2,"point_count":1,"intensity":0.002283,"networks":{"ipv4":1},"statuses":{"Unknown":1},"countries":{"BR":1},"sanctioned_nodes":0,"policy_restricted_nodes":0,"threat_infrastructure_nodes":0,"stroke":"#c0d674","fill":"#c0d674","opacity":0.08,"marker_ring":false}},{"type":"Feature","id":"node-density-grid-2:-26:28","geometry":{"type":"Polygon","coordinates":[[[28,-26],[30,-26],[30,-24],[28,-24],[28,-26]]]},"properties":{"name":"2° Density Cell -26,28","kind":"density-grid","grid_size_degrees":2,"point_count":1,"intensity":0.002283,"networks":{"ipv4":1},"statuses":{"Unknown":1},"countries":{"ZA":1},"sanctioned_nodes":0,"policy_restricted_nodes":0,"threat_infrastructure_nodes":0,"stroke":"#c0d674","fill":"#c0d674","opacity":0.08,"marker_ring":false}},{"type":"Feature","id":"node-density-grid-2:-26:152","geometry":{"type":"Polygon","coordinates":[[[152,-26],[154,-26],[154,-24],[152,-24],[152,-26]]]},"properties":{"name":"2° Density Cell -26,152","kind":"density-grid","grid_size_degrees":2,"point_count":1,"intensity":0.002283,"networks":{"ipv4":1},"statuses":{"Unknown":1},"countries":{"AU":1},"sanctioned_nodes":0,"policy_restricted_nodes":0,"threat_infrastructure_nodes":0,"stroke":"#c0d674","fill":"#c0d674","opacity":0.08,"marker_ring":false}},{"type":"Feature","id":"node-density-grid-2:-24:-54","geometry":{"type":"Polygon","coordinates":[[[-54,-24],[-52,-24],[-52,-22],[-54,-22],[-54,-24]]]},"properties":{"name":"2° Density Cell -24,-54","kind":"density-grid","grid_size_degrees":2,"point_count":1,"intensity":0.002283,"networks":{"ipv4":1},"statuses":{"Unknown":1},"countries":{"BR":1},"sanctioned_nodes":0,"policy_restricted_nodes":0,"threat_infrastructure_nodes":0,"stroke":"#c0d674","fill":"#c0d674","opacity":0.08,"marker_ring":false}},{"type":"Feature","id":"node-density-grid-2:-22:-52","geometry":{"type":"Polygon","coordinates":[[[-52,-22],[-50,-22],[-50,-20],[-52,-20],[-52,-22]]]},"properties":{"name":"2° Density Cell -22,-52","kind":"density-grid","grid_size_degrees":2,"point_count":1,"intensity":0.002283,"networks":{"ipv4":1},"statuses":{"Unknown":1},"countries":{"BR":1},"sanctioned_nodes":0,"policy_restricted_nodes":0,"threat_infrastructure_nodes":0,"stroke":"#c0d674","fill":"#c0d674","opacity":0.08,"marker_ring":false}},{"type":"Feature","id":"node-density-grid-2:-22:-48","geometry":{"type":"Polygon","coordinates":[[[-48,-22],[-46,-22],[-46,-20],[-48,-20],[-48,-22]]]},"properties":{"name":"2° Density Cell -22,-48","kind":"density-grid","grid_size_degrees":2,"point_count":1,"intensity":0.002283,"networks":{"ipv4":1},"statuses":{"Unknown":1},"countries":{"BR":1},"sanctioned_nodes":0,"policy_restricted_nodes":0,"threat_infrastructure_nodes":0,"stroke":"#c0d674","fill":"#c0d674","opacity":0.08,"marker_ring":false}},{"type":"Feature","id":"node-density-grid-2:-22:-44","geometry":{"type":"Polygon","coordinates":[[[-44,-22],[-42,-22],[-42,-20],[-44,-20],[-44,-22]]]},"properties":{"name":"2° Density Cell -22,-44","kind":"density-grid","grid_size_degrees":2,"point_count":1,"intensity":0.002283,"networks":{"ipv4":1},"statuses":{"Unknown":1},"countries":{"BR":1},"sanctioned_nodes":0,"policy_restricted_nodes":0,"threat_infrastructure_nodes":0,"stroke":"#c0d674","fill":"#c0d674","opacity":0.08,"marker_ring":false}},{"type":"Feature","id":"node-density-grid-2:-22:54","geometry":{"type":"Polygon","coordinates":[[[54,-22],[56,-22],[56,-20],[54,-20],[54,-22]]]},"properties":{"name":"2° Density Cell -22,54","kind":"density-grid","grid_size_degrees":2,"point_count":1,"intensity":0.002283,"networks":{"ipv4":1},"statuses":{"Unknown":1},"countries":{"RE":1},"sanctioned_nodes":0,"policy_restricted_nodes":0,"threat_infrastructure_nodes":0,"stroke":"#c0d674","fill":"#c0d674","opacity":0.08,"marker_ring":false}},{"type":"Feature","id":"node-density-grid-2:-20:-42","geometry":{"type":"Polygon","coordinates":[[[-42,-20],[-40,-20],[-40,-18],[-42,-18],[-42,-20]]]},"properties":{"name":"2° Density Cell -20,-42","kind":"density-grid","grid_size_degrees":2,"point_count":1,"intensity":0.002283,"networks":{"ipv4":1},"statuses":{"Unknown":1},"countries":{"BR":1},"sanctioned_nodes":0,"policy_restricted_nodes":0,"threat_infrastructure_nodes":0,"stroke":"#c0d674","fill":"#c0d674","opacity":0.08,"marker_ring":false}},{"type":"Feature","id":"node-density-grid-2:-20:146","geometry":{"type":"Polygon","coordinates":[[[146,-20],[148,-20],[148,-18],[146,-18],[146,-20]]]},"properties":{"name":"2° Density Cell -20,146","kind":"density-grid","grid_size_degrees":2,"point_count":1,"intensity":0.002283,"networks":{"ipv4":1},"statuses":{"Unknown":1},"countries":{"AU":1},"sanctioned_nodes":0,"policy_restricted_nodes":0,"threat_infrastructure_nodes":0,"stroke":"#c0d674","fill":"#c0d674","opacity":0.08,"marker_ring":false}},{"type":"Feature","id":"node-density-grid-2:-18:-64","geometry":{"type":"Polygon","coordinates":[[[-64,-18],[-62,-18],[-62,-16],[-64,-16],[-64,-18]]]},"properties":{"name":"2° Density Cell -18,-64","kind":"density-grid","grid_size_degrees":2,"point_count":1,"intensity":0.002283,"networks":{"ipv4":1},"statuses":{"Unknown":1},"countries":{"BO":1},"sanctioned_nodes":0,"policy_restricted_nodes":0,"threat_infrastructure_nodes":0,"stroke":"#c0d674","fill":"#c0d674","opacity":0.08,"marker_ring":false}},{"type":"Feature","id":"node-density-grid-2:-18:-52","geometry":{"type":"Polygon","coordinates":[[[-52,-18],[-50,-18],[-50,-16],[-52,-16],[-52,-18]]]},"properties":{"name":"2° Density Cell -18,-52","kind":"density-grid","grid_size_degrees":2,"point_count":1,"intensity":0.002283,"networks":{"ipv4":1},"statuses":{"Unknown":1},"countries":{"BR":1},"sanctioned_nodes":0,"policy_restricted_nodes":0,"threat_infrastructure_nodes":0,"stroke":"#c0d674","fill":"#c0d674","opacity":0.08,"marker_ring":false}},{"type":"Feature","id":"node-density-grid-2:-16:-48","geometry":{"type":"Polygon","coordinates":[[[-48,-16],[-46,-16],[-46,-14],[-48,-14],[-48,-16]]]},"properties":{"name":"2° Density Cell -16,-48","kind":"density-grid","grid_size_degrees":2,"point_count":1,"intensity":0.002283,"networks":{"ipv4":1},"statuses":{"Unknown":1},"countries":{"BR":1},"sanctioned_nodes":0,"policy_restricted_nodes":0,"threat_infrastructure_nodes":0,"stroke":"#c0d674","fill":"#c0d674","opacity":0.08,"marker_ring":false}},{"type":"Feature","id":"node-density-grid-2:-10:114","geometry":{"type":"Polygon","coordinates":[[[114,-10],[116,-10],[116,-8],[114,-8],[114,-10]]]},"properties":{"name":"2° Density Cell -10,114","kind":"density-grid","grid_size_degrees":2,"point_count":1,"intensity":0.002283,"networks":{"ipv4":1},"statuses":{"Unknown":1},"countries":{"ID":1},"sanctioned_nodes":0,"policy_restricted_nodes":0,"threat_infrastructure_nodes":0,"stroke":"#c0d674","fill":"#c0d674","opacity":0.08,"marker_ring":false}},{"type":"Feature","id":"node-density-grid-2:-8:108","geometry":{"type":"Polygon","coordinates":[[[108,-8],[110,-8],[110,-6],[108,-6],[108,-8]]]},"properties":{"name":"2° Density Cell -8,108","kind":"density-grid","grid_size_degrees":2,"point_count":1,"intensity":0.002283,"networks":{"ipv4":1},"statuses":{"Unknown":1},"countries":{"ID":1},"sanctioned_nodes":0,"policy_restricted_nodes":0,"threat_infrastructure_nodes":0,"stroke":"#c0d674","fill":"#c0d674","opacity":0.08,"marker_ring":false}},{"type":"Feature","id":"node-density-grid-2:-2:-80","geometry":{"type":"Polygon","coordinates":[[[-80,-2],[-78,-2],[-78,0],[-80,0],[-80,-2]]]},"properties":{"name":"2° Density Cell -2,-80","kind":"density-grid","grid_size_degrees":2,"point_count":1,"intensity":0.002283,"networks":{"ipv4":1},"statuses":{"Unknown":1},"countries":{"EC":1},"sanctioned_nodes":0,"policy_restricted_nodes":0,"threat_infrastructure_nodes":0,"stroke":"#c0d674","fill":"#c0d674","opacity":0.08,"marker_ring":false}},{"type":"Feature","id":"node-density-grid-2:6:-76","geometry":{"type":"Polygon","coordinates":[[[-76,6],[-74,6],[-74,8],[-76,8],[-76,6]]]},"properties":{"name":"2° Density Cell 6,-76","kind":"density-grid","grid_size_degrees":2,"point_count":1,"intensity":0.002283,"networks":{"ipv4":1},"statuses":{"Unknown":1},"countries":{"CO":1},"sanctioned_nodes":0,"policy_restricted_nodes":0,"threat_infrastructure_nodes":0,"stroke":"#c0d674","fill":"#c0d674","opacity":0.08,"marker_ring":false}},{"type":"Feature","id":"node-density-grid-2:8:-80","geometry":{"type":"Polygon","coordinates":[[[-80,8],[-78,8],[-78,10],[-80,10],[-80,8]]]},"properties":{"name":"2° Density Cell 8,-80","kind":"density-grid","grid_size_degrees":2,"point_count":1,"intensity":0.002283,"networks":{"ipv4":1},"statuses":{"Unknown":1},"countries":{"PA":1},"sanctioned_nodes":0,"policy_restricted_nodes":0,"threat_infrastructure_nodes":0,"stroke":"#c0d674","fill":"#c0d674","opacity":0.08,"marker_ring":false}},{"type":"Feature","id":"node-density-grid-2:8:-72","geometry":{"type":"Polygon","coordinates":[[[-72,8],[-70,8],[-70,10],[-72,10],[-72,8]]]},"properties":{"name":"2° Density Cell 8,-72","kind":"density-grid","grid_size_degrees":2,"point_count":1,"intensity":0.002283,"networks":{"ipv4":1},"statuses":{"Unknown":1},"countries":{"VE":1},"sanctioned_nodes":0,"policy_restricted_nodes":0,"threat_infrastructure_nodes":0,"stroke":"#c0d674","fill":"#c0d674","opacity":0.08,"marker_ring":false}},{"type":"Feature","id":"node-density-grid-2:10:106","geometry":{"type":"Polygon","coordinates":[[[106,10],[108,10],[108,12],[106,12],[106,10]]]},"properties":{"name":"2° Density Cell 10,106","kind":"density-grid","grid_size_degrees":2,"point_count":1,"intensity":0.002283,"networks":{"ipv4":1},"statuses":{"Unknown":1},"countries":{"VN":1},"sanctioned_nodes":0,"policy_restricted_nodes":0,"threat_infrastructure_nodes":0,"stroke":"#c0d674","fill":"#c0d674","opacity":0.08,"marker_ring":false}},{"type":"Feature","id":"node-density-grid-2:12:-90","geometry":{"type":"Polygon","coordinates":[[[-90,12],[-88,12],[-88,14],[-90,14],[-90,12]]]},"properties":{"name":"2° Density Cell 12,-90","kind":"density-grid","grid_size_degrees":2,"point_count":1,"intensity":0.002283,"networks":{"ipv4":1},"statuses":{"Unknown":1},"countries":{"SV":1},"sanctioned_nodes":0,"policy_restricted_nodes":0,"threat_infrastructure_nodes":0,"stroke":"#c0d674","fill":"#c0d674","opacity":0.08,"marker_ring":false}},{"type":"Feature","id":"node-density-grid-2:12:-70","geometry":{"type":"Polygon","coordinates":[[[-70,12],[-68,12],[-68,14],[-70,14],[-70,12]]]},"properties":{"name":"2° Density Cell 12,-70","kind":"density-grid","grid_size_degrees":2,"point_count":1,"intensity":0.002283,"networks":{"ipv4":1},"statuses":{"Unknown":1},"countries":{"CW":1},"sanctioned_nodes":0,"policy_restricted_nodes":0,"threat_infrastructure_nodes":0,"stroke":"#c0d674","fill":"#c0d674","opacity":0.08,"marker_ring":false}},{"type":"Feature","id":"node-density-grid-2:14:102","geometry":{"type":"Polygon","coordinates":[[[102,14],[104,14],[104,16],[102,16],[102,14]]]},"properties":{"name":"2° Density Cell 14,102","kind":"density-grid","grid_size_degrees":2,"point_count":1,"intensity":0.002283,"networks":{"ipv4":1},"statuses":{"Unknown":1},"countries":{"TH":1},"sanctioned_nodes":0,"policy_restricted_nodes":0,"threat_infrastructure_nodes":0,"stroke":"#c0d674","fill":"#c0d674","opacity":0.08,"marker_ring":false}},{"type":"Feature","id":"node-density-grid-2:14:104","geometry":{"type":"Polygon","coordinates":[[[104,14],[106,14],[106,16],[104,16],[104,14]]]},"properties":{"name":"2° Density Cell 14,104","kind":"density-grid","grid_size_degrees":2,"point_count":1,"intensity":0.002283,"networks":{"ipv4":1},"statuses":{"Unknown":1},"countries":{"TH":1},"sanctioned_nodes":0,"policy_restricted_nodes":0,"threat_infrastructure_nodes":0,"stroke":"#c0d674","fill":"#c0d674","opacity":0.08,"marker_ring":false}},{"type":"Feature","id":"node-density-grid-2:14:120","geometry":{"type":"Polygon","coordinates":[[[120,14],[122,14],[122,16],[120,16],[120,14]]]},"properties":{"name":"2° Density Cell 14,120","kind":"density-grid","grid_size_degrees":2,"point_count":1,"intensity":0.002283,"networks":{"ipv4":1},"statuses":{"Unknown":1},"countries":{"PH":1},"sanctioned_nodes":0,"policy_restricted_nodes":0,"threat_infrastructure_nodes":0,"stroke":"#c0d674","fill":"#c0d674","opacity":0.08,"marker_ring":false}},{"type":"Feature","id":"node-density-grid-2:20:-104","geometry":{"type":"Polygon","coordinates":[[[-104,20],[-102,20],[-102,22],[-104,22],[-104,20]]]},"properties":{"name":"2° Density Cell 20,-104","kind":"density-grid","grid_size_degrees":2,"point_count":1,"intensity":0.002283,"networks":{"ipv4":1},"statuses":{"Unknown":1},"countries":{"MX":1},"sanctioned_nodes":0,"policy_restricted_nodes":0,"threat_infrastructure_nodes":0,"stroke":"#c0d674","fill":"#c0d674","opacity":0.08,"marker_ring":false}},{"type":"Feature","id":"node-density-grid-2:20:-102","geometry":{"type":"Polygon","coordinates":[[[-102,20],[-100,20],[-100,22],[-102,22],[-102,20]]]},"properties":{"name":"2° Density Cell 20,-102","kind":"density-grid","grid_size_degrees":2,"point_count":1,"intensity":0.002283,"networks":{"ipv4":1},"statuses":{"Unknown":1},"countries":{"MX":1},"sanctioned_nodes":0,"policy_restricted_nodes":0,"threat_infrastructure_nodes":0,"stroke":"#c0d674","fill":"#c0d674","opacity":0.08,"marker_ring":false}},{"type":"Feature","id":"node-density-grid-2:20:-100","geometry":{"type":"Polygon","coordinates":[[[-100,20],[-98,20],[-98,22],[-100,22],[-100,20]]]},"properties":{"name":"2° Density Cell 20,-100","kind":"density-grid","grid_size_degrees":2,"point_count":1,"intensity":0.002283,"networks":{"ipv4":1},"statuses":{"Unknown":1},"countries":{"MX":1},"sanctioned_nodes":0,"policy_restricted_nodes":0,"threat_infrastructure_nodes":0,"stroke":"#c0d674","fill":"#c0d674","opacity":0.08,"marker_ring":false}},{"type":"Feature","id":"node-density-grid-2:20:104","geometry":{"type":"Polygon","coordinates":[[[104,20],[106,20],[106,22],[104,22],[104,20]]]},"properties":{"name":"2° Density Cell 20,104","kind":"density-grid","grid_size_degrees":2,"point_count":1,"intensity":0.002283,"networks":{"ipv4":1},"statuses":{"Unknown":1},"countries":{"VN":1},"sanctioned_nodes":0,"policy_restricted_nodes":0,"threat_infrastructure_nodes":0,"stroke":"#c0d674","fill":"#c0d674","opacity":0.08,"marker_ring":false}},{"type":"Feature","id":"node-density-grid-2:22:72","geometry":{"type":"Polygon","coordinates":[[[72,22],[74,22],[74,24],[72,24],[72,22]]]},"properties":{"name":"2° Density Cell 22,72","kind":"density-grid","grid_size_degrees":2,"point_count":1,"intensity":0.002283,"networks":{"ipv4":1},"statuses":{"Unknown":1},"countries":{"IN":1},"sanctioned_nodes":0,"policy_restricted_nodes":0,"threat_infrastructure_nodes":0,"stroke":"#c0d674","fill":"#c0d674","opacity":0.08,"marker_ring":false}},{"type":"Feature","id":"node-density-grid-2:22:74","geometry":{"type":"Polygon","coordinates":[[[74,22],[76,22],[76,24],[74,24],[74,22]]]},"properties":{"name":"2° Density Cell 22,74","kind":"density-grid","grid_size_degrees":2,"point_count":1,"intensity":0.002283,"networks":{"ipv4":1},"statuses":{"Unknown":1},"countries":{"IN":1},"sanctioned_nodes":0,"policy_restricted_nodes":0,"threat_infrastructure_nodes":0,"stroke":"#c0d674","fill":"#c0d674","opacity":0.08,"marker_ring":false}},{"type":"Feature","id":"node-density-grid-2:22:90","geometry":{"type":"Polygon","coordinates":[[[90,22],[92,22],[92,24],[90,24],[90,22]]]},"properties":{"name":"2° Density Cell 22,90","kind":"density-grid","grid_size_degrees":2,"point_count":1,"intensity":0.002283,"networks":{"ipv4":1},"statuses":{"Unknown":1},"countries":{"BD":1},"sanctioned_nodes":0,"policy_restricted_nodes":0,"threat_infrastructure_nodes":0,"stroke":"#c0d674","fill":"#c0d674","opacity":0.08,"marker_ring":false}},{"type":"Feature","id":"node-density-grid-2:24:-102","geometry":{"type":"Polygon","coordinates":[[[-102,24],[-100,24],[-100,26],[-102,26],[-102,24]]]},"properties":{"name":"2° Density Cell 24,-102","kind":"density-grid","grid_size_degrees":2,"point_count":1,"intensity":0.002283,"networks":{"ipv4":1},"statuses":{"Unknown":1},"countries":{"MX":1},"sanctioned_nodes":0,"policy_restricted_nodes":0,"threat_infrastructure_nodes":0,"stroke":"#c0d674","fill":"#c0d674","opacity":0.08,"marker_ring":false}},{"type":"Feature","id":"node-density-grid-2:24:-98","geometry":{"type":"Polygon","coordinates":[[[-98,24],[-96,24],[-96,26],[-98,26],[-98,24]]]},"properties":{"name":"2° Density Cell 24,-98","kind":"density-grid","grid_size_degrees":2,"point_count":1,"intensity":0.002283,"networks":{"ipv4":1},"statuses":{"Unknown":1},"countries":{"US":1},"sanctioned_nodes":0,"policy_restricted_nodes":0,"threat_infrastructure_nodes":0,"stroke":"#c0d674","fill":"#c0d674","opacity":0.08,"marker_ring":false}},{"type":"Feature","id":"node-density-grid-2:24:66","geometry":{"type":"Polygon","coordinates":[[[66,24],[68,24],[68,26],[66,26],[66,24]]]},"properties":{"name":"2° Density Cell 24,66","kind":"density-grid","grid_size_degrees":2,"point_count":1,"intensity":0.002283,"networks":{"ipv4":1},"statuses":{"Unknown":1},"countries":{"PK":1},"sanctioned_nodes":0,"policy_restricted_nodes":0,"threat_infrastructure_nodes":0,"stroke":"#c0d674","fill":"#c0d674","opacity":0.08,"marker_ring":false}},{"type":"Feature","id":"node-density-grid-2:24:82","geometry":{"type":"Polygon","coordinates":[[[82,24],[84,24],[84,26],[82,26],[82,24]]]},"properties":{"name":"2° Density Cell 24,82","kind":"density-grid","grid_size_degrees":2,"point_count":1,"intensity":0.002283,"networks":{"ipv4":1},"statuses":{"Unknown":1},"countries":{"IN":1},"sanctioned_nodes":0,"policy_restricted_nodes":0,"threat_infrastructure_nodes":0,"stroke":"#c0d674","fill":"#c0d674","opacity":0.08,"marker_ring":false}},{"type":"Feature","id":"node-density-grid-2:24:84","geometry":{"type":"Polygon","coordinates":[[[84,24],[86,24],[86,26],[84,26],[84,24]]]},"properties":{"name":"2° Density Cell 24,84","kind":"density-grid","grid_size_degrees":2,"point_count":1,"intensity":0.002283,"networks":{"ipv4":1},"statuses":{"Unknown":1},"countries":{"IN":1},"sanctioned_nodes":0,"policy_restricted_nodes":0,"threat_infrastructure_nodes":0,"stroke":"#c0d674","fill":"#c0d674","opacity":0.08,"marker_ring":false}},{"type":"Feature","id":"node-density-grid-2:26:-100","geometry":{"type":"Polygon","coordinates":[[[-100,26],[-98,26],[-98,28],[-100,28],[-100,26]]]},"properties":{"name":"2° Density Cell 26,-100","kind":"density-grid","grid_size_degrees":2,"point_count":1,"intensity":0.002283,"networks":{"ipv4":1},"statuses":{"Unknown":1},"countries":{"US":1},"sanctioned_nodes":0,"policy_restricted_nodes":0,"threat_infrastructure_nodes":0,"stroke":"#c0d674","fill":"#c0d674","opacity":0.08,"marker_ring":false}},{"type":"Feature","id":"node-density-grid-2:26:-98","geometry":{"type":"Polygon","coordinates":[[[-98,26],[-96,26],[-96,28],[-98,28],[-98,26]]]},"properties":{"name":"2° Density Cell 26,-98","kind":"density-grid","grid_size_degrees":2,"point_count":1,"intensity":0.002283,"networks":{"ipv4":1},"statuses":{"Unknown":1},"countries":{"US":1},"sanctioned_nodes":0,"policy_restricted_nodes":0,"threat_infrastructure_nodes":0,"stroke":"#c0d674","fill":"#c0d674","opacity":0.08,"marker_ring":false}},{"type":"Feature","id":"node-density-grid-2:26:50","geometry":{"type":"Polygon","coordinates":[[[50,26],[52,26],[52,28],[50,28],[50,26]]]},"properties":{"name":"2° Density Cell 26,50","kind":"density-grid","grid_size_degrees":2,"point_count":1,"intensity":0.002283,"networks":{"ipv4":1},"statuses":{"Unknown":1},"countries":{"BH":1},"sanctioned_nodes":0,"policy_restricted_nodes":0,"threat_infrastructure_nodes":0,"stroke":"#c0d674","fill":"#c0d674","opacity":0.08,"marker_ring":false}},{"type":"Feature","id":"node-density-grid-2:26:94","geometry":{"type":"Polygon","coordinates":[[[94,26],[96,26],[96,28],[94,28],[94,26]]]},"properties":{"name":"2° Density Cell 26,94","kind":"density-grid","grid_size_degrees":2,"point_count":1,"intensity":0.002283,"networks":{"ipv4":1},"statuses":{"Unknown":1},"countries":{"IN":1},"sanctioned_nodes":0,"policy_restricted_nodes":0,"threat_infrastructure_nodes":0,"stroke":"#c0d674","fill":"#c0d674","opacity":0.08,"marker_ring":false}},{"type":"Feature","id":"node-density-grid-2:26:118","geometry":{"type":"Polygon","coordinates":[[[118,26],[120,26],[120,28],[118,28],[118,26]]]},"properties":{"name":"2° Density Cell 26,118","kind":"density-grid","grid_size_degrees":2,"point_count":1,"intensity":0.002283,"networks":{"ipv4":1},"statuses":{"Unknown":1},"countries":{"CN":1},"sanctioned_nodes":0,"policy_restricted_nodes":0,"threat_infrastructure_nodes":0,"stroke":"#c0d674","fill":"#c0d674","opacity":0.08,"marker_ring":false}},{"type":"Feature","id":"node-density-grid-2:26:126","geometry":{"type":"Polygon","coordinates":[[[126,26],[128,26],[128,28],[126,28],[126,26]]]},"properties":{"name":"2° Density Cell 26,126","kind":"density-grid","grid_size_degrees":2,"point_count":1,"intensity":0.002283,"networks":{"ipv4":1},"statuses":{"Unknown":1},"countries":{"JP":1},"sanctioned_nodes":0,"policy_restricted_nodes":0,"threat_infrastructure_nodes":0,"stroke":"#c0d674","fill":"#c0d674","opacity":0.08,"marker_ring":false}},{"type":"Feature","id":"node-density-grid-2:28:-16","geometry":{"type":"Polygon","coordinates":[[[-16,28],[-14,28],[-14,30],[-16,30],[-16,28]]]},"properties":{"name":"2° Density Cell 28,-16","kind":"density-grid","grid_size_degrees":2,"point_count":1,"intensity":0.002283,"networks":{"ipv4":1},"statuses":{"Unknown":1},"countries":{"ES":1},"sanctioned_nodes":0,"policy_restricted_nodes":0,"threat_infrastructure_nodes":0,"stroke":"#c0d674","fill":"#c0d674","opacity":0.08,"marker_ring":false}},{"type":"Feature","id":"node-density-grid-2:28:46","geometry":{"type":"Polygon","coordinates":[[[46,28],[48,28],[48,30],[46,30],[46,28]]]},"properties":{"name":"2° Density Cell 28,46","kind":"density-grid","grid_size_degrees":2,"point_count":1,"intensity":0.002283,"networks":{"ipv4":1},"statuses":{"Unknown":1},"countries":{"KW":1},"sanctioned_nodes":0,"policy_restricted_nodes":0,"threat_infrastructure_nodes":0,"stroke":"#c0d674","fill":"#c0d674","opacity":0.08,"marker_ring":false}},{"type":"Feature","id":"node-density-grid-2:28:48","geometry":{"type":"Polygon","coordinates":[[[48,28],[50,28],[50,30],[48,30],[48,28]]]},"properties":{"name":"2° Density Cell 28,48","kind":"density-grid","grid_size_degrees":2,"point_count":1,"intensity":0.002283,"networks":{"ipv4":1},"statuses":{"Unknown":1},"countries":{"KW":1},"sanctioned_nodes":0,"policy_restricted_nodes":0,"threat_infrastructure_nodes":0,"stroke":"#c0d674","fill":"#c0d674","opacity":0.08,"marker_ring":false}},{"type":"Feature","id":"node-density-grid-2:28:76","geometry":{"type":"Polygon","coordinates":[[[76,28],[78,28],[78,30],[76,30],[76,28]]]},"properties":{"name":"2° Density Cell 28,76","kind":"density-grid","grid_size_degrees":2,"point_count":1,"intensity":0.002283,"networks":{"ipv4":1},"statuses":{"Unknown":1},"countries":{"IN":1},"sanctioned_nodes":0,"policy_restricted_nodes":0,"threat_infrastructure_nodes":0,"stroke":"#c0d674","fill":"#c0d674","opacity":0.08,"marker_ring":false}},{"type":"Feature","id":"node-density-grid-2:28:106","geometry":{"type":"Polygon","coordinates":[[[106,28],[108,28],[108,30],[106,30],[106,28]]]},"properties":{"name":"2° Density Cell 28,106","kind":"density-grid","grid_size_degrees":2,"point_count":1,"intensity":0.002283,"networks":{"ipv4":1},"statuses":{"Unknown":1},"countries":{"CN":1},"sanctioned_nodes":0,"policy_restricted_nodes":0,"threat_infrastructure_nodes":0,"stroke":"#c0d674","fill":"#c0d674","opacity":0.08,"marker_ring":false}},{"type":"Feature","id":"node-density-grid-2:28:120","geometry":{"type":"Polygon","coordinates":[[[120,28],[122,28],[122,30],[120,30],[120,28]]]},"properties":{"name":"2° Density Cell 28,120","kind":"density-grid","grid_size_degrees":2,"point_count":1,"intensity":0.002283,"networks":{"ipv4":1},"statuses":{"Unknown":1},"countries":{"CN":1},"sanctioned_nodes":0,"policy_restricted_nodes":0,"threat_infrastructure_nodes":0,"stroke":"#c0d674","fill":"#c0d674","opacity":0.08,"marker_ring":false}},{"type":"Feature","id":"node-density-grid-2:30:-104","geometry":{"type":"Polygon","coordinates":[[[-104,30],[-102,30],[-102,32],[-104,32],[-104,30]]]},"properties":{"name":"2° Density Cell 30,-104","kind":"density-grid","grid_size_degrees":2,"point_count":1,"intensity":0.002283,"networks":{"ipv4":1},"statuses":{"Unknown":1},"countries":{"US":1},"sanctioned_nodes":0,"policy_restricted_nodes":0,"threat_infrastructure_nodes":0,"stroke":"#c0d674","fill":"#c0d674","opacity":0.08,"marker_ring":false}},{"type":"Feature","id":"node-density-grid-2:30:-94","geometry":{"type":"Polygon","coordinates":[[[-94,30],[-92,30],[-92,32],[-94,32],[-94,30]]]},"properties":{"name":"2° Density Cell 30,-94","kind":"density-grid","grid_size_degrees":2,"point_count":1,"intensity":0.002283,"networks":{"ipv4":1},"statuses":{"Unknown":1},"countries":{"US":1},"sanctioned_nodes":0,"policy_restricted_nodes":0,"threat_infrastructure_nodes":0,"stroke":"#c0d674","fill":"#c0d674","opacity":0.08,"marker_ring":false}},{"type":"Feature","id":"node-density-grid-2:30:-86","geometry":{"type":"Polygon","coordinates":[[[-86,30],[-84,30],[-84,32],[-86,32],[-86,30]]]},"properties":{"name":"2° Density Cell 30,-86","kind":"density-grid","grid_size_degrees":2,"point_count":1,"intensity":0.002283,"networks":{"ipv4":1},"statuses":{"Unknown":1},"countries":{"US":1},"sanctioned_nodes":0,"policy_restricted_nodes":0,"threat_infrastructure_nodes":0,"stroke":"#c0d674","fill":"#c0d674","opacity":0.08,"marker_ring":false}},{"type":"Feature","id":"node-density-grid-2:30:-84","geometry":{"type":"Polygon","coordinates":[[[-84,30],[-82,30],[-82,32],[-84,32],[-84,30]]]},"properties":{"name":"2° Density Cell 30,-84","kind":"density-grid","grid_size_degrees":2,"point_count":1,"intensity":0.002283,"networks":{"ipv4":1},"statuses":{"Unknown":1},"countries":{"US":1},"sanctioned_nodes":0,"policy_restricted_nodes":0,"threat_infrastructure_nodes":0,"stroke":"#c0d674","fill":"#c0d674","opacity":0.08,"marker_ring":false}},{"type":"Feature","id":"node-density-grid-2:32:-104","geometry":{"type":"Polygon","coordinates":[[[-104,32],[-102,32],[-102,34],[-104,34],[-104,32]]]},"properties":{"name":"2° Density Cell 32,-104","kind":"density-grid","grid_size_degrees":2,"point_count":1,"intensity":0.002283,"networks":{"ipv4":1},"statuses":{"Unknown":1},"countries":{"US":1},"sanctioned_nodes":0,"policy_restricted_nodes":0,"threat_infrastructure_nodes":0,"stroke":"#c0d674","fill":"#c0d674","opacity":0.08,"marker_ring":false}},{"type":"Feature","id":"node-density-grid-2:32:-102","geometry":{"type":"Polygon","coordinates":[[[-102,32],[-100,32],[-100,34],[-102,34],[-102,32]]]},"properties":{"name":"2° Density Cell 32,-102","kind":"density-grid","grid_size_degrees":2,"point_count":1,"intensity":0.002283,"networks":{"ipv4":1},"statuses":{"Unknown":1},"countries":{"US":1},"sanctioned_nodes":0,"policy_restricted_nodes":0,"threat_infrastructure_nodes":0,"stroke":"#c0d674","fill":"#c0d674","opacity":0.08,"marker_ring":false}},{"type":"Feature","id":"node-density-grid-2:32:-18","geometry":{"type":"Polygon","coordinates":[[[-18,32],[-16,32],[-16,34],[-18,34],[-18,32]]]},"properties":{"name":"2° Density Cell 32,-18","kind":"density-grid","grid_size_degrees":2,"point_count":1,"intensity":0.002283,"networks":{"ipv4":1},"statuses":{"Unknown":1},"countries":{"PT":1},"sanctioned_nodes":0,"policy_restricted_nodes":0,"threat_infrastructure_nodes":0,"stroke":"#c0d674","fill":"#c0d674","opacity":0.08,"marker_ring":false}},{"type":"Feature","id":"node-density-grid-2:32:130","geometry":{"type":"Polygon","coordinates":[[[130,32],[132,32],[132,34],[130,34],[130,32]]]},"properties":{"name":"2° Density Cell 32,130","kind":"density-grid","grid_size_degrees":2,"point_count":1,"intensity":0.002283,"networks":{"ipv4":1},"statuses":{"Unknown":1},"countries":{"JP":1},"sanctioned_nodes":0,"policy_restricted_nodes":0,"threat_infrastructure_nodes":0,"stroke":"#c0d674","fill":"#c0d674","opacity":0.08,"marker_ring":false}},{"type":"Feature","id":"node-density-grid-2:34:-122","geometry":{"type":"Polygon","coordinates":[[[-122,34],[-120,34],[-120,36],[-122,36],[-122,34]]]},"properties":{"name":"2° Density Cell 34,-122","kind":"density-grid","grid_size_degrees":2,"point_count":1,"intensity":0.002283,"networks":{"ipv4":1},"statuses":{"Unknown":1},"countries":{"US":1},"sanctioned_nodes":0,"policy_restricted_nodes":0,"threat_infrastructure_nodes":0,"stroke":"#c0d674","fill":"#c0d674","opacity":0.08,"marker_ring":false}},{"type":"Feature","id":"node-density-grid-2:34:-112","geometry":{"type":"Polygon","coordinates":[[[-112,34],[-110,34],[-110,36],[-112,36],[-112,34]]]},"properties":{"name":"2° Density Cell 34,-112","kind":"density-grid","grid_size_degrees":2,"point_count":1,"intensity":0.002283,"networks":{"ipv4":1},"statuses":{"Unknown":1},"countries":{"US":1},"sanctioned_nodes":0,"policy_restricted_nodes":0,"threat_infrastructure_nodes":0,"stroke":"#c0d674","fill":"#c0d674","opacity":0.08,"marker_ring":false}},{"type":"Feature","id":"node-density-grid-2:34:-96","geometry":{"type":"Polygon","coordinates":[[[-96,34],[-94,34],[-94,36],[-96,36],[-96,34]]]},"properties":{"name":"2° Density Cell 34,-96","kind":"density-grid","grid_size_degrees":2,"point_count":1,"intensity":0.002283,"networks":{"ipv4":1},"statuses":{"Unknown":1},"countries":{"US":1},"sanctioned_nodes":0,"policy_restricted_nodes":0,"threat_infrastructure_nodes":0,"stroke":"#c0d674","fill":"#c0d674","opacity":0.08,"marker_ring":false}},{"type":"Feature","id":"node-density-grid-2:34:-90","geometry":{"type":"Polygon","coordinates":[[[-90,34],[-88,34],[-88,36],[-90,36],[-90,34]]]},"properties":{"name":"2° Density Cell 34,-90","kind":"density-grid","grid_size_degrees":2,"point_count":1,"intensity":0.002283,"networks":{"ipv4":1},"statuses":{"Unknown":1},"countries":{"US":1},"sanctioned_nodes":0,"policy_restricted_nodes":0,"threat_infrastructure_nodes":0,"stroke":"#c0d674","fill":"#c0d674","opacity":0.08,"marker_ring":false}},{"type":"Feature","id":"node-density-grid-2:34:14","geometry":{"type":"Polygon","coordinates":[[[14,34],[16,34],[16,36],[14,36],[14,34]]]},"properties":{"name":"2° Density Cell 34,14","kind":"density-grid","grid_size_degrees":2,"point_count":1,"intensity":0.002283,"networks":{"ipv4":1},"statuses":{"Unknown":1},"countries":{"MT":1},"sanctioned_nodes":0,"policy_restricted_nodes":0,"threat_infrastructure_nodes":0,"stroke":"#c0d674","fill":"#c0d674","opacity":0.08,"marker_ring":false}},{"type":"Feature","id":"node-density-grid-2:34:32","geometry":{"type":"Polygon","coordinates":[[[32,34],[34,34],[34,36],[32,36],[32,34]]]},"properties":{"name":"2° Density Cell 34,32","kind":"density-grid","grid_size_degrees":2,"point_count":1,"intensity":0.002283,"networks":{"ipv4":1},"statuses":{"Unknown":1},"countries":{"CY":1},"sanctioned_nodes":0,"policy_restricted_nodes":0,"threat_infrastructure_nodes":0,"stroke":"#c0d674","fill":"#c0d674","opacity":0.08,"marker_ring":false}},{"type":"Feature","id":"node-density-grid-2:34:50","geometry":{"type":"Polygon","coordinates":[[[50,34],[52,34],[52,36],[50,36],[50,34]]]},"properties":{"name":"2° Density Cell 34,50","kind":"density-grid","grid_size_degrees":2,"point_count":1,"intensity":0.002283,"networks":{"ipv4":1},"statuses":{"Unknown":1},"countries":{"IR":1},"sanctioned_nodes":0,"policy_restricted_nodes":0,"threat_infrastructure_nodes":0,"stroke":"#c0d674","fill":"#c0d674","opacity":0.08,"marker_ring":false}},{"type":"Feature","id":"node-density-grid-2:36:-106","geometry":{"type":"Polygon","coordinates":[[[-106,36],[-104,36],[-104,38],[-106,38],[-106,36]]]},"properties":{"name":"2° Density Cell 36,-106","kind":"density-grid","grid_size_degrees":2,"point_count":1,"intensity":0.002283,"networks":{"ipv4":1},"statuses":{"Unknown":1},"countries":{"US":1},"sanctioned_nodes":0,"policy_restricted_nodes":0,"threat_infrastructure_nodes":0,"stroke":"#c0d674","fill":"#c0d674","opacity":0.08,"marker_ring":false}},{"type":"Feature","id":"node-density-grid-2:36:-100","geometry":{"type":"Polygon","coordinates":[[[-100,36],[-98,36],[-98,38],[-100,38],[-100,36]]]},"properties":{"name":"2° Density Cell 36,-100","kind":"density-grid","grid_size_degrees":2,"point_count":1,"intensity":0.002283,"networks":{"ipv4":1},"statuses":{"Unknown":1},"countries":{"US":1},"sanctioned_nodes":0,"policy_restricted_nodes":0,"threat_infrastructure_nodes":0,"stroke":"#c0d674","fill":"#c0d674","opacity":0.08,"marker_ring":false}},{"type":"Feature","id":"node-density-grid-2:36:-98","geometry":{"type":"Polygon","coordinates":[[[-98,36],[-96,36],[-96,38],[-98,38],[-98,36]]]},"properties":{"name":"2° Density Cell 36,-98","kind":"density-grid","grid_size_degrees":2,"point_count":1,"intensity":0.002283,"networks":{"ipv4":1},"statuses":{"Unknown":1},"countries":{"US":1},"sanctioned_nodes":0,"policy_restricted_nodes":0,"threat_infrastructure_nodes":0,"stroke":"#c0d674","fill":"#c0d674","opacity":0.08,"marker_ring":false}},{"type":"Feature","id":"node-density-grid-2:36:-4","geometry":{"type":"Polygon","coordinates":[[[-4,36],[-2,36],[-2,38],[-4,38],[-4,36]]]},"properties":{"name":"2° Density Cell 36,-4","kind":"density-grid","grid_size_degrees":2,"point_count":1,"intensity":0.002283,"networks":{"ipv4":1},"statuses":{"Unknown":1},"countries":{"ES":1},"sanctioned_nodes":0,"policy_restricted_nodes":0,"threat_infrastructure_nodes":0,"stroke":"#c0d674","fill":"#c0d674","opacity":0.08,"marker_ring":false}},{"type":"Feature","id":"node-density-grid-2:36:120","geometry":{"type":"Polygon","coordinates":[[[120,36],[122,36],[122,38],[120,38],[120,36]]]},"properties":{"name":"2° Density Cell 36,120","kind":"density-grid","grid_size_degrees":2,"point_count":1,"intensity":0.002283,"networks":{"ipv4":1},"statuses":{"Unknown":1},"countries":{"CN":1},"sanctioned_nodes":0,"policy_restricted_nodes":0,"threat_infrastructure_nodes":0,"stroke":"#c0d674","fill":"#c0d674","opacity":0.08,"marker_ring":false}},{"type":"Feature","id":"node-density-grid-2:36:128","geometry":{"type":"Polygon","coordinates":[[[128,36],[130,36],[130,38],[128,38],[128,36]]]},"properties":{"name":"2° Density Cell 36,128","kind":"density-grid","grid_size_degrees":2,"point_count":1,"intensity":0.002283,"networks":{"ipv4":1},"statuses":{"Unknown":1},"countries":{"KR":1},"sanctioned_nodes":0,"policy_restricted_nodes":0,"threat_infrastructure_nodes":0,"stroke":"#c0d674","fill":"#c0d674","opacity":0.08,"marker_ring":false}},{"type":"Feature","id":"node-density-grid-2:36:138","geometry":{"type":"Polygon","coordinates":[[[138,36],[140,36],[140,38],[138,38],[138,36]]]},"properties":{"name":"2° Density Cell 36,138","kind":"density-grid","grid_size_degrees":2,"point_count":1,"intensity":0.002283,"networks":{"ipv4":1},"statuses":{"Unknown":1},"countries":{"JP":1},"sanctioned_nodes":0,"policy_restricted_nodes":0,"threat_infrastructure_nodes":0,"stroke":"#c0d674","fill":"#c0d674","opacity":0.08,"marker_ring":false}},{"type":"Feature","id":"node-density-grid-2:38:-88","geometry":{"type":"Polygon","coordinates":[[[-88,38],[-86,38],[-86,40],[-88,40],[-88,38]]]},"properties":{"name":"2° Density Cell 38,-88","kind":"density-grid","grid_size_degrees":2,"point_count":1,"intensity":0.002283,"networks":{"ipv4":1},"statuses":{"Unknown":1},"countries":{"US":1},"sanctioned_nodes":0,"policy_restricted_nodes":0,"threat_infrastructure_nodes":0,"stroke":"#c0d674","fill":"#c0d674","opacity":0.08,"marker_ring":false}},{"type":"Feature","id":"node-density-grid-2:38:32","geometry":{"type":"Polygon","coordinates":[[[32,38],[34,38],[34,40],[32,40],[32,38]]]},"properties":{"name":"2° Density Cell 38,32","kind":"density-grid","grid_size_degrees":2,"point_count":1,"intensity":0.002283,"networks":{"ipv4":1},"statuses":{"Unknown":1},"countries":{"TR":1},"sanctioned_nodes":0,"policy_restricted_nodes":0,"threat_infrastructure_nodes":0,"stroke":"#c0d674","fill":"#c0d674","opacity":0.08,"marker_ring":false}},{"type":"Feature","id":"node-density-grid-2:38:116","geometry":{"type":"Polygon","coordinates":[[[116,38],[118,38],[118,40],[116,40],[116,38]]]},"properties":{"name":"2° Density Cell 38,116","kind":"density-grid","grid_size_degrees":2,"point_count":1,"intensity":0.002283,"networks":{"ipv4":1},"statuses":{"Unknown":1},"countries":{"CN":1},"sanctioned_nodes":0,"policy_restricted_nodes":0,"threat_infrastructure_nodes":0,"stroke":"#c0d674","fill":"#c0d674","opacity":0.08,"marker_ring":false}},{"type":"Feature","id":"node-density-grid-2:40:-126","geometry":{"type":"Polygon","coordinates":[[[-126,40],[-124,40],[-124,42],[-126,42],[-126,40]]]},"properties":{"name":"2° Density Cell 40,-126","kind":"density-grid","grid_size_degrees":2,"point_count":1,"intensity":0.002283,"networks":{"ipv4":1},"statuses":{"Unknown":1},"countries":{"US":1},"sanctioned_nodes":0,"policy_restricted_nodes":0,"threat_infrastructure_nodes":0,"stroke":"#c0d674","fill":"#c0d674","opacity":0.08,"marker_ring":false}},{"type":"Feature","id":"node-density-grid-2:40:-124","geometry":{"type":"Polygon","coordinates":[[[-124,40],[-122,40],[-122,42],[-124,42],[-124,40]]]},"properties":{"name":"2° Density Cell 40,-124","kind":"density-grid","grid_size_degrees":2,"point_count":1,"intensity":0.002283,"networks":{"ipv4":1},"statuses":{"Unknown":1},"countries":{"US":1},"sanctioned_nodes":0,"policy_restricted_nodes":0,"threat_infrastructure_nodes":0,"stroke":"#c0d674","fill":"#c0d674","opacity":0.08,"marker_ring":false}},{"type":"Feature","id":"node-density-grid-2:40:-110","geometry":{"type":"Polygon","coordinates":[[[-110,40],[-108,40],[-108,42],[-110,42],[-110,40]]]},"properties":{"name":"2° Density Cell 40,-110","kind":"density-grid","grid_size_degrees":2,"point_count":1,"intensity":0.002283,"networks":{"ipv4":1},"statuses":{"Unknown":1},"countries":{"US":1},"sanctioned_nodes":0,"policy_restricted_nodes":0,"threat_infrastructure_nodes":0,"stroke":"#c0d674","fill":"#c0d674","opacity":0.08,"marker_ring":false}},{"type":"Feature","id":"node-density-grid-2:40:-100","geometry":{"type":"Polygon","coordinates":[[[-100,40],[-98,40],[-98,42],[-100,42],[-100,40]]]},"properties":{"name":"2° Density Cell 40,-100","kind":"density-grid","grid_size_degrees":2,"point_count":1,"intensity":0.002283,"networks":{"ipv4":1},"statuses":{"Unknown":1},"countries":{"US":1},"sanctioned_nodes":0,"policy_restricted_nodes":0,"threat_infrastructure_nodes":0,"stroke":"#c0d674","fill":"#c0d674","opacity":0.08,"marker_ring":false}},{"type":"Feature","id":"node-density-grid-2:40:-98","geometry":{"type":"Polygon","coordinates":[[[-98,40],[-96,40],[-96,42],[-98,42],[-98,40]]]},"properties":{"name":"2° Density Cell 40,-98","kind":"density-grid","grid_size_degrees":2,"point_count":1,"intensity":0.002283,"networks":{"ipv4":1},"statuses":{"Unknown":1},"countries":{"US":1},"sanctioned_nodes":0,"policy_restricted_nodes":0,"threat_infrastructure_nodes":0,"stroke":"#c0d674","fill":"#c0d674","opacity":0.08,"marker_ring":false}},{"type":"Feature","id":"node-density-grid-2:40:-6","geometry":{"type":"Polygon","coordinates":[[[-6,40],[-4,40],[-4,42],[-6,42],[-6,40]]]},"properties":{"name":"2° Density Cell 40,-6","kind":"density-grid","grid_size_degrees":2,"point_count":1,"intensity":0.002283,"networks":{"ipv4":1},"statuses":{"Unknown":1},"countries":{"ES":1},"sanctioned_nodes":0,"policy_restricted_nodes":0,"threat_infrastructure_nodes":0,"stroke":"#c0d674","fill":"#c0d674","opacity":0.08,"marker_ring":false}},{"type":"Feature","id":"node-density-grid-2:40:-2","geometry":{"type":"Polygon","coordinates":[[[-2,40],[0,40],[0,42],[-2,42],[-2,40]]]},"properties":{"name":"2° Density Cell 40,-2","kind":"density-grid","grid_size_degrees":2,"point_count":1,"intensity":0.002283,"networks":{"ipv4":1},"statuses":{"Unknown":1},"countries":{"ES":1},"sanctioned_nodes":0,"policy_restricted_nodes":0,"threat_infrastructure_nodes":0,"stroke":"#c0d674","fill":"#c0d674","opacity":0.08,"marker_ring":false}},{"type":"Feature","id":"node-density-grid-2:40:22","geometry":{"type":"Polygon","coordinates":[[[22,40],[24,40],[24,42],[22,42],[22,40]]]},"properties":{"name":"2° Density Cell 40,22","kind":"density-grid","grid_size_degrees":2,"point_count":1,"intensity":0.002283,"networks":{"ipv4":1},"statuses":{"Unknown":1},"countries":{"GR":1},"sanctioned_nodes":0,"policy_restricted_nodes":0,"threat_infrastructure_nodes":0,"stroke":"#c0d674","fill":"#c0d674","opacity":0.08,"marker_ring":false}},{"type":"Feature","id":"node-density-grid-2:40:24","geometry":{"type":"Polygon","coordinates":[[[24,40],[26,40],[26,42],[24,42],[24,40]]]},"properties":{"name":"2° Density Cell 40,24","kind":"density-grid","grid_size_degrees":2,"point_count":1,"intensity":0.002283,"networks":{"ipv4":1},"statuses":{"Unknown":1},"countries":{"BG":1},"sanctioned_nodes":0,"policy_restricted_nodes":0,"threat_infrastructure_nodes":0,"stroke":"#c0d674","fill":"#c0d674","opacity":0.08,"marker_ring":false}},{"type":"Feature","id":"node-density-grid-2:42:-98","geometry":{"type":"Polygon","coordinates":[[[-98,42],[-96,42],[-96,44],[-98,44],[-98,42]]]},"properties":{"name":"2° Density Cell 42,-98","kind":"density-grid","grid_size_degrees":2,"point_count":1,"intensity":0.002283,"networks":{"ipv4":1},"statuses":{"Unknown":1},"countries":{"US":1},"sanctioned_nodes":0,"policy_restricted_nodes":0,"threat_infrastructure_nodes":0,"stroke":"#c0d674","fill":"#c0d674","opacity":0.08,"marker_ring":false}},{"type":"Feature","id":"node-density-grid-2:42:-6","geometry":{"type":"Polygon","coordinates":[[[-6,42],[-4,42],[-4,44],[-6,44],[-6,42]]]},"properties":{"name":"2° Density Cell 42,-6","kind":"density-grid","grid_size_degrees":2,"point_count":1,"intensity":0.002283,"networks":{"ipv4":1},"statuses":{"Unknown":1},"countries":{"ES":1},"sanctioned_nodes":0,"policy_restricted_nodes":0,"threat_infrastructure_nodes":0,"stroke":"#c0d674","fill":"#c0d674","opacity":0.08,"marker_ring":false}},{"type":"Feature","id":"node-density-grid-2:42:-2","geometry":{"type":"Polygon","coordinates":[[[-2,42],[0,42],[0,44],[-2,44],[-2,42]]]},"properties":{"name":"2° Density Cell 42,-2","kind":"density-grid","grid_size_degrees":2,"point_count":1,"intensity":0.002283,"networks":{"ipv4":1},"statuses":{"Unknown":1},"countries":{"FR":1},"sanctioned_nodes":0,"policy_restricted_nodes":0,"threat_infrastructure_nodes":0,"stroke":"#c0d674","fill":"#c0d674","opacity":0.08,"marker_ring":false}},{"type":"Feature","id":"node-density-grid-2:42:14","geometry":{"type":"Polygon","coordinates":[[[14,42],[16,42],[16,44],[14,44],[14,42]]]},"properties":{"name":"2° Density Cell 42,14","kind":"density-grid","grid_size_degrees":2,"point_count":1,"intensity":0.002283,"networks":{"ipv4":1},"statuses":{"Unknown":1},"countries":{"IT":1},"sanctioned_nodes":0,"policy_restricted_nodes":0,"threat_infrastructure_nodes":0,"stroke":"#c0d674","fill":"#c0d674","opacity":0.08,"marker_ring":false}},{"type":"Feature","id":"node-density-grid-2:42:24","geometry":{"type":"Polygon","coordinates":[[[24,42],[26,42],[26,44],[24,44],[24,42]]]},"properties":{"name":"2° Density Cell 42,24","kind":"density-grid","grid_size_degrees":2,"point_count":1,"intensity":0.002283,"networks":{"ipv4":1},"statuses":{"Unknown":1},"countries":{"BG":1},"sanctioned_nodes":0,"policy_restricted_nodes":0,"threat_infrastructure_nodes":0,"stroke":"#c0d674","fill":"#c0d674","opacity":0.08,"marker_ring":false}},{"type":"Feature","id":"node-density-grid-2:44:-118","geometry":{"type":"Polygon","coordinates":[[[-118,44],[-116,44],[-116,46],[-118,46],[-118,44]]]},"properties":{"name":"2° Density Cell 44,-118","kind":"density-grid","grid_size_degrees":2,"point_count":1,"intensity":0.002283,"networks":{"ipv4":1},"statuses":{"Unknown":1},"countries":{"US":1},"sanctioned_nodes":0,"policy_restricted_nodes":0,"threat_infrastructure_nodes":0,"stroke":"#c0d674","fill":"#c0d674","opacity":0.08,"marker_ring":false}},{"type":"Feature","id":"node-density-grid-2:44:-112","geometry":{"type":"Polygon","coordinates":[[[-112,44],[-110,44],[-110,46],[-112,46],[-112,44]]]},"properties":{"name":"2° Density Cell 44,-112","kind":"density-grid","grid_size_degrees":2,"point_count":1,"intensity":0.002283,"networks":{"ipv4":1},"statuses":{"Unknown":1},"countries":{"US":1},"sanctioned_nodes":0,"policy_restricted_nodes":0,"threat_infrastructure_nodes":0,"stroke":"#c0d674","fill":"#c0d674","opacity":0.08,"marker_ring":false}},{"type":"Feature","id":"node-density-grid-2:44:-110","geometry":{"type":"Polygon","coordinates":[[[-110,44],[-108,44],[-108,46],[-110,46],[-110,44]]]},"properties":{"name":"2° Density Cell 44,-110","kind":"density-grid","grid_size_degrees":2,"point_count":1,"intensity":0.002283,"networks":{"ipv4":1},"statuses":{"Unknown":1},"countries":{"US":1},"sanctioned_nodes":0,"policy_restricted_nodes":0,"threat_infrastructure_nodes":0,"stroke":"#c0d674","fill":"#c0d674","opacity":0.08,"marker_ring":false}},{"type":"Feature","id":"node-density-grid-2:44:-98","geometry":{"type":"Polygon","coordinates":[[[-98,44],[-96,44],[-96,46],[-98,46],[-98,44]]]},"properties":{"name":"2° Density Cell 44,-98","kind":"density-grid","grid_size_degrees":2,"point_count":1,"intensity":0.002283,"networks":{"ipv4":1},"statuses":{"Unknown":1},"countries":{"US":1},"sanctioned_nodes":0,"policy_restricted_nodes":0,"threat_infrastructure_nodes":0,"stroke":"#c0d674","fill":"#c0d674","opacity":0.08,"marker_ring":false}},{"type":"Feature","id":"node-density-grid-2:44:-90","geometry":{"type":"Polygon","coordinates":[[[-90,44],[-88,44],[-88,46],[-90,46],[-90,44]]]},"properties":{"name":"2° Density Cell 44,-90","kind":"density-grid","grid_size_degrees":2,"point_count":1,"intensity":0.002283,"networks":{"ipv4":1},"statuses":{"Unknown":1},"countries":{"US":1},"sanctioned_nodes":0,"policy_restricted_nodes":0,"threat_infrastructure_nodes":0,"stroke":"#c0d674","fill":"#c0d674","opacity":0.08,"marker_ring":false}},{"type":"Feature","id":"node-density-grid-2:44:-86","geometry":{"type":"Polygon","coordinates":[[[-86,44],[-84,44],[-84,46],[-86,46],[-86,44]]]},"properties":{"name":"2° Density Cell 44,-86","kind":"density-grid","grid_size_degrees":2,"point_count":1,"intensity":0.002283,"networks":{"ipv4":1},"statuses":{"Unknown":1},"countries":{"US":1},"sanctioned_nodes":0,"policy_restricted_nodes":0,"threat_infrastructure_nodes":0,"stroke":"#c0d674","fill":"#c0d674","opacity":0.08,"marker_ring":false}},{"type":"Feature","id":"node-density-grid-2:44:-78","geometry":{"type":"Polygon","coordinates":[[[-78,44],[-76,44],[-76,46],[-78,46],[-78,44]]]},"properties":{"name":"2° Density Cell 44,-78","kind":"density-grid","grid_size_degrees":2,"point_count":1,"intensity":0.002283,"networks":{"ipv4":1},"statuses":{"Unknown":1},"countries":{"CA":1},"sanctioned_nodes":0,"policy_restricted_nodes":0,"threat_infrastructure_nodes":0,"stroke":"#c0d674","fill":"#c0d674","opacity":0.08,"marker_ring":false}},{"type":"Feature","id":"node-density-grid-2:44:-64","geometry":{"type":"Polygon","coordinates":[[[-64,44],[-62,44],[-62,46],[-64,46],[-64,44]]]},"properties":{"name":"2° Density Cell 44,-64","kind":"density-grid","grid_size_degrees":2,"point_count":1,"intensity":0.002283,"networks":{"ipv4":1},"statuses":{"Unknown":1},"countries":{"CA":1},"sanctioned_nodes":0,"policy_restricted_nodes":0,"threat_infrastructure_nodes":0,"stroke":"#c0d674","fill":"#c0d674","opacity":0.08,"marker_ring":false}},{"type":"Feature","id":"node-density-grid-2:44:0","geometry":{"type":"Polygon","coordinates":[[[0,44],[2,44],[2,46],[0,46],[0,44]]]},"properties":{"name":"2° Density Cell 44,0","kind":"density-grid","grid_size_degrees":2,"point_count":1,"intensity":0.002283,"networks":{"ipv4":1},"statuses":{"Unknown":1},"countries":{"FR":1},"sanctioned_nodes":0,"policy_restricted_nodes":0,"threat_infrastructure_nodes":0,"stroke":"#c0d674","fill":"#c0d674","opacity":0.08,"marker_ring":false}},{"type":"Feature","id":"node-density-grid-2:44:38","geometry":{"type":"Polygon","coordinates":[[[38,44],[40,44],[40,46],[38,46],[38,44]]]},"properties":{"name":"2° Density Cell 44,38","kind":"density-grid","grid_size_degrees":2,"point_count":1,"intensity":0.002283,"networks":{"ipv4":1},"statuses":{"Unknown":1},"countries":{"RU":1},"sanctioned_nodes":0,"policy_restricted_nodes":0,"threat_infrastructure_nodes":0,"stroke":"#c0d674","fill":"#c0d674","opacity":0.08,"marker_ring":false}},{"type":"Feature","id":"node-density-grid-2:46:-112","geometry":{"type":"Polygon","coordinates":[[[-112,46],[-110,46],[-110,48],[-112,48],[-112,46]]]},"properties":{"name":"2° Density Cell 46,-112","kind":"density-grid","grid_size_degrees":2,"point_count":1,"intensity":0.002283,"networks":{"ipv4":1},"statuses":{"Unknown":1},"countries":{"US":1},"sanctioned_nodes":0,"policy_restricted_nodes":0,"threat_infrastructure_nodes":0,"stroke":"#c0d674","fill":"#c0d674","opacity":0.08,"marker_ring":false}},{"type":"Feature","id":"node-density-grid-2:46:-104","geometry":{"type":"Polygon","coordinates":[[[-104,46],[-102,46],[-102,48],[-104,48],[-104,46]]]},"properties":{"name":"2° Density Cell 46,-104","kind":"density-grid","grid_size_degrees":2,"point_count":1,"intensity":0.002283,"networks":{"ipv4":1},"statuses":{"Unknown":1},"countries":{"US":1},"sanctioned_nodes":0,"policy_restricted_nodes":0,"threat_infrastructure_nodes":0,"stroke":"#c0d674","fill":"#c0d674","opacity":0.08,"marker_ring":false}},{"type":"Feature","id":"node-density-grid-2:46:-102","geometry":{"type":"Polygon","coordinates":[[[-102,46],[-100,46],[-100,48],[-102,48],[-102,46]]]},"properties":{"name":"2° Density Cell 46,-102","kind":"density-grid","grid_size_degrees":2,"point_count":1,"intensity":0.002283,"networks":{"ipv4":1},"statuses":{"Unknown":1},"countries":{"US":1},"sanctioned_nodes":0,"policy_restricted_nodes":0,"threat_infrastructure_nodes":0,"stroke":"#c0d674","fill":"#c0d674","opacity":0.08,"marker_ring":false}},{"type":"Feature","id":"node-density-grid-2:46:-98","geometry":{"type":"Polygon","coordinates":[[[-98,46],[-96,46],[-96,48],[-98,48],[-98,46]]]},"properties":{"name":"2° Density Cell 46,-98","kind":"density-grid","grid_size_degrees":2,"point_count":1,"intensity":0.002283,"networks":{"ipv4":1},"statuses":{"Unknown":1},"countries":{"US":1},"sanctioned_nodes":0,"policy_restricted_nodes":0,"threat_infrastructure_nodes":0,"stroke":"#c0d674","fill":"#c0d674","opacity":0.08,"marker_ring":false}},{"type":"Feature","id":"node-density-grid-2:46:-88","geometry":{"type":"Polygon","coordinates":[[[-88,46],[-86,46],[-86,48],[-88,48],[-88,46]]]},"properties":{"name":"2° Density Cell 46,-88","kind":"density-grid","grid_size_degrees":2,"point_count":1,"intensity":0.002283,"networks":{"ipv4":1},"statuses":{"Unknown":1},"countries":{"US":1},"sanctioned_nodes":0,"policy_restricted_nodes":0,"threat_infrastructure_nodes":0,"stroke":"#c0d674","fill":"#c0d674","opacity":0.08,"marker_ring":false}},{"type":"Feature","id":"node-density-grid-2:46:-82","geometry":{"type":"Polygon","coordinates":[[[-82,46],[-80,46],[-80,48],[-82,48],[-82,46]]]},"properties":{"name":"2° Density Cell 46,-82","kind":"density-grid","grid_size_degrees":2,"point_count":1,"intensity":0.002283,"networks":{"ipv4":1},"statuses":{"Unknown":1},"countries":{"CA":1},"sanctioned_nodes":0,"policy_restricted_nodes":0,"threat_infrastructure_nodes":0,"stroke":"#c0d674","fill":"#c0d674","opacity":0.08,"marker_ring":false}},{"type":"Feature","id":"node-density-grid-2:46:-80","geometry":{"type":"Polygon","coordinates":[[[-80,46],[-78,46],[-78,48],[-80,48],[-80,46]]]},"properties":{"name":"2° Density Cell 46,-80","kind":"density-grid","grid_size_degrees":2,"point_count":1,"intensity":0.002283,"networks":{"ipv4":1},"statuses":{"Unknown":1},"countries":{"CA":1},"sanctioned_nodes":0,"policy_restricted_nodes":0,"threat_infrastructure_nodes":0,"stroke":"#c0d674","fill":"#c0d674","opacity":0.08,"marker_ring":false}},{"type":"Feature","id":"node-density-grid-2:46:-68","geometry":{"type":"Polygon","coordinates":[[[-68,46],[-66,46],[-66,48],[-68,48],[-68,46]]]},"properties":{"name":"2° Density Cell 46,-68","kind":"density-grid","grid_size_degrees":2,"point_count":1,"intensity":0.002283,"networks":{"ipv4":1},"statuses":{"Unknown":1},"countries":{"CA":1},"sanctioned_nodes":0,"policy_restricted_nodes":0,"threat_infrastructure_nodes":0,"stroke":"#c0d674","fill":"#c0d674","opacity":0.08,"marker_ring":false}},{"type":"Feature","id":"node-density-grid-2:46:-62","geometry":{"type":"Polygon","coordinates":[[[-62,46],[-60,46],[-60,48],[-62,48],[-62,46]]]},"properties":{"name":"2° Density Cell 46,-62","kind":"density-grid","grid_size_degrees":2,"point_count":1,"intensity":0.002283,"networks":{"ipv4":1},"statuses":{"Unknown":1},"countries":{"CA":1},"sanctioned_nodes":0,"policy_restricted_nodes":0,"threat_infrastructure_nodes":0,"stroke":"#c0d674","fill":"#c0d674","opacity":0.08,"marker_ring":false}},{"type":"Feature","id":"node-density-grid-2:46:-54","geometry":{"type":"Polygon","coordinates":[[[-54,46],[-52,46],[-52,48],[-54,48],[-54,46]]]},"properties":{"name":"2° Density Cell 46,-54","kind":"density-grid","grid_size_degrees":2,"point_count":1,"intensity":0.002283,"networks":{"ipv4":1},"statuses":{"Unknown":1},"countries":{"CA":1},"sanctioned_nodes":0,"policy_restricted_nodes":0,"threat_infrastructure_nodes":0,"stroke":"#c0d674","fill":"#c0d674","opacity":0.08,"marker_ring":false}},{"type":"Feature","id":"node-density-grid-2:46:-4","geometry":{"type":"Polygon","coordinates":[[[-4,46],[-2,46],[-2,48],[-4,48],[-4,46]]]},"properties":{"name":"2° Density Cell 46,-4","kind":"density-grid","grid_size_degrees":2,"point_count":1,"intensity":0.002283,"networks":{"ipv4":1},"statuses":{"Unknown":1},"countries":{"FR":1},"sanctioned_nodes":0,"policy_restricted_nodes":0,"threat_infrastructure_nodes":0,"stroke":"#c0d674","fill":"#c0d674","opacity":0.08,"marker_ring":false}},{"type":"Feature","id":"node-density-grid-2:46:0","geometry":{"type":"Polygon","coordinates":[[[0,46],[2,46],[2,48],[0,48],[0,46]]]},"properties":{"name":"2° Density Cell 46,0","kind":"density-grid","grid_size_degrees":2,"point_count":1,"intensity":0.002283,"networks":{"ipv4":1},"statuses":{"Unknown":1},"countries":{"FR":1},"sanctioned_nodes":0,"policy_restricted_nodes":0,"threat_infrastructure_nodes":0,"stroke":"#c0d674","fill":"#c0d674","opacity":0.08,"marker_ring":false}},{"type":"Feature","id":"node-density-grid-2:46:26","geometry":{"type":"Polygon","coordinates":[[[26,46],[28,46],[28,48],[26,48],[26,46]]]},"properties":{"name":"2° Density Cell 46,26","kind":"density-grid","grid_size_degrees":2,"point_count":1,"intensity":0.002283,"networks":{"ipv4":1},"statuses":{"Unknown":1},"countries":{"RO":1},"sanctioned_nodes":0,"policy_restricted_nodes":0,"threat_infrastructure_nodes":0,"stroke":"#c0d674","fill":"#c0d674","opacity":0.08,"marker_ring":false}},{"type":"Feature","id":"node-density-grid-2:46:32","geometry":{"type":"Polygon","coordinates":[[[32,46],[34,46],[34,48],[32,48],[32,46]]]},"properties":{"name":"2° Density Cell 46,32","kind":"density-grid","grid_size_degrees":2,"point_count":1,"intensity":0.002283,"networks":{"ipv4":1},"statuses":{"Unknown":1},"countries":{"UA":1},"sanctioned_nodes":0,"policy_restricted_nodes":0,"threat_infrastructure_nodes":0,"stroke":"#c0d674","fill":"#c0d674","opacity":0.08,"marker_ring":false}},{"type":"Feature","id":"node-density-grid-2:48:-122","geometry":{"type":"Polygon","coordinates":[[[-122,48],[-120,48],[-120,50],[-122,50],[-122,48]]]},"properties":{"name":"2° Density Cell 48,-122","kind":"density-grid","grid_size_degrees":2,"point_count":1,"intensity":0.002283,"networks":{"ipv4":1},"statuses":{"Unknown":1},"countries":{"CA":1},"sanctioned_nodes":0,"policy_restricted_nodes":0,"threat_infrastructure_nodes":0,"stroke":"#c0d674","fill":"#c0d674","opacity":0.08,"marker_ring":false}},{"type":"Feature","id":"node-density-grid-2:48:-96","geometry":{"type":"Polygon","coordinates":[[[-96,48],[-94,48],[-94,50],[-96,50],[-96,48]]]},"properties":{"name":"2° Density Cell 48,-96","kind":"density-grid","grid_size_degrees":2,"point_count":1,"intensity":0.002283,"networks":{"ipv4":1},"statuses":{"Unknown":1},"countries":{"US":1},"sanctioned_nodes":0,"policy_restricted_nodes":0,"threat_infrastructure_nodes":0,"stroke":"#c0d674","fill":"#c0d674","opacity":0.08,"marker_ring":false}},{"type":"Feature","id":"node-density-grid-2:48:-70","geometry":{"type":"Polygon","coordinates":[[[-70,48],[-68,48],[-68,50],[-70,50],[-70,48]]]},"properties":{"name":"2° Density Cell 48,-70","kind":"density-grid","grid_size_degrees":2,"point_count":1,"intensity":0.002283,"networks":{"ipv4":1},"statuses":{"Unknown":1},"countries":{"CA":1},"sanctioned_nodes":0,"policy_restricted_nodes":0,"threat_infrastructure_nodes":0,"stroke":"#c0d674","fill":"#c0d674","opacity":0.08,"marker_ring":false}},{"type":"Feature","id":"node-density-grid-2:48:-4","geometry":{"type":"Polygon","coordinates":[[[-4,48],[-2,48],[-2,50],[-4,50],[-4,48]]]},"properties":{"name":"2° Density Cell 48,-4","kind":"density-grid","grid_size_degrees":2,"point_count":1,"intensity":0.002283,"networks":{"ipv4":1},"statuses":{"Unknown":1},"countries":{"JE":1},"sanctioned_nodes":0,"policy_restricted_nodes":0,"threat_infrastructure_nodes":0,"stroke":"#c0d674","fill":"#c0d674","opacity":0.08,"marker_ring":false}},{"type":"Feature","id":"node-density-grid-2:48:4","geometry":{"type":"Polygon","coordinates":[[[4,48],[6,48],[6,50],[4,50],[4,48]]]},"properties":{"name":"2° Density Cell 48,4","kind":"density-grid","grid_size_degrees":2,"point_count":1,"intensity":0.002283,"networks":{"ipv4":1},"statuses":{"Unknown":1},"countries":{"LU":1},"sanctioned_nodes":0,"policy_restricted_nodes":0,"threat_infrastructure_nodes":0,"stroke":"#c0d674","fill":"#c0d674","opacity":0.08,"marker_ring":false}},{"type":"Feature","id":"node-density-grid-2:48:24","geometry":{"type":"Polygon","coordinates":[[[24,48],[26,48],[26,50],[24,50],[24,48]]]},"properties":{"name":"2° Density Cell 48,24","kind":"density-grid","grid_size_degrees":2,"point_count":1,"intensity":0.002283,"networks":{"ipv4":1},"statuses":{"Unknown":1},"countries":{"UA":1},"sanctioned_nodes":0,"policy_restricted_nodes":0,"threat_infrastructure_nodes":0,"stroke":"#c0d674","fill":"#c0d674","opacity":0.08,"marker_ring":false}},{"type":"Feature","id":"node-density-grid-2:48:32","geometry":{"type":"Polygon","coordinates":[[[32,48],[34,48],[34,50],[32,50],[32,48]]]},"properties":{"name":"2° Density Cell 48,32","kind":"density-grid","grid_size_degrees":2,"point_count":1,"intensity":0.002283,"networks":{"ipv4":1},"statuses":{"Unknown":1},"countries":{"UA":1},"sanctioned_nodes":0,"policy_restricted_nodes":0,"threat_infrastructure_nodes":0,"stroke":"#c0d674","fill":"#c0d674","opacity":0.08,"marker_ring":false}},{"type":"Feature","id":"node-density-grid-2:50:-122","geometry":{"type":"Polygon","coordinates":[[[-122,50],[-120,50],[-120,52],[-122,52],[-122,50]]]},"properties":{"name":"2° Density Cell 50,-122","kind":"density-grid","grid_size_degrees":2,"point_count":1,"intensity":0.002283,"networks":{"ipv4":1},"statuses":{"Unknown":1},"countries":{"CA":1},"sanctioned_nodes":0,"policy_restricted_nodes":0,"threat_infrastructure_nodes":0,"stroke":"#c0d674","fill":"#c0d674","opacity":0.08,"marker_ring":false}},{"type":"Feature","id":"node-density-grid-2:50:-106","geometry":{"type":"Polygon","coordinates":[[[-106,50],[-104,50],[-104,52],[-106,52],[-106,50]]]},"properties":{"name":"2° Density Cell 50,-106","kind":"density-grid","grid_size_degrees":2,"point_count":1,"intensity":0.002283,"networks":{"ipv4":1},"statuses":{"Unknown":1},"countries":{"CA":1},"sanctioned_nodes":0,"policy_restricted_nodes":0,"threat_infrastructure_nodes":0,"stroke":"#c0d674","fill":"#c0d674","opacity":0.08,"marker_ring":false}},{"type":"Feature","id":"node-density-grid-2:52:-124","geometry":{"type":"Polygon","coordinates":[[[-124,52],[-122,52],[-122,54],[-124,54],[-124,52]]]},"properties":{"name":"2° Density Cell 52,-124","kind":"density-grid","grid_size_degrees":2,"point_count":1,"intensity":0.002283,"networks":{"ipv4":1},"statuses":{"Unknown":1},"countries":{"CA":1},"sanctioned_nodes":0,"policy_restricted_nodes":0,"threat_infrastructure_nodes":0,"stroke":"#c0d674","fill":"#c0d674","opacity":0.08,"marker_ring":false}},{"type":"Feature","id":"node-density-grid-2:52:0","geometry":{"type":"Polygon","coordinates":[[[0,52],[2,52],[2,54],[0,54],[0,52]]]},"properties":{"name":"2° Density Cell 52,0","kind":"density-grid","grid_size_degrees":2,"point_count":1,"intensity":0.002283,"networks":{"ipv4":1},"statuses":{"Unknown":1},"countries":{"GB":1},"sanctioned_nodes":0,"policy_restricted_nodes":0,"threat_infrastructure_nodes":0,"stroke":"#c0d674","fill":"#c0d674","opacity":0.08,"marker_ring":false}},{"type":"Feature","id":"node-density-grid-2:52:14","geometry":{"type":"Polygon","coordinates":[[[14,52],[16,52],[16,54],[14,54],[14,52]]]},"properties":{"name":"2° Density Cell 52,14","kind":"density-grid","grid_size_degrees":2,"point_count":1,"intensity":0.002283,"networks":{"ipv4":1},"statuses":{"Unknown":1},"countries":{"DE":1},"sanctioned_nodes":0,"policy_restricted_nodes":0,"threat_infrastructure_nodes":0,"stroke":"#c0d674","fill":"#c0d674","opacity":0.08,"marker_ring":false}},{"type":"Feature","id":"node-density-grid-2:52:22","geometry":{"type":"Polygon","coordinates":[[[22,52],[24,52],[24,54],[22,54],[22,52]]]},"properties":{"name":"2° Density Cell 52,22","kind":"density-grid","grid_size_degrees":2,"point_count":1,"intensity":0.002283,"networks":{"ipv4":1},"statuses":{"Unknown":1},"countries":{"BY":1},"sanctioned_nodes":0,"policy_restricted_nodes":0,"threat_infrastructure_nodes":0,"stroke":"#c0d674","fill":"#c0d674","opacity":0.08,"marker_ring":false}},{"type":"Feature","id":"node-density-grid-2:52:34","geometry":{"type":"Polygon","coordinates":[[[34,52],[36,52],[36,54],[34,54],[34,52]]]},"properties":{"name":"2° Density Cell 52,34","kind":"density-grid","grid_size_degrees":2,"point_count":1,"intensity":0.002283,"networks":{"ipv4":1},"statuses":{"Unknown":1},"countries":{"RU":1},"sanctioned_nodes":0,"policy_restricted_nodes":0,"threat_infrastructure_nodes":0,"stroke":"#c0d674","fill":"#c0d674","opacity":0.08,"marker_ring":false}},{"type":"Feature","id":"node-density-grid-2:52:40","geometry":{"type":"Polygon","coordinates":[[[40,52],[42,52],[42,54],[40,54],[40,52]]]},"properties":{"name":"2° Density Cell 52,40","kind":"density-grid","grid_size_degrees":2,"point_count":1,"intensity":0.002283,"networks":{"ipv4":1},"statuses":{"Unknown":1},"countries":{"RU":1},"sanctioned_nodes":0,"policy_restricted_nodes":0,"threat_infrastructure_nodes":0,"stroke":"#c0d674","fill":"#c0d674","opacity":0.08,"marker_ring":false}},{"type":"Feature","id":"node-density-grid-2:52:58","geometry":{"type":"Polygon","coordinates":[[[58,52],[60,52],[60,54],[58,54],[58,52]]]},"properties":{"name":"2° Density Cell 52,58","kind":"density-grid","grid_size_degrees":2,"point_count":1,"intensity":0.002283,"networks":{"ipv4":1},"statuses":{"Unknown":1},"countries":{"RU":1},"sanctioned_nodes":0,"policy_restricted_nodes":0,"threat_infrastructure_nodes":0,"stroke":"#c0d674","fill":"#c0d674","opacity":0.08,"marker_ring":false}},{"type":"Feature","id":"node-density-grid-2:54:-132","geometry":{"type":"Polygon","coordinates":[[[-132,54],[-130,54],[-130,56],[-132,56],[-132,54]]]},"properties":{"name":"2° Density Cell 54,-132","kind":"density-grid","grid_size_degrees":2,"point_count":1,"intensity":0.002283,"networks":{"ipv4":1},"statuses":{"Unknown":1},"countries":{"US":1},"sanctioned_nodes":0,"policy_restricted_nodes":0,"threat_infrastructure_nodes":0,"stroke":"#c0d674","fill":"#c0d674","opacity":0.08,"marker_ring":false}},{"type":"Feature","id":"node-density-grid-2:54:-10","geometry":{"type":"Polygon","coordinates":[[[-10,54],[-8,54],[-8,56],[-10,56],[-10,54]]]},"properties":{"name":"2° Density Cell 54,-10","kind":"density-grid","grid_size_degrees":2,"point_count":1,"intensity":0.002283,"networks":{"ipv4":1},"statuses":{"Unknown":1},"countries":{"IE":1},"sanctioned_nodes":0,"policy_restricted_nodes":0,"threat_infrastructure_nodes":0,"stroke":"#c0d674","fill":"#c0d674","opacity":0.08,"marker_ring":false}},{"type":"Feature","id":"node-density-grid-2:54:-4","geometry":{"type":"Polygon","coordinates":[[[-4,54],[-2,54],[-2,56],[-4,56],[-4,54]]]},"properties":{"name":"2° Density Cell 54,-4","kind":"density-grid","grid_size_degrees":2,"point_count":1,"intensity":0.002283,"networks":{"ipv4":1},"statuses":{"Unknown":1},"countries":{"GB":1},"sanctioned_nodes":0,"policy_restricted_nodes":0,"threat_infrastructure_nodes":0,"stroke":"#c0d674","fill":"#c0d674","opacity":0.08,"marker_ring":false}},{"type":"Feature","id":"node-density-grid-2:54:-2","geometry":{"type":"Polygon","coordinates":[[[-2,54],[0,54],[0,56],[-2,56],[-2,54]]]},"properties":{"name":"2° Density Cell 54,-2","kind":"density-grid","grid_size_degrees":2,"point_count":1,"intensity":0.002283,"networks":{"ipv4":1},"statuses":{"Unknown":1},"countries":{"GB":1},"sanctioned_nodes":0,"policy_restricted_nodes":0,"threat_infrastructure_nodes":0,"stroke":"#c0d674","fill":"#c0d674","opacity":0.08,"marker_ring":false}},{"type":"Feature","id":"node-density-grid-2:54:10","geometry":{"type":"Polygon","coordinates":[[[10,54],[12,54],[12,56],[10,56],[10,54]]]},"properties":{"name":"2° Density Cell 54,10","kind":"density-grid","grid_size_degrees":2,"point_count":1,"intensity":0.002283,"networks":{"ipv4":1},"statuses":{"Unknown":1},"countries":{"DE":1},"sanctioned_nodes":0,"policy_restricted_nodes":0,"threat_infrastructure_nodes":0,"stroke":"#c0d674","fill":"#c0d674","opacity":0.08,"marker_ring":false}},{"type":"Feature","id":"node-density-grid-2:54:72","geometry":{"type":"Polygon","coordinates":[[[72,54],[74,54],[74,56],[72,56],[72,54]]]},"properties":{"name":"2° Density Cell 54,72","kind":"density-grid","grid_size_degrees":2,"point_count":1,"intensity":0.002283,"networks":{"ipv4":1},"statuses":{"Unknown":1},"countries":{"RU":1},"sanctioned_nodes":0,"policy_restricted_nodes":0,"threat_infrastructure_nodes":0,"stroke":"#c0d674","fill":"#c0d674","opacity":0.08,"marker_ring":false}},{"type":"Feature","id":"node-density-grid-2:54:82","geometry":{"type":"Polygon","coordinates":[[[82,54],[84,54],[84,56],[82,56],[82,54]]]},"properties":{"name":"2° Density Cell 54,82","kind":"density-grid","grid_size_degrees":2,"point_count":1,"intensity":0.002283,"networks":{"ipv4":1},"statuses":{"Unknown":1},"countries":{"RU":1},"sanctioned_nodes":0,"policy_restricted_nodes":0,"threat_infrastructure_nodes":0,"stroke":"#c0d674","fill":"#c0d674","opacity":0.08,"marker_ring":false}},{"type":"Feature","id":"node-density-grid-2:54:86","geometry":{"type":"Polygon","coordinates":[[[86,54],[88,54],[88,56],[86,56],[86,54]]]},"properties":{"name":"2° Density Cell 54,86","kind":"density-grid","grid_size_degrees":2,"point_count":1,"intensity":0.002283,"networks":{"ipv4":1},"statuses":{"Unknown":1},"countries":{"RU":1},"sanctioned_nodes":0,"policy_restricted_nodes":0,"threat_infrastructure_nodes":0,"stroke":"#c0d674","fill":"#c0d674","opacity":0.08,"marker_ring":false}},{"type":"Feature","id":"node-density-grid-2:56:8","geometry":{"type":"Polygon","coordinates":[[[8,56],[10,56],[10,58],[8,58],[8,56]]]},"properties":{"name":"2° Density Cell 56,8","kind":"density-grid","grid_size_degrees":2,"point_count":1,"intensity":0.002283,"networks":{"ipv4":1},"statuses":{"Unknown":1},"countries":{"DK":1},"sanctioned_nodes":0,"policy_restricted_nodes":0,"threat_infrastructure_nodes":0,"stroke":"#c0d674","fill":"#c0d674","opacity":0.08,"marker_ring":false}},{"type":"Feature","id":"node-density-grid-2:56:14","geometry":{"type":"Polygon","coordinates":[[[14,56],[16,56],[16,58],[14,58],[14,56]]]},"properties":{"name":"2° Density Cell 56,14","kind":"density-grid","grid_size_degrees":2,"point_count":1,"intensity":0.002283,"networks":{"ipv4":1},"statuses":{"Unknown":1},"countries":{"SE":1},"sanctioned_nodes":0,"policy_restricted_nodes":0,"threat_infrastructure_nodes":0,"stroke":"#c0d674","fill":"#c0d674","opacity":0.08,"marker_ring":false}},{"type":"Feature","id":"node-density-grid-2:56:36","geometry":{"type":"Polygon","coordinates":[[[36,56],[38,56],[38,58],[36,58],[36,56]]]},"properties":{"name":"2° Density Cell 56,36","kind":"density-grid","grid_size_degrees":2,"point_count":1,"intensity":0.002283,"networks":{"ipv4":1},"statuses":{"Unknown":1},"countries":{"RU":1},"sanctioned_nodes":0,"policy_restricted_nodes":0,"threat_infrastructure_nodes":0,"stroke":"#c0d674","fill":"#c0d674","opacity":0.08,"marker_ring":false}},{"type":"Feature","id":"node-density-grid-2:56:38","geometry":{"type":"Polygon","coordinates":[[[38,56],[40,56],[40,58],[38,58],[38,56]]]},"properties":{"name":"2° Density Cell 56,38","kind":"density-grid","grid_size_degrees":2,"point_count":1,"intensity":0.002283,"networks":{"ipv4":1},"statuses":{"Unknown":1},"countries":{"RU":1},"sanctioned_nodes":0,"policy_restricted_nodes":0,"threat_infrastructure_nodes":0,"stroke":"#c0d674","fill":"#c0d674","opacity":0.08,"marker_ring":false}},{"type":"Feature","id":"node-density-grid-2:56:44","geometry":{"type":"Polygon","coordinates":[[[44,56],[46,56],[46,58],[44,58],[44,56]]]},"properties":{"name":"2° Density Cell 56,44","kind":"density-grid","grid_size_degrees":2,"point_count":1,"intensity":0.002283,"networks":{"ipv4":1},"statuses":{"Unknown":1},"countries":{"RU":1},"sanctioned_nodes":0,"policy_restricted_nodes":0,"threat_infrastructure_nodes":0,"stroke":"#c0d674","fill":"#c0d674","opacity":0.08,"marker_ring":false}},{"type":"Feature","id":"node-density-grid-2:58:-120","geometry":{"type":"Polygon","coordinates":[[[-120,58],[-118,58],[-118,60],[-120,60],[-120,58]]]},"properties":{"name":"2° Density Cell 58,-120","kind":"density-grid","grid_size_degrees":2,"point_count":1,"intensity":0.002283,"networks":{"ipv4":1},"statuses":{"Unknown":1},"countries":{"CA":1},"sanctioned_nodes":0,"policy_restricted_nodes":0,"threat_infrastructure_nodes":0,"stroke":"#c0d674","fill":"#c0d674","opacity":0.08,"marker_ring":false}},{"type":"Feature","id":"node-density-grid-2:58:-4","geometry":{"type":"Polygon","coordinates":[[[-4,58],[-2,58],[-2,60],[-4,60],[-4,58]]]},"properties":{"name":"2° Density Cell 58,-4","kind":"density-grid","grid_size_degrees":2,"point_count":1,"intensity":0.002283,"networks":{"ipv4":1},"statuses":{"Unknown":1},"countries":{"GB":1},"sanctioned_nodes":0,"policy_restricted_nodes":0,"threat_infrastructure_nodes":0,"stroke":"#c0d674","fill":"#c0d674","opacity":0.08,"marker_ring":false}},{"type":"Feature","id":"node-density-grid-2:58:8","geometry":{"type":"Polygon","coordinates":[[[8,58],[10,58],[10,60],[8,60],[8,58]]]},"properties":{"name":"2° Density Cell 58,8","kind":"density-grid","grid_size_degrees":2,"point_count":1,"intensity":0.002283,"networks":{"ipv4":1},"statuses":{"Unknown":1},"countries":{"NO":1},"sanctioned_nodes":0,"policy_restricted_nodes":0,"threat_infrastructure_nodes":0,"stroke":"#c0d674","fill":"#c0d674","opacity":0.08,"marker_ring":false}},{"type":"Feature","id":"node-density-grid-2:58:14","geometry":{"type":"Polygon","coordinates":[[[14,58],[16,58],[16,60],[14,60],[14,58]]]},"properties":{"name":"2° Density Cell 58,14","kind":"density-grid","grid_size_degrees":2,"point_count":1,"intensity":0.002283,"networks":{"ipv4":1},"statuses":{"Unknown":1},"countries":{"SE":1},"sanctioned_nodes":0,"policy_restricted_nodes":0,"threat_infrastructure_nodes":0,"stroke":"#c0d674","fill":"#c0d674","opacity":0.08,"marker_ring":false}},{"type":"Feature","id":"node-density-grid-2:60:-150","geometry":{"type":"Polygon","coordinates":[[[-150,60],[-148,60],[-148,62],[-150,62],[-150,60]]]},"properties":{"name":"2° Density Cell 60,-150","kind":"density-grid","grid_size_degrees":2,"point_count":1,"intensity":0.002283,"networks":{"ipv4":1},"statuses":{"Unknown":1},"countries":{"US":1},"sanctioned_nodes":0,"policy_restricted_nodes":0,"threat_infrastructure_nodes":0,"stroke":"#c0d674","fill":"#c0d674","opacity":0.08,"marker_ring":false}},{"type":"Feature","id":"node-density-grid-2:60:-148","geometry":{"type":"Polygon","coordinates":[[[-148,60],[-146,60],[-146,62],[-148,62],[-148,60]]]},"properties":{"name":"2° Density Cell 60,-148","kind":"density-grid","grid_size_degrees":2,"point_count":1,"intensity":0.002283,"networks":{"ipv4":1},"statuses":{"Unknown":1},"countries":{"US":1},"sanctioned_nodes":0,"policy_restricted_nodes":0,"threat_infrastructure_nodes":0,"stroke":"#c0d674","fill":"#c0d674","opacity":0.08,"marker_ring":false}},{"type":"Feature","id":"node-density-grid-2:60:4","geometry":{"type":"Polygon","coordinates":[[[4,60],[6,60],[6,62],[4,62],[4,60]]]},"properties":{"name":"2° Density Cell 60,4","kind":"density-grid","grid_size_degrees":2,"point_count":1,"intensity":0.002283,"networks":{"ipv4":1},"statuses":{"Unknown":1},"countries":{"NO":1},"sanctioned_nodes":0,"policy_restricted_nodes":0,"threat_infrastructure_nodes":0,"stroke":"#c0d674","fill":"#c0d674","opacity":0.08,"marker_ring":false}},{"type":"Feature","id":"node-density-grid-2:60:10","geometry":{"type":"Polygon","coordinates":[[[10,60],[12,60],[12,62],[10,62],[10,60]]]},"properties":{"name":"2° Density Cell 60,10","kind":"density-grid","grid_size_degrees":2,"point_count":1,"intensity":0.002283,"networks":{"ipv4":1},"statuses":{"Unknown":1},"countries":{"NO":1},"sanctioned_nodes":0,"policy_restricted_nodes":0,"threat_infrastructure_nodes":0,"stroke":"#c0d674","fill":"#c0d674","opacity":0.08,"marker_ring":false}},{"type":"Feature","id":"node-density-grid-2:60:14","geometry":{"type":"Polygon","coordinates":[[[14,60],[16,60],[16,62],[14,62],[14,60]]]},"properties":{"name":"2° Density Cell 60,14","kind":"density-grid","grid_size_degrees":2,"point_count":1,"intensity":0.002283,"networks":{"ipv4":1},"statuses":{"Unknown":1},"countries":{"SE":1},"sanctioned_nodes":0,"policy_restricted_nodes":0,"threat_infrastructure_nodes":0,"stroke":"#c0d674","fill":"#c0d674","opacity":0.08,"marker_ring":false}},{"type":"Feature","id":"node-density-grid-2:60:16","geometry":{"type":"Polygon","coordinates":[[[16,60],[18,60],[18,62],[16,62],[16,60]]]},"properties":{"name":"2° Density Cell 60,16","kind":"density-grid","grid_size_degrees":2,"point_count":1,"intensity":0.002283,"networks":{"ipv4":1},"statuses":{"Unknown":1},"countries":{"SE":1},"sanctioned_nodes":0,"policy_restricted_nodes":0,"threat_infrastructure_nodes":0,"stroke":"#c0d674","fill":"#c0d674","opacity":0.08,"marker_ring":false}},{"type":"Feature","id":"node-density-grid-2:60:22","geometry":{"type":"Polygon","coordinates":[[[22,60],[24,60],[24,62],[22,62],[22,60]]]},"properties":{"name":"2° Density Cell 60,22","kind":"density-grid","grid_size_degrees":2,"point_count":1,"intensity":0.002283,"networks":{"ipv4":1},"statuses":{"Unknown":1},"countries":{"FI":1},"sanctioned_nodes":0,"policy_restricted_nodes":0,"threat_infrastructure_nodes":0,"stroke":"#c0d674","fill":"#c0d674","opacity":0.08,"marker_ring":false}},{"type":"Feature","id":"node-density-grid-2:62:8","geometry":{"type":"Polygon","coordinates":[[[8,62],[10,62],[10,64],[8,64],[8,62]]]},"properties":{"name":"2° Density Cell 62,8","kind":"density-grid","grid_size_degrees":2,"point_count":1,"intensity":0.002283,"networks":{"ipv4":1},"statuses":{"Unknown":1},"countries":{"NO":1},"sanctioned_nodes":0,"policy_restricted_nodes":0,"threat_infrastructure_nodes":0,"stroke":"#c0d674","fill":"#c0d674","opacity":0.08,"marker_ring":false}},{"type":"Feature","id":"node-density-grid-2:62:20","geometry":{"type":"Polygon","coordinates":[[[20,62],[22,62],[22,64],[20,64],[20,62]]]},"properties":{"name":"2° Density Cell 62,20","kind":"density-grid","grid_size_degrees":2,"point_count":1,"intensity":0.002283,"networks":{"ipv4":1},"statuses":{"Unknown":1},"countries":{"SE":1},"sanctioned_nodes":0,"policy_restricted_nodes":0,"threat_infrastructure_nodes":0,"stroke":"#c0d674","fill":"#c0d674","opacity":0.08,"marker_ring":false}},{"type":"Feature","id":"node-density-grid-2:62:24","geometry":{"type":"Polygon","coordinates":[[[24,62],[26,62],[26,64],[24,64],[24,62]]]},"properties":{"name":"2° Density Cell 62,24","kind":"density-grid","grid_size_degrees":2,"point_count":1,"intensity":0.002283,"networks":{"ipv4":1},"statuses":{"Unknown":1},"countries":{"FI":1},"sanctioned_nodes":0,"policy_restricted_nodes":0,"threat_infrastructure_nodes":0,"stroke":"#c0d674","fill":"#c0d674","opacity":0.08,"marker_ring":false}},{"type":"Feature","id":"node-density-grid-2:64:24","geometry":{"type":"Polygon","coordinates":[[[24,64],[26,64],[26,66],[24,66],[24,64]]]},"properties":{"name":"2° Density Cell 64,24","kind":"density-grid","grid_size_degrees":2,"point_count":1,"intensity":0.002283,"networks":{"ipv4":1},"statuses":{"Unknown":1},"countries":{"FI":1},"sanctioned_nodes":0,"policy_restricted_nodes":0,"threat_infrastructure_nodes":0,"stroke":"#c0d674","fill":"#c0d674","opacity":0.08,"marker_ring":false}},{"type":"Feature","id":"node-density-grid-2:70:22","geometry":{"type":"Polygon","coordinates":[[[22,70],[24,70],[24,72],[22,72],[22,70]]]},"properties":{"name":"2° Density Cell 70,22","kind":"density-grid","grid_size_degrees":2,"point_count":1,"intensity":0.002283,"networks":{"ipv4":1},"statuses":{"Unknown":1},"countries":{"NO":1},"sanctioned_nodes":0,"policy_restricted_nodes":0,"threat_infrastructure_nodes":0,"stroke":"#c0d674","fill":"#c0d674","opacity":0.08,"marker_ring":false}},{"type":"Feature","id":"country-footprint:US","geometry":{"type":"Polygon","coordinates":[[[-108.07497421271539,26.49477635175282],[-84.07497421271539,26.49477635175282],[-84.07497421271539,50.49477635175282],[-108.07497421271539,50.49477635175282],[-108.07497421271539,26.49477635175282]]]},"properties":{"name":"US Node Footprint","kind":"country-footprint","country":"US","point_count":1683,"center_latitude":38.49477635175282,"center_longitude":-96.07497421271539,"sanctioned_nodes":0,"policy_restricted_nodes":0,"threat_infrastructure_nodes":0,"stroke":"#e6a42b","fill":"#e6a42b","opacity":0.12,"marker_ring":false}},{"type":"Feature","id":"country-footprint:DE","geometry":{"type":"Polygon","coordinates":[[[5.211445841530056,46.09892557377049],[14.915495841530054,46.09892557377049],[14.915495841530054,54.33452557377049],[5.211445841530056,54.33452557377049],[5.211445841530056,46.09892557377049]]]},"properties":{"name":"DE Node Footprint","kind":"country-footprint","country":"DE","point_count":915,"center_latitude":50.21672557377049,"center_longitude":10.063470841530055,"sanctioned_nodes":0,"policy_restricted_nodes":0,"threat_infrastructure_nodes":0,"stroke":"#e6a42b","fill":"#e6a42b","opacity":0.12,"marker_ring":false}},{"type":"Feature","id":"country-footprint:CA","geometry":{"type":"Polygon","coordinates":[[[-95.81249590443686,36.97511911262798],[-71.81249590443686,36.97511911262798],[-71.81249590443686,54.90171911262799],[-95.81249590443686,54.90171911262799],[-95.81249590443686,36.97511911262798]]]},"properties":{"name":"CA Node Footprint","kind":"country-footprint","country":"CA","point_count":293,"center_latitude":45.93841911262798,"center_longitude":-83.81249590443686,"sanctioned_nodes":0,"policy_restricted_nodes":0,"threat_infrastructure_nodes":0,"stroke":"#e6a42b","fill":"#e6a42b","opacity":0.12,"marker_ring":false}},{"type":"Feature","id":"country-footprint:NL","geometry":{"type":"Polygon","coordinates":[[[2.887100414847162,50.31259432314411],[7.117490414847162,50.31259432314411],[7.117490414847162,54.293994323144105],[2.887100414847162,54.293994323144105],[2.887100414847162,50.31259432314411]]]},"properties":{"name":"NL Node Footprint","kind":"country-footprint","country":"NL","point_count":229,"center_latitude":52.30329432314411,"center_longitude":5.002295414847162,"sanctioned_nodes":0,"policy_restricted_nodes":0,"threat_infrastructure_nodes":0,"stroke":"#e6a42b","fill":"#e6a42b","opacity":0.12,"marker_ring":false}},{"type":"Feature","id":"country-footprint:GB","geometry":{"type":"Polygon","coordinates":[[[-4.146026895628415,46.582862841530044],[2.9157231043715846,46.582862841530044],[2.9157231043715846,56.88906284153005],[-4.146026895628415,56.88906284153005],[-4.146026895628415,46.582862841530044]]]},"properties":{"name":"GB Node Footprint","kind":"country-footprint","country":"GB","point_count":183,"center_latitude":51.735962841530046,"center_longitude":-0.6151518956284153,"sanctioned_nodes":0,"policy_restricted_nodes":0,"threat_infrastructure_nodes":0,"stroke":"#e6a42b","fill":"#e6a42b","opacity":0.12,"marker_ring":false}},{"type":"Feature","id":"country-footprint:FR","geometry":{"type":"Polygon","coordinates":[[[-3.6528584939759035,43.544668072289156],[9.347241506024096,43.544668072289156],[9.347241506024096,53.51046807228916],[-3.6528584939759035,53.51046807228916],[-3.6528584939759035,43.544668072289156]]]},"properties":{"name":"FR Node Footprint","kind":"country-footprint","country":"FR","point_count":166,"center_latitude":48.52756807228916,"center_longitude":2.8471915060240964,"sanctioned_nodes":0,"policy_restricted_nodes":0,"threat_infrastructure_nodes":0,"stroke":"#e6a42b","fill":"#e6a42b","opacity":0.12,"marker_ring":false}},{"type":"Feature","id":"country-footprint:AU","geometry":{"type":"Polygon","coordinates":[[[134.91817610062895,-45.24408805031447],[158.91817610062895,-45.24408805031447],[158.91817610062895,-21.244088050314467],[134.91817610062895,-21.244088050314467],[134.91817610062895,-45.24408805031447]]]},"properties":{"name":"AU Node Footprint","kind":"country-footprint","country":"AU","point_count":159,"center_latitude":-33.24408805031447,"center_longitude":146.91817610062895,"sanctioned_nodes":0,"policy_restricted_nodes":0,"threat_infrastructure_nodes":0,"stroke":"#e6a42b","fill":"#e6a42b","opacity":0.12,"marker_ring":false}},{"type":"Feature","id":"country-footprint:KR","geometry":{"type":"Polygon","coordinates":[[[125.14356666666667,35.25850750000001],[129.00656666666669,35.25850750000001],[129.00656666666669,39.3704075],[125.14356666666667,39.3704075],[125.14356666666667,35.25850750000001]]]},"properties":{"name":"KR Node Footprint","kind":"country-footprint","country":"KR","point_count":120,"center_latitude":37.3144575,"center_longitude":127.07506666666667,"sanctioned_nodes":0,"policy_restricted_nodes":0,"threat_infrastructure_nodes":0,"stroke":"#e6a42b","fill":"#e6a42b","opacity":0.12,"marker_ring":false}},{"type":"Feature","id":"country-footprint:CH","geometry":{"type":"Polygon","coordinates":[[[5.178949128440367,45.53543807339449],[10.664599128440367,45.53543807339449],[10.664599128440367,48.6911380733945],[5.178949128440367,48.6911380733945],[5.178949128440367,45.53543807339449]]]},"properties":{"name":"CH Node Footprint","kind":"country-footprint","country":"CH","point_count":109,"center_latitude":47.11328807339449,"center_longitude":7.921774128440367,"sanctioned_nodes":0,"policy_restricted_nodes":0,"threat_infrastructure_nodes":0,"stroke":"#e6a42b","fill":"#e6a42b","opacity":0.12,"marker_ring":false}},{"type":"Feature","id":"country-footprint:SG","geometry":{"type":"Polygon","coordinates":[[[102.80526851851852,0.3390186111111111],[104.80526851851852,0.3390186111111111],[104.80526851851852,2.3390186111111113],[102.80526851851852,2.3390186111111113],[102.80526851851852,0.3390186111111111]]]},"properties":{"name":"SG Node Footprint","kind":"country-footprint","country":"SG","point_count":108,"center_latitude":1.339018611111111,"center_longitude":103.80526851851852,"sanctioned_nodes":0,"policy_restricted_nodes":0,"threat_infrastructure_nodes":0,"stroke":"#e6a42b","fill":"#e6a42b","opacity":0.12,"marker_ring":false}},{"type":"Feature","id":"country-footprint:JP","geometry":{"type":"Polygon","coordinates":[[[131.80815625000002,29.665858333333333],[145.27715625000002,29.665858333333333],[145.27715625000002,41.03485833333333],[131.80815625000002,41.03485833333333],[131.80815625000002,29.665858333333333]]]},"properties":{"name":"JP Node Footprint","kind":"country-footprint","country":"JP","point_count":96,"center_latitude":35.35035833333333,"center_longitude":138.54265625000002,"sanctioned_nodes":0,"policy_restricted_nodes":0,"threat_infrastructure_nodes":0,"stroke":"#e6a42b","fill":"#e6a42b","opacity":0.12,"marker_ring":false}},{"type":"Feature","id":"country-footprint:FI","geometry":{"type":"Polygon","coordinates":[[[21.529527215189873,57.19361392405064],[28.950427215189876,57.19361392405064],[28.950427215189876,63.54021392405063],[21.529527215189873,63.54021392405063],[21.529527215189873,57.19361392405064]]]},"properties":{"name":"FI Node Footprint","kind":"country-footprint","country":"FI","point_count":79,"center_latitude":60.366913924050635,"center_longitude":25.239977215189874,"sanctioned_nodes":0,"policy_restricted_nodes":0,"threat_infrastructure_nodes":0,"stroke":"#e6a42b","fill":"#e6a42b","opacity":0.12,"marker_ring":false}},{"type":"Feature","id":"country-footprint:RU","geometry":{"type":"Polygon","coordinates":[[[29.899895714285712,47.79803571428572],[53.89989571428571,47.79803571428572],[53.89989571428571,64.82813571428572],[29.899895714285712,64.82813571428572],[29.899895714285712,47.79803571428572]]]},"properties":{"name":"RU Node Footprint","kind":"country-footprint","country":"RU","point_count":70,"center_latitude":56.31308571428572,"center_longitude":41.89989571428571,"sanctioned_nodes":0,"policy_restricted_nodes":0,"threat_infrastructure_nodes":0,"stroke":"#e6a42b","fill":"#e6a42b","opacity":0.12,"marker_ring":false}},{"type":"Feature","id":"country-footprint:SE","geometry":{"type":"Polygon","coordinates":[[[11.346229104477612,53.47239477611941],[22.212929104477613,53.47239477611941],[22.212929104477613,64.61769477611941],[11.346229104477612,64.61769477611941],[11.346229104477612,53.47239477611941]]]},"properties":{"name":"SE Node Footprint","kind":"country-footprint","country":"SE","point_count":67,"center_latitude":59.045044776119404,"center_longitude":16.779579104477612,"sanctioned_nodes":0,"policy_restricted_nodes":0,"threat_infrastructure_nodes":0,"stroke":"#e6a42b","fill":"#e6a42b","opacity":0.12,"marker_ring":false}},{"type":"Feature","id":"country-footprint:BR","geometry":{"type":"Polygon","coordinates":[[[-54.65125322580645,-31.443012903225807],[-39.95315322580645,-31.443012903225807],[-39.95315322580645,-15.703712903225806],[-54.65125322580645,-15.703712903225806],[-54.65125322580645,-31.443012903225807]]]},"properties":{"name":"BR Node Footprint","kind":"country-footprint","country":"BR","point_count":62,"center_latitude":-23.573362903225807,"center_longitude":-47.30220322580645,"sanctioned_nodes":0,"policy_restricted_nodes":0,"threat_infrastructure_nodes":0,"stroke":"#e6a42b","fill":"#e6a42b","opacity":0.12,"marker_ring":false}},{"type":"Feature","id":"country-footprint:HK","geometry":{"type":"Polygon","coordinates":[[[113.16561818181818,21.32681090909091],[115.16561818181818,21.32681090909091],[115.16561818181818,23.32681090909091],[113.16561818181818,23.32681090909091],[113.16561818181818,21.32681090909091]]]},"properties":{"name":"HK Node Footprint","kind":"country-footprint","country":"HK","point_count":55,"center_latitude":22.32681090909091,"center_longitude":114.16561818181818,"sanctioned_nodes":0,"policy_restricted_nodes":0,"threat_infrastructure_nodes":0,"stroke":"#e6a42b","fill":"#e6a42b","opacity":0.12,"marker_ring":false}},{"type":"Feature","id":"country-footprint:IT","geometry":{"type":"Polygon","coordinates":[[[5.188203888888888,41.18838888888888],[16.00972388888889,41.18838888888888],[16.00972388888889,48.11808888888889],[5.188203888888888,48.11808888888889],[5.188203888888888,41.18838888888888]]]},"properties":{"name":"IT Node Footprint","kind":"country-footprint","country":"IT","point_count":36,"center_latitude":44.653238888888886,"center_longitude":10.598963888888889,"sanctioned_nodes":0,"policy_restricted_nodes":0,"threat_infrastructure_nodes":0,"stroke":"#e6a42b","fill":"#e6a42b","opacity":0.12,"marker_ring":false}},{"type":"Feature","id":"country-footprint:AT","geometry":{"type":"Polygon","coordinates":[[[11.03624,46.342839393939386],[19.33584,46.342839393939386],[19.33584,49.524639393939395],[11.03624,49.524639393939395],[11.03624,46.342839393939386]]]},"properties":{"name":"AT Node Footprint","kind":"country-footprint","country":"AT","point_count":33,"center_latitude":47.93373939393939,"center_longitude":15.18604,"sanctioned_nodes":0,"policy_restricted_nodes":0,"threat_infrastructure_nodes":0,"stroke":"#e6a42b","fill":"#e6a42b","opacity":0.12,"marker_ring":false}},{"type":"Feature","id":"country-footprint:ES","geometry":{"type":"Polygon","coordinates":[[[-12.212001363636364,31.072554545454544],[6.872268636363636,31.072554545454544],[6.872268636363636,47.76755454545454],[-12.212001363636364,47.76755454545454],[-12.212001363636364,31.072554545454544]]]},"properties":{"name":"ES Node Footprint","kind":"country-footprint","country":"ES","point_count":33,"center_latitude":39.42005454545454,"center_longitude":-2.669866363636364,"sanctioned_nodes":0,"policy_restricted_nodes":0,"threat_infrastructure_nodes":0,"stroke":"#e6a42b","fill":"#e6a42b","opacity":0.12,"marker_ring":false}},{"type":"Feature","id":"country-footprint:CZ","geometry":{"type":"Polygon","coordinates":[[[11.907628124999999,48.155387499999996],[18.725728125,48.155387499999996],[18.725728125,51.5827875],[11.907628124999999,51.5827875],[11.907628124999999,48.155387499999996]]]},"properties":{"name":"CZ Node Footprint","kind":"country-footprint","country":"CZ","point_count":32,"center_latitude":49.8690875,"center_longitude":15.316678125,"sanctioned_nodes":0,"policy_restricted_nodes":0,"threat_infrastructure_nodes":0,"stroke":"#e6a42b","fill":"#e6a42b","opacity":0.12,"marker_ring":false}},{"type":"Feature","id":"country-footprint:UA","geometry":{"type":"Polygon","coordinates":[[[25.390853333333332,45.847696666666664],[38.56115333333334,45.847696666666664],[38.56115333333334,53.26059666666666],[25.390853333333332,53.26059666666666],[25.390853333333332,45.847696666666664]]]},"properties":{"name":"UA Node Footprint","kind":"country-footprint","country":"UA","point_count":30,"center_latitude":49.55414666666666,"center_longitude":31.976003333333335,"sanctioned_nodes":0,"policy_restricted_nodes":0,"threat_infrastructure_nodes":0,"stroke":"#e6a42b","fill":"#e6a42b","opacity":0.12,"marker_ring":false}},{"type":"Feature","id":"country-footprint:IN","geometry":{"type":"Polygon","coordinates":[[[64.01915370370371,10.769535185185187],[87.85305370370371,10.769535185185187],[87.85305370370371,28.033635185185187],[64.01915370370371,28.033635185185187],[64.01915370370371,10.769535185185187]]]},"properties":{"name":"IN Node Footprint","kind":"country-footprint","country":"IN","point_count":27,"center_latitude":19.401585185185187,"center_longitude":75.93610370370371,"sanctioned_nodes":0,"policy_restricted_nodes":0,"threat_infrastructure_nodes":0,"stroke":"#e6a42b","fill":"#e6a42b","opacity":0.12,"marker_ring":false}},{"type":"Feature","id":"country-footprint:IE","geometry":{"type":"Polygon","coordinates":[[[-8.687900769230769,51.88427692307693],[-4.41957076923077,51.88427692307693],[-4.41957076923077,54.84987692307693],[-8.687900769230769,54.84987692307693],[-8.687900769230769,51.88427692307693]]]},"properties":{"name":"IE Node Footprint","kind":"country-footprint","country":"IE","point_count":26,"center_latitude":53.36707692307693,"center_longitude":-6.553735769230769,"sanctioned_nodes":0,"policy_restricted_nodes":0,"threat_infrastructure_nodes":0,"stroke":"#e6a42b","fill":"#e6a42b","opacity":0.12,"marker_ring":false}},{"type":"Feature","id":"country-footprint:NZ","geometry":{"type":"Polygon","coordinates":[[[169.08857692307691,-44.32857307692308],[178.6895769230769,-44.32857307692308],[178.6895769230769,-33.33677307692308],[169.08857692307691,-33.33677307692308],[169.08857692307691,-44.32857307692308]]]},"properties":{"name":"NZ Node Footprint","kind":"country-footprint","country":"NZ","point_count":26,"center_latitude":-38.83267307692308,"center_longitude":173.8890769230769,"sanctioned_nodes":0,"policy_restricted_nodes":0,"threat_infrastructure_nodes":0,"stroke":"#e6a42b","fill":"#e6a42b","opacity":0.12,"marker_ring":false}},{"type":"Feature","id":"country-footprint:PL","geometry":{"type":"Polygon","coordinates":[[[15.843326000000001,49.095978],[22.436426,49.095978],[22.436426,55.142478],[15.843326000000001,55.142478],[15.843326000000001,49.095978]]]},"properties":{"name":"PL Node Footprint","kind":"country-footprint","country":"PL","point_count":25,"center_latitude":52.119228,"center_longitude":19.139876,"sanctioned_nodes":0,"policy_restricted_nodes":0,"threat_infrastructure_nodes":0,"stroke":"#e6a42b","fill":"#e6a42b","opacity":0.12,"marker_ring":false}},{"type":"Feature","id":"country-footprint:CN","geometry":{"type":"Polygon","coordinates":[[[105.81779999999999,20.785655],[124.7248,20.785655],[124.7248,39.080155],[105.81779999999999,39.080155],[105.81779999999999,20.785655]]]},"properties":{"name":"CN Node Footprint","kind":"country-footprint","country":"CN","point_count":20,"center_latitude":29.932904999999998,"center_longitude":115.2713,"sanctioned_nodes":0,"policy_restricted_nodes":0,"threat_infrastructure_nodes":0,"stroke":"#e6a42b","fill":"#e6a42b","opacity":0.12,"marker_ring":false}},{"type":"Feature","id":"country-footprint:TH","geometry":{"type":"Polygon","coordinates":[[[98.0428947368421,11.722657894736841],[103.78049473684212,11.722657894736841],[103.78049473684212,15.88125789473684],[98.0428947368421,15.88125789473684],[98.0428947368421,11.722657894736841]]]},"properties":{"name":"TH Node Footprint","kind":"country-footprint","country":"TH","point_count":19,"center_latitude":13.80195789473684,"center_longitude":100.91169473684211,"sanctioned_nodes":0,"policy_restricted_nodes":0,"threat_infrastructure_nodes":0,"stroke":"#e6a42b","fill":"#e6a42b","opacity":0.12,"marker_ring":false}},{"type":"Feature","id":"country-footprint:BG","geometry":{"type":"Polygon","coordinates":[[[20.729599999999998,40.92625555555556],[27.257399999999997,40.92625555555556],[27.257399999999997,44.68455555555555],[20.729599999999998,44.68455555555555],[20.729599999999998,40.92625555555556]]]},"properties":{"name":"BG Node Footprint","kind":"country-footprint","country":"BG","point_count":18,"center_latitude":42.80540555555555,"center_longitude":23.993499999999997,"sanctioned_nodes":0,"policy_restricted_nodes":0,"threat_infrastructure_nodes":0,"stroke":"#e6a42b","fill":"#e6a42b","opacity":0.12,"marker_ring":false}},{"type":"Feature","id":"country-footprint:ZA","geometry":{"type":"Polygon","coordinates":[[[14.280461111111112,-36.77241111111111],[28.309161111111113,-36.77241111111111],[28.309161111111113,-27.19671111111111],[14.280461111111112,-27.19671111111111],[14.280461111111112,-36.77241111111111]]]},"properties":{"name":"ZA Node Footprint","kind":"country-footprint","country":"ZA","point_count":18,"center_latitude":-31.98456111111111,"center_longitude":21.294811111111112,"sanctioned_nodes":0,"policy_restricted_nodes":0,"threat_infrastructure_nodes":0,"stroke":"#e6a42b","fill":"#e6a42b","opacity":0.12,"marker_ring":false}},{"type":"Feature","id":"country-footprint:AR","geometry":{"type":"Polygon","coordinates":[[[-67.78306333333333,-43.79624333333334],[-51.822963333333334,-43.79624333333334],[-51.822963333333334,-28.166343333333334],[-67.78306333333333,-28.166343333333334],[-67.78306333333333,-43.79624333333334]]]},"properties":{"name":"AR Node Footprint","kind":"country-footprint","country":"AR","point_count":15,"center_latitude":-35.98129333333333,"center_longitude":-59.80301333333333,"sanctioned_nodes":0,"policy_restricted_nodes":0,"threat_infrastructure_nodes":0,"stroke":"#e6a42b","fill":"#e6a42b","opacity":0.12,"marker_ring":false}},{"type":"Feature","id":"country-footprint:BE","geometry":{"type":"Polygon","coordinates":[[[2.774502666666667,49.77835666666666],[5.708262666666666,49.77835666666666],[5.708262666666666,51.882056666666664],[2.774502666666667,51.882056666666664],[2.774502666666667,49.77835666666666]]]},"properties":{"name":"BE Node Footprint","kind":"country-footprint","country":"BE","point_count":15,"center_latitude":50.83020666666666,"center_longitude":4.2413826666666665,"sanctioned_nodes":0,"policy_restricted_nodes":0,"threat_infrastructure_nodes":0,"stroke":"#e6a42b","fill":"#e6a42b","opacity":0.12,"marker_ring":false}},{"type":"Feature","id":"country-footprint:ID","geometry":{"type":"Polygon","coordinates":[[[103.41636666666666,-8.695999333333333],[113.26336666666667,-8.695999333333333],[113.26336666666667,-4.6862993333333325],[103.41636666666666,-4.6862993333333325],[103.41636666666666,-8.695999333333333]]]},"properties":{"name":"ID Node Footprint","kind":"country-footprint","country":"ID","point_count":15,"center_latitude":-6.691149333333333,"center_longitude":108.33986666666667,"sanctioned_nodes":0,"policy_restricted_nodes":0,"threat_infrastructure_nodes":0,"stroke":"#e6a42b","fill":"#e6a42b","opacity":0.12,"marker_ring":false}},{"type":"Feature","id":"country-footprint:RO","geometry":{"type":"Polygon","coordinates":[[[23.53277666666667,43.14898],[27.539076666666666,43.14898],[27.539076666666666,47.27218],[23.53277666666667,47.27218],[23.53277666666667,43.14898]]]},"properties":{"name":"RO Node Footprint","kind":"country-footprint","country":"RO","point_count":15,"center_latitude":45.21058,"center_longitude":25.53592666666667,"sanctioned_nodes":0,"policy_restricted_nodes":0,"threat_infrastructure_nodes":0,"stroke":"#e6a42b","fill":"#e6a42b","opacity":0.12,"marker_ring":false}},{"type":"Feature","id":"country-footprint:TW","geometry":{"type":"Polygon","coordinates":[[[120.40146666666666,24.052173333333332],[122.40146666666666,24.052173333333332],[122.40146666666666,26.052173333333332],[120.40146666666666,26.052173333333332],[120.40146666666666,24.052173333333332]]]},"properties":{"name":"TW Node Footprint","kind":"country-footprint","country":"TW","point_count":15,"center_latitude":25.052173333333332,"center_longitude":121.40146666666666,"sanctioned_nodes":0,"policy_restricted_nodes":0,"threat_infrastructure_nodes":0,"stroke":"#e6a42b","fill":"#e6a42b","opacity":0.12,"marker_ring":false}},{"type":"Feature","id":"country-footprint:NO","geometry":{"type":"Polygon","coordinates":[[[0.9268850000000004,54.75134285714286],[20.774445,54.75134285714286],[20.774445,67.77394285714286],[0.9268850000000004,67.77394285714286],[0.9268850000000004,54.75134285714286]]]},"properties":{"name":"NO Node Footprint","kind":"country-footprint","country":"NO","point_count":14,"center_latitude":61.26264285714286,"center_longitude":10.850665000000001,"sanctioned_nodes":0,"policy_restricted_nodes":0,"threat_infrastructure_nodes":0,"stroke":"#e6a42b","fill":"#e6a42b","opacity":0.12,"marker_ring":false}},{"type":"Feature","id":"country-footprint:PT","geometry":{"type":"Polygon","coordinates":[[[-14.821514999999998,33.97375454545455],[-4.268705,33.97375454545455],[-4.268705,44.14155454545455],[-14.821514999999998,44.14155454545455],[-14.821514999999998,33.97375454545455]]]},"properties":{"name":"PT Node Footprint","kind":"country-footprint","country":"PT","point_count":11,"center_latitude":39.05765454545455,"center_longitude":-9.54511,"sanctioned_nodes":0,"policy_restricted_nodes":0,"threat_infrastructure_nodes":0,"stroke":"#e6a42b","fill":"#e6a42b","opacity":0.12,"marker_ring":false}},{"type":"Feature","id":"country-footprint:HU","geometry":{"type":"Polygon","coordinates":[[[18.056944444444444,46.48826666666667],[20.056944444444444,46.48826666666667],[20.056944444444444,48.48826666666667],[18.056944444444444,48.48826666666667],[18.056944444444444,46.48826666666667]]]},"properties":{"name":"HU Node Footprint","kind":"country-footprint","country":"HU","point_count":9,"center_latitude":47.48826666666667,"center_longitude":19.056944444444444,"sanctioned_nodes":0,"policy_restricted_nodes":0,"threat_infrastructure_nodes":0,"stroke":"#e6a42b","fill":"#e6a42b","opacity":0.12,"marker_ring":false}},{"type":"Feature","id":"country-footprint:SK","geometry":{"type":"Polygon","coordinates":[[[16.1207,47.25172222222223],[21.094300000000004,47.25172222222223],[21.094300000000004,49.80672222222222],[16.1207,49.80672222222222],[16.1207,47.25172222222223]]]},"properties":{"name":"SK Node Footprint","kind":"country-footprint","country":"SK","point_count":9,"center_latitude":48.529222222222224,"center_longitude":18.6075,"sanctioned_nodes":0,"policy_restricted_nodes":0,"threat_infrastructure_nodes":0,"stroke":"#e6a42b","fill":"#e6a42b","opacity":0.12,"marker_ring":false}},{"type":"Feature","id":"country-footprint:MY","geometry":{"type":"Polygon","coordinates":[[[100.66125,2.10827125],[102.66125,2.10827125],[102.66125,4.10827125],[100.66125,4.10827125],[100.66125,2.10827125]]]},"properties":{"name":"MY Node Footprint","kind":"country-footprint","country":"MY","point_count":8,"center_latitude":3.10827125,"center_longitude":101.66125,"sanctioned_nodes":0,"policy_restricted_nodes":0,"threat_infrastructure_nodes":0,"stroke":"#e6a42b","fill":"#e6a42b","opacity":0.12,"marker_ring":false}},{"type":"Feature","id":"country-footprint:AE","geometry":{"type":"Polygon","coordinates":[[[54.33722857142857,24.18025714285714],[56.33722857142857,24.18025714285714],[56.33722857142857,26.18025714285714],[54.33722857142857,26.18025714285714],[54.33722857142857,24.18025714285714]]]},"properties":{"name":"AE Node Footprint","kind":"country-footprint","country":"AE","point_count":7,"center_latitude":25.18025714285714,"center_longitude":55.33722857142857,"sanctioned_nodes":0,"policy_restricted_nodes":0,"threat_infrastructure_nodes":0,"stroke":"#e6a42b","fill":"#e6a42b","opacity":0.12,"marker_ring":false}},{"type":"Feature","id":"country-footprint:DK","geometry":{"type":"Polygon","coordinates":[[[8.002460000000001,53.88616428571429],[13.034740000000001,53.88616428571429],[13.034740000000001,58.196864285714284],[8.002460000000001,58.196864285714284],[8.002460000000001,53.88616428571429]]]},"properties":{"name":"DK Node Footprint","kind":"country-footprint","country":"DK","point_count":7,"center_latitude":56.041514285714285,"center_longitude":10.518600000000001,"sanctioned_nodes":0,"policy_restricted_nodes":0,"threat_infrastructure_nodes":0,"stroke":"#e6a42b","fill":"#e6a42b","opacity":0.12,"marker_ring":false}},{"type":"Feature","id":"country-footprint:LT","geometry":{"type":"Polygon","coordinates":[[[22.398857142857143,54.023492857142855],[25.901857142857143,54.023492857142855],[25.901857142857143,56.77119285714285],[22.398857142857143,56.77119285714285],[22.398857142857143,54.023492857142855]]]},"properties":{"name":"LT Node Footprint","kind":"country-footprint","country":"LT","point_count":7,"center_latitude":55.39734285714285,"center_longitude":24.150357142857143,"sanctioned_nodes":0,"policy_restricted_nodes":0,"threat_infrastructure_nodes":0,"stroke":"#e6a42b","fill":"#e6a42b","opacity":0.12,"marker_ring":false}},{"type":"Feature","id":"country-footprint:MD","geometry":{"type":"Polygon","coordinates":[[[27.838300000000004,45.998828571428575],[30.110500000000002,45.998828571428575],[30.110500000000002,47.998828571428575],[27.838300000000004,47.998828571428575],[27.838300000000004,45.998828571428575]]]},"properties":{"name":"MD Node Footprint","kind":"country-footprint","country":"MD","point_count":7,"center_latitude":46.998828571428575,"center_longitude":28.974400000000003,"sanctioned_nodes":0,"policy_restricted_nodes":0,"threat_infrastructure_nodes":0,"stroke":"#e6a42b","fill":"#e6a42b","opacity":0.12,"marker_ring":false}},{"type":"Feature","id":"country-footprint:MX","geometry":{"type":"Polygon","coordinates":[[[-102.31501428571428,16.945614285714285],[-97.7238142857143,16.945614285714285],[-97.7238142857143,24.73381428571428],[-102.31501428571428,24.73381428571428],[-102.31501428571428,16.945614285714285]]]},"properties":{"name":"MX Node Footprint","kind":"country-footprint","country":"MX","point_count":7,"center_latitude":20.839714285714283,"center_longitude":-100.01941428571429,"sanctioned_nodes":0,"policy_restricted_nodes":0,"threat_infrastructure_nodes":0,"stroke":"#e6a42b","fill":"#e6a42b","opacity":0.12,"marker_ring":false}},{"type":"Feature","id":"country-footprint:GR","geometry":{"type":"Polygon","coordinates":[[[22.131366666666665,36.46246666666667],[24.95536666666667,36.46246666666667],[24.95536666666667,40.29726666666666],[22.131366666666665,40.29726666666666],[22.131366666666665,36.46246666666667]]]},"properties":{"name":"GR Node Footprint","kind":"country-footprint","country":"GR","point_count":6,"center_latitude":38.379866666666665,"center_longitude":23.543366666666667,"sanctioned_nodes":0,"policy_restricted_nodes":0,"threat_infrastructure_nodes":0,"stroke":"#e6a42b","fill":"#e6a42b","opacity":0.12,"marker_ring":false}},{"type":"Feature","id":"country-footprint:IS","geometry":{"type":"Polygon","coordinates":[[[-23.736800000000002,63.08238333333334],[-19.997100000000003,63.08238333333334],[-19.997100000000003,65.08238333333334],[-23.736800000000002,65.08238333333334],[-23.736800000000002,63.08238333333334]]]},"properties":{"name":"IS Node Footprint","kind":"country-footprint","country":"IS","point_count":6,"center_latitude":64.08238333333334,"center_longitude":-21.866950000000003,"sanctioned_nodes":0,"policy_restricted_nodes":0,"threat_infrastructure_nodes":0,"stroke":"#e6a42b","fill":"#e6a42b","opacity":0.12,"marker_ring":false}},{"type":"Feature","id":"country-footprint:CL","geometry":{"type":"Polygon","coordinates":[[[-71.69498000000002,-34.48478],[-69.69498000000002,-34.48478],[-69.69498000000002,-32.48478],[-71.69498000000002,-32.48478],[-71.69498000000002,-34.48478]]]},"properties":{"name":"CL Node Footprint","kind":"country-footprint","country":"CL","point_count":5,"center_latitude":-33.48478,"center_longitude":-70.69498000000002,"sanctioned_nodes":0,"policy_restricted_nodes":0,"threat_infrastructure_nodes":0,"stroke":"#e6a42b","fill":"#e6a42b","opacity":0.12,"marker_ring":false}},{"type":"Feature","id":"country-footprint:TR","geometry":{"type":"Polygon","coordinates":[[[27.08247,39.3128],[32.46377,39.3128],[32.46377,41.98460000000001],[27.08247,41.98460000000001],[27.08247,39.3128]]]},"properties":{"name":"TR Node Footprint","kind":"country-footprint","country":"TR","point_count":5,"center_latitude":40.648700000000005,"center_longitude":29.77312,"sanctioned_nodes":0,"policy_restricted_nodes":0,"threat_infrastructure_nodes":0,"stroke":"#e6a42b","fill":"#e6a42b","opacity":0.12,"marker_ring":false}},{"type":"Feature","id":"country-footprint:EE","geometry":{"type":"Polygon","coordinates":[[[23.72925,58.425799999999995],[25.72925,58.425799999999995],[25.72925,60.425799999999995],[23.72925,60.425799999999995],[23.72925,58.425799999999995]]]},"properties":{"name":"EE Node Footprint","kind":"country-footprint","country":"EE","point_count":4,"center_latitude":59.425799999999995,"center_longitude":24.72925,"sanctioned_nodes":0,"policy_restricted_nodes":0,"threat_infrastructure_nodes":0,"stroke":"#e6a42b","fill":"#e6a42b","opacity":0.12,"marker_ring":false}},{"type":"Feature","id":"country-footprint:LV","geometry":{"type":"Polygon","coordinates":[[[23.116999999999997,55.96635],[25.116999999999997,55.96635],[25.116999999999997,57.96635],[23.116999999999997,57.96635],[23.116999999999997,55.96635]]]},"properties":{"name":"LV Node Footprint","kind":"country-footprint","country":"LV","point_count":4,"center_latitude":56.96635,"center_longitude":24.116999999999997,"sanctioned_nodes":0,"policy_restricted_nodes":0,"threat_infrastructure_nodes":0,"stroke":"#e6a42b","fill":"#e6a42b","opacity":0.12,"marker_ring":false}},{"type":"Feature","id":"country-footprint:SI","geometry":{"type":"Polygon","coordinates":[[[13.556175,45.0065],[15.556175,45.0065],[15.556175,47.0065],[13.556175,47.0065],[13.556175,45.0065]]]},"properties":{"name":"SI Node Footprint","kind":"country-footprint","country":"SI","point_count":4,"center_latitude":46.0065,"center_longitude":14.556175,"sanctioned_nodes":0,"policy_restricted_nodes":0,"threat_infrastructure_nodes":0,"stroke":"#e6a42b","fill":"#e6a42b","opacity":0.12,"marker_ring":false}},{"type":"Feature","id":"country-footprint:UY","geometry":{"type":"Polygon","coordinates":[[[-56.95815,-35.89825],[-54.17715,-35.89825],[-54.17715,-33.55105],[-56.95815,-33.55105],[-56.95815,-35.89825]]]},"properties":{"name":"UY Node Footprint","kind":"country-footprint","country":"UY","point_count":4,"center_latitude":-34.72465,"center_longitude":-55.56765,"sanctioned_nodes":0,"policy_restricted_nodes":0,"threat_infrastructure_nodes":0,"stroke":"#e6a42b","fill":"#e6a42b","opacity":0.12,"marker_ring":false}},{"type":"Feature","id":"country-footprint:BY","geometry":{"type":"Polygon","coordinates":[[[24.267533333333333,51.475049999999996],[32.93893333333333,51.475049999999996],[32.93893333333333,54.21254999999999],[24.267533333333333,54.21254999999999],[24.267533333333333,51.475049999999996]]]},"properties":{"name":"BY Node Footprint","kind":"country-footprint","country":"BY","point_count":3,"center_latitude":52.843799999999995,"center_longitude":28.603233333333332,"sanctioned_nodes":0,"policy_restricted_nodes":0,"threat_infrastructure_nodes":0,"stroke":"#e6a42b","fill":"#e6a42b","opacity":0.12,"marker_ring":false}},{"type":"Feature","id":"country-footprint:CO","geometry":{"type":"Polygon","coordinates":[[[-76.09218333333334,3.6915199999999997],[-73.05008333333333,3.6915199999999997],[-73.05008333333333,6.68682],[-76.09218333333334,6.68682],[-76.09218333333334,3.6915199999999997]]]},"properties":{"name":"CO Node Footprint","kind":"country-footprint","country":"CO","point_count":3,"center_latitude":5.18917,"center_longitude":-74.57113333333334,"sanctioned_nodes":0,"policy_restricted_nodes":0,"threat_infrastructure_nodes":0,"stroke":"#e6a42b","fill":"#e6a42b","opacity":0.12,"marker_ring":false}},{"type":"Feature","id":"country-footprint:CR","geometry":{"type":"Polygon","coordinates":[[[-85.08876666666667,8.930006666666666],[-83.08876666666667,8.930006666666666],[-83.08876666666667,10.930006666666666],[-85.08876666666667,10.930006666666666],[-85.08876666666667,8.930006666666666]]]},"properties":{"name":"CR Node Footprint","kind":"country-footprint","country":"CR","point_count":3,"center_latitude":9.930006666666666,"center_longitude":-84.08876666666667,"sanctioned_nodes":0,"policy_restricted_nodes":0,"threat_infrastructure_nodes":0,"stroke":"#e6a42b","fill":"#e6a42b","opacity":0.12,"marker_ring":false}},{"type":"Feature","id":"country-footprint:HR","geometry":{"type":"Polygon","coordinates":[[[13.444233333333333,44.483650000000004],[17.07443333333333,44.483650000000004],[17.07443333333333,46.65415000000001],[13.444233333333333,46.65415000000001],[13.444233333333333,44.483650000000004]]]},"properties":{"name":"HR Node Footprint","kind":"country-footprint","country":"HR","point_count":3,"center_latitude":45.568900000000006,"center_longitude":15.259333333333332,"sanctioned_nodes":0,"policy_restricted_nodes":0,"threat_infrastructure_nodes":0,"stroke":"#e6a42b","fill":"#e6a42b","opacity":0.12,"marker_ring":false}},{"type":"Feature","id":"country-footprint:IL","geometry":{"type":"Polygon","coordinates":[[[33.91786666666667,31.08963333333333],[35.91786666666667,31.08963333333333],[35.91786666666667,33.08963333333333],[33.91786666666667,33.08963333333333],[33.91786666666667,31.08963333333333]]]},"properties":{"name":"IL Node Footprint","kind":"country-footprint","country":"IL","point_count":3,"center_latitude":32.08963333333333,"center_longitude":34.91786666666667,"sanctioned_nodes":0,"policy_restricted_nodes":0,"threat_infrastructure_nodes":0,"stroke":"#e6a42b","fill":"#e6a42b","opacity":0.12,"marker_ring":false}},{"type":"Feature","id":"country-footprint:KZ","geometry":{"type":"Polygon","coordinates":[[[75.89313333333334,42.23713333333333],[77.89313333333334,42.23713333333333],[77.89313333333334,44.23713333333333],[75.89313333333334,44.23713333333333],[75.89313333333334,42.23713333333333]]]},"properties":{"name":"KZ Node Footprint","kind":"country-footprint","country":"KZ","point_count":3,"center_latitude":43.23713333333333,"center_longitude":76.89313333333334,"sanctioned_nodes":0,"policy_restricted_nodes":0,"threat_infrastructure_nodes":0,"stroke":"#e6a42b","fill":"#e6a42b","opacity":0.12,"marker_ring":false}},{"type":"Feature","id":"country-footprint:LI","geometry":{"type":"Polygon","coordinates":[[[8.509363333333333,46.15906666666667],[10.509363333333333,46.15906666666667],[10.509363333333333,48.15906666666667],[8.509363333333333,48.15906666666667],[8.509363333333333,46.15906666666667]]]},"properties":{"name":"LI Node Footprint","kind":"country-footprint","country":"LI","point_count":3,"center_latitude":47.15906666666667,"center_longitude":9.509363333333333,"sanctioned_nodes":0,"policy_restricted_nodes":0,"threat_infrastructure_nodes":0,"stroke":"#e6a42b","fill":"#e6a42b","opacity":0.12,"marker_ring":false}},{"type":"Feature","id":"country-footprint:LU","geometry":{"type":"Polygon","coordinates":[[[5.0551433333333335,48.617533333333334],[7.0551433333333335,48.617533333333334],[7.0551433333333335,50.617533333333334],[5.0551433333333335,50.617533333333334],[5.0551433333333335,48.617533333333334]]]},"properties":{"name":"LU Node Footprint","kind":"country-footprint","country":"LU","point_count":3,"center_latitude":49.617533333333334,"center_longitude":6.0551433333333335,"sanctioned_nodes":0,"policy_restricted_nodes":0,"threat_infrastructure_nodes":0,"stroke":"#e6a42b","fill":"#e6a42b","opacity":0.12,"marker_ring":false}},{"type":"Feature","id":"country-footprint:SA","geometry":{"type":"Polygon","coordinates":[[[45.70636666666667,23.69633333333333],[47.70636666666667,23.69633333333333],[47.70636666666667,25.69633333333333],[45.70636666666667,25.69633333333333],[45.70636666666667,23.69633333333333]]]},"properties":{"name":"SA Node Footprint","kind":"country-footprint","country":"SA","point_count":3,"center_latitude":24.69633333333333,"center_longitude":46.70636666666667,"sanctioned_nodes":0,"policy_restricted_nodes":0,"threat_infrastructure_nodes":0,"stroke":"#e6a42b","fill":"#e6a42b","opacity":0.12,"marker_ring":false}},{"type":"Feature","id":"country-footprint:VE","geometry":{"type":"Polygon","coordinates":[[[-71.84675,8.475375],[-65.31185,8.475375],[-65.31185,11.407685],[-71.84675,11.407685],[-71.84675,8.475375]]]},"properties":{"name":"VE Node Footprint","kind":"country-footprint","country":"VE","point_count":3,"center_latitude":9.94153,"center_longitude":-68.5793,"sanctioned_nodes":0,"policy_restricted_nodes":0,"threat_infrastructure_nodes":0,"stroke":"#e6a42b","fill":"#e6a42b","opacity":0.12,"marker_ring":false}},{"type":"Feature","id":"country-footprint:FO","geometry":{"type":"Polygon","coordinates":[[[-7.77768,61.022400000000005],[-5.77768,61.022400000000005],[-5.77768,63.022400000000005],[-7.77768,63.022400000000005],[-7.77768,61.022400000000005]]]},"properties":{"name":"FO Node Footprint","kind":"country-footprint","country":"FO","point_count":2,"center_latitude":62.022400000000005,"center_longitude":-6.77768,"sanctioned_nodes":0,"policy_restricted_nodes":0,"threat_infrastructure_nodes":0,"stroke":"#e6a42b","fill":"#e6a42b","opacity":0.12,"marker_ring":false}},{"type":"Feature","id":"country-footprint:GE","geometry":{"type":"Polygon","coordinates":[[[43.7646,40.7173],[45.7646,40.7173],[45.7646,42.7173],[43.7646,42.7173],[43.7646,40.7173]]]},"properties":{"name":"GE Node Footprint","kind":"country-footprint","country":"GE","point_count":2,"center_latitude":41.7173,"center_longitude":44.7646,"sanctioned_nodes":0,"policy_restricted_nodes":0,"threat_infrastructure_nodes":0,"stroke":"#e6a42b","fill":"#e6a42b","opacity":0.12,"marker_ring":false}},{"type":"Feature","id":"country-footprint:HN","geometry":{"type":"Polygon","coordinates":[[[-88.19999999999999,13.095199999999998],[-86.19999999999999,13.095199999999998],[-86.19999999999999,15.095199999999998],[-88.19999999999999,15.095199999999998],[-88.19999999999999,13.095199999999998]]]},"properties":{"name":"HN Node Footprint","kind":"country-footprint","country":"HN","point_count":2,"center_latitude":14.095199999999998,"center_longitude":-87.19999999999999,"sanctioned_nodes":0,"policy_restricted_nodes":0,"threat_infrastructure_nodes":0,"stroke":"#e6a42b","fill":"#e6a42b","opacity":0.12,"marker_ring":false}},{"type":"Feature","id":"country-footprint:KH","geometry":{"type":"Polygon","coordinates":[[[103.89750000000001,10.6061],[105.89750000000001,10.6061],[105.89750000000001,12.6061],[103.89750000000001,12.6061],[103.89750000000001,10.6061]]]},"properties":{"name":"KH Node Footprint","kind":"country-footprint","country":"KH","point_count":2,"center_latitude":11.6061,"center_longitude":104.89750000000001,"sanctioned_nodes":0,"policy_restricted_nodes":0,"threat_infrastructure_nodes":0,"stroke":"#e6a42b","fill":"#e6a42b","opacity":0.12,"marker_ring":false}},{"type":"Feature","id":"country-footprint:KW","geometry":{"type":"Polygon","coordinates":[[[47.044200000000004,28.31355],[49.044200000000004,28.31355],[49.044200000000004,30.31355],[47.044200000000004,30.31355],[47.044200000000004,28.31355]]]},"properties":{"name":"KW Node Footprint","kind":"country-footprint","country":"KW","point_count":2,"center_latitude":29.31355,"center_longitude":48.044200000000004,"sanctioned_nodes":0,"policy_restricted_nodes":0,"threat_infrastructure_nodes":0,"stroke":"#e6a42b","fill":"#e6a42b","opacity":0.12,"marker_ring":false}},{"type":"Feature","id":"country-footprint:OM","geometry":{"type":"Polygon","coordinates":[[[57.5451,22.5998],[59.5451,22.5998],[59.5451,24.5998],[57.5451,24.5998],[57.5451,22.5998]]]},"properties":{"name":"OM Node Footprint","kind":"country-footprint","country":"OM","point_count":2,"center_latitude":23.5998,"center_longitude":58.5451,"sanctioned_nodes":0,"policy_restricted_nodes":0,"threat_infrastructure_nodes":0,"stroke":"#e6a42b","fill":"#e6a42b","opacity":0.12,"marker_ring":false}},{"type":"Feature","id":"country-footprint:PR","geometry":{"type":"Polygon","coordinates":[[[-67.39725,17.38945],[-65.39725,17.38945],[-65.39725,19.38945],[-67.39725,19.38945],[-67.39725,17.38945]]]},"properties":{"name":"PR Node Footprint","kind":"country-footprint","country":"PR","point_count":2,"center_latitude":18.38945,"center_longitude":-66.39725,"sanctioned_nodes":0,"policy_restricted_nodes":0,"threat_infrastructure_nodes":0,"stroke":"#e6a42b","fill":"#e6a42b","opacity":0.12,"marker_ring":false}},{"type":"Feature","id":"country-footprint:QA","geometry":{"type":"Polygon","coordinates":[[[50.531,24.2854],[52.531,24.2854],[52.531,26.2854],[50.531,26.2854],[50.531,24.2854]]]},"properties":{"name":"QA Node Footprint","kind":"country-footprint","country":"QA","point_count":2,"center_latitude":25.2854,"center_longitude":51.531,"sanctioned_nodes":0,"policy_restricted_nodes":0,"threat_infrastructure_nodes":0,"stroke":"#e6a42b","fill":"#e6a42b","opacity":0.12,"marker_ring":false}},{"type":"Feature","id":"country-footprint:VN","geometry":{"type":"Polygon","coordinates":[[[105.084,10.060499999999998],[107.457,10.060499999999998],[107.457,21.7778],[105.084,21.7778],[105.084,10.060499999999998]]]},"properties":{"name":"VN Node Footprint","kind":"country-footprint","country":"VN","point_count":2,"center_latitude":15.919149999999998,"center_longitude":106.2705,"sanctioned_nodes":0,"policy_restricted_nodes":0,"threat_infrastructure_nodes":0,"stroke":"#e6a42b","fill":"#e6a42b","opacity":0.12,"marker_ring":false}},{"type":"Feature","id":"country-footprint:AD","geometry":{"type":"Polygon","coordinates":[[[0.6536200000000001,41.5795],[2.65362,41.5795],[2.65362,43.5795],[0.6536200000000001,43.5795],[0.6536200000000001,41.5795]]]},"properties":{"name":"AD Node Footprint","kind":"country-footprint","country":"AD","point_count":1,"center_latitude":42.5795,"center_longitude":1.65362,"sanctioned_nodes":0,"policy_restricted_nodes":0,"threat_infrastructure_nodes":0,"stroke":"#e6a42b","fill":"#e6a42b","opacity":0.12,"marker_ring":false}},{"type":"Feature","id":"country-footprint:BD","geometry":{"type":"Polygon","coordinates":[[[89.861,22.0993],[91.861,22.0993],[91.861,24.0993],[89.861,24.0993],[89.861,22.0993]]]},"properties":{"name":"BD Node Footprint","kind":"country-footprint","country":"BD","point_count":1,"center_latitude":23.0993,"center_longitude":90.861,"sanctioned_nodes":0,"policy_restricted_nodes":0,"threat_infrastructure_nodes":0,"stroke":"#e6a42b","fill":"#e6a42b","opacity":0.12,"marker_ring":false}},{"type":"Feature","id":"country-footprint:BH","geometry":{"type":"Polygon","coordinates":[[[49.5876,25.2235],[51.5876,25.2235],[51.5876,27.2235],[49.5876,27.2235],[49.5876,25.2235]]]},"properties":{"name":"BH Node Footprint","kind":"country-footprint","country":"BH","point_count":1,"center_latitude":26.2235,"center_longitude":50.5876,"sanctioned_nodes":0,"policy_restricted_nodes":0,"threat_infrastructure_nodes":0,"stroke":"#e6a42b","fill":"#e6a42b","opacity":0.12,"marker_ring":false}},{"type":"Feature","id":"country-footprint:BO","geometry":{"type":"Polygon","coordinates":[[[-64.18119999999999,-18.7863],[-62.1812,-18.7863],[-62.1812,-16.7863],[-64.18119999999999,-16.7863],[-64.18119999999999,-18.7863]]]},"properties":{"name":"BO Node Footprint","kind":"country-footprint","country":"BO","point_count":1,"center_latitude":-17.7863,"center_longitude":-63.1812,"sanctioned_nodes":0,"policy_restricted_nodes":0,"threat_infrastructure_nodes":0,"stroke":"#e6a42b","fill":"#e6a42b","opacity":0.12,"marker_ring":false}},{"type":"Feature","id":"country-footprint:CW","geometry":{"type":"Polygon","coordinates":[[[-69.9282,11.1106],[-67.9282,11.1106],[-67.9282,13.1106],[-69.9282,13.1106],[-69.9282,11.1106]]]},"properties":{"name":"CW Node Footprint","kind":"country-footprint","country":"CW","point_count":1,"center_latitude":12.1106,"center_longitude":-68.9282,"sanctioned_nodes":0,"policy_restricted_nodes":0,"threat_infrastructure_nodes":0,"stroke":"#e6a42b","fill":"#e6a42b","opacity":0.12,"marker_ring":false}},{"type":"Feature","id":"country-footprint:CY","geometry":{"type":"Polygon","coordinates":[[[32.3823,34.1856],[34.3823,34.1856],[34.3823,36.1856],[32.3823,36.1856],[32.3823,34.1856]]]},"properties":{"name":"CY Node Footprint","kind":"country-footprint","country":"CY","point_count":1,"center_latitude":35.1856,"center_longitude":33.3823,"sanctioned_nodes":0,"policy_restricted_nodes":0,"threat_infrastructure_nodes":0,"stroke":"#e6a42b","fill":"#e6a42b","opacity":0.12,"marker_ring":false}},{"type":"Feature","id":"country-footprint:EC","geometry":{"type":"Polygon","coordinates":[[[-79.4678,-1.180653],[-77.4678,-1.180653],[-77.4678,0.819347],[-79.4678,0.819347],[-79.4678,-1.180653]]]},"properties":{"name":"EC Node Footprint","kind":"country-footprint","country":"EC","point_count":1,"center_latitude":-0.18065299999999998,"center_longitude":-78.4678,"sanctioned_nodes":0,"policy_restricted_nodes":0,"threat_infrastructure_nodes":0,"stroke":"#e6a42b","fill":"#e6a42b","opacity":0.12,"marker_ring":false}},{"type":"Feature","id":"country-footprint:IR","geometry":{"type":"Polygon","coordinates":[[[50.4205,34.7543],[52.4205,34.7543],[52.4205,36.7543],[50.4205,36.7543],[50.4205,34.7543]]]},"properties":{"name":"IR Node Footprint","kind":"country-footprint","country":"IR","point_count":1,"center_latitude":35.7543,"center_longitude":51.4205,"sanctioned_nodes":0,"policy_restricted_nodes":0,"threat_infrastructure_nodes":0,"stroke":"#e6a42b","fill":"#e6a42b","opacity":0.12,"marker_ring":false}},{"type":"Feature","id":"country-footprint:JE","geometry":{"type":"Polygon","coordinates":[[[-3.10491,48.188],[-1.1049099999999998,48.188],[-1.1049099999999998,50.188],[-3.10491,50.188],[-3.10491,48.188]]]},"properties":{"name":"JE Node Footprint","kind":"country-footprint","country":"JE","point_count":1,"center_latitude":49.188,"center_longitude":-2.10491,"sanctioned_nodes":0,"policy_restricted_nodes":0,"threat_infrastructure_nodes":0,"stroke":"#e6a42b","fill":"#e6a42b","opacity":0.12,"marker_ring":false}},{"type":"Feature","id":"country-footprint:MO","geometry":{"type":"Polygon","coordinates":[[[112.564,21.1597],[114.564,21.1597],[114.564,23.1597],[112.564,23.1597],[112.564,21.1597]]]},"properties":{"name":"MO Node Footprint","kind":"country-footprint","country":"MO","point_count":1,"center_latitude":22.1597,"center_longitude":113.564,"sanctioned_nodes":0,"policy_restricted_nodes":0,"threat_infrastructure_nodes":0,"stroke":"#e6a42b","fill":"#e6a42b","opacity":0.12,"marker_ring":false}},{"type":"Feature","id":"country-footprint:MT","geometry":{"type":"Polygon","coordinates":[[[13.4936,34.893],[15.4936,34.893],[15.4936,36.893],[13.4936,36.893],[13.4936,34.893]]]},"properties":{"name":"MT Node Footprint","kind":"country-footprint","country":"MT","point_count":1,"center_latitude":35.893,"center_longitude":14.4936,"sanctioned_nodes":0,"policy_restricted_nodes":0,"threat_infrastructure_nodes":0,"stroke":"#e6a42b","fill":"#e6a42b","opacity":0.12,"marker_ring":false}},{"type":"Feature","id":"country-footprint:PA","geometry":{"type":"Polygon","coordinates":[[[-80.4258,8.0661],[-78.4258,8.0661],[-78.4258,10.0661],[-80.4258,10.0661],[-80.4258,8.0661]]]},"properties":{"name":"PA Node Footprint","kind":"country-footprint","country":"PA","point_count":1,"center_latitude":9.0661,"center_longitude":-79.4258,"sanctioned_nodes":0,"policy_restricted_nodes":0,"threat_infrastructure_nodes":0,"stroke":"#e6a42b","fill":"#e6a42b","opacity":0.12,"marker_ring":false}},{"type":"Feature","id":"country-footprint:PH","geometry":{"type":"Polygon","coordinates":[[[120.193,13.4646],[122.193,13.4646],[122.193,15.4646],[120.193,15.4646],[120.193,13.4646]]]},"properties":{"name":"PH Node Footprint","kind":"country-footprint","country":"PH","point_count":1,"center_latitude":14.4646,"center_longitude":121.193,"sanctioned_nodes":0,"policy_restricted_nodes":0,"threat_infrastructure_nodes":0,"stroke":"#e6a42b","fill":"#e6a42b","opacity":0.12,"marker_ring":false}},{"type":"Feature","id":"country-footprint:PK","geometry":{"type":"Polygon","coordinates":[[[66.026,23.8549],[68.026,23.8549],[68.026,25.8549],[66.026,25.8549],[66.026,23.8549]]]},"properties":{"name":"PK Node Footprint","kind":"country-footprint","country":"PK","point_count":1,"center_latitude":24.8549,"center_longitude":67.026,"sanctioned_nodes":0,"policy_restricted_nodes":0,"threat_infrastructure_nodes":0,"stroke":"#e6a42b","fill":"#e6a42b","opacity":0.12,"marker_ring":false}},{"type":"Feature","id":"country-footprint:RE","geometry":{"type":"Polygon","coordinates":[[[54.3024,-21.9522],[56.3024,-21.9522],[56.3024,-19.9522],[54.3024,-19.9522],[54.3024,-21.9522]]]},"properties":{"name":"RE Node Footprint","kind":"country-footprint","country":"RE","point_count":1,"center_latitude":-20.9522,"center_longitude":55.3024,"sanctioned_nodes":0,"policy_restricted_nodes":0,"threat_infrastructure_nodes":0,"stroke":"#e6a42b","fill":"#e6a42b","opacity":0.12,"marker_ring":false}},{"type":"Feature","id":"country-footprint:SV","geometry":{"type":"Polygon","coordinates":[[[-89.1821,12.4826],[-87.1821,12.4826],[-87.1821,14.4826],[-89.1821,14.4826],[-89.1821,12.4826]]]},"properties":{"name":"SV Node Footprint","kind":"country-footprint","country":"SV","point_count":1,"center_latitude":13.4826,"center_longitude":-88.1821,"sanctioned_nodes":0,"policy_restricted_nodes":0,"threat_infrastructure_nodes":0,"stroke":"#e6a42b","fill":"#e6a42b","opacity":0.12,"marker_ring":false}},{"type":"Feature","id":"tor-overlay-zone","geometry":{"type":"Polygon","coordinates":[[[-42.0,-12.0],[-22.0,-12.0],[-22.0,12.0],[-42.0,12.0],[-42.0,-12.0]]]},"properties":{"name":"Tor Atlantic Overlay Zone","kind":"overlay-zone","network":"tor","symbolic":true,"stroke":"#9d67ad","fill":"#9d67ad","opacity":0.18,"note":"TOR nodes are symbolically plotted because physical attribution is intentionally ambiguous."}},{"type":"Feature","id":"i2p-overlay-zone","geometry":{"type":"Polygon","coordinates":[[[22.0,-12.0],[42.0,-12.0],[42.0,12.0],[22.0,12.0],[22.0,-12.0]]]},"properties":{"name":"I2P Indian Ocean Overlay Zone","kind":"overlay-zone","network":"i2p","symbolic":true,"stroke":"#b889ff","fill":"#b889ff","opacity":0.18,"note":"I2P nodes are symbolically plotted because physical attribution is intentionally ambiguous."}}]}
