{"type":"FeatureCollection","schema":"zzx-bitnodes-map-polygons-v4","name":"ZZX Bitnodes Map Polygons","generated_at":"2026-10-09T16:10:37+00:00","polygon_dir":"/home/runner/work/zzx-labs-website/zzx-labs-website/bitcoin/bitnodes/data/geo/polygons","feature_count":884,"density_feature_count":798,"country_footprint_count":83,"overlay_feature_count":2,"external_feature_count":0,"red_ring_semantics":{"sanctioned_density_or_country":"red polygon stroke/fill and marker_ring=true","policy_restricted_density_or_country":"red-orange polygon stroke/fill and marker_ring=true","threat_density_or_country":"orange threat polygon stroke/fill and marker_ring=true"},"false_positive_control":{"threat_infrastructure":"defensive infrastructure correlation only","threat_actor_labels":"explicit trusted metadata/feed labels only","no_country_to_apt_inference":true},"features":[{"type":"Feature","id":"world_bounds","geometry":{"type":"Polygon","coordinates":[[[-180.0,-85.0],[180.0,-85.0],[180.0,85.0],[-180.0,85.0],[-180.0,-85.0]]]},"properties":{"name":"World Bounds","kind":"reference-bounds","stroke":"#c0d674","fill":"transparent","opacity":0.22,"interactive":false}},{"type":"Feature","id":"node-density-grid-10:50:0","geometry":{"type":"Polygon","coordinates":[[[0,50],[10,50],[10,60],[0,60],[0,50]]]},"properties":{"name":"10° Density Cell 50,0","kind":"density-grid","grid_size_degrees":10,"point_count":798,"intensity":1.0,"networks":{"ipv4":798},"statuses":{"duplicate-location":709,"Unknown":89},"countries":{"DE":487,"NL":224,"FR":51,"BE":15,"GB":15,"DK":4,"NO":2},"sanctioned_nodes":0,"policy_restricted_nodes":0,"threat_infrastructure_nodes":0,"stroke":"#c0d674","fill":"#c0d674","opacity":0.55,"marker_ring":false}},{"type":"Feature","id":"node-density-grid-10:40:-80","geometry":{"type":"Polygon","coordinates":[[[-80,40],[-70,40],[-70,50],[-80,50],[-80,40]]]},"properties":{"name":"10° Density Cell 40,-80","kind":"density-grid","grid_size_degrees":10,"point_count":440,"intensity":0.551378,"networks":{"ipv4":440},"statuses":{"duplicate-location":350,"Unknown":90},"countries":{"US":223,"CA":217},"sanctioned_nodes":0,"policy_restricted_nodes":0,"threat_infrastructure_nodes":0,"stroke":"#c0d674","fill":"#c0d674","opacity":0.3033,"marker_ring":false}},{"type":"Feature","id":"node-density-grid-10:50:10","geometry":{"type":"Polygon","coordinates":[[[10,50],[20,50],[20,60],[10,60],[10,50]]]},"properties":{"name":"10° Density Cell 50,10","kind":"density-grid","grid_size_degrees":10,"point_count":347,"intensity":0.434837,"networks":{"ipv4":347},"statuses":{"duplicate-location":280,"Unknown":67},"countries":{"DE":251,"SE":58,"CZ":17,"PL":10,"NO":7,"DK":4},"sanctioned_nodes":0,"policy_restricted_nodes":0,"threat_infrastructure_nodes":0,"stroke":"#c0d674","fill":"#c0d674","opacity":0.2392,"marker_ring":false}},{"type":"Feature","id":"node-density-grid-10:40:0","geometry":{"type":"Polygon","coordinates":[[[0,40],[10,40],[10,50],[0,50],[0,40]]]},"properties":{"name":"10° Density Cell 40,0","kind":"density-grid","grid_size_degrees":10,"point_count":271,"intensity":0.339599,"networks":{"ipv4":271},"statuses":{"duplicate-location":171,"Unknown":100},"countries":{"CH":105,"FR":99,"DE":33,"IT":23,"ES":3,"LI":3,"AT":2,"LU":2,"AD":1},"sanctioned_nodes":0,"policy_restricted_nodes":0,"threat_infrastructure_nodes":0,"stroke":"#c0d674","fill":"#c0d674","opacity":0.1868,"marker_ring":false}},{"type":"Feature","id":"node-density-grid-10:30:-120","geometry":{"type":"Polygon","coordinates":[[[-120,30],[-110,30],[-110,40],[-120,40],[-120,30]]]},"properties":{"name":"10° Density Cell 30,-120","kind":"density-grid","grid_size_degrees":10,"point_count":240,"intensity":0.300752,"networks":{"ipv4":240},"statuses":{"duplicate-location":187,"Unknown":53},"countries":{"US":240},"sanctioned_nodes":0,"policy_restricted_nodes":0,"threat_infrastructure_nodes":0,"stroke":"#c0d674","fill":"#c0d674","opacity":0.1654,"marker_ring":false}},{"type":"Feature","id":"node-density-grid-10:30:-100","geometry":{"type":"Polygon","coordinates":[[[-100,30],[-90,30],[-90,40],[-100,40],[-100,30]]]},"properties":{"name":"10° Density Cell 30,-100","kind":"density-grid","grid_size_degrees":10,"point_count":227,"intensity":0.284461,"networks":{"ipv4":227},"statuses":{"duplicate-location":161,"Unknown":66},"countries":{"US":227},"sanctioned_nodes":0,"policy_restricted_nodes":0,"threat_infrastructure_nodes":0,"stroke":"#c0d674","fill":"#c0d674","opacity":0.1565,"marker_ring":false}},{"type":"Feature","id":"node-density-grid-10:40:-130","geometry":{"type":"Polygon","coordinates":[[[-130,40],[-120,40],[-120,50],[-130,50],[-130,40]]]},"properties":{"name":"10° Density Cell 40,-130","kind":"density-grid","grid_size_degrees":10,"point_count":212,"intensity":0.265664,"networks":{"ipv4":212},"statuses":{"duplicate-location":165,"Unknown":47},"countries":{"US":185,"CA":27},"sanctioned_nodes":0,"policy_restricted_nodes":0,"threat_infrastructure_nodes":0,"stroke":"#c0d674","fill":"#c0d674","opacity":0.1461,"marker_ring":false}},{"type":"Feature","id":"node-density-grid-10:40:-90","geometry":{"type":"Polygon","coordinates":[[[-90,40],[-80,40],[-80,50],[-90,50],[-90,40]]]},"properties":{"name":"10° Density Cell 40,-90","kind":"density-grid","grid_size_degrees":10,"point_count":206,"intensity":0.258145,"networks":{"ipv4":206},"statuses":{"duplicate-location":127,"Unknown":79},"countries":{"US":196,"CA":10},"sanctioned_nodes":0,"policy_restricted_nodes":0,"threat_infrastructure_nodes":0,"stroke":"#c0d674","fill":"#c0d674","opacity":0.142,"marker_ring":false}},{"type":"Feature","id":"node-density-grid-10:30:-80","geometry":{"type":"Polygon","coordinates":[[[-80,30],[-70,30],[-70,40],[-80,40],[-80,30]]]},"properties":{"name":"10° Density Cell 30,-80","kind":"density-grid","grid_size_degrees":10,"point_count":200,"intensity":0.250627,"networks":{"ipv4":200},"statuses":{"duplicate-location":166,"Unknown":34},"countries":{"US":200},"sanctioned_nodes":0,"policy_restricted_nodes":0,"threat_infrastructure_nodes":0,"stroke":"#c0d674","fill":"#c0d674","opacity":0.1378,"marker_ring":false}},{"type":"Feature","id":"node-density-grid-10:40:10","geometry":{"type":"Polygon","coordinates":[[[10,40],[20,40],[20,50],[10,50],[10,40]]]},"properties":{"name":"10° Density Cell 40,10","kind":"density-grid","grid_size_degrees":10,"point_count":200,"intensity":0.250627,"networks":{"ipv4":200},"statuses":{"duplicate-location":135,"Unknown":65},"countries":{"DE":124,"AT":25,"CZ":15,"IT":14,"HU":10,"SI":5,"SK":4,"HR":2,"CH":1},"sanctioned_nodes":0,"policy_restricted_nodes":0,"threat_infrastructure_nodes":0,"stroke":"#c0d674","fill":"#c0d674","opacity":0.1378,"marker_ring":false}},{"type":"Feature","id":"node-density-grid-10:50:-10","geometry":{"type":"Polygon","coordinates":[[[-10,50],[0,50],[0,60],[-10,60],[-10,50]]]},"properties":{"name":"10° Density Cell 50,-10","kind":"density-grid","grid_size_degrees":10,"point_count":176,"intensity":0.220551,"networks":{"ipv4":176},"statuses":{"duplicate-location":121,"Unknown":55},"countries":{"GB":159,"IE":17},"sanctioned_nodes":0,"policy_restricted_nodes":0,"threat_infrastructure_nodes":0,"stroke":"#c0d674","fill":"#c0d674","opacity":0.1213,"marker_ring":false}},{"type":"Feature","id":"node-density-grid-10:30:-90","geometry":{"type":"Polygon","coordinates":[[[-90,30],[-80,30],[-80,40],[-90,40],[-90,30]]]},"properties":{"name":"10° Density Cell 30,-90","kind":"density-grid","grid_size_degrees":10,"point_count":130,"intensity":0.162907,"networks":{"ipv4":130},"statuses":{"Unknown":82,"duplicate-location":48},"countries":{"US":130},"sanctioned_nodes":0,"policy_restricted_nodes":0,"threat_infrastructure_nodes":0,"stroke":"#c0d674","fill":"#c0d674","opacity":0.0896,"marker_ring":false}},{"type":"Feature","id":"node-density-grid-10:0:100","geometry":{"type":"Polygon","coordinates":[[[100,0],[110,0],[110,10],[100,10],[100,0]]]},"properties":{"name":"10° Density Cell 0,100","kind":"density-grid","grid_size_degrees":10,"point_count":125,"intensity":0.156642,"networks":{"ipv4":125},"statuses":{"duplicate-location":112,"Unknown":13},"countries":{"SG":120,"MY":5},"sanctioned_nodes":0,"policy_restricted_nodes":0,"threat_infrastructure_nodes":0,"stroke":"#c0d674","fill":"#c0d674","opacity":0.0862,"marker_ring":false}},{"type":"Feature","id":"node-density-grid-10:30:120","geometry":{"type":"Polygon","coordinates":[[[120,30],[130,30],[130,40],[120,40],[120,30]]]},"properties":{"name":"10° Density Cell 30,120","kind":"density-grid","grid_size_degrees":10,"point_count":117,"intensity":0.146617,"networks":{"ipv4":117},"statuses":{"duplicate-location":100,"Unknown":17},"countries":{"KR":107,"CN":10},"sanctioned_nodes":0,"policy_restricted_nodes":0,"threat_infrastructure_nodes":0,"stroke":"#c0d674","fill":"#c0d674","opacity":0.0806,"marker_ring":false}},{"type":"Feature","id":"node-density-grid-10:30:130","geometry":{"type":"Polygon","coordinates":[[[130,30],[140,30],[140,40],[130,40],[130,30]]]},"properties":{"name":"10° Density Cell 30,130","kind":"density-grid","grid_size_degrees":10,"point_count":94,"intensity":0.117794,"networks":{"ipv4":94},"statuses":{"duplicate-location":79,"Unknown":15},"countries":{"JP":94},"sanctioned_nodes":0,"policy_restricted_nodes":0,"threat_infrastructure_nodes":0,"stroke":"#c0d674","fill":"#c0d674","opacity":0.08,"marker_ring":false}},{"type":"Feature","id":"node-density-grid-10:40:-120","geometry":{"type":"Polygon","coordinates":[[[-120,40],[-110,40],[-110,50],[-120,50],[-120,40]]]},"properties":{"name":"10° Density Cell 40,-120","kind":"density-grid","grid_size_degrees":10,"point_count":85,"intensity":0.106516,"networks":{"ipv4":85},"statuses":{"duplicate-location":65,"Unknown":20},"countries":{"US":83,"CA":2},"sanctioned_nodes":0,"policy_restricted_nodes":0,"threat_infrastructure_nodes":0,"stroke":"#c0d674","fill":"#c0d674","opacity":0.08,"marker_ring":false}},{"type":"Feature","id":"node-density-grid-10:60:20","geometry":{"type":"Polygon","coordinates":[[[20,60],[30,60],[30,70],[20,70],[20,60]]]},"properties":{"name":"10° Density Cell 60,20","kind":"density-grid","grid_size_degrees":10,"point_count":80,"intensity":0.100251,"networks":{"ipv4":80},"statuses":{"duplicate-location":67,"Unknown":13},"countries":{"FI":76,"SE":4},"sanctioned_nodes":0,"policy_restricted_nodes":0,"threat_infrastructure_nodes":0,"stroke":"#c0d674","fill":"#c0d674","opacity":0.08,"marker_ring":false}},{"type":"Feature","id":"node-density-grid-10:30:-130","geometry":{"type":"Polygon","coordinates":[[[-130,30],[-120,30],[-120,40],[-130,40],[-130,30]]]},"properties":{"name":"10° Density Cell 30,-130","kind":"density-grid","grid_size_degrees":10,"point_count":79,"intensity":0.098997,"networks":{"ipv4":79},"statuses":{"duplicate-location":55,"Unknown":24},"countries":{"US":79},"sanctioned_nodes":0,"policy_restricted_nodes":0,"threat_infrastructure_nodes":0,"stroke":"#c0d674","fill":"#c0d674","opacity":0.08,"marker_ring":false}},{"type":"Feature","id":"node-density-grid-10:-40:150","geometry":{"type":"Polygon","coordinates":[[[150,-40],[160,-40],[160,-30],[150,-30],[150,-40]]]},"properties":{"name":"10° Density Cell -40,150","kind":"density-grid","grid_size_degrees":10,"point_count":66,"intensity":0.082707,"networks":{"ipv4":66},"statuses":{"duplicate-location":54,"Unknown":12},"countries":{"AU":66},"sanctioned_nodes":0,"policy_restricted_nodes":0,"threat_infrastructure_nodes":0,"stroke":"#c0d674","fill":"#c0d674","opacity":0.08,"marker_ring":false}},{"type":"Feature","id":"node-density-grid-10:20:110","geometry":{"type":"Polygon","coordinates":[[[110,20],[120,20],[120,30],[110,30],[110,20]]]},"properties":{"name":"10° Density Cell 20,110","kind":"density-grid","grid_size_degrees":10,"point_count":63,"intensity":0.078947,"networks":{"ipv4":63},"statuses":{"duplicate-location":51,"Unknown":12},"countries":{"HK":58,"CN":5},"sanctioned_nodes":0,"policy_restricted_nodes":0,"threat_infrastructure_nodes":0,"stroke":"#c0d674","fill":"#c0d674","opacity":0.08,"marker_ring":false}},{"type":"Feature","id":"node-density-grid-10:40:-100","geometry":{"type":"Polygon","coordinates":[[[-100,40],[-90,40],[-90,50],[-100,50],[-100,40]]]},"properties":{"name":"10° Density Cell 40,-100","kind":"density-grid","grid_size_degrees":10,"point_count":63,"intensity":0.078947,"networks":{"ipv4":63},"statuses":{"duplicate-location":37,"Unknown":26},"countries":{"US":56,"CA":7},"sanctioned_nodes":0,"policy_restricted_nodes":0,"threat_infrastructure_nodes":0,"stroke":"#c0d674","fill":"#c0d674","opacity":0.08,"marker_ring":false}},{"type":"Feature","id":"node-density-grid-10:50:30","geometry":{"type":"Polygon","coordinates":[[[30,50],[40,50],[40,60],[30,60],[30,50]]]},"properties":{"name":"10° Density Cell 50,30","kind":"density-grid","grid_size_degrees":10,"point_count":62,"intensity":0.077694,"networks":{"ipv4":62},"statuses":{"duplicate-location":39,"Unknown":23},"countries":{"RU":48,"UA":12,"BY":2},"sanctioned_nodes":0,"policy_restricted_nodes":0,"threat_infrastructure_nodes":0,"stroke":"#c0d674","fill":"#c0d674","opacity":0.08,"marker_ring":false}},{"type":"Feature","id":"node-density-grid-10:20:-90","geometry":{"type":"Polygon","coordinates":[[[-90,20],[-80,20],[-80,30],[-90,30],[-90,20]]]},"properties":{"name":"10° Density Cell 20,-90","kind":"density-grid","grid_size_degrees":10,"point_count":58,"intensity":0.072682,"networks":{"ipv4":58},"statuses":{"Unknown":45,"duplicate-location":13},"countries":{"US":58},"sanctioned_nodes":0,"policy_restricted_nodes":0,"threat_infrastructure_nodes":0,"stroke":"#c0d674","fill":"#c0d674","opacity":0.08,"marker_ring":false}},{"type":"Feature","id":"node-density-grid-10:40:20","geometry":{"type":"Polygon","coordinates":[[[20,40],[30,40],[30,50],[20,50],[20,40]]]},"properties":{"name":"10° Density Cell 40,20","kind":"density-grid","grid_size_degrees":10,"point_count":48,"intensity":0.06015,"networks":{"ipv4":48},"statuses":{"duplicate-location":26,"Unknown":22},"countries":{"BG":20,"RO":13,"MD":7,"TR":4,"UA":2,"GR":1,"PL":1},"sanctioned_nodes":0,"policy_restricted_nodes":0,"threat_infrastructure_nodes":0,"stroke":"#c0d674","fill":"#c0d674","opacity":0.08,"marker_ring":false}},{"type":"Feature","id":"node-density-grid-10:-40:140","geometry":{"type":"Polygon","coordinates":[[[140,-40],[150,-40],[150,-30],[140,-30],[140,-40]]]},"properties":{"name":"10° Density Cell -40,140","kind":"density-grid","grid_size_degrees":10,"point_count":46,"intensity":0.057644,"networks":{"ipv4":46},"statuses":{"duplicate-location":29,"Unknown":17},"countries":{"AU":46},"sanctioned_nodes":0,"policy_restricted_nodes":0,"threat_infrastructure_nodes":0,"stroke":"#c0d674","fill":"#c0d674","opacity":0.08,"marker_ring":false}},{"type":"Feature","id":"node-density-grid-10:-30:-50","geometry":{"type":"Polygon","coordinates":[[[-50,-30],[-40,-30],[-40,-20],[-50,-20],[-50,-30]]]},"properties":{"name":"10° Density Cell -30,-50","kind":"density-grid","grid_size_degrees":10,"point_count":36,"intensity":0.045113,"networks":{"ipv4":36},"statuses":{"duplicate-location":19,"Unknown":17},"countries":{"BR":36},"sanctioned_nodes":0,"policy_restricted_nodes":0,"threat_infrastructure_nodes":0,"stroke":"#c0d674","fill":"#c0d674","opacity":0.08,"marker_ring":false}},{"type":"Feature","id":"node-density-grid-10:30:-110","geometry":{"type":"Polygon","coordinates":[[[-110,30],[-100,30],[-100,40],[-110,40],[-110,30]]]},"properties":{"name":"10° Density Cell 30,-110","kind":"density-grid","grid_size_degrees":10,"point_count":36,"intensity":0.045113,"networks":{"ipv4":36},"statuses":{"Unknown":18,"duplicate-location":18},"countries":{"US":36},"sanctioned_nodes":0,"policy_restricted_nodes":0,"threat_infrastructure_nodes":0,"stroke":"#c0d674","fill":"#c0d674","opacity":0.08,"marker_ring":false}},{"type":"Feature","id":"node-density-grid-10:40:-10","geometry":{"type":"Polygon","coordinates":[[[-10,40],[0,40],[0,50],[-10,50],[-10,40]]]},"properties":{"name":"10° Density Cell 40,-10","kind":"density-grid","grid_size_degrees":10,"point_count":31,"intensity":0.038847,"networks":{"ipv4":31},"statuses":{"Unknown":19,"duplicate-location":12},"countries":{"ES":14,"FR":11,"PT":5,"JE":1},"sanctioned_nodes":0,"policy_restricted_nodes":0,"threat_infrastructure_nodes":0,"stroke":"#c0d674","fill":"#c0d674","opacity":0.08,"marker_ring":false}},{"type":"Feature","id":"node-density-grid-10:50:-120","geometry":{"type":"Polygon","coordinates":[[[-120,50],[-110,50],[-110,60],[-120,60],[-120,50]]]},"properties":{"name":"10° Density Cell 50,-120","kind":"density-grid","grid_size_degrees":10,"point_count":28,"intensity":0.035088,"networks":{"ipv4":28},"statuses":{"Unknown":15,"duplicate-location":13},"countries":{"CA":28},"sanctioned_nodes":0,"policy_restricted_nodes":0,"threat_infrastructure_nodes":0,"stroke":"#c0d674","fill":"#c0d674","opacity":0.08,"marker_ring":false}},{"type":"Feature","id":"node-density-grid-10:50:20","geometry":{"type":"Polygon","coordinates":[[[20,50],[30,50],[30,60],[20,60],[20,50]]]},"properties":{"name":"10° Density Cell 50,20","kind":"density-grid","grid_size_degrees":10,"point_count":27,"intensity":0.033835,"networks":{"ipv4":27},"statuses":{"duplicate-location":16,"Unknown":11},"countries":{"PL":12,"LT":7,"LV":5,"EE":3},"sanctioned_nodes":0,"policy_restricted_nodes":0,"threat_infrastructure_nodes":0,"stroke":"#c0d674","fill":"#c0d674","opacity":0.08,"marker_ring":false}},{"type":"Feature","id":"node-density-grid-10:20:-100","geometry":{"type":"Polygon","coordinates":[[[-100,20],[-90,20],[-90,30],[-100,30],[-100,20]]]},"properties":{"name":"10° Density Cell 20,-100","kind":"density-grid","grid_size_degrees":10,"point_count":24,"intensity":0.030075,"networks":{"ipv4":24},"statuses":{"duplicate-location":13,"Unknown":11},"countries":{"US":24},"sanctioned_nodes":0,"policy_restricted_nodes":0,"threat_infrastructure_nodes":0,"stroke":"#c0d674","fill":"#c0d674","opacity":0.08,"marker_ring":false}},{"type":"Feature","id":"node-density-grid-10:-30:150","geometry":{"type":"Polygon","coordinates":[[[150,-30],[160,-30],[160,-20],[150,-20],[150,-30]]]},"properties":{"name":"10° Density Cell -30,150","kind":"density-grid","grid_size_degrees":10,"point_count":23,"intensity":0.028822,"networks":{"ipv4":23},"statuses":{"duplicate-location":17,"Unknown":6},"countries":{"AU":23},"sanctioned_nodes":0,"policy_restricted_nodes":0,"threat_infrastructure_nodes":0,"stroke":"#c0d674","fill":"#c0d674","opacity":0.08,"marker_ring":false}},{"type":"Feature","id":"node-density-grid-10:10:70","geometry":{"type":"Polygon","coordinates":[[[70,10],[80,10],[80,20],[70,20],[70,10]]]},"properties":{"name":"10° Density Cell 10,70","kind":"density-grid","grid_size_degrees":10,"point_count":22,"intensity":0.027569,"networks":{"ipv4":22},"statuses":{"duplicate-location":18,"Unknown":4},"countries":{"IN":22},"sanctioned_nodes":0,"policy_restricted_nodes":0,"threat_infrastructure_nodes":0,"stroke":"#c0d674","fill":"#c0d674","opacity":0.08,"marker_ring":false}},{"type":"Feature","id":"node-density-grid-10:20:120","geometry":{"type":"Polygon","coordinates":[[[120,20],[130,20],[130,30],[120,30],[120,20]]]},"properties":{"name":"10° Density Cell 20,120","kind":"density-grid","grid_size_degrees":10,"point_count":19,"intensity":0.02381,"networks":{"ipv4":19},"statuses":{"duplicate-location":16,"Unknown":3},"countries":{"TW":17,"CN":1,"JP":1},"sanctioned_nodes":0,"policy_restricted_nodes":0,"threat_infrastructure_nodes":0,"stroke":"#c0d674","fill":"#c0d674","opacity":0.08,"marker_ring":false}},{"type":"Feature","id":"node-density-grid-10:-40:170","geometry":{"type":"Polygon","coordinates":[[[170,-40],[180.0,-40],[180.0,-30],[170,-30],[170,-40]]]},"properties":{"name":"10° Density Cell -40,170","kind":"density-grid","grid_size_degrees":10,"point_count":18,"intensity":0.022556,"networks":{"ipv4":18},"statuses":{"Unknown":10,"duplicate-location":8},"countries":{"NZ":18},"sanctioned_nodes":0,"policy_restricted_nodes":0,"threat_infrastructure_nodes":0,"stroke":"#c0d674","fill":"#c0d674","opacity":0.08,"marker_ring":false}},{"type":"Feature","id":"node-density-grid-10:10:100","geometry":{"type":"Polygon","coordinates":[[[100,10],[110,10],[110,20],[100,20],[100,10]]]},"properties":{"name":"10° Density Cell 10,100","kind":"density-grid","grid_size_degrees":10,"point_count":17,"intensity":0.021303,"networks":{"ipv4":17},"statuses":{"Unknown":13,"duplicate-location":4},"countries":{"TH":15,"KH":2},"sanctioned_nodes":0,"policy_restricted_nodes":0,"threat_infrastructure_nodes":0,"stroke":"#c0d674","fill":"#c0d674","opacity":0.08,"marker_ring":false}},{"type":"Feature","id":"node-density-grid-10:30:-10","geometry":{"type":"Polygon","coordinates":[[[-10,30],[0,30],[0,40],[-10,40],[-10,30]]]},"properties":{"name":"10° Density Cell 30,-10","kind":"density-grid","grid_size_degrees":10,"point_count":16,"intensity":0.02005,"networks":{"ipv4":16},"statuses":{"Unknown":16},"countries":{"ES":10,"PT":6},"sanctioned_nodes":0,"policy_restricted_nodes":0,"threat_infrastructure_nodes":0,"stroke":"#c0d674","fill":"#c0d674","opacity":0.08,"marker_ring":false}},{"type":"Feature","id":"node-density-grid-10:40:30","geometry":{"type":"Polygon","coordinates":[[[30,40],[40,40],[40,50],[30,50],[30,40]]]},"properties":{"name":"10° Density Cell 40,30","kind":"density-grid","grid_size_degrees":10,"point_count":15,"intensity":0.018797,"networks":{"ipv4":15},"statuses":{"Unknown":9,"duplicate-location":6},"countries":{"UA":13,"RU":2},"sanctioned_nodes":0,"policy_restricted_nodes":0,"threat_infrastructure_nodes":0,"stroke":"#c0d674","fill":"#c0d674","opacity":0.08,"marker_ring":false}},{"type":"Feature","id":"node-density-grid-10:-40:-60","geometry":{"type":"Polygon","coordinates":[[[-60,-40],[-50,-40],[-50,-30],[-60,-30],[-60,-40]]]},"properties":{"name":"10° Density Cell -40,-60","kind":"density-grid","grid_size_degrees":10,"point_count":13,"intensity":0.016291,"networks":{"ipv4":13},"statuses":{"duplicate-location":7,"Unknown":6},"countries":{"AR":9,"UY":4},"sanctioned_nodes":0,"policy_restricted_nodes":0,"threat_infrastructure_nodes":0,"stroke":"#c0d674","fill":"#c0d674","opacity":0.08,"marker_ring":false}},{"type":"Feature","id":"node-density-grid-10:20:50","geometry":{"type":"Polygon","coordinates":[[[50,20],[60,20],[60,30],[50,30],[50,20]]]},"properties":{"name":"10° Density Cell 20,50","kind":"density-grid","grid_size_degrees":10,"point_count":12,"intensity":0.015038,"networks":{"ipv4":12},"statuses":{"duplicate-location":8,"Unknown":4},"countries":{"OM":5,"AE":4,"QA":2,"BH":1},"sanctioned_nodes":0,"policy_restricted_nodes":0,"threat_infrastructure_nodes":0,"stroke":"#c0d674","fill":"#c0d674","opacity":0.08,"marker_ring":false}},{"type":"Feature","id":"node-density-grid-10:40:-70","geometry":{"type":"Polygon","coordinates":[[[-70,40],[-60,40],[-60,50],[-70,50],[-70,40]]]},"properties":{"name":"10° Density Cell 40,-70","kind":"density-grid","grid_size_degrees":10,"point_count":12,"intensity":0.015038,"networks":{"ipv4":12},"statuses":{"Unknown":12},"countries":{"CA":11,"US":1},"sanctioned_nodes":0,"policy_restricted_nodes":0,"threat_infrastructure_nodes":0,"stroke":"#c0d674","fill":"#c0d674","opacity":0.08,"marker_ring":false}},{"type":"Feature","id":"node-density-grid-10:-40:10","geometry":{"type":"Polygon","coordinates":[[[10,-40],[20,-40],[20,-30],[10,-30],[10,-40]]]},"properties":{"name":"10° Density Cell -40,10","kind":"density-grid","grid_size_degrees":10,"point_count":11,"intensity":0.013784,"networks":{"ipv4":11},"statuses":{"duplicate-location":6,"Unknown":5},"countries":{"ZA":11},"sanctioned_nodes":0,"policy_restricted_nodes":0,"threat_infrastructure_nodes":0,"stroke":"#c0d674","fill":"#c0d674","opacity":0.08,"marker_ring":false}},{"type":"Feature","id":"node-density-grid-10:-40:110","geometry":{"type":"Polygon","coordinates":[[[110,-40],[120,-40],[120,-30],[110,-30],[110,-40]]]},"properties":{"name":"10° Density Cell -40,110","kind":"density-grid","grid_size_degrees":10,"point_count":11,"intensity":0.013784,"networks":{"ipv4":11},"statuses":{"Unknown":7,"duplicate-location":4},"countries":{"AU":11},"sanctioned_nodes":0,"policy_restricted_nodes":0,"threat_infrastructure_nodes":0,"stroke":"#c0d674","fill":"#c0d674","opacity":0.08,"marker_ring":false}},{"type":"Feature","id":"node-density-grid-10:-10:100","geometry":{"type":"Polygon","coordinates":[[[100,-10],[110,-10],[110,0],[100,0],[100,-10]]]},"properties":{"name":"10° Density Cell -10,100","kind":"density-grid","grid_size_degrees":10,"point_count":10,"intensity":0.012531,"networks":{"ipv4":10},"statuses":{"duplicate-location":6,"Unknown":4},"countries":{"ID":10},"sanctioned_nodes":0,"policy_restricted_nodes":0,"threat_infrastructure_nodes":0,"stroke":"#c0d674","fill":"#c0d674","opacity":0.08,"marker_ring":false}},{"type":"Feature","id":"node-density-grid-10:-30:-60","geometry":{"type":"Polygon","coordinates":[[[-60,-30],[-50,-30],[-50,-20],[-60,-20],[-60,-30]]]},"properties":{"name":"10° Density Cell -30,-60","kind":"density-grid","grid_size_degrees":10,"point_count":9,"intensity":0.011278,"networks":{"ipv4":9},"statuses":{"Unknown":9},"countries":{"BR":9},"sanctioned_nodes":0,"policy_restricted_nodes":0,"threat_infrastructure_nodes":0,"stroke":"#c0d674","fill":"#c0d674","opacity":0.08,"marker_ring":false}},{"type":"Feature","id":"node-density-grid-10:30:30","geometry":{"type":"Polygon","coordinates":[[[30,30],[40,30],[40,40],[30,40],[30,30]]]},"properties":{"name":"10° Density Cell 30,30","kind":"density-grid","grid_size_degrees":10,"point_count":8,"intensity":0.010025,"networks":{"ipv4":8},"statuses":{"Unknown":6,"duplicate-location":2},"countries":{"IL":5,"TR":2,"CY":1},"sanctioned_nodes":0,"policy_restricted_nodes":0,"threat_infrastructure_nodes":0,"stroke":"#c0d674","fill":"#c0d674","opacity":0.08,"marker_ring":false}},{"type":"Feature","id":"node-density-grid-10:40:-110","geometry":{"type":"Polygon","coordinates":[[[-110,40],[-100,40],[-100,50],[-110,50],[-110,40]]]},"properties":{"name":"10° Density Cell 40,-110","kind":"density-grid","grid_size_degrees":10,"point_count":8,"intensity":0.010025,"networks":{"ipv4":8},"statuses":{"Unknown":6,"duplicate-location":2},"countries":{"US":8},"sanctioned_nodes":0,"policy_restricted_nodes":0,"threat_infrastructure_nodes":0,"stroke":"#c0d674","fill":"#c0d674","opacity":0.08,"marker_ring":false}},{"type":"Feature","id":"node-density-grid-10:-20:-50","geometry":{"type":"Polygon","coordinates":[[[-50,-20],[-40,-20],[-40,-10],[-50,-10],[-50,-20]]]},"properties":{"name":"10° Density Cell -20,-50","kind":"density-grid","grid_size_degrees":10,"point_count":6,"intensity":0.007519,"networks":{"ipv4":6},"statuses":{"Unknown":6},"countries":{"BR":6},"sanctioned_nodes":0,"policy_restricted_nodes":0,"threat_infrastructure_nodes":0,"stroke":"#c0d674","fill":"#c0d674","opacity":0.08,"marker_ring":false}},{"type":"Feature","id":"node-density-grid-10:0:-80","geometry":{"type":"Polygon","coordinates":[[[-80,0],[-70,0],[-70,10],[-80,10],[-80,0]]]},"properties":{"name":"10° Density Cell 0,-80","kind":"density-grid","grid_size_degrees":10,"point_count":6,"intensity":0.007519,"networks":{"ipv4":6},"statuses":{"Unknown":6},"countries":{"CO":5,"PA":1},"sanctioned_nodes":0,"policy_restricted_nodes":0,"threat_infrastructure_nodes":0,"stroke":"#c0d674","fill":"#c0d674","opacity":0.08,"marker_ring":false}},{"type":"Feature","id":"node-density-grid-10:20:40","geometry":{"type":"Polygon","coordinates":[[[40,20],[50,20],[50,30],[40,30],[40,20]]]},"properties":{"name":"10° Density Cell 20,40","kind":"density-grid","grid_size_degrees":10,"point_count":6,"intensity":0.007519,"networks":{"ipv4":6},"statuses":{"Unknown":4,"duplicate-location":2},"countries":{"KW":3,"SA":3},"sanctioned_nodes":0,"policy_restricted_nodes":0,"threat_infrastructure_nodes":0,"stroke":"#c0d674","fill":"#c0d674","opacity":0.08,"marker_ring":false}},{"type":"Feature","id":"node-density-grid-10:50:80","geometry":{"type":"Polygon","coordinates":[[[80,50],[90,50],[90,60],[80,60],[80,50]]]},"properties":{"name":"10° Density Cell 50,80","kind":"density-grid","grid_size_degrees":10,"point_count":6,"intensity":0.007519,"networks":{"ipv4":6},"statuses":{"Unknown":3,"duplicate-location":3},"countries":{"RU":6},"sanctioned_nodes":0,"policy_restricted_nodes":0,"threat_infrastructure_nodes":0,"stroke":"#c0d674","fill":"#c0d674","opacity":0.08,"marker_ring":false}},{"type":"Feature","id":"node-density-grid-10:-40:-80","geometry":{"type":"Polygon","coordinates":[[[-80,-40],[-70,-40],[-70,-30],[-80,-30],[-80,-40]]]},"properties":{"name":"10° Density Cell -40,-80","kind":"density-grid","grid_size_degrees":10,"point_count":5,"intensity":0.006266,"networks":{"ipv4":5},"statuses":{"Unknown":3,"duplicate-location":2},"countries":{"CL":5},"sanctioned_nodes":0,"policy_restricted_nodes":0,"threat_infrastructure_nodes":0,"stroke":"#c0d674","fill":"#c0d674","opacity":0.08,"marker_ring":false}},{"type":"Feature","id":"node-density-grid-10:-40:130","geometry":{"type":"Polygon","coordinates":[[[130,-40],[140,-40],[140,-30],[130,-30],[130,-40]]]},"properties":{"name":"10° Density Cell -40,130","kind":"density-grid","grid_size_degrees":10,"point_count":5,"intensity":0.006266,"networks":{"ipv4":5},"statuses":{"Unknown":5},"countries":{"AU":5},"sanctioned_nodes":0,"policy_restricted_nodes":0,"threat_infrastructure_nodes":0,"stroke":"#c0d674","fill":"#c0d674","opacity":0.08,"marker_ring":false}},{"type":"Feature","id":"node-density-grid-10:-30:20","geometry":{"type":"Polygon","coordinates":[[[20,-30],[30,-30],[30,-20],[20,-20],[20,-30]]]},"properties":{"name":"10° Density Cell -30,20","kind":"density-grid","grid_size_degrees":10,"point_count":5,"intensity":0.006266,"networks":{"ipv4":5},"statuses":{"Unknown":5},"countries":{"ZA":5},"sanctioned_nodes":0,"policy_restricted_nodes":0,"threat_infrastructure_nodes":0,"stroke":"#c0d674","fill":"#c0d674","opacity":0.08,"marker_ring":false}},{"type":"Feature","id":"node-density-grid-10:50:40","geometry":{"type":"Polygon","coordinates":[[[40,50],[50,50],[50,60],[40,60],[40,50]]]},"properties":{"name":"10° Density Cell 50,40","kind":"density-grid","grid_size_degrees":10,"point_count":5,"intensity":0.006266,"networks":{"ipv4":5},"statuses":{"Unknown":3,"duplicate-location":2},"countries":{"RU":5},"sanctioned_nodes":0,"policy_restricted_nodes":0,"threat_infrastructure_nodes":0,"stroke":"#c0d674","fill":"#c0d674","opacity":0.08,"marker_ring":false}},{"type":"Feature","id":"node-density-grid-10:-50:170","geometry":{"type":"Polygon","coordinates":[[[170,-50],[180.0,-50],[180.0,-40],[170,-40],[170,-50]]]},"properties":{"name":"10° Density Cell -50,170","kind":"density-grid","grid_size_degrees":10,"point_count":4,"intensity":0.005013,"networks":{"ipv4":4},"statuses":{"Unknown":4},"countries":{"NZ":4},"sanctioned_nodes":0,"policy_restricted_nodes":0,"threat_infrastructure_nodes":0,"stroke":"#c0d674","fill":"#c0d674","opacity":0.08,"marker_ring":false}},{"type":"Feature","id":"node-density-grid-10:-10:110","geometry":{"type":"Polygon","coordinates":[[[110,-10],[120,-10],[120,0],[110,0],[110,-10]]]},"properties":{"name":"10° Density Cell -10,110","kind":"density-grid","grid_size_degrees":10,"point_count":4,"intensity":0.005013,"networks":{"ipv4":4},"statuses":{"Unknown":2,"duplicate-location":2},"countries":{"ID":4},"sanctioned_nodes":0,"policy_restricted_nodes":0,"threat_infrastructure_nodes":0,"stroke":"#c0d674","fill":"#c0d674","opacity":0.08,"marker_ring":false}},{"type":"Feature","id":"node-density-grid-10:10:-100","geometry":{"type":"Polygon","coordinates":[[[-100,10],[-90,10],[-90,20],[-100,20],[-100,10]]]},"properties":{"name":"10° Density Cell 10,-100","kind":"density-grid","grid_size_degrees":10,"point_count":4,"intensity":0.005013,"networks":{"ipv4":4},"statuses":{"Unknown":4},"countries":{"MX":4},"sanctioned_nodes":0,"policy_restricted_nodes":0,"threat_infrastructure_nodes":0,"stroke":"#c0d674","fill":"#c0d674","opacity":0.08,"marker_ring":false}},{"type":"Feature","id":"node-density-grid-10:10:-70","geometry":{"type":"Polygon","coordinates":[[[-70,10],[-60,10],[-60,20],[-70,20],[-70,10]]]},"properties":{"name":"10° Density Cell 10,-70","kind":"density-grid","grid_size_degrees":10,"point_count":4,"intensity":0.005013,"networks":{"ipv4":4},"statuses":{"Unknown":4},"countries":{"VE":2,"CW":1,"PR":1},"sanctioned_nodes":0,"policy_restricted_nodes":0,"threat_infrastructure_nodes":0,"stroke":"#c0d674","fill":"#c0d674","opacity":0.08,"marker_ring":false}},{"type":"Feature","id":"node-density-grid-10:20:-160","geometry":{"type":"Polygon","coordinates":[[[-160,20],[-150,20],[-150,30],[-160,30],[-160,20]]]},"properties":{"name":"10° Density Cell 20,-160","kind":"density-grid","grid_size_degrees":10,"point_count":4,"intensity":0.005013,"networks":{"ipv4":4},"statuses":{"Unknown":2,"duplicate-location":2},"countries":{"US":4},"sanctioned_nodes":0,"policy_restricted_nodes":0,"threat_infrastructure_nodes":0,"stroke":"#c0d674","fill":"#c0d674","opacity":0.08,"marker_ring":false}},{"type":"Feature","id":"node-density-grid-10:20:-110","geometry":{"type":"Polygon","coordinates":[[[-110,20],[-100,20],[-100,30],[-110,30],[-110,20]]]},"properties":{"name":"10° Density Cell 20,-110","kind":"density-grid","grid_size_degrees":10,"point_count":4,"intensity":0.005013,"networks":{"ipv4":4},"statuses":{"Unknown":4},"countries":{"MX":4},"sanctioned_nodes":0,"policy_restricted_nodes":0,"threat_infrastructure_nodes":0,"stroke":"#c0d674","fill":"#c0d674","opacity":0.08,"marker_ring":false}},{"type":"Feature","id":"node-density-grid-10:30:100","geometry":{"type":"Polygon","coordinates":[[[100,30],[110,30],[110,40],[100,40],[100,30]]]},"properties":{"name":"10° Density Cell 30,100","kind":"density-grid","grid_size_degrees":10,"point_count":4,"intensity":0.005013,"networks":{"ipv4":4},"statuses":{"duplicate-location":4},"countries":{"CN":4},"sanctioned_nodes":0,"policy_restricted_nodes":0,"threat_infrastructure_nodes":0,"stroke":"#c0d674","fill":"#c0d674","opacity":0.08,"marker_ring":false}},{"type":"Feature","id":"node-density-grid-10:50:50","geometry":{"type":"Polygon","coordinates":[[[50,50],[60,50],[60,60],[50,60],[50,50]]]},"properties":{"name":"10° Density Cell 50,50","kind":"density-grid","grid_size_degrees":10,"point_count":4,"intensity":0.005013,"networks":{"ipv4":4},"statuses":{"Unknown":4},"countries":{"RU":4},"sanctioned_nodes":0,"policy_restricted_nodes":0,"threat_infrastructure_nodes":0,"stroke":"#c0d674","fill":"#c0d674","opacity":0.08,"marker_ring":false}},{"type":"Feature","id":"node-density-grid-10:50:60","geometry":{"type":"Polygon","coordinates":[[[60,50],[70,50],[70,60],[60,60],[60,50]]]},"properties":{"name":"10° Density Cell 50,60","kind":"density-grid","grid_size_degrees":10,"point_count":4,"intensity":0.005013,"networks":{"ipv4":4},"statuses":{"duplicate-location":3,"Unknown":1},"countries":{"RU":4},"sanctioned_nodes":0,"policy_restricted_nodes":0,"threat_infrastructure_nodes":0,"stroke":"#c0d674","fill":"#c0d674","opacity":0.08,"marker_ring":false}},{"type":"Feature","id":"node-density-grid-10:-50:160","geometry":{"type":"Polygon","coordinates":[[[160,-50],[170,-50],[170,-40],[160,-40],[160,-50]]]},"properties":{"name":"10° Density Cell -50,160","kind":"density-grid","grid_size_degrees":10,"point_count":3,"intensity":0.003759,"networks":{"ipv4":3},"statuses":{"Unknown":3},"countries":{"NZ":3},"sanctioned_nodes":0,"policy_restricted_nodes":0,"threat_infrastructure_nodes":0,"stroke":"#c0d674","fill":"#c0d674","opacity":0.08,"marker_ring":false}},{"type":"Feature","id":"node-density-grid-10:-30:140","geometry":{"type":"Polygon","coordinates":[[[140,-30],[150,-30],[150,-20],[140,-20],[140,-30]]]},"properties":{"name":"10° Density Cell -30,140","kind":"density-grid","grid_size_degrees":10,"point_count":3,"intensity":0.003759,"networks":{"ipv4":3},"statuses":{"Unknown":3},"countries":{"AU":3},"sanctioned_nodes":0,"policy_restricted_nodes":0,"threat_infrastructure_nodes":0,"stroke":"#c0d674","fill":"#c0d674","opacity":0.08,"marker_ring":false}},{"type":"Feature","id":"node-density-grid-10:-20:140","geometry":{"type":"Polygon","coordinates":[[[140,-20],[150,-20],[150,-10],[140,-10],[140,-20]]]},"properties":{"name":"10° Density Cell -20,140","kind":"density-grid","grid_size_degrees":10,"point_count":3,"intensity":0.003759,"networks":{"ipv4":3},"statuses":{"Unknown":3},"countries":{"AU":3},"sanctioned_nodes":0,"policy_restricted_nodes":0,"threat_infrastructure_nodes":0,"stroke":"#c0d674","fill":"#c0d674","opacity":0.08,"marker_ring":false}},{"type":"Feature","id":"node-density-grid-10:0:-90","geometry":{"type":"Polygon","coordinates":[[[-90,0],[-80,0],[-80,10],[-90,10],[-90,0]]]},"properties":{"name":"10° Density Cell 0,-90","kind":"density-grid","grid_size_degrees":10,"point_count":3,"intensity":0.003759,"networks":{"ipv4":3},"statuses":{"Unknown":3},"countries":{"CR":3},"sanctioned_nodes":0,"policy_restricted_nodes":0,"threat_infrastructure_nodes":0,"stroke":"#c0d674","fill":"#c0d674","opacity":0.08,"marker_ring":false}},{"type":"Feature","id":"node-density-grid-10:20:70","geometry":{"type":"Polygon","coordinates":[[[70,20],[80,20],[80,30],[70,30],[70,20]]]},"properties":{"name":"10° Density Cell 20,70","kind":"density-grid","grid_size_degrees":10,"point_count":3,"intensity":0.003759,"networks":{"ipv4":3},"statuses":{"Unknown":3},"countries":{"IN":3},"sanctioned_nodes":0,"policy_restricted_nodes":0,"threat_infrastructure_nodes":0,"stroke":"#c0d674","fill":"#c0d674","opacity":0.08,"marker_ring":false}},{"type":"Feature","id":"node-density-grid-10:20:100","geometry":{"type":"Polygon","coordinates":[[[100,20],[110,20],[110,30],[100,30],[100,20]]]},"properties":{"name":"10° Density Cell 20,100","kind":"density-grid","grid_size_degrees":10,"point_count":3,"intensity":0.003759,"networks":{"ipv4":3},"statuses":{"duplicate-location":3},"countries":{"VN":3},"sanctioned_nodes":0,"policy_restricted_nodes":0,"threat_infrastructure_nodes":0,"stroke":"#c0d674","fill":"#c0d674","opacity":0.08,"marker_ring":false}},{"type":"Feature","id":"node-density-grid-10:30:20","geometry":{"type":"Polygon","coordinates":[[[20,30],[30,30],[30,40],[20,40],[20,30]]]},"properties":{"name":"10° Density Cell 30,20","kind":"density-grid","grid_size_degrees":10,"point_count":3,"intensity":0.003759,"networks":{"ipv4":3},"statuses":{"Unknown":3},"countries":{"GR":3},"sanctioned_nodes":0,"policy_restricted_nodes":0,"threat_infrastructure_nodes":0,"stroke":"#c0d674","fill":"#c0d674","opacity":0.08,"marker_ring":false}},{"type":"Feature","id":"node-density-grid-10:40:40","geometry":{"type":"Polygon","coordinates":[[[40,40],[50,40],[50,50],[40,50],[40,40]]]},"properties":{"name":"10° Density Cell 40,40","kind":"density-grid","grid_size_degrees":10,"point_count":3,"intensity":0.003759,"networks":{"ipv4":3},"statuses":{"duplicate-location":2,"Unknown":1},"countries":{"GE":3},"sanctioned_nodes":0,"policy_restricted_nodes":0,"threat_infrastructure_nodes":0,"stroke":"#c0d674","fill":"#c0d674","opacity":0.08,"marker_ring":false}},{"type":"Feature","id":"node-density-grid-10:60:-150","geometry":{"type":"Polygon","coordinates":[[[-150,60],[-140,60],[-140,70],[-150,70],[-150,60]]]},"properties":{"name":"10° Density Cell 60,-150","kind":"density-grid","grid_size_degrees":10,"point_count":3,"intensity":0.003759,"networks":{"ipv4":3},"statuses":{"Unknown":3},"countries":{"US":3},"sanctioned_nodes":0,"policy_restricted_nodes":0,"threat_infrastructure_nodes":0,"stroke":"#c0d674","fill":"#c0d674","opacity":0.08,"marker_ring":false}},{"type":"Feature","id":"node-density-grid-10:60:-30","geometry":{"type":"Polygon","coordinates":[[[-30,60],[-20,60],[-20,70],[-30,70],[-30,60]]]},"properties":{"name":"10° Density Cell 60,-30","kind":"density-grid","grid_size_degrees":10,"point_count":3,"intensity":0.003759,"networks":{"ipv4":3},"statuses":{"Unknown":3},"countries":{"IS":3},"sanctioned_nodes":0,"policy_restricted_nodes":0,"threat_infrastructure_nodes":0,"stroke":"#c0d674","fill":"#c0d674","opacity":0.08,"marker_ring":false}},{"type":"Feature","id":"node-density-grid-10:60:10","geometry":{"type":"Polygon","coordinates":[[[10,60],[20,60],[20,70],[10,70],[10,60]]]},"properties":{"name":"10° Density Cell 60,10","kind":"density-grid","grid_size_degrees":10,"point_count":3,"intensity":0.003759,"networks":{"ipv4":3},"statuses":{"Unknown":3},"countries":{"NO":2,"SE":1},"sanctioned_nodes":0,"policy_restricted_nodes":0,"threat_infrastructure_nodes":0,"stroke":"#c0d674","fill":"#c0d674","opacity":0.08,"marker_ring":false}},{"type":"Feature","id":"node-density-grid-10:60:30","geometry":{"type":"Polygon","coordinates":[[[30,60],[40,60],[40,70],[30,70],[30,60]]]},"properties":{"name":"10° Density Cell 60,30","kind":"density-grid","grid_size_degrees":10,"point_count":3,"intensity":0.003759,"networks":{"ipv4":3},"statuses":{"Unknown":3},"countries":{"RU":3},"sanctioned_nodes":0,"policy_restricted_nodes":0,"threat_infrastructure_nodes":0,"stroke":"#c0d674","fill":"#c0d674","opacity":0.08,"marker_ring":false}},{"type":"Feature","id":"node-density-grid-10:10:-90","geometry":{"type":"Polygon","coordinates":[[[-90,10],[-80,10],[-80,20],[-90,20],[-90,10]]]},"properties":{"name":"10° Density Cell 10,-90","kind":"density-grid","grid_size_degrees":10,"point_count":2,"intensity":0.002506,"networks":{"ipv4":2},"statuses":{"Unknown":2},"countries":{"HN":2},"sanctioned_nodes":0,"policy_restricted_nodes":0,"threat_infrastructure_nodes":0,"stroke":"#c0d674","fill":"#c0d674","opacity":0.08,"marker_ring":false}},{"type":"Feature","id":"node-density-grid-10:10:120","geometry":{"type":"Polygon","coordinates":[[[120,10],[130,10],[130,20],[120,20],[120,10]]]},"properties":{"name":"10° Density Cell 10,120","kind":"density-grid","grid_size_degrees":10,"point_count":2,"intensity":0.002506,"networks":{"ipv4":2},"statuses":{"Unknown":2},"countries":{"PH":2},"sanctioned_nodes":0,"policy_restricted_nodes":0,"threat_infrastructure_nodes":0,"stroke":"#c0d674","fill":"#c0d674","opacity":0.08,"marker_ring":false}},{"type":"Feature","id":"node-density-grid-10:20:80","geometry":{"type":"Polygon","coordinates":[[[80,20],[90,20],[90,30],[80,30],[80,20]]]},"properties":{"name":"10° Density Cell 20,80","kind":"density-grid","grid_size_degrees":10,"point_count":2,"intensity":0.002506,"networks":{"ipv4":2},"statuses":{"Unknown":2},"countries":{"IN":2},"sanctioned_nodes":0,"policy_restricted_nodes":0,"threat_infrastructure_nodes":0,"stroke":"#c0d674","fill":"#c0d674","opacity":0.08,"marker_ring":false}},{"type":"Feature","id":"node-density-grid-10:30:10","geometry":{"type":"Polygon","coordinates":[[[10,30],[20,30],[20,40],[10,40],[10,30]]]},"properties":{"name":"10° Density Cell 30,10","kind":"density-grid","grid_size_degrees":10,"point_count":2,"intensity":0.002506,"networks":{"ipv4":2},"statuses":{"Unknown":2},"countries":{"MT":2},"sanctioned_nodes":0,"policy_restricted_nodes":0,"threat_infrastructure_nodes":0,"stroke":"#c0d674","fill":"#c0d674","opacity":0.08,"marker_ring":false}},{"type":"Feature","id":"node-density-grid-10:30:110","geometry":{"type":"Polygon","coordinates":[[[110,30],[120,30],[120,40],[110,40],[110,30]]]},"properties":{"name":"10° Density Cell 30,110","kind":"density-grid","grid_size_degrees":10,"point_count":2,"intensity":0.002506,"networks":{"ipv4":2},"statuses":{"Unknown":2},"countries":{"CN":2},"sanctioned_nodes":0,"policy_restricted_nodes":0,"threat_infrastructure_nodes":0,"stroke":"#c0d674","fill":"#c0d674","opacity":0.08,"marker_ring":false}},{"type":"Feature","id":"node-density-grid-10:40:70","geometry":{"type":"Polygon","coordinates":[[[70,40],[80,40],[80,50],[70,50],[70,40]]]},"properties":{"name":"10° Density Cell 40,70","kind":"density-grid","grid_size_degrees":10,"point_count":2,"intensity":0.002506,"networks":{"ipv4":2},"statuses":{"Unknown":2},"countries":{"KZ":2},"sanctioned_nodes":0,"policy_restricted_nodes":0,"threat_infrastructure_nodes":0,"stroke":"#c0d674","fill":"#c0d674","opacity":0.08,"marker_ring":false}},{"type":"Feature","id":"node-density-grid-10:50:-160","geometry":{"type":"Polygon","coordinates":[[[-160,50],[-150,50],[-150,60],[-160,60],[-160,50]]]},"properties":{"name":"10° Density Cell 50,-160","kind":"density-grid","grid_size_degrees":10,"point_count":2,"intensity":0.002506,"networks":{"ipv4":2},"statuses":{"duplicate-location":2},"countries":{"US":2},"sanctioned_nodes":0,"policy_restricted_nodes":0,"threat_infrastructure_nodes":0,"stroke":"#c0d674","fill":"#c0d674","opacity":0.08,"marker_ring":false}},{"type":"Feature","id":"node-density-grid-10:50:-140","geometry":{"type":"Polygon","coordinates":[[[-140,50],[-130,50],[-130,60],[-140,60],[-140,50]]]},"properties":{"name":"10° Density Cell 50,-140","kind":"density-grid","grid_size_degrees":10,"point_count":2,"intensity":0.002506,"networks":{"ipv4":2},"statuses":{"duplicate-location":2},"countries":{"US":2},"sanctioned_nodes":0,"policy_restricted_nodes":0,"threat_infrastructure_nodes":0,"stroke":"#c0d674","fill":"#c0d674","opacity":0.08,"marker_ring":false}},{"type":"Feature","id":"node-density-grid-10:50:70","geometry":{"type":"Polygon","coordinates":[[[70,50],[80,50],[80,60],[70,60],[70,50]]]},"properties":{"name":"10° Density Cell 50,70","kind":"density-grid","grid_size_degrees":10,"point_count":2,"intensity":0.002506,"networks":{"ipv4":2},"statuses":{"Unknown":2},"countries":{"RU":2},"sanctioned_nodes":0,"policy_restricted_nodes":0,"threat_infrastructure_nodes":0,"stroke":"#c0d674","fill":"#c0d674","opacity":0.08,"marker_ring":false}},{"type":"Feature","id":"node-density-grid-10:60:0","geometry":{"type":"Polygon","coordinates":[[[0,60],[10,60],[10,70],[0,70],[0,60]]]},"properties":{"name":"10° Density Cell 60,0","kind":"density-grid","grid_size_degrees":10,"point_count":2,"intensity":0.002506,"networks":{"ipv4":2},"statuses":{"Unknown":2},"countries":{"NO":2},"sanctioned_nodes":0,"policy_restricted_nodes":0,"threat_infrastructure_nodes":0,"stroke":"#c0d674","fill":"#c0d674","opacity":0.08,"marker_ring":false}},{"type":"Feature","id":"node-density-grid-10:-50:-80","geometry":{"type":"Polygon","coordinates":[[[-80,-50],[-70,-50],[-70,-40],[-80,-40],[-80,-50]]]},"properties":{"name":"10° Density Cell -50,-80","kind":"density-grid","grid_size_degrees":10,"point_count":1,"intensity":0.001253,"networks":{"ipv4":1},"statuses":{"Unknown":1},"countries":{"AR":1},"sanctioned_nodes":0,"policy_restricted_nodes":0,"threat_infrastructure_nodes":0,"stroke":"#c0d674","fill":"#c0d674","opacity":0.08,"marker_ring":false}},{"type":"Feature","id":"node-density-grid-10:-50:-70","geometry":{"type":"Polygon","coordinates":[[[-70,-50],[-60,-50],[-60,-40],[-70,-40],[-70,-50]]]},"properties":{"name":"10° Density Cell -50,-70","kind":"density-grid","grid_size_degrees":10,"point_count":1,"intensity":0.001253,"networks":{"ipv4":1},"statuses":{"Unknown":1},"countries":{"AR":1},"sanctioned_nodes":0,"policy_restricted_nodes":0,"threat_infrastructure_nodes":0,"stroke":"#c0d674","fill":"#c0d674","opacity":0.08,"marker_ring":false}},{"type":"Feature","id":"node-density-grid-10:-50:140","geometry":{"type":"Polygon","coordinates":[[[140,-50],[150,-50],[150,-40],[140,-40],[140,-50]]]},"properties":{"name":"10° Density Cell -50,140","kind":"density-grid","grid_size_degrees":10,"point_count":1,"intensity":0.001253,"networks":{"ipv4":1},"statuses":{"Unknown":1},"countries":{"AU":1},"sanctioned_nodes":0,"policy_restricted_nodes":0,"threat_infrastructure_nodes":0,"stroke":"#c0d674","fill":"#c0d674","opacity":0.08,"marker_ring":false}},{"type":"Feature","id":"node-density-grid-10:-40:-70","geometry":{"type":"Polygon","coordinates":[[[-70,-40],[-60,-40],[-60,-30],[-70,-30],[-70,-40]]]},"properties":{"name":"10° Density Cell -40,-70","kind":"density-grid","grid_size_degrees":10,"point_count":1,"intensity":0.001253,"networks":{"ipv4":1},"statuses":{"Unknown":1},"countries":{"AR":1},"sanctioned_nodes":0,"policy_restricted_nodes":0,"threat_infrastructure_nodes":0,"stroke":"#c0d674","fill":"#c0d674","opacity":0.08,"marker_ring":false}},{"type":"Feature","id":"node-density-grid-10:-30:30","geometry":{"type":"Polygon","coordinates":[[[30,-30],[40,-30],[40,-20],[30,-20],[30,-30]]]},"properties":{"name":"10° Density Cell -30,30","kind":"density-grid","grid_size_degrees":10,"point_count":1,"intensity":0.001253,"networks":{"ipv4":1},"statuses":{"Unknown":1},"countries":{"ZA":1},"sanctioned_nodes":0,"policy_restricted_nodes":0,"threat_infrastructure_nodes":0,"stroke":"#c0d674","fill":"#c0d674","opacity":0.08,"marker_ring":false}},{"type":"Feature","id":"node-density-grid-10:-30:50","geometry":{"type":"Polygon","coordinates":[[[50,-30],[60,-30],[60,-20],[50,-20],[50,-30]]]},"properties":{"name":"10° Density Cell -30,50","kind":"density-grid","grid_size_degrees":10,"point_count":1,"intensity":0.001253,"networks":{"ipv4":1},"statuses":{"Unknown":1},"countries":{"RE":1},"sanctioned_nodes":0,"policy_restricted_nodes":0,"threat_infrastructure_nodes":0,"stroke":"#c0d674","fill":"#c0d674","opacity":0.08,"marker_ring":false}},{"type":"Feature","id":"node-density-grid-10:-20:-80","geometry":{"type":"Polygon","coordinates":[[[-80,-20],[-70,-20],[-70,-10],[-80,-10],[-80,-20]]]},"properties":{"name":"10° Density Cell -20,-80","kind":"density-grid","grid_size_degrees":10,"point_count":1,"intensity":0.001253,"networks":{"ipv4":1},"statuses":{"Unknown":1},"countries":{"PE":1},"sanctioned_nodes":0,"policy_restricted_nodes":0,"threat_infrastructure_nodes":0,"stroke":"#c0d674","fill":"#c0d674","opacity":0.08,"marker_ring":false}},{"type":"Feature","id":"node-density-grid-10:-20:-70","geometry":{"type":"Polygon","coordinates":[[[-70,-20],[-60,-20],[-60,-10],[-70,-10],[-70,-20]]]},"properties":{"name":"10° Density Cell -20,-70","kind":"density-grid","grid_size_degrees":10,"point_count":1,"intensity":0.001253,"networks":{"ipv4":1},"statuses":{"Unknown":1},"countries":{"BO":1},"sanctioned_nodes":0,"policy_restricted_nodes":0,"threat_infrastructure_nodes":0,"stroke":"#c0d674","fill":"#c0d674","opacity":0.08,"marker_ring":false}},{"type":"Feature","id":"node-density-grid-10:-20:-60","geometry":{"type":"Polygon","coordinates":[[[-60,-20],[-50,-20],[-50,-10],[-60,-10],[-60,-20]]]},"properties":{"name":"10° Density Cell -20,-60","kind":"density-grid","grid_size_degrees":10,"point_count":1,"intensity":0.001253,"networks":{"ipv4":1},"statuses":{"Unknown":1},"countries":{"BR":1},"sanctioned_nodes":0,"policy_restricted_nodes":0,"threat_infrastructure_nodes":0,"stroke":"#c0d674","fill":"#c0d674","opacity":0.08,"marker_ring":false}},{"type":"Feature","id":"node-density-grid-10:-20:130","geometry":{"type":"Polygon","coordinates":[[[130,-20],[140,-20],[140,-10],[130,-10],[130,-20]]]},"properties":{"name":"10° Density Cell -20,130","kind":"density-grid","grid_size_degrees":10,"point_count":1,"intensity":0.001253,"networks":{"ipv4":1},"statuses":{"Unknown":1},"countries":{"AU":1},"sanctioned_nodes":0,"policy_restricted_nodes":0,"threat_infrastructure_nodes":0,"stroke":"#c0d674","fill":"#c0d674","opacity":0.08,"marker_ring":false}},{"type":"Feature","id":"node-density-grid-10:0:-70","geometry":{"type":"Polygon","coordinates":[[[-70,0],[-60,0],[-60,10],[-70,10],[-70,0]]]},"properties":{"name":"10° Density Cell 0,-70","kind":"density-grid","grid_size_degrees":10,"point_count":1,"intensity":0.001253,"networks":{"ipv4":1},"statuses":{"Unknown":1},"countries":{"VE":1},"sanctioned_nodes":0,"policy_restricted_nodes":0,"threat_infrastructure_nodes":0,"stroke":"#c0d674","fill":"#c0d674","opacity":0.08,"marker_ring":false}},{"type":"Feature","id":"node-density-grid-10:0:90","geometry":{"type":"Polygon","coordinates":[[[90,0],[100,0],[100,10],[90,10],[90,0]]]},"properties":{"name":"10° Density Cell 0,90","kind":"density-grid","grid_size_degrees":10,"point_count":1,"intensity":0.001253,"networks":{"ipv4":1},"statuses":{"Unknown":1},"countries":{"TH":1},"sanctioned_nodes":0,"policy_restricted_nodes":0,"threat_infrastructure_nodes":0,"stroke":"#c0d674","fill":"#c0d674","opacity":0.08,"marker_ring":false}},{"type":"Feature","id":"node-density-grid-10:10:90","geometry":{"type":"Polygon","coordinates":[[[90,10],[100,10],[100,20],[90,20],[90,10]]]},"properties":{"name":"10° Density Cell 10,90","kind":"density-grid","grid_size_degrees":10,"point_count":1,"intensity":0.001253,"networks":{"ipv4":1},"statuses":{"Unknown":1},"countries":{"TH":1},"sanctioned_nodes":0,"policy_restricted_nodes":0,"threat_infrastructure_nodes":0,"stroke":"#c0d674","fill":"#c0d674","opacity":0.08,"marker_ring":false}},{"type":"Feature","id":"node-density-grid-10:20:-20","geometry":{"type":"Polygon","coordinates":[[[-20,20],[-10,20],[-10,30],[-20,30],[-20,20]]]},"properties":{"name":"10° Density Cell 20,-20","kind":"density-grid","grid_size_degrees":10,"point_count":1,"intensity":0.001253,"networks":{"ipv4":1},"statuses":{"Unknown":1},"countries":{"ES":1},"sanctioned_nodes":0,"policy_restricted_nodes":0,"threat_infrastructure_nodes":0,"stroke":"#c0d674","fill":"#c0d674","opacity":0.08,"marker_ring":false}},{"type":"Feature","id":"node-density-grid-10:20:60","geometry":{"type":"Polygon","coordinates":[[[60,20],[70,20],[70,30],[60,30],[60,20]]]},"properties":{"name":"10° Density Cell 20,60","kind":"density-grid","grid_size_degrees":10,"point_count":1,"intensity":0.001253,"networks":{"ipv4":1},"statuses":{"Unknown":1},"countries":{"PK":1},"sanctioned_nodes":0,"policy_restricted_nodes":0,"threat_infrastructure_nodes":0,"stroke":"#c0d674","fill":"#c0d674","opacity":0.08,"marker_ring":false}},{"type":"Feature","id":"node-density-grid-10:20:90","geometry":{"type":"Polygon","coordinates":[[[90,20],[100,20],[100,30],[90,30],[90,20]]]},"properties":{"name":"10° Density Cell 20,90","kind":"density-grid","grid_size_degrees":10,"point_count":1,"intensity":0.001253,"networks":{"ipv4":1},"statuses":{"Unknown":1},"countries":{"IN":1},"sanctioned_nodes":0,"policy_restricted_nodes":0,"threat_infrastructure_nodes":0,"stroke":"#c0d674","fill":"#c0d674","opacity":0.08,"marker_ring":false}},{"type":"Feature","id":"node-density-grid-10:30:140","geometry":{"type":"Polygon","coordinates":[[[140,30],[150,30],[150,40],[140,40],[140,30]]]},"properties":{"name":"10° Density Cell 30,140","kind":"density-grid","grid_size_degrees":10,"point_count":1,"intensity":0.001253,"networks":{"ipv4":1},"statuses":{"Unknown":1},"countries":{"JP":1},"sanctioned_nodes":0,"policy_restricted_nodes":0,"threat_infrastructure_nodes":0,"stroke":"#c0d674","fill":"#c0d674","opacity":0.08,"marker_ring":false}},{"type":"Feature","id":"node-density-grid-10:40:-60","geometry":{"type":"Polygon","coordinates":[[[-60,40],[-50,40],[-50,50],[-60,50],[-60,40]]]},"properties":{"name":"10° Density Cell 40,-60","kind":"density-grid","grid_size_degrees":10,"point_count":1,"intensity":0.001253,"networks":{"ipv4":1},"statuses":{"Unknown":1},"countries":{"CA":1},"sanctioned_nodes":0,"policy_restricted_nodes":0,"threat_infrastructure_nodes":0,"stroke":"#c0d674","fill":"#c0d674","opacity":0.08,"marker_ring":false}},{"type":"Feature","id":"node-density-grid-10:50:-130","geometry":{"type":"Polygon","coordinates":[[[-130,50],[-120,50],[-120,60],[-130,60],[-130,50]]]},"properties":{"name":"10° Density Cell 50,-130","kind":"density-grid","grid_size_degrees":10,"point_count":1,"intensity":0.001253,"networks":{"ipv4":1},"statuses":{"Unknown":1},"countries":{"CA":1},"sanctioned_nodes":0,"policy_restricted_nodes":0,"threat_infrastructure_nodes":0,"stroke":"#c0d674","fill":"#c0d674","opacity":0.08,"marker_ring":false}},{"type":"Feature","id":"node-density-grid-10:50:-110","geometry":{"type":"Polygon","coordinates":[[[-110,50],[-100,50],[-100,60],[-110,60],[-110,50]]]},"properties":{"name":"10° Density Cell 50,-110","kind":"density-grid","grid_size_degrees":10,"point_count":1,"intensity":0.001253,"networks":{"ipv4":1},"statuses":{"Unknown":1},"countries":{"CA":1},"sanctioned_nodes":0,"policy_restricted_nodes":0,"threat_infrastructure_nodes":0,"stroke":"#c0d674","fill":"#c0d674","opacity":0.08,"marker_ring":false}},{"type":"Feature","id":"node-density-grid-10:50:-100","geometry":{"type":"Polygon","coordinates":[[[-100,50],[-90,50],[-90,60],[-100,60],[-100,50]]]},"properties":{"name":"10° Density Cell 50,-100","kind":"density-grid","grid_size_degrees":10,"point_count":1,"intensity":0.001253,"networks":{"ipv4":1},"statuses":{"Unknown":1},"countries":{"CA":1},"sanctioned_nodes":0,"policy_restricted_nodes":0,"threat_infrastructure_nodes":0,"stroke":"#c0d674","fill":"#c0d674","opacity":0.08,"marker_ring":false}},{"type":"Feature","id":"node-density-grid-10:50:100","geometry":{"type":"Polygon","coordinates":[[[100,50],[110,50],[110,60],[100,60],[100,50]]]},"properties":{"name":"10° Density Cell 50,100","kind":"density-grid","grid_size_degrees":10,"point_count":1,"intensity":0.001253,"networks":{"ipv4":1},"statuses":{"Unknown":1},"countries":{"RU":1},"sanctioned_nodes":0,"policy_restricted_nodes":0,"threat_infrastructure_nodes":0,"stroke":"#c0d674","fill":"#c0d674","opacity":0.08,"marker_ring":false}},{"type":"Feature","id":"node-density-grid-10:50:120","geometry":{"type":"Polygon","coordinates":[[[120,50],[130,50],[130,60],[120,60],[120,50]]]},"properties":{"name":"10° Density Cell 50,120","kind":"density-grid","grid_size_degrees":10,"point_count":1,"intensity":0.001253,"networks":{"ipv4":1},"statuses":{"Unknown":1},"countries":{"RU":1},"sanctioned_nodes":0,"policy_restricted_nodes":0,"threat_infrastructure_nodes":0,"stroke":"#c0d674","fill":"#c0d674","opacity":0.08,"marker_ring":false}},{"type":"Feature","id":"node-density-grid-10:60:-10","geometry":{"type":"Polygon","coordinates":[[[-10,60],[0,60],[0,70],[-10,70],[-10,60]]]},"properties":{"name":"10° Density Cell 60,-10","kind":"density-grid","grid_size_degrees":10,"point_count":1,"intensity":0.001253,"networks":{"ipv4":1},"statuses":{"Unknown":1},"countries":{"FO":1},"sanctioned_nodes":0,"policy_restricted_nodes":0,"threat_infrastructure_nodes":0,"stroke":"#c0d674","fill":"#c0d674","opacity":0.08,"marker_ring":false}},{"type":"Feature","id":"node-density-grid-10:70:20","geometry":{"type":"Polygon","coordinates":[[[20,70],[30,70],[30,80],[20,80],[20,70]]]},"properties":{"name":"10° Density Cell 70,20","kind":"density-grid","grid_size_degrees":10,"point_count":1,"intensity":0.001253,"networks":{"ipv4":1},"statuses":{"Unknown":1},"countries":{"NO":1},"sanctioned_nodes":0,"policy_restricted_nodes":0,"threat_infrastructure_nodes":0,"stroke":"#c0d674","fill":"#c0d674","opacity":0.08,"marker_ring":false}},{"type":"Feature","id":"node-density-grid-5:50:5","geometry":{"type":"Polygon","coordinates":[[[5,50],[10,50],[10,55],[5,55],[5,50]]]},"properties":{"name":"5° Density Cell 50,5","kind":"density-grid","grid_size_degrees":5,"point_count":522,"intensity":1.0,"networks":{"ipv4":522},"statuses":{"duplicate-location":466,"Unknown":56},"countries":{"DE":487,"NL":34,"DK":1},"sanctioned_nodes":0,"policy_restricted_nodes":0,"threat_infrastructure_nodes":0,"stroke":"#c0d674","fill":"#c0d674","opacity":0.55,"marker_ring":false}},{"type":"Feature","id":"node-density-grid-5:50:0","geometry":{"type":"Polygon","coordinates":[[[0,50],[5,50],[5,55],[0,55],[0,50]]]},"properties":{"name":"5° Density Cell 50,0","kind":"density-grid","grid_size_degrees":5,"point_count":271,"intensity":0.519157,"networks":{"ipv4":271},"statuses":{"duplicate-location":241,"Unknown":30},"countries":{"NL":190,"FR":51,"BE":15,"GB":15},"sanctioned_nodes":0,"policy_restricted_nodes":0,"threat_infrastructure_nodes":0,"stroke":"#c0d674","fill":"#c0d674","opacity":0.2855,"marker_ring":false}},{"type":"Feature","id":"node-density-grid-5:50:10","geometry":{"type":"Polygon","coordinates":[[[10,50],[15,50],[15,55],[10,55],[10,50]]]},"properties":{"name":"5° Density Cell 50,10","kind":"density-grid","grid_size_degrees":5,"point_count":264,"intensity":0.505747,"networks":{"ipv4":264},"statuses":{"duplicate-location":240,"Unknown":24},"countries":{"DE":251,"CZ":13},"sanctioned_nodes":0,"policy_restricted_nodes":0,"threat_infrastructure_nodes":0,"stroke":"#c0d674","fill":"#c0d674","opacity":0.2782,"marker_ring":false}},{"type":"Feature","id":"node-density-grid-5:45:-125","geometry":{"type":"Polygon","coordinates":[[[-125,45],[-120,45],[-120,50],[-125,50],[-125,45]]]},"properties":{"name":"5° Density Cell 45,-125","kind":"density-grid","grid_size_degrees":5,"point_count":204,"intensity":0.390805,"networks":{"ipv4":204},"statuses":{"duplicate-location":163,"Unknown":41},"countries":{"US":177,"CA":27},"sanctioned_nodes":0,"policy_restricted_nodes":0,"threat_infrastructure_nodes":0,"stroke":"#c0d674","fill":"#c0d674","opacity":0.2149,"marker_ring":false}},{"type":"Feature","id":"node-density-grid-5:40:-75","geometry":{"type":"Polygon","coordinates":[[[-75,40],[-70,40],[-70,45],[-75,45],[-75,40]]]},"properties":{"name":"5° Density Cell 40,-75","kind":"density-grid","grid_size_degrees":5,"point_count":196,"intensity":0.375479,"networks":{"ipv4":196},"statuses":{"duplicate-location":155,"Unknown":41},"countries":{"US":196},"sanctioned_nodes":0,"policy_restricted_nodes":0,"threat_infrastructure_nodes":0,"stroke":"#c0d674","fill":"#c0d674","opacity":0.2065,"marker_ring":false}},{"type":"Feature","id":"node-density-grid-5:30:-120","geometry":{"type":"Polygon","coordinates":[[[-120,30],[-115,30],[-115,35],[-120,35],[-120,30]]]},"properties":{"name":"5° Density Cell 30,-120","kind":"density-grid","grid_size_degrees":5,"point_count":193,"intensity":0.369732,"networks":{"ipv4":193},"statuses":{"duplicate-location":155,"Unknown":38},"countries":{"US":193},"sanctioned_nodes":0,"policy_restricted_nodes":0,"threat_infrastructure_nodes":0,"stroke":"#c0d674","fill":"#c0d674","opacity":0.2034,"marker_ring":false}},{"type":"Feature","id":"node-density-grid-5:35:-80","geometry":{"type":"Polygon","coordinates":[[[-80,35],[-75,35],[-75,40],[-80,40],[-80,35]]]},"properties":{"name":"5° Density Cell 35,-80","kind":"density-grid","grid_size_degrees":5,"point_count":193,"intensity":0.369732,"networks":{"ipv4":193},"statuses":{"duplicate-location":166,"Unknown":27},"countries":{"US":193},"sanctioned_nodes":0,"policy_restricted_nodes":0,"threat_infrastructure_nodes":0,"stroke":"#c0d674","fill":"#c0d674","opacity":0.2034,"marker_ring":false}},{"type":"Feature","id":"node-density-grid-5:45:5","geometry":{"type":"Polygon","coordinates":[[[5,45],[10,45],[10,50],[5,50],[5,45]]]},"properties":{"name":"5° Density Cell 45,5","kind":"density-grid","grid_size_degrees":5,"point_count":171,"intensity":0.327586,"networks":{"ipv4":171},"statuses":{"duplicate-location":90,"Unknown":81},"countries":{"CH":105,"DE":33,"IT":22,"FR":4,"LI":3,"AT":2,"LU":2},"sanctioned_nodes":0,"policy_restricted_nodes":0,"threat_infrastructure_nodes":0,"stroke":"#c0d674","fill":"#c0d674","opacity":0.1802,"marker_ring":false}},{"type":"Feature","id":"node-density-grid-5:50:-5","geometry":{"type":"Polygon","coordinates":[[[-5,50],[0,50],[0,55],[-5,55],[-5,50]]]},"properties":{"name":"5° Density Cell 50,-5","kind":"density-grid","grid_size_degrees":5,"point_count":159,"intensity":0.304598,"networks":{"ipv4":159},"statuses":{"duplicate-location":110,"Unknown":49},"countries":{"GB":159},"sanctioned_nodes":0,"policy_restricted_nodes":0,"threat_infrastructure_nodes":0,"stroke":"#c0d674","fill":"#c0d674","opacity":0.1675,"marker_ring":false}},{"type":"Feature","id":"node-density-grid-5:30:-100","geometry":{"type":"Polygon","coordinates":[[[-100,30],[-95,30],[-95,35],[-100,35],[-100,30]]]},"properties":{"name":"5° Density Cell 30,-100","kind":"density-grid","grid_size_degrees":5,"point_count":149,"intensity":0.285441,"networks":{"ipv4":149},"statuses":{"duplicate-location":119,"Unknown":30},"countries":{"US":149},"sanctioned_nodes":0,"policy_restricted_nodes":0,"threat_infrastructure_nodes":0,"stroke":"#c0d674","fill":"#c0d674","opacity":0.157,"marker_ring":false}},{"type":"Feature","id":"node-density-grid-5:40:-90","geometry":{"type":"Polygon","coordinates":[[[-90,40],[-85,40],[-85,45],[-90,45],[-90,40]]]},"properties":{"name":"5° Density Cell 40,-90","kind":"density-grid","grid_size_degrees":5,"point_count":149,"intensity":0.285441,"networks":{"ipv4":149},"statuses":{"duplicate-location":105,"Unknown":44},"countries":{"US":149},"sanctioned_nodes":0,"policy_restricted_nodes":0,"threat_infrastructure_nodes":0,"stroke":"#c0d674","fill":"#c0d674","opacity":0.157,"marker_ring":false}},{"type":"Feature","id":"node-density-grid-5:45:10","geometry":{"type":"Polygon","coordinates":[[[10,45],[15,45],[15,50],[10,50],[10,45]]]},"properties":{"name":"5° Density Cell 45,10","kind":"density-grid","grid_size_degrees":5,"point_count":146,"intensity":0.279693,"networks":{"ipv4":146},"statuses":{"duplicate-location":119,"Unknown":27},"countries":{"DE":124,"AT":9,"CZ":5,"SI":5,"IT":2,"CH":1},"sanctioned_nodes":0,"policy_restricted_nodes":0,"threat_infrastructure_nodes":0,"stroke":"#c0d674","fill":"#c0d674","opacity":0.1538,"marker_ring":false}},{"type":"Feature","id":"node-density-grid-5:40:-80","geometry":{"type":"Polygon","coordinates":[[[-80,40],[-75,40],[-75,45],[-80,45],[-80,40]]]},"properties":{"name":"5° Density Cell 40,-80","kind":"density-grid","grid_size_degrees":5,"point_count":127,"intensity":0.243295,"networks":{"ipv4":127},"statuses":{"duplicate-location":104,"Unknown":23},"countries":{"CA":100,"US":27},"sanctioned_nodes":0,"policy_restricted_nodes":0,"threat_infrastructure_nodes":0,"stroke":"#c0d674","fill":"#c0d674","opacity":0.1338,"marker_ring":false}},{"type":"Feature","id":"node-density-grid-5:0:100","geometry":{"type":"Polygon","coordinates":[[[100,0],[105,0],[105,5],[100,5],[100,0]]]},"properties":{"name":"5° Density Cell 0,100","kind":"density-grid","grid_size_degrees":5,"point_count":125,"intensity":0.239464,"networks":{"ipv4":125},"statuses":{"duplicate-location":112,"Unknown":13},"countries":{"SG":120,"MY":5},"sanctioned_nodes":0,"policy_restricted_nodes":0,"threat_infrastructure_nodes":0,"stroke":"#c0d674","fill":"#c0d674","opacity":0.1317,"marker_ring":false}},{"type":"Feature","id":"node-density-grid-5:45:-75","geometry":{"type":"Polygon","coordinates":[[[-75,45],[-70,45],[-70,50],[-75,50],[-75,45]]]},"properties":{"name":"5° Density Cell 45,-75","kind":"density-grid","grid_size_degrees":5,"point_count":109,"intensity":0.208812,"networks":{"ipv4":109},"statuses":{"duplicate-location":89,"Unknown":20},"countries":{"CA":109},"sanctioned_nodes":0,"policy_restricted_nodes":0,"threat_infrastructure_nodes":0,"stroke":"#c0d674","fill":"#c0d674","opacity":0.1148,"marker_ring":false}},{"type":"Feature","id":"node-density-grid-5:35:125","geometry":{"type":"Polygon","coordinates":[[[125,35],[130,35],[130,40],[125,40],[125,35]]]},"properties":{"name":"5° Density Cell 35,125","kind":"density-grid","grid_size_degrees":5,"point_count":107,"intensity":0.204981,"networks":{"ipv4":107},"statuses":{"duplicate-location":91,"Unknown":16},"countries":{"KR":107},"sanctioned_nodes":0,"policy_restricted_nodes":0,"threat_infrastructure_nodes":0,"stroke":"#c0d674","fill":"#c0d674","opacity":0.1127,"marker_ring":false}},{"type":"Feature","id":"node-density-grid-5:35:-125","geometry":{"type":"Polygon","coordinates":[[[-125,35],[-120,35],[-120,40],[-125,40],[-125,35]]]},"properties":{"name":"5° Density Cell 35,-125","kind":"density-grid","grid_size_degrees":5,"point_count":78,"intensity":0.149425,"networks":{"ipv4":78},"statuses":{"duplicate-location":55,"Unknown":23},"countries":{"US":78},"sanctioned_nodes":0,"policy_restricted_nodes":0,"threat_infrastructure_nodes":0,"stroke":"#c0d674","fill":"#c0d674","opacity":0.0822,"marker_ring":false}},{"type":"Feature","id":"node-density-grid-5:45:0","geometry":{"type":"Polygon","coordinates":[[[0,45],[5,45],[5,50],[0,50],[0,45]]]},"properties":{"name":"5° Density Cell 45,0","kind":"density-grid","grid_size_degrees":5,"point_count":74,"intensity":0.141762,"networks":{"ipv4":74},"statuses":{"duplicate-location":63,"Unknown":11},"countries":{"FR":74},"sanctioned_nodes":0,"policy_restricted_nodes":0,"threat_infrastructure_nodes":0,"stroke":"#c0d674","fill":"#c0d674","opacity":0.08,"marker_ring":false}},{"type":"Feature","id":"node-density-grid-5:35:135","geometry":{"type":"Polygon","coordinates":[[[135,35],[140,35],[140,40],[135,40],[135,35]]]},"properties":{"name":"5° Density Cell 35,135","kind":"density-grid","grid_size_degrees":5,"point_count":72,"intensity":0.137931,"networks":{"ipv4":72},"statuses":{"duplicate-location":60,"Unknown":12},"countries":{"JP":72},"sanctioned_nodes":0,"policy_restricted_nodes":0,"threat_infrastructure_nodes":0,"stroke":"#c0d674","fill":"#c0d674","opacity":0.08,"marker_ring":false}},{"type":"Feature","id":"node-density-grid-5:60:20","geometry":{"type":"Polygon","coordinates":[[[20,60],[25,60],[25,65],[20,65],[20,60]]]},"properties":{"name":"5° Density Cell 60,20","kind":"density-grid","grid_size_degrees":5,"point_count":70,"intensity":0.1341,"networks":{"ipv4":70},"statuses":{"duplicate-location":62,"Unknown":8},"countries":{"FI":68,"SE":2},"sanctioned_nodes":0,"policy_restricted_nodes":0,"threat_infrastructure_nodes":0,"stroke":"#c0d674","fill":"#c0d674","opacity":0.08,"marker_ring":false}},{"type":"Feature","id":"node-density-grid-5:-35:150","geometry":{"type":"Polygon","coordinates":[[[150,-35],[155,-35],[155,-30],[150,-30],[150,-35]]]},"properties":{"name":"5° Density Cell -35,150","kind":"density-grid","grid_size_degrees":5,"point_count":66,"intensity":0.126437,"networks":{"ipv4":66},"statuses":{"duplicate-location":54,"Unknown":12},"countries":{"AU":66},"sanctioned_nodes":0,"policy_restricted_nodes":0,"threat_infrastructure_nodes":0,"stroke":"#c0d674","fill":"#c0d674","opacity":0.08,"marker_ring":false}},{"type":"Feature","id":"node-density-grid-5:20:110","geometry":{"type":"Polygon","coordinates":[[[110,20],[115,20],[115,25],[110,25],[110,20]]]},"properties":{"name":"5° Density Cell 20,110","kind":"density-grid","grid_size_degrees":5,"point_count":60,"intensity":0.114943,"networks":{"ipv4":60},"statuses":{"duplicate-location":51,"Unknown":9},"countries":{"HK":58,"CN":2},"sanctioned_nodes":0,"policy_restricted_nodes":0,"threat_infrastructure_nodes":0,"stroke":"#c0d674","fill":"#c0d674","opacity":0.08,"marker_ring":false}},{"type":"Feature","id":"node-density-grid-5:25:-85","geometry":{"type":"Polygon","coordinates":[[[-85,25],[-80,25],[-80,30],[-85,30],[-85,25]]]},"properties":{"name":"5° Density Cell 25,-85","kind":"density-grid","grid_size_degrees":5,"point_count":57,"intensity":0.109195,"networks":{"ipv4":57},"statuses":{"Unknown":44,"duplicate-location":13},"countries":{"US":57},"sanctioned_nodes":0,"policy_restricted_nodes":0,"threat_infrastructure_nodes":0,"stroke":"#c0d674","fill":"#c0d674","opacity":0.08,"marker_ring":false}},{"type":"Feature","id":"node-density-grid-5:30:-85","geometry":{"type":"Polygon","coordinates":[[[-85,30],[-80,30],[-80,35],[-85,35],[-85,30]]]},"properties":{"name":"5° Density Cell 30,-85","kind":"density-grid","grid_size_degrees":5,"point_count":55,"intensity":0.105364,"networks":{"ipv4":55},"statuses":{"duplicate-location":30,"Unknown":25},"countries":{"US":55},"sanctioned_nodes":0,"policy_restricted_nodes":0,"threat_infrastructure_nodes":0,"stroke":"#c0d674","fill":"#c0d674","opacity":0.08,"marker_ring":false}},{"type":"Feature","id":"node-density-grid-5:40:-85","geometry":{"type":"Polygon","coordinates":[[[-85,40],[-80,40],[-80,45],[-85,45],[-85,40]]]},"properties":{"name":"5° Density Cell 40,-85","kind":"density-grid","grid_size_degrees":5,"point_count":55,"intensity":0.105364,"networks":{"ipv4":55},"statuses":{"Unknown":33,"duplicate-location":22},"countries":{"US":45,"CA":10},"sanctioned_nodes":0,"policy_restricted_nodes":0,"threat_infrastructure_nodes":0,"stroke":"#c0d674","fill":"#c0d674","opacity":0.08,"marker_ring":false}},{"type":"Feature","id":"node-density-grid-5:35:-95","geometry":{"type":"Polygon","coordinates":[[[-95,35],[-90,35],[-90,40],[-95,40],[-95,35]]]},"properties":{"name":"5° Density Cell 35,-95","kind":"density-grid","grid_size_degrees":5,"point_count":54,"intensity":0.103448,"networks":{"ipv4":54},"statuses":{"duplicate-location":36,"Unknown":18},"countries":{"US":54},"sanctioned_nodes":0,"policy_restricted_nodes":0,"threat_infrastructure_nodes":0,"stroke":"#c0d674","fill":"#c0d674","opacity":0.08,"marker_ring":false}},{"type":"Feature","id":"node-density-grid-5:40:-115","geometry":{"type":"Polygon","coordinates":[[[-115,40],[-110,40],[-110,45],[-115,45],[-115,40]]]},"properties":{"name":"5° Density Cell 40,-115","kind":"density-grid","grid_size_degrees":5,"point_count":50,"intensity":0.095785,"networks":{"ipv4":50},"statuses":{"duplicate-location":38,"Unknown":12},"countries":{"US":50},"sanctioned_nodes":0,"policy_restricted_nodes":0,"threat_infrastructure_nodes":0,"stroke":"#c0d674","fill":"#c0d674","opacity":0.08,"marker_ring":false}},{"type":"Feature","id":"node-density-grid-5:55:15","geometry":{"type":"Polygon","coordinates":[[[15,55],[20,55],[20,60],[15,60],[15,55]]]},"properties":{"name":"5° Density Cell 55,15","kind":"density-grid","grid_size_degrees":5,"point_count":46,"intensity":0.088123,"networks":{"ipv4":46},"statuses":{"duplicate-location":31,"Unknown":15},"countries":{"SE":46},"sanctioned_nodes":0,"policy_restricted_nodes":0,"threat_infrastructure_nodes":0,"stroke":"#c0d674","fill":"#c0d674","opacity":0.08,"marker_ring":false}},{"type":"Feature","id":"node-density-grid-5:35:-85","geometry":{"type":"Polygon","coordinates":[[[-85,35],[-80,35],[-80,40],[-85,40],[-85,35]]]},"properties":{"name":"5° Density Cell 35,-85","kind":"density-grid","grid_size_degrees":5,"point_count":42,"intensity":0.08046,"networks":{"ipv4":42},"statuses":{"Unknown":26,"duplicate-location":16},"countries":{"US":42},"sanctioned_nodes":0,"policy_restricted_nodes":0,"threat_infrastructure_nodes":0,"stroke":"#c0d674","fill":"#c0d674","opacity":0.08,"marker_ring":false}},{"type":"Feature","id":"node-density-grid-5:45:15","geometry":{"type":"Polygon","coordinates":[[[15,45],[20,45],[20,50],[15,50],[15,45]]]},"properties":{"name":"5° Density Cell 45,15","kind":"density-grid","grid_size_degrees":5,"point_count":42,"intensity":0.08046,"networks":{"ipv4":42},"statuses":{"Unknown":28,"duplicate-location":14},"countries":{"AT":16,"CZ":10,"HU":10,"SK":4,"HR":2},"sanctioned_nodes":0,"policy_restricted_nodes":0,"threat_infrastructure_nodes":0,"stroke":"#c0d674","fill":"#c0d674","opacity":0.08,"marker_ring":false}},{"type":"Feature","id":"node-density-grid-5:-40:140","geometry":{"type":"Polygon","coordinates":[[[140,-40],[145,-40],[145,-35],[140,-35],[140,-40]]]},"properties":{"name":"5° Density Cell -40,140","kind":"density-grid","grid_size_degrees":5,"point_count":34,"intensity":0.065134,"networks":{"ipv4":34},"statuses":{"duplicate-location":25,"Unknown":9},"countries":{"AU":34},"sanctioned_nodes":0,"policy_restricted_nodes":0,"threat_infrastructure_nodes":0,"stroke":"#c0d674","fill":"#c0d674","opacity":0.08,"marker_ring":false}},{"type":"Feature","id":"node-density-grid-5:55:35","geometry":{"type":"Polygon","coordinates":[[[35,55],[40,55],[40,60],[35,60],[35,55]]]},"properties":{"name":"5° Density Cell 55,35","kind":"density-grid","grid_size_degrees":5,"point_count":34,"intensity":0.065134,"networks":{"ipv4":34},"statuses":{"duplicate-location":20,"Unknown":14},"countries":{"RU":34},"sanctioned_nodes":0,"policy_restricted_nodes":0,"threat_infrastructure_nodes":0,"stroke":"#c0d674","fill":"#c0d674","opacity":0.08,"marker_ring":false}},{"type":"Feature","id":"node-density-grid-5:-25:-50","geometry":{"type":"Polygon","coordinates":[[[-50,-25],[-45,-25],[-45,-20],[-50,-20],[-50,-25]]]},"properties":{"name":"5° Density Cell -25,-50","kind":"density-grid","grid_size_degrees":5,"point_count":29,"intensity":0.055556,"networks":{"ipv4":29},"statuses":{"duplicate-location":19,"Unknown":10},"countries":{"BR":29},"sanctioned_nodes":0,"policy_restricted_nodes":0,"threat_infrastructure_nodes":0,"stroke":"#c0d674","fill":"#c0d674","opacity":0.08,"marker_ring":false}},{"type":"Feature","id":"node-density-grid-5:40:-95","geometry":{"type":"Polygon","coordinates":[[[-95,40],[-90,40],[-90,45],[-95,45],[-95,40]]]},"properties":{"name":"5° Density Cell 40,-95","kind":"density-grid","grid_size_degrees":5,"point_count":27,"intensity":0.051724,"networks":{"ipv4":27},"statuses":{"Unknown":16,"duplicate-location":11},"countries":{"US":27},"sanctioned_nodes":0,"policy_restricted_nodes":0,"threat_infrastructure_nodes":0,"stroke":"#c0d674","fill":"#c0d674","opacity":0.08,"marker_ring":false}},{"type":"Feature","id":"node-density-grid-5:35:-120","geometry":{"type":"Polygon","coordinates":[[[-120,35],[-115,35],[-115,40],[-120,40],[-120,35]]]},"properties":{"name":"5° Density Cell 35,-120","kind":"density-grid","grid_size_degrees":5,"point_count":26,"intensity":0.049808,"networks":{"ipv4":26},"statuses":{"duplicate-location":18,"Unknown":8},"countries":{"US":26},"sanctioned_nodes":0,"policy_restricted_nodes":0,"threat_infrastructure_nodes":0,"stroke":"#c0d674","fill":"#c0d674","opacity":0.08,"marker_ring":false}},{"type":"Feature","id":"node-density-grid-5:50:-115","geometry":{"type":"Polygon","coordinates":[[[-115,50],[-110,50],[-110,55],[-115,55],[-115,50]]]},"properties":{"name":"5° Density Cell 50,-115","kind":"density-grid","grid_size_degrees":5,"point_count":25,"intensity":0.047893,"networks":{"ipv4":25},"statuses":{"duplicate-location":13,"Unknown":12},"countries":{"CA":25},"sanctioned_nodes":0,"policy_restricted_nodes":0,"threat_infrastructure_nodes":0,"stroke":"#c0d674","fill":"#c0d674","opacity":0.08,"marker_ring":false}},{"type":"Feature","id":"node-density-grid-5:-30:150","geometry":{"type":"Polygon","coordinates":[[[150,-30],[155,-30],[155,-25],[150,-25],[150,-30]]]},"properties":{"name":"5° Density Cell -30,150","kind":"density-grid","grid_size_degrees":5,"point_count":23,"intensity":0.044061,"networks":{"ipv4":23},"statuses":{"duplicate-location":17,"Unknown":6},"countries":{"AU":23},"sanctioned_nodes":0,"policy_restricted_nodes":0,"threat_infrastructure_nodes":0,"stroke":"#c0d674","fill":"#c0d674","opacity":0.08,"marker_ring":false}},{"type":"Feature","id":"node-density-grid-5:40:-100","geometry":{"type":"Polygon","coordinates":[[[-100,40],[-95,40],[-95,45],[-100,45],[-100,40]]]},"properties":{"name":"5° Density Cell 40,-100","kind":"density-grid","grid_size_degrees":5,"point_count":23,"intensity":0.044061,"networks":{"ipv4":23},"statuses":{"duplicate-location":20,"Unknown":3},"countries":{"US":23},"sanctioned_nodes":0,"policy_restricted_nodes":0,"threat_infrastructure_nodes":0,"stroke":"#c0d674","fill":"#c0d674","opacity":0.08,"marker_ring":false}},{"type":"Feature","id":"node-density-grid-5:55:10","geometry":{"type":"Polygon","coordinates":[[[10,55],[15,55],[15,60],[10,60],[10,55]]]},"properties":{"name":"5° Density Cell 55,10","kind":"density-grid","grid_size_degrees":5,"point_count":23,"intensity":0.044061,"networks":{"ipv4":23},"statuses":{"Unknown":16,"duplicate-location":7},"countries":{"SE":12,"NO":7,"DK":4},"sanctioned_nodes":0,"policy_restricted_nodes":0,"threat_infrastructure_nodes":0,"stroke":"#c0d674","fill":"#c0d674","opacity":0.08,"marker_ring":false}},{"type":"Feature","id":"node-density-grid-5:25:-100","geometry":{"type":"Polygon","coordinates":[[[-100,25],[-95,25],[-95,30],[-100,30],[-100,25]]]},"properties":{"name":"5° Density Cell 25,-100","kind":"density-grid","grid_size_degrees":5,"point_count":22,"intensity":0.042146,"networks":{"ipv4":22},"statuses":{"Unknown":11,"duplicate-location":11},"countries":{"US":22},"sanctioned_nodes":0,"policy_restricted_nodes":0,"threat_infrastructure_nodes":0,"stroke":"#c0d674","fill":"#c0d674","opacity":0.08,"marker_ring":false}},{"type":"Feature","id":"node-density-grid-5:30:135","geometry":{"type":"Polygon","coordinates":[[[135,30],[140,30],[140,35],[135,35],[135,30]]]},"properties":{"name":"5° Density Cell 30,135","kind":"density-grid","grid_size_degrees":5,"point_count":20,"intensity":0.038314,"networks":{"ipv4":20},"statuses":{"duplicate-location":19,"Unknown":1},"countries":{"JP":20},"sanctioned_nodes":0,"policy_restricted_nodes":0,"threat_infrastructure_nodes":0,"stroke":"#c0d674","fill":"#c0d674","opacity":0.08,"marker_ring":false}},{"type":"Feature","id":"node-density-grid-5:30:-115","geometry":{"type":"Polygon","coordinates":[[[-115,30],[-110,30],[-110,35],[-115,35],[-115,30]]]},"properties":{"name":"5° Density Cell 30,-115","kind":"density-grid","grid_size_degrees":5,"point_count":19,"intensity":0.036398,"networks":{"ipv4":19},"statuses":{"duplicate-location":14,"Unknown":5},"countries":{"US":19},"sanctioned_nodes":0,"policy_restricted_nodes":0,"threat_infrastructure_nodes":0,"stroke":"#c0d674","fill":"#c0d674","opacity":0.08,"marker_ring":false}},{"type":"Feature","id":"node-density-grid-5:45:-120","geometry":{"type":"Polygon","coordinates":[[[-120,45],[-115,45],[-115,50],[-120,50],[-120,45]]]},"properties":{"name":"5° Density Cell 45,-120","kind":"density-grid","grid_size_degrees":5,"point_count":19,"intensity":0.036398,"networks":{"ipv4":19},"statuses":{"duplicate-location":14,"Unknown":5},"countries":{"US":17,"CA":2},"sanctioned_nodes":0,"policy_restricted_nodes":0,"threat_infrastructure_nodes":0,"stroke":"#c0d674","fill":"#c0d674","opacity":0.08,"marker_ring":false}},{"type":"Feature","id":"node-density-grid-5:35:-105","geometry":{"type":"Polygon","coordinates":[[[-105,35],[-100,35],[-100,40],[-105,40],[-105,35]]]},"properties":{"name":"5° Density Cell 35,-105","kind":"density-grid","grid_size_degrees":5,"point_count":18,"intensity":0.034483,"networks":{"ipv4":18},"statuses":{"Unknown":9,"duplicate-location":9},"countries":{"US":18},"sanctioned_nodes":0,"policy_restricted_nodes":0,"threat_infrastructure_nodes":0,"stroke":"#c0d674","fill":"#c0d674","opacity":0.08,"marker_ring":false}},{"type":"Feature","id":"node-density-grid-5:-40:170","geometry":{"type":"Polygon","coordinates":[[[170,-40],[175,-40],[175,-35],[170,-35],[170,-40]]]},"properties":{"name":"5° Density Cell -40,170","kind":"density-grid","grid_size_degrees":5,"point_count":17,"intensity":0.032567,"networks":{"ipv4":17},"statuses":{"Unknown":9,"duplicate-location":8},"countries":{"NZ":17},"sanctioned_nodes":0,"policy_restricted_nodes":0,"threat_infrastructure_nodes":0,"stroke":"#c0d674","fill":"#c0d674","opacity":0.08,"marker_ring":false}},{"type":"Feature","id":"node-density-grid-5:25:120","geometry":{"type":"Polygon","coordinates":[[[120,25],[125,25],[125,30],[120,30],[120,25]]]},"properties":{"name":"5° Density Cell 25,120","kind":"density-grid","grid_size_degrees":5,"point_count":17,"intensity":0.032567,"networks":{"ipv4":17},"statuses":{"duplicate-location":16,"Unknown":1},"countries":{"TW":16,"CN":1},"sanctioned_nodes":0,"policy_restricted_nodes":0,"threat_infrastructure_nodes":0,"stroke":"#c0d674","fill":"#c0d674","opacity":0.08,"marker_ring":false}},{"type":"Feature","id":"node-density-grid-5:30:-90","geometry":{"type":"Polygon","coordinates":[[[-90,30],[-85,30],[-85,35],[-90,35],[-90,30]]]},"properties":{"name":"5° Density Cell 30,-90","kind":"density-grid","grid_size_degrees":5,"point_count":17,"intensity":0.032567,"networks":{"ipv4":17},"statuses":{"Unknown":15,"duplicate-location":2},"countries":{"US":17},"sanctioned_nodes":0,"policy_restricted_nodes":0,"threat_infrastructure_nodes":0,"stroke":"#c0d674","fill":"#c0d674","opacity":0.08,"marker_ring":false}},{"type":"Feature","id":"node-density-grid-5:40:0","geometry":{"type":"Polygon","coordinates":[[[0,40],[5,40],[5,45],[0,45],[0,40]]]},"properties":{"name":"5° Density Cell 40,0","kind":"density-grid","grid_size_degrees":5,"point_count":17,"intensity":0.032567,"networks":{"ipv4":17},"statuses":{"duplicate-location":12,"Unknown":5},"countries":{"FR":13,"ES":3,"AD":1},"sanctioned_nodes":0,"policy_restricted_nodes":0,"threat_infrastructure_nodes":0,"stroke":"#c0d674","fill":"#c0d674","opacity":0.08,"marker_ring":false}},{"type":"Feature","id":"node-density-grid-5:40:20","geometry":{"type":"Polygon","coordinates":[[[20,40],[25,40],[25,45],[20,45],[20,40]]]},"properties":{"name":"5° Density Cell 40,20","kind":"density-grid","grid_size_degrees":5,"point_count":17,"intensity":0.032567,"networks":{"ipv4":17},"statuses":{"duplicate-location":9,"Unknown":8},"countries":{"BG":16,"GR":1},"sanctioned_nodes":0,"policy_restricted_nodes":0,"threat_infrastructure_nodes":0,"stroke":"#c0d674","fill":"#c0d674","opacity":0.08,"marker_ring":false}},{"type":"Feature","id":"node-density-grid-5:40:25","geometry":{"type":"Polygon","coordinates":[[[25,40],[30,40],[30,45],[25,45],[25,40]]]},"properties":{"name":"5° Density Cell 40,25","kind":"density-grid","grid_size_degrees":5,"point_count":17,"intensity":0.032567,"networks":{"ipv4":17},"statuses":{"duplicate-location":13,"Unknown":4},"countries":{"RO":9,"BG":4,"TR":4},"sanctioned_nodes":0,"policy_restricted_nodes":0,"threat_infrastructure_nodes":0,"stroke":"#c0d674","fill":"#c0d674","opacity":0.08,"marker_ring":false}},{"type":"Feature","id":"node-density-grid-5:50:-10","geometry":{"type":"Polygon","coordinates":[[[-10,50],[-5,50],[-5,55],[-10,55],[-10,50]]]},"properties":{"name":"5° Density Cell 50,-10","kind":"density-grid","grid_size_degrees":5,"point_count":17,"intensity":0.032567,"networks":{"ipv4":17},"statuses":{"duplicate-location":11,"Unknown":6},"countries":{"IE":17},"sanctioned_nodes":0,"policy_restricted_nodes":0,"threat_infrastructure_nodes":0,"stroke":"#c0d674","fill":"#c0d674","opacity":0.08,"marker_ring":false}},{"type":"Feature","id":"node-density-grid-5:15:70","geometry":{"type":"Polygon","coordinates":[[[70,15],[75,15],[75,20],[70,20],[70,15]]]},"properties":{"name":"5° Density Cell 15,70","kind":"density-grid","grid_size_degrees":5,"point_count":16,"intensity":0.030651,"networks":{"ipv4":16},"statuses":{"duplicate-location":15,"Unknown":1},"countries":{"IN":16},"sanctioned_nodes":0,"policy_restricted_nodes":0,"threat_infrastructure_nodes":0,"stroke":"#c0d674","fill":"#c0d674","opacity":0.08,"marker_ring":false}},{"type":"Feature","id":"node-density-grid-5:35:-90","geometry":{"type":"Polygon","coordinates":[[[-90,35],[-85,35],[-85,40],[-90,40],[-90,35]]]},"properties":{"name":"5° Density Cell 35,-90","kind":"density-grid","grid_size_degrees":5,"point_count":16,"intensity":0.030651,"networks":{"ipv4":16},"statuses":{"Unknown":16},"countries":{"US":16},"sanctioned_nodes":0,"policy_restricted_nodes":0,"threat_infrastructure_nodes":0,"stroke":"#c0d674","fill":"#c0d674","opacity":0.08,"marker_ring":false}},{"type":"Feature","id":"node-density-grid-5:10:100","geometry":{"type":"Polygon","coordinates":[[[100,10],[105,10],[105,15],[100,15],[100,10]]]},"properties":{"name":"5° Density Cell 10,100","kind":"density-grid","grid_size_degrees":5,"point_count":15,"intensity":0.028736,"networks":{"ipv4":15},"statuses":{"Unknown":11,"duplicate-location":4},"countries":{"TH":13,"KH":2},"sanctioned_nodes":0,"policy_restricted_nodes":0,"threat_infrastructure_nodes":0,"stroke":"#c0d674","fill":"#c0d674","opacity":0.08,"marker_ring":false}},{"type":"Feature","id":"node-density-grid-5:35:-110","geometry":{"type":"Polygon","coordinates":[[[-110,35],[-105,35],[-105,40],[-110,40],[-110,35]]]},"properties":{"name":"5° Density Cell 35,-110","kind":"density-grid","grid_size_degrees":5,"point_count":15,"intensity":0.028736,"networks":{"ipv4":15},"statuses":{"duplicate-location":9,"Unknown":6},"countries":{"US":15},"sanctioned_nodes":0,"policy_restricted_nodes":0,"threat_infrastructure_nodes":0,"stroke":"#c0d674","fill":"#c0d674","opacity":0.08,"marker_ring":false}},{"type":"Feature","id":"node-density-grid-5:50:30","geometry":{"type":"Polygon","coordinates":[[[30,50],[35,50],[35,55],[30,55],[30,50]]]},"properties":{"name":"5° Density Cell 50,30","kind":"density-grid","grid_size_degrees":5,"point_count":15,"intensity":0.028736,"networks":{"ipv4":15},"statuses":{"duplicate-location":8,"Unknown":7},"countries":{"UA":12,"BY":2,"RU":1},"sanctioned_nodes":0,"policy_restricted_nodes":0,"threat_infrastructure_nodes":0,"stroke":"#c0d674","fill":"#c0d674","opacity":0.08,"marker_ring":false}},{"type":"Feature","id":"node-density-grid-5:50:15","geometry":{"type":"Polygon","coordinates":[[[15,50],[20,50],[20,55],[15,55],[15,50]]]},"properties":{"name":"5° Density Cell 50,15","kind":"density-grid","grid_size_degrees":5,"point_count":14,"intensity":0.02682,"networks":{"ipv4":14},"statuses":{"Unknown":12,"duplicate-location":2},"countries":{"PL":10,"CZ":4},"sanctioned_nodes":0,"policy_restricted_nodes":0,"threat_infrastructure_nodes":0,"stroke":"#c0d674","fill":"#c0d674","opacity":0.08,"marker_ring":false}},{"type":"Feature","id":"node-density-grid-5:35:-100","geometry":{"type":"Polygon","coordinates":[[[-100,35],[-95,35],[-95,40],[-100,40],[-100,35]]]},"properties":{"name":"5° Density Cell 35,-100","kind":"density-grid","grid_size_degrees":5,"point_count":13,"intensity":0.024904,"networks":{"ipv4":13},"statuses":{"Unknown":11,"duplicate-location":2},"countries":{"US":13},"sanctioned_nodes":0,"policy_restricted_nodes":0,"threat_infrastructure_nodes":0,"stroke":"#c0d674","fill":"#c0d674","opacity":0.08,"marker_ring":false}},{"type":"Feature","id":"node-density-grid-5:55:30","geometry":{"type":"Polygon","coordinates":[[[30,55],[35,55],[35,60],[30,60],[30,55]]]},"properties":{"name":"5° Density Cell 55,30","kind":"density-grid","grid_size_degrees":5,"point_count":13,"intensity":0.024904,"networks":{"ipv4":13},"statuses":{"duplicate-location":11,"Unknown":2},"countries":{"RU":13},"sanctioned_nodes":0,"policy_restricted_nodes":0,"threat_infrastructure_nodes":0,"stroke":"#c0d674","fill":"#c0d674","opacity":0.08,"marker_ring":false}},{"type":"Feature","id":"node-density-grid-5:-40:145","geometry":{"type":"Polygon","coordinates":[[[145,-40],[150,-40],[150,-35],[145,-35],[145,-40]]]},"properties":{"name":"5° Density Cell -40,145","kind":"density-grid","grid_size_degrees":5,"point_count":12,"intensity":0.022989,"networks":{"ipv4":12},"statuses":{"Unknown":8,"duplicate-location":4},"countries":{"AU":12},"sanctioned_nodes":0,"policy_restricted_nodes":0,"threat_infrastructure_nodes":0,"stroke":"#c0d674","fill":"#c0d674","opacity":0.08,"marker_ring":false}},{"type":"Feature","id":"node-density-grid-5:40:-5","geometry":{"type":"Polygon","coordinates":[[[-5,40],[0,40],[0,45],[-5,45],[-5,40]]]},"properties":{"name":"5° Density Cell 40,-5","kind":"density-grid","grid_size_degrees":5,"point_count":12,"intensity":0.022989,"networks":{"ipv4":12},"statuses":{"Unknown":8,"duplicate-location":4},"countries":{"ES":12},"sanctioned_nodes":0,"policy_restricted_nodes":0,"threat_infrastructure_nodes":0,"stroke":"#c0d674","fill":"#c0d674","opacity":0.08,"marker_ring":false}},{"type":"Feature","id":"node-density-grid-5:40:10","geometry":{"type":"Polygon","coordinates":[[[10,40],[15,40],[15,45],[10,45],[10,40]]]},"properties":{"name":"5° Density Cell 40,10","kind":"density-grid","grid_size_degrees":5,"point_count":12,"intensity":0.022989,"networks":{"ipv4":12},"statuses":{"Unknown":10,"duplicate-location":2},"countries":{"IT":12},"sanctioned_nodes":0,"policy_restricted_nodes":0,"threat_infrastructure_nodes":0,"stroke":"#c0d674","fill":"#c0d674","opacity":0.08,"marker_ring":false}},{"type":"Feature","id":"node-density-grid-5:45:-5","geometry":{"type":"Polygon","coordinates":[[[-5,45],[0,45],[0,50],[-5,50],[-5,45]]]},"properties":{"name":"5° Density Cell 45,-5","kind":"density-grid","grid_size_degrees":5,"point_count":12,"intensity":0.022989,"networks":{"ipv4":12},"statuses":{"duplicate-location":8,"Unknown":4},"countries":{"FR":11,"JE":1},"sanctioned_nodes":0,"policy_restricted_nodes":0,"threat_infrastructure_nodes":0,"stroke":"#c0d674","fill":"#c0d674","opacity":0.08,"marker_ring":false}},{"type":"Feature","id":"node-density-grid-5:50:20","geometry":{"type":"Polygon","coordinates":[[[20,50],[25,50],[25,55],[20,55],[20,50]]]},"properties":{"name":"5° Density Cell 50,20","kind":"density-grid","grid_size_degrees":5,"point_count":12,"intensity":0.022989,"networks":{"ipv4":12},"statuses":{"duplicate-location":7,"Unknown":5},"countries":{"PL":12},"sanctioned_nodes":0,"policy_restricted_nodes":0,"threat_infrastructure_nodes":0,"stroke":"#c0d674","fill":"#c0d674","opacity":0.08,"marker_ring":false}},{"type":"Feature","id":"node-density-grid-5:55:20","geometry":{"type":"Polygon","coordinates":[[[20,55],[25,55],[25,60],[20,60],[20,55]]]},"properties":{"name":"5° Density Cell 55,20","kind":"density-grid","grid_size_degrees":5,"point_count":12,"intensity":0.022989,"networks":{"ipv4":12},"statuses":{"duplicate-location":7,"Unknown":5},"countries":{"LV":5,"LT":4,"EE":3},"sanctioned_nodes":0,"policy_restricted_nodes":0,"threat_infrastructure_nodes":0,"stroke":"#c0d674","fill":"#c0d674","opacity":0.08,"marker_ring":false}},{"type":"Feature","id":"node-density-grid-5:-35:-60","geometry":{"type":"Polygon","coordinates":[[[-60,-35],[-55,-35],[-55,-30],[-60,-30],[-60,-35]]]},"properties":{"name":"5° Density Cell -35,-60","kind":"density-grid","grid_size_degrees":5,"point_count":11,"intensity":0.021073,"networks":{"ipv4":11},"statuses":{"duplicate-location":7,"Unknown":4},"countries":{"AR":8,"UY":3},"sanctioned_nodes":0,"policy_restricted_nodes":0,"threat_infrastructure_nodes":0,"stroke":"#c0d674","fill":"#c0d674","opacity":0.08,"marker_ring":false}},{"type":"Feature","id":"node-density-grid-5:-35:15","geometry":{"type":"Polygon","coordinates":[[[15,-35],[20,-35],[20,-30],[15,-30],[15,-35]]]},"properties":{"name":"5° Density Cell -35,15","kind":"density-grid","grid_size_degrees":5,"point_count":11,"intensity":0.021073,"networks":{"ipv4":11},"statuses":{"duplicate-location":6,"Unknown":5},"countries":{"ZA":11},"sanctioned_nodes":0,"policy_restricted_nodes":0,"threat_infrastructure_nodes":0,"stroke":"#c0d674","fill":"#c0d674","opacity":0.08,"marker_ring":false}},{"type":"Feature","id":"node-density-grid-5:-35:115","geometry":{"type":"Polygon","coordinates":[[[115,-35],[120,-35],[120,-30],[115,-30],[115,-35]]]},"properties":{"name":"5° Density Cell -35,115","kind":"density-grid","grid_size_degrees":5,"point_count":11,"intensity":0.021073,"networks":{"ipv4":11},"statuses":{"Unknown":7,"duplicate-location":4},"countries":{"AU":11},"sanctioned_nodes":0,"policy_restricted_nodes":0,"threat_infrastructure_nodes":0,"stroke":"#c0d674","fill":"#c0d674","opacity":0.08,"marker_ring":false}},{"type":"Feature","id":"node-density-grid-5:30:-95","geometry":{"type":"Polygon","coordinates":[[[-95,30],[-90,30],[-90,35],[-95,35],[-95,30]]]},"properties":{"name":"5° Density Cell 30,-95","kind":"density-grid","grid_size_degrees":5,"point_count":11,"intensity":0.021073,"networks":{"ipv4":11},"statuses":{"Unknown":7,"duplicate-location":4},"countries":{"US":11},"sanctioned_nodes":0,"policy_restricted_nodes":0,"threat_infrastructure_nodes":0,"stroke":"#c0d674","fill":"#c0d674","opacity":0.08,"marker_ring":false}},{"type":"Feature","id":"node-density-grid-5:-10:105","geometry":{"type":"Polygon","coordinates":[[[105,-10],[110,-10],[110,-5],[105,-5],[105,-10]]]},"properties":{"name":"5° Density Cell -10,105","kind":"density-grid","grid_size_degrees":5,"point_count":10,"intensity":0.019157,"networks":{"ipv4":10},"statuses":{"duplicate-location":6,"Unknown":4},"countries":{"ID":10},"sanctioned_nodes":0,"policy_restricted_nodes":0,"threat_infrastructure_nodes":0,"stroke":"#c0d674","fill":"#c0d674","opacity":0.08,"marker_ring":false}},{"type":"Feature","id":"node-density-grid-5:40:-120","geometry":{"type":"Polygon","coordinates":[[[-120,40],[-115,40],[-115,45],[-120,45],[-120,40]]]},"properties":{"name":"5° Density Cell 40,-120","kind":"density-grid","grid_size_degrees":5,"point_count":10,"intensity":0.019157,"networks":{"ipv4":10},"statuses":{"duplicate-location":10},"countries":{"US":10},"sanctioned_nodes":0,"policy_restricted_nodes":0,"threat_infrastructure_nodes":0,"stroke":"#c0d674","fill":"#c0d674","opacity":0.08,"marker_ring":false}},{"type":"Feature","id":"node-density-grid-5:45:-100","geometry":{"type":"Polygon","coordinates":[[[-100,45],[-95,45],[-95,50],[-100,50],[-100,45]]]},"properties":{"name":"5° Density Cell 45,-100","kind":"density-grid","grid_size_degrees":5,"point_count":10,"intensity":0.019157,"networks":{"ipv4":10},"statuses":{"duplicate-location":6,"Unknown":4},"countries":{"CA":7,"US":3},"sanctioned_nodes":0,"policy_restricted_nodes":0,"threat_infrastructure_nodes":0,"stroke":"#c0d674","fill":"#c0d674","opacity":0.08,"marker_ring":false}},{"type":"Feature","id":"node-density-grid-5:30:120","geometry":{"type":"Polygon","coordinates":[[[120,30],[125,30],[125,35],[120,35],[120,30]]]},"properties":{"name":"5° Density Cell 30,120","kind":"density-grid","grid_size_degrees":5,"point_count":9,"intensity":0.017241,"networks":{"ipv4":9},"statuses":{"duplicate-location":9},"countries":{"CN":9},"sanctioned_nodes":0,"policy_restricted_nodes":0,"threat_infrastructure_nodes":0,"stroke":"#c0d674","fill":"#c0d674","opacity":0.08,"marker_ring":false}},{"type":"Feature","id":"node-density-grid-5:40:5","geometry":{"type":"Polygon","coordinates":[[[5,40],[10,40],[10,45],[5,45],[5,40]]]},"properties":{"name":"5° Density Cell 40,5","kind":"density-grid","grid_size_degrees":5,"point_count":9,"intensity":0.017241,"networks":{"ipv4":9},"statuses":{"duplicate-location":6,"Unknown":3},"countries":{"FR":8,"IT":1},"sanctioned_nodes":0,"policy_restricted_nodes":0,"threat_infrastructure_nodes":0,"stroke":"#c0d674","fill":"#c0d674","opacity":0.08,"marker_ring":false}},{"type":"Feature","id":"node-density-grid-5:45:25","geometry":{"type":"Polygon","coordinates":[[[25,45],[30,45],[30,50],[25,50],[25,45]]]},"properties":{"name":"5° Density Cell 45,25","kind":"density-grid","grid_size_degrees":5,"point_count":9,"intensity":0.017241,"networks":{"ipv4":9},"statuses":{"Unknown":5,"duplicate-location":4},"countries":{"MD":7,"RO":1,"UA":1},"sanctioned_nodes":0,"policy_restricted_nodes":0,"threat_infrastructure_nodes":0,"stroke":"#c0d674","fill":"#c0d674","opacity":0.08,"marker_ring":false}},{"type":"Feature","id":"node-density-grid-5:35:-10","geometry":{"type":"Polygon","coordinates":[[[-10,35],[-5,35],[-5,40],[-10,40],[-10,35]]]},"properties":{"name":"5° Density Cell 35,-10","kind":"density-grid","grid_size_degrees":5,"point_count":8,"intensity":0.015326,"networks":{"ipv4":8},"statuses":{"Unknown":8},"countries":{"PT":6,"ES":2},"sanctioned_nodes":0,"policy_restricted_nodes":0,"threat_infrastructure_nodes":0,"stroke":"#c0d674","fill":"#c0d674","opacity":0.08,"marker_ring":false}},{"type":"Feature","id":"node-density-grid-5:35:-5","geometry":{"type":"Polygon","coordinates":[[[-5,35],[0,35],[0,40],[-5,40],[-5,35]]]},"properties":{"name":"5° Density Cell 35,-5","kind":"density-grid","grid_size_degrees":5,"point_count":8,"intensity":0.015326,"networks":{"ipv4":8},"statuses":{"Unknown":8},"countries":{"ES":8},"sanctioned_nodes":0,"policy_restricted_nodes":0,"threat_infrastructure_nodes":0,"stroke":"#c0d674","fill":"#c0d674","opacity":0.08,"marker_ring":false}},{"type":"Feature","id":"node-density-grid-5:40:-125","geometry":{"type":"Polygon","coordinates":[[[-125,40],[-120,40],[-120,45],[-125,45],[-125,40]]]},"properties":{"name":"5° Density Cell 40,-125","kind":"density-grid","grid_size_degrees":5,"point_count":8,"intensity":0.015326,"networks":{"ipv4":8},"statuses":{"Unknown":6,"duplicate-location":2},"countries":{"US":8},"sanctioned_nodes":0,"policy_restricted_nodes":0,"threat_infrastructure_nodes":0,"stroke":"#c0d674","fill":"#c0d674","opacity":0.08,"marker_ring":false}},{"type":"Feature","id":"node-density-grid-5:45:-80","geometry":{"type":"Polygon","coordinates":[[[-80,45],[-75,45],[-75,50],[-80,50],[-80,45]]]},"properties":{"name":"5° Density Cell 45,-80","kind":"density-grid","grid_size_degrees":5,"point_count":8,"intensity":0.015326,"networks":{"ipv4":8},"statuses":{"Unknown":6,"duplicate-location":2},"countries":{"CA":8},"sanctioned_nodes":0,"policy_restricted_nodes":0,"threat_infrastructure_nodes":0,"stroke":"#c0d674","fill":"#c0d674","opacity":0.08,"marker_ring":false}},{"type":"Feature","id":"node-density-grid-5:45:35","geometry":{"type":"Polygon","coordinates":[[[35,45],[40,45],[40,50],[35,50],[35,45]]]},"properties":{"name":"5° Density Cell 45,35","kind":"density-grid","grid_size_degrees":5,"point_count":8,"intensity":0.015326,"networks":{"ipv4":8},"statuses":{"duplicate-location":6,"Unknown":2},"countries":{"UA":8},"sanctioned_nodes":0,"policy_restricted_nodes":0,"threat_infrastructure_nodes":0,"stroke":"#c0d674","fill":"#c0d674","opacity":0.08,"marker_ring":false}},{"type":"Feature","id":"node-density-grid-5:40:-10","geometry":{"type":"Polygon","coordinates":[[[-10,40],[-5,40],[-5,45],[-10,45],[-10,40]]]},"properties":{"name":"5° Density Cell 40,-10","kind":"density-grid","grid_size_degrees":5,"point_count":7,"intensity":0.01341,"networks":{"ipv4":7},"statuses":{"Unknown":7},"countries":{"PT":5,"ES":2},"sanctioned_nodes":0,"policy_restricted_nodes":0,"threat_infrastructure_nodes":0,"stroke":"#c0d674","fill":"#c0d674","opacity":0.08,"marker_ring":false}},{"type":"Feature","id":"node-density-grid-5:60:25","geometry":{"type":"Polygon","coordinates":[[[25,60],[30,60],[30,65],[25,65],[25,60]]]},"properties":{"name":"5° Density Cell 60,25","kind":"density-grid","grid_size_degrees":5,"point_count":7,"intensity":0.01341,"networks":{"ipv4":7},"statuses":{"duplicate-location":5,"Unknown":2},"countries":{"FI":7},"sanctioned_nodes":0,"policy_restricted_nodes":0,"threat_infrastructure_nodes":0,"stroke":"#c0d674","fill":"#c0d674","opacity":0.08,"marker_ring":false}},{"type":"Feature","id":"node-density-grid-5:30:30","geometry":{"type":"Polygon","coordinates":[[[30,30],[35,30],[35,35],[30,35],[30,30]]]},"properties":{"name":"5° Density Cell 30,30","kind":"density-grid","grid_size_degrees":5,"point_count":6,"intensity":0.011494,"networks":{"ipv4":6},"statuses":{"Unknown":4,"duplicate-location":2},"countries":{"IL":5,"CY":1},"sanctioned_nodes":0,"policy_restricted_nodes":0,"threat_infrastructure_nodes":0,"stroke":"#c0d674","fill":"#c0d674","opacity":0.08,"marker_ring":false}},{"type":"Feature","id":"node-density-grid-5:45:-115","geometry":{"type":"Polygon","coordinates":[[[-115,45],[-110,45],[-110,50],[-115,50],[-115,45]]]},"properties":{"name":"5° Density Cell 45,-115","kind":"density-grid","grid_size_degrees":5,"point_count":6,"intensity":0.011494,"networks":{"ipv4":6},"statuses":{"Unknown":3,"duplicate-location":3},"countries":{"US":6},"sanctioned_nodes":0,"policy_restricted_nodes":0,"threat_infrastructure_nodes":0,"stroke":"#c0d674","fill":"#c0d674","opacity":0.08,"marker_ring":false}},{"type":"Feature","id":"node-density-grid-5:-35:-75","geometry":{"type":"Polygon","coordinates":[[[-75,-35],[-70,-35],[-70,-30],[-75,-30],[-75,-35]]]},"properties":{"name":"5° Density Cell -35,-75","kind":"density-grid","grid_size_degrees":5,"point_count":5,"intensity":0.009579,"networks":{"ipv4":5},"statuses":{"Unknown":3,"duplicate-location":2},"countries":{"CL":5},"sanctioned_nodes":0,"policy_restricted_nodes":0,"threat_infrastructure_nodes":0,"stroke":"#c0d674","fill":"#c0d674","opacity":0.08,"marker_ring":false}},{"type":"Feature","id":"node-density-grid-5:-30:-55","geometry":{"type":"Polygon","coordinates":[[[-55,-30],[-50,-30],[-50,-25],[-55,-25],[-55,-30]]]},"properties":{"name":"5° Density Cell -30,-55","kind":"density-grid","grid_size_degrees":5,"point_count":5,"intensity":0.009579,"networks":{"ipv4":5},"statuses":{"Unknown":5},"countries":{"BR":5},"sanctioned_nodes":0,"policy_restricted_nodes":0,"threat_infrastructure_nodes":0,"stroke":"#c0d674","fill":"#c0d674","opacity":0.08,"marker_ring":false}},{"type":"Feature","id":"node-density-grid-5:-30:-50","geometry":{"type":"Polygon","coordinates":[[[-50,-30],[-45,-30],[-45,-25],[-50,-25],[-50,-30]]]},"properties":{"name":"5° Density Cell -30,-50","kind":"density-grid","grid_size_degrees":5,"point_count":5,"intensity":0.009579,"networks":{"ipv4":5},"statuses":{"Unknown":5},"countries":{"BR":5},"sanctioned_nodes":0,"policy_restricted_nodes":0,"threat_infrastructure_nodes":0,"stroke":"#c0d674","fill":"#c0d674","opacity":0.08,"marker_ring":false}},{"type":"Feature","id":"node-density-grid-5:-30:25","geometry":{"type":"Polygon","coordinates":[[[25,-30],[30,-30],[30,-25],[25,-25],[25,-30]]]},"properties":{"name":"5° Density Cell -30,25","kind":"density-grid","grid_size_degrees":5,"point_count":5,"intensity":0.009579,"networks":{"ipv4":5},"statuses":{"Unknown":5},"countries":{"ZA":5},"sanctioned_nodes":0,"policy_restricted_nodes":0,"threat_infrastructure_nodes":0,"stroke":"#c0d674","fill":"#c0d674","opacity":0.08,"marker_ring":false}},{"type":"Feature","id":"node-density-grid-5:20:55","geometry":{"type":"Polygon","coordinates":[[[55,20],[60,20],[60,25],[55,25],[55,20]]]},"properties":{"name":"5° Density Cell 20,55","kind":"density-grid","grid_size_degrees":5,"point_count":5,"intensity":0.009579,"networks":{"ipv4":5},"statuses":{"duplicate-location":4,"Unknown":1},"countries":{"OM":5},"sanctioned_nodes":0,"policy_restricted_nodes":0,"threat_infrastructure_nodes":0,"stroke":"#c0d674","fill":"#c0d674","opacity":0.08,"marker_ring":false}},{"type":"Feature","id":"node-density-grid-5:45:20","geometry":{"type":"Polygon","coordinates":[[[20,45],[25,45],[25,50],[20,50],[20,45]]]},"properties":{"name":"5° Density Cell 45,20","kind":"density-grid","grid_size_degrees":5,"point_count":5,"intensity":0.009579,"networks":{"ipv4":5},"statuses":{"Unknown":5},"countries":{"RO":3,"PL":1,"UA":1},"sanctioned_nodes":0,"policy_restricted_nodes":0,"threat_infrastructure_nodes":0,"stroke":"#c0d674","fill":"#c0d674","opacity":0.08,"marker_ring":false}},{"type":"Feature","id":"node-density-grid-5:55:5","geometry":{"type":"Polygon","coordinates":[[[5,55],[10,55],[10,60],[5,60],[5,55]]]},"properties":{"name":"5° Density Cell 55,5","kind":"density-grid","grid_size_degrees":5,"point_count":5,"intensity":0.009579,"networks":{"ipv4":5},"statuses":{"Unknown":3,"duplicate-location":2},"countries":{"DK":3,"NO":2},"sanctioned_nodes":0,"policy_restricted_nodes":0,"threat_infrastructure_nodes":0,"stroke":"#c0d674","fill":"#c0d674","opacity":0.08,"marker_ring":false}},{"type":"Feature","id":"node-density-grid-5:-20:-45","geometry":{"type":"Polygon","coordinates":[[[-45,-20],[-40,-20],[-40,-15],[-45,-15],[-45,-20]]]},"properties":{"name":"5° Density Cell -20,-45","kind":"density-grid","grid_size_degrees":5,"point_count":4,"intensity":0.007663,"networks":{"ipv4":4},"statuses":{"Unknown":4},"countries":{"BR":4},"sanctioned_nodes":0,"policy_restricted_nodes":0,"threat_infrastructure_nodes":0,"stroke":"#c0d674","fill":"#c0d674","opacity":0.08,"marker_ring":false}},{"type":"Feature","id":"node-density-grid-5:0:-75","geometry":{"type":"Polygon","coordinates":[[[-75,0],[-70,0],[-70,5],[-75,5],[-75,0]]]},"properties":{"name":"5° Density Cell 0,-75","kind":"density-grid","grid_size_degrees":5,"point_count":4,"intensity":0.007663,"networks":{"ipv4":4},"statuses":{"Unknown":4},"countries":{"CO":4},"sanctioned_nodes":0,"policy_restricted_nodes":0,"threat_infrastructure_nodes":0,"stroke":"#c0d674","fill":"#c0d674","opacity":0.08,"marker_ring":false}},{"type":"Feature","id":"node-density-grid-5:10:75","geometry":{"type":"Polygon","coordinates":[[[75,10],[80,10],[80,15],[75,15],[75,10]]]},"properties":{"name":"5° Density Cell 10,75","kind":"density-grid","grid_size_degrees":5,"point_count":4,"intensity":0.007663,"networks":{"ipv4":4},"statuses":{"duplicate-location":3,"Unknown":1},"countries":{"IN":4},"sanctioned_nodes":0,"policy_restricted_nodes":0,"threat_infrastructure_nodes":0,"stroke":"#c0d674","fill":"#c0d674","opacity":0.08,"marker_ring":false}},{"type":"Feature","id":"node-density-grid-5:15:-100","geometry":{"type":"Polygon","coordinates":[[[-100,15],[-95,15],[-95,20],[-100,20],[-100,15]]]},"properties":{"name":"5° Density Cell 15,-100","kind":"density-grid","grid_size_degrees":5,"point_count":4,"intensity":0.007663,"networks":{"ipv4":4},"statuses":{"Unknown":4},"countries":{"MX":4},"sanctioned_nodes":0,"policy_restricted_nodes":0,"threat_infrastructure_nodes":0,"stroke":"#c0d674","fill":"#c0d674","opacity":0.08,"marker_ring":false}},{"type":"Feature","id":"node-density-grid-5:20:-160","geometry":{"type":"Polygon","coordinates":[[[-160,20],[-155,20],[-155,25],[-160,25],[-160,20]]]},"properties":{"name":"5° Density Cell 20,-160","kind":"density-grid","grid_size_degrees":5,"point_count":4,"intensity":0.007663,"networks":{"ipv4":4},"statuses":{"Unknown":2,"duplicate-location":2},"countries":{"US":4},"sanctioned_nodes":0,"policy_restricted_nodes":0,"threat_infrastructure_nodes":0,"stroke":"#c0d674","fill":"#c0d674","opacity":0.08,"marker_ring":false}},{"type":"Feature","id":"node-density-grid-5:25:55","geometry":{"type":"Polygon","coordinates":[[[55,25],[60,25],[60,30],[55,30],[55,25]]]},"properties":{"name":"5° Density Cell 25,55","kind":"density-grid","grid_size_degrees":5,"point_count":4,"intensity":0.007663,"networks":{"ipv4":4},"statuses":{"Unknown":2,"duplicate-location":2},"countries":{"AE":4},"sanctioned_nodes":0,"policy_restricted_nodes":0,"threat_infrastructure_nodes":0,"stroke":"#c0d674","fill":"#c0d674","opacity":0.08,"marker_ring":false}},{"type":"Feature","id":"node-density-grid-5:30:-80","geometry":{"type":"Polygon","coordinates":[[[-80,30],[-75,30],[-75,35],[-80,35],[-80,30]]]},"properties":{"name":"5° Density Cell 30,-80","kind":"density-grid","grid_size_degrees":5,"point_count":4,"intensity":0.007663,"networks":{"ipv4":4},"statuses":{"Unknown":4},"countries":{"US":4},"sanctioned_nodes":0,"policy_restricted_nodes":0,"threat_infrastructure_nodes":0,"stroke":"#c0d674","fill":"#c0d674","opacity":0.08,"marker_ring":false}},{"type":"Feature","id":"node-density-grid-5:30:100","geometry":{"type":"Polygon","coordinates":[[[100,30],[105,30],[105,35],[100,35],[100,30]]]},"properties":{"name":"5° Density Cell 30,100","kind":"density-grid","grid_size_degrees":5,"point_count":4,"intensity":0.007663,"networks":{"ipv4":4},"statuses":{"duplicate-location":4},"countries":{"CN":4},"sanctioned_nodes":0,"policy_restricted_nodes":0,"threat_infrastructure_nodes":0,"stroke":"#c0d674","fill":"#c0d674","opacity":0.08,"marker_ring":false}},{"type":"Feature","id":"node-density-grid-5:40:-110","geometry":{"type":"Polygon","coordinates":[[[-110,40],[-105,40],[-105,45],[-110,45],[-110,40]]]},"properties":{"name":"5° Density Cell 40,-110","kind":"density-grid","grid_size_degrees":5,"point_count":4,"intensity":0.007663,"networks":{"ipv4":4},"statuses":{"Unknown":2,"duplicate-location":2},"countries":{"US":4},"sanctioned_nodes":0,"policy_restricted_nodes":0,"threat_infrastructure_nodes":0,"stroke":"#c0d674","fill":"#c0d674","opacity":0.08,"marker_ring":false}},{"type":"Feature","id":"node-density-grid-5:45:-70","geometry":{"type":"Polygon","coordinates":[[[-70,45],[-65,45],[-65,50],[-70,50],[-70,45]]]},"properties":{"name":"5° Density Cell 45,-70","kind":"density-grid","grid_size_degrees":5,"point_count":4,"intensity":0.007663,"networks":{"ipv4":4},"statuses":{"Unknown":4},"countries":{"CA":4},"sanctioned_nodes":0,"policy_restricted_nodes":0,"threat_infrastructure_nodes":0,"stroke":"#c0d674","fill":"#c0d674","opacity":0.08,"marker_ring":false}},{"type":"Feature","id":"node-density-grid-5:45:30","geometry":{"type":"Polygon","coordinates":[[[30,45],[35,45],[35,50],[30,50],[30,45]]]},"properties":{"name":"5° Density Cell 45,30","kind":"density-grid","grid_size_degrees":5,"point_count":4,"intensity":0.007663,"networks":{"ipv4":4},"statuses":{"Unknown":4},"countries":{"UA":4},"sanctioned_nodes":0,"policy_restricted_nodes":0,"threat_infrastructure_nodes":0,"stroke":"#c0d674","fill":"#c0d674","opacity":0.08,"marker_ring":false}},{"type":"Feature","id":"node-density-grid-5:55:60","geometry":{"type":"Polygon","coordinates":[[[60,55],[65,55],[65,60],[60,60],[60,55]]]},"properties":{"name":"5° Density Cell 55,60","kind":"density-grid","grid_size_degrees":5,"point_count":4,"intensity":0.007663,"networks":{"ipv4":4},"statuses":{"duplicate-location":3,"Unknown":1},"countries":{"RU":4},"sanctioned_nodes":0,"policy_restricted_nodes":0,"threat_infrastructure_nodes":0,"stroke":"#c0d674","fill":"#c0d674","opacity":0.08,"marker_ring":false}},{"type":"Feature","id":"node-density-grid-5:55:80","geometry":{"type":"Polygon","coordinates":[[[80,55],[85,55],[85,60],[80,60],[80,55]]]},"properties":{"name":"5° Density Cell 55,80","kind":"density-grid","grid_size_degrees":5,"point_count":4,"intensity":0.007663,"networks":{"ipv4":4},"statuses":{"duplicate-location":3,"Unknown":1},"countries":{"RU":4},"sanctioned_nodes":0,"policy_restricted_nodes":0,"threat_infrastructure_nodes":0,"stroke":"#c0d674","fill":"#c0d674","opacity":0.08,"marker_ring":false}},{"type":"Feature","id":"node-density-grid-5:-45:170","geometry":{"type":"Polygon","coordinates":[[[170,-45],[175,-45],[175,-40],[170,-40],[170,-45]]]},"properties":{"name":"5° Density Cell -45,170","kind":"density-grid","grid_size_degrees":5,"point_count":3,"intensity":0.005747,"networks":{"ipv4":3},"statuses":{"Unknown":3},"countries":{"NZ":3},"sanctioned_nodes":0,"policy_restricted_nodes":0,"threat_infrastructure_nodes":0,"stroke":"#c0d674","fill":"#c0d674","opacity":0.08,"marker_ring":false}},{"type":"Feature","id":"node-density-grid-5:-35:135","geometry":{"type":"Polygon","coordinates":[[[135,-35],[140,-35],[140,-30],[135,-30],[135,-35]]]},"properties":{"name":"5° Density Cell -35,135","kind":"density-grid","grid_size_degrees":5,"point_count":3,"intensity":0.005747,"networks":{"ipv4":3},"statuses":{"Unknown":3},"countries":{"AU":3},"sanctioned_nodes":0,"policy_restricted_nodes":0,"threat_infrastructure_nodes":0,"stroke":"#c0d674","fill":"#c0d674","opacity":0.08,"marker_ring":false}},{"type":"Feature","id":"node-density-grid-5:-25:-55","geometry":{"type":"Polygon","coordinates":[[[-55,-25],[-50,-25],[-50,-20],[-55,-20],[-55,-25]]]},"properties":{"name":"5° Density Cell -25,-55","kind":"density-grid","grid_size_degrees":5,"point_count":3,"intensity":0.005747,"networks":{"ipv4":3},"statuses":{"Unknown":3},"countries":{"BR":3},"sanctioned_nodes":0,"policy_restricted_nodes":0,"threat_infrastructure_nodes":0,"stroke":"#c0d674","fill":"#c0d674","opacity":0.08,"marker_ring":false}},{"type":"Feature","id":"node-density-grid-5:-20:145","geometry":{"type":"Polygon","coordinates":[[[145,-20],[150,-20],[150,-15],[145,-15],[145,-20]]]},"properties":{"name":"5° Density Cell -20,145","kind":"density-grid","grid_size_degrees":5,"point_count":3,"intensity":0.005747,"networks":{"ipv4":3},"statuses":{"Unknown":3},"countries":{"AU":3},"sanctioned_nodes":0,"policy_restricted_nodes":0,"threat_infrastructure_nodes":0,"stroke":"#c0d674","fill":"#c0d674","opacity":0.08,"marker_ring":false}},{"type":"Feature","id":"node-density-grid-5:-10:110","geometry":{"type":"Polygon","coordinates":[[[110,-10],[115,-10],[115,-5],[110,-5],[110,-10]]]},"properties":{"name":"5° Density Cell -10,110","kind":"density-grid","grid_size_degrees":5,"point_count":3,"intensity":0.005747,"networks":{"ipv4":3},"statuses":{"duplicate-location":2,"Unknown":1},"countries":{"ID":3},"sanctioned_nodes":0,"policy_restricted_nodes":0,"threat_infrastructure_nodes":0,"stroke":"#c0d674","fill":"#c0d674","opacity":0.08,"marker_ring":false}},{"type":"Feature","id":"node-density-grid-5:5:-85","geometry":{"type":"Polygon","coordinates":[[[-85,5],[-80,5],[-80,10],[-85,10],[-85,5]]]},"properties":{"name":"5° Density Cell 5,-85","kind":"density-grid","grid_size_degrees":5,"point_count":3,"intensity":0.005747,"networks":{"ipv4":3},"statuses":{"Unknown":3},"countries":{"CR":3},"sanctioned_nodes":0,"policy_restricted_nodes":0,"threat_infrastructure_nodes":0,"stroke":"#c0d674","fill":"#c0d674","opacity":0.08,"marker_ring":false}},{"type":"Feature","id":"node-density-grid-5:10:-70","geometry":{"type":"Polygon","coordinates":[[[-70,10],[-65,10],[-65,15],[-70,15],[-70,10]]]},"properties":{"name":"5° Density Cell 10,-70","kind":"density-grid","grid_size_degrees":5,"point_count":3,"intensity":0.005747,"networks":{"ipv4":3},"statuses":{"Unknown":3},"countries":{"VE":2,"CW":1},"sanctioned_nodes":0,"policy_restricted_nodes":0,"threat_infrastructure_nodes":0,"stroke":"#c0d674","fill":"#c0d674","opacity":0.08,"marker_ring":false}},{"type":"Feature","id":"node-density-grid-5:20:45","geometry":{"type":"Polygon","coordinates":[[[45,20],[50,20],[50,25],[45,25],[45,20]]]},"properties":{"name":"5° Density Cell 20,45","kind":"density-grid","grid_size_degrees":5,"point_count":3,"intensity":0.005747,"networks":{"ipv4":3},"statuses":{"duplicate-location":2,"Unknown":1},"countries":{"SA":3},"sanctioned_nodes":0,"policy_restricted_nodes":0,"threat_infrastructure_nodes":0,"stroke":"#c0d674","fill":"#c0d674","opacity":0.08,"marker_ring":false}},{"type":"Feature","id":"node-density-grid-5:20:105","geometry":{"type":"Polygon","coordinates":[[[105,20],[110,20],[110,25],[105,25],[105,20]]]},"properties":{"name":"5° Density Cell 20,105","kind":"density-grid","grid_size_degrees":5,"point_count":3,"intensity":0.005747,"networks":{"ipv4":3},"statuses":{"duplicate-location":3},"countries":{"VN":3},"sanctioned_nodes":0,"policy_restricted_nodes":0,"threat_infrastructure_nodes":0,"stroke":"#c0d674","fill":"#c0d674","opacity":0.08,"marker_ring":false}},{"type":"Feature","id":"node-density-grid-5:25:45","geometry":{"type":"Polygon","coordinates":[[[45,25],[50,25],[50,30],[45,30],[45,25]]]},"properties":{"name":"5° Density Cell 25,45","kind":"density-grid","grid_size_degrees":5,"point_count":3,"intensity":0.005747,"networks":{"ipv4":3},"statuses":{"Unknown":3},"countries":{"KW":3},"sanctioned_nodes":0,"policy_restricted_nodes":0,"threat_infrastructure_nodes":0,"stroke":"#c0d674","fill":"#c0d674","opacity":0.08,"marker_ring":false}},{"type":"Feature","id":"node-density-grid-5:25:50","geometry":{"type":"Polygon","coordinates":[[[50,25],[55,25],[55,30],[50,30],[50,25]]]},"properties":{"name":"5° Density Cell 25,50","kind":"density-grid","grid_size_degrees":5,"point_count":3,"intensity":0.005747,"networks":{"ipv4":3},"statuses":{"duplicate-location":2,"Unknown":1},"countries":{"QA":2,"BH":1},"sanctioned_nodes":0,"policy_restricted_nodes":0,"threat_infrastructure_nodes":0,"stroke":"#c0d674","fill":"#c0d674","opacity":0.08,"marker_ring":false}},{"type":"Feature","id":"node-density-grid-5:30:-105","geometry":{"type":"Polygon","coordinates":[[[-105,30],[-100,30],[-100,35],[-105,35],[-105,30]]]},"properties":{"name":"5° Density Cell 30,-105","kind":"density-grid","grid_size_degrees":5,"point_count":3,"intensity":0.005747,"networks":{"ipv4":3},"statuses":{"Unknown":3},"countries":{"US":3},"sanctioned_nodes":0,"policy_restricted_nodes":0,"threat_infrastructure_nodes":0,"stroke":"#c0d674","fill":"#c0d674","opacity":0.08,"marker_ring":false}},{"type":"Feature","id":"node-density-grid-5:35:-75","geometry":{"type":"Polygon","coordinates":[[[-75,35],[-70,35],[-70,40],[-75,40],[-75,35]]]},"properties":{"name":"5° Density Cell 35,-75","kind":"density-grid","grid_size_degrees":5,"point_count":3,"intensity":0.005747,"networks":{"ipv4":3},"statuses":{"Unknown":3},"countries":{"US":3},"sanctioned_nodes":0,"policy_restricted_nodes":0,"threat_infrastructure_nodes":0,"stroke":"#c0d674","fill":"#c0d674","opacity":0.08,"marker_ring":false}},{"type":"Feature","id":"node-density-grid-5:35:20","geometry":{"type":"Polygon","coordinates":[[[20,35],[25,35],[25,40],[20,40],[20,35]]]},"properties":{"name":"5° Density Cell 35,20","kind":"density-grid","grid_size_degrees":5,"point_count":3,"intensity":0.005747,"networks":{"ipv4":3},"statuses":{"Unknown":3},"countries":{"GR":3},"sanctioned_nodes":0,"policy_restricted_nodes":0,"threat_infrastructure_nodes":0,"stroke":"#c0d674","fill":"#c0d674","opacity":0.08,"marker_ring":false}},{"type":"Feature","id":"node-density-grid-5:40:-65","geometry":{"type":"Polygon","coordinates":[[[-65,40],[-60,40],[-60,45],[-65,45],[-65,40]]]},"properties":{"name":"5° Density Cell 40,-65","kind":"density-grid","grid_size_degrees":5,"point_count":3,"intensity":0.005747,"networks":{"ipv4":3},"statuses":{"Unknown":3},"countries":{"CA":3},"sanctioned_nodes":0,"policy_restricted_nodes":0,"threat_infrastructure_nodes":0,"stroke":"#c0d674","fill":"#c0d674","opacity":0.08,"marker_ring":false}},{"type":"Feature","id":"node-density-grid-5:40:40","geometry":{"type":"Polygon","coordinates":[[[40,40],[45,40],[45,45],[40,45],[40,40]]]},"properties":{"name":"5° Density Cell 40,40","kind":"density-grid","grid_size_degrees":5,"point_count":3,"intensity":0.005747,"networks":{"ipv4":3},"statuses":{"duplicate-location":2,"Unknown":1},"countries":{"GE":3},"sanctioned_nodes":0,"policy_restricted_nodes":0,"threat_infrastructure_nodes":0,"stroke":"#c0d674","fill":"#c0d674","opacity":0.08,"marker_ring":false}},{"type":"Feature","id":"node-density-grid-5:45:-95","geometry":{"type":"Polygon","coordinates":[[[-95,45],[-90,45],[-90,50],[-95,50],[-95,45]]]},"properties":{"name":"5° Density Cell 45,-95","kind":"density-grid","grid_size_degrees":5,"point_count":3,"intensity":0.005747,"networks":{"ipv4":3},"statuses":{"Unknown":3},"countries":{"US":3},"sanctioned_nodes":0,"policy_restricted_nodes":0,"threat_infrastructure_nodes":0,"stroke":"#c0d674","fill":"#c0d674","opacity":0.08,"marker_ring":false}},{"type":"Feature","id":"node-density-grid-5:45:-65","geometry":{"type":"Polygon","coordinates":[[[-65,45],[-60,45],[-60,50],[-65,50],[-65,45]]]},"properties":{"name":"5° Density Cell 45,-65","kind":"density-grid","grid_size_degrees":5,"point_count":3,"intensity":0.005747,"networks":{"ipv4":3},"statuses":{"Unknown":3},"countries":{"CA":3},"sanctioned_nodes":0,"policy_restricted_nodes":0,"threat_infrastructure_nodes":0,"stroke":"#c0d674","fill":"#c0d674","opacity":0.08,"marker_ring":false}},{"type":"Feature","id":"node-density-grid-5:50:25","geometry":{"type":"Polygon","coordinates":[[[25,50],[30,50],[30,55],[25,55],[25,50]]]},"properties":{"name":"5° Density Cell 50,25","kind":"density-grid","grid_size_degrees":5,"point_count":3,"intensity":0.005747,"networks":{"ipv4":3},"statuses":{"duplicate-location":2,"Unknown":1},"countries":{"LT":3},"sanctioned_nodes":0,"policy_restricted_nodes":0,"threat_infrastructure_nodes":0,"stroke":"#c0d674","fill":"#c0d674","opacity":0.08,"marker_ring":false}},{"type":"Feature","id":"node-density-grid-5:55:45","geometry":{"type":"Polygon","coordinates":[[[45,55],[50,55],[50,60],[45,60],[45,55]]]},"properties":{"name":"5° Density Cell 55,45","kind":"density-grid","grid_size_degrees":5,"point_count":3,"intensity":0.005747,"networks":{"ipv4":3},"statuses":{"duplicate-location":2,"Unknown":1},"countries":{"RU":3},"sanctioned_nodes":0,"policy_restricted_nodes":0,"threat_infrastructure_nodes":0,"stroke":"#c0d674","fill":"#c0d674","opacity":0.08,"marker_ring":false}},{"type":"Feature","id":"node-density-grid-5:60:-150","geometry":{"type":"Polygon","coordinates":[[[-150,60],[-145,60],[-145,65],[-150,65],[-150,60]]]},"properties":{"name":"5° Density Cell 60,-150","kind":"density-grid","grid_size_degrees":5,"point_count":3,"intensity":0.005747,"networks":{"ipv4":3},"statuses":{"Unknown":3},"countries":{"US":3},"sanctioned_nodes":0,"policy_restricted_nodes":0,"threat_infrastructure_nodes":0,"stroke":"#c0d674","fill":"#c0d674","opacity":0.08,"marker_ring":false}},{"type":"Feature","id":"node-density-grid-5:60:-25","geometry":{"type":"Polygon","coordinates":[[[-25,60],[-20,60],[-20,65],[-25,65],[-25,60]]]},"properties":{"name":"5° Density Cell 60,-25","kind":"density-grid","grid_size_degrees":5,"point_count":3,"intensity":0.005747,"networks":{"ipv4":3},"statuses":{"Unknown":3},"countries":{"IS":3},"sanctioned_nodes":0,"policy_restricted_nodes":0,"threat_infrastructure_nodes":0,"stroke":"#c0d674","fill":"#c0d674","opacity":0.08,"marker_ring":false}},{"type":"Feature","id":"node-density-grid-5:60:30","geometry":{"type":"Polygon","coordinates":[[[30,60],[35,60],[35,65],[30,65],[30,60]]]},"properties":{"name":"5° Density Cell 60,30","kind":"density-grid","grid_size_degrees":5,"point_count":3,"intensity":0.005747,"networks":{"ipv4":3},"statuses":{"Unknown":3},"countries":{"RU":3},"sanctioned_nodes":0,"policy_restricted_nodes":0,"threat_infrastructure_nodes":0,"stroke":"#c0d674","fill":"#c0d674","opacity":0.08,"marker_ring":false}},{"type":"Feature","id":"node-density-grid-5:-50:165","geometry":{"type":"Polygon","coordinates":[[[165,-50],[170,-50],[170,-45],[165,-45],[165,-50]]]},"properties":{"name":"5° Density Cell -50,165","kind":"density-grid","grid_size_degrees":5,"point_count":2,"intensity":0.003831,"networks":{"ipv4":2},"statuses":{"Unknown":2},"countries":{"NZ":2},"sanctioned_nodes":0,"policy_restricted_nodes":0,"threat_infrastructure_nodes":0,"stroke":"#c0d674","fill":"#c0d674","opacity":0.08,"marker_ring":false}},{"type":"Feature","id":"node-density-grid-5:-40:135","geometry":{"type":"Polygon","coordinates":[[[135,-40],[140,-40],[140,-35],[135,-35],[135,-40]]]},"properties":{"name":"5° Density Cell -40,135","kind":"density-grid","grid_size_degrees":5,"point_count":2,"intensity":0.003831,"networks":{"ipv4":2},"statuses":{"Unknown":2},"countries":{"AU":2},"sanctioned_nodes":0,"policy_restricted_nodes":0,"threat_infrastructure_nodes":0,"stroke":"#c0d674","fill":"#c0d674","opacity":0.08,"marker_ring":false}},{"type":"Feature","id":"node-density-grid-5:-25:-45","geometry":{"type":"Polygon","coordinates":[[[-45,-25],[-40,-25],[-40,-20],[-45,-20],[-45,-25]]]},"properties":{"name":"5° Density Cell -25,-45","kind":"density-grid","grid_size_degrees":5,"point_count":2,"intensity":0.003831,"networks":{"ipv4":2},"statuses":{"Unknown":2},"countries":{"BR":2},"sanctioned_nodes":0,"policy_restricted_nodes":0,"threat_infrastructure_nodes":0,"stroke":"#c0d674","fill":"#c0d674","opacity":0.08,"marker_ring":false}},{"type":"Feature","id":"node-density-grid-5:-25:145","geometry":{"type":"Polygon","coordinates":[[[145,-25],[150,-25],[150,-20],[145,-20],[145,-25]]]},"properties":{"name":"5° Density Cell -25,145","kind":"density-grid","grid_size_degrees":5,"point_count":2,"intensity":0.003831,"networks":{"ipv4":2},"statuses":{"Unknown":2},"countries":{"AU":2},"sanctioned_nodes":0,"policy_restricted_nodes":0,"threat_infrastructure_nodes":0,"stroke":"#c0d674","fill":"#c0d674","opacity":0.08,"marker_ring":false}},{"type":"Feature","id":"node-density-grid-5:-20:-50","geometry":{"type":"Polygon","coordinates":[[[-50,-20],[-45,-20],[-45,-15],[-50,-15],[-50,-20]]]},"properties":{"name":"5° Density Cell -20,-50","kind":"density-grid","grid_size_degrees":5,"point_count":2,"intensity":0.003831,"networks":{"ipv4":2},"statuses":{"Unknown":2},"countries":{"BR":2},"sanctioned_nodes":0,"policy_restricted_nodes":0,"threat_infrastructure_nodes":0,"stroke":"#c0d674","fill":"#c0d674","opacity":0.08,"marker_ring":false}},{"type":"Feature","id":"node-density-grid-5:5:-80","geometry":{"type":"Polygon","coordinates":[[[-80,5],[-75,5],[-75,10],[-80,10],[-80,5]]]},"properties":{"name":"5° Density Cell 5,-80","kind":"density-grid","grid_size_degrees":5,"point_count":2,"intensity":0.003831,"networks":{"ipv4":2},"statuses":{"Unknown":2},"countries":{"CO":1,"PA":1},"sanctioned_nodes":0,"policy_restricted_nodes":0,"threat_infrastructure_nodes":0,"stroke":"#c0d674","fill":"#c0d674","opacity":0.08,"marker_ring":false}},{"type":"Feature","id":"node-density-grid-5:10:-90","geometry":{"type":"Polygon","coordinates":[[[-90,10],[-85,10],[-85,15],[-90,15],[-90,10]]]},"properties":{"name":"5° Density Cell 10,-90","kind":"density-grid","grid_size_degrees":5,"point_count":2,"intensity":0.003831,"networks":{"ipv4":2},"statuses":{"Unknown":2},"countries":{"HN":2},"sanctioned_nodes":0,"policy_restricted_nodes":0,"threat_infrastructure_nodes":0,"stroke":"#c0d674","fill":"#c0d674","opacity":0.08,"marker_ring":false}},{"type":"Feature","id":"node-density-grid-5:10:120","geometry":{"type":"Polygon","coordinates":[[[120,10],[125,10],[125,15],[120,15],[120,10]]]},"properties":{"name":"5° Density Cell 10,120","kind":"density-grid","grid_size_degrees":5,"point_count":2,"intensity":0.003831,"networks":{"ipv4":2},"statuses":{"Unknown":2},"countries":{"PH":2},"sanctioned_nodes":0,"policy_restricted_nodes":0,"threat_infrastructure_nodes":0,"stroke":"#c0d674","fill":"#c0d674","opacity":0.08,"marker_ring":false}},{"type":"Feature","id":"node-density-grid-5:15:75","geometry":{"type":"Polygon","coordinates":[[[75,15],[80,15],[80,20],[75,20],[75,15]]]},"properties":{"name":"5° Density Cell 15,75","kind":"density-grid","grid_size_degrees":5,"point_count":2,"intensity":0.003831,"networks":{"ipv4":2},"statuses":{"Unknown":2},"countries":{"IN":2},"sanctioned_nodes":0,"policy_restricted_nodes":0,"threat_infrastructure_nodes":0,"stroke":"#c0d674","fill":"#c0d674","opacity":0.08,"marker_ring":false}},{"type":"Feature","id":"node-density-grid-5:15:100","geometry":{"type":"Polygon","coordinates":[[[100,15],[105,15],[105,20],[100,20],[100,15]]]},"properties":{"name":"5° Density Cell 15,100","kind":"density-grid","grid_size_degrees":5,"point_count":2,"intensity":0.003831,"networks":{"ipv4":2},"statuses":{"Unknown":2},"countries":{"TH":2},"sanctioned_nodes":0,"policy_restricted_nodes":0,"threat_infrastructure_nodes":0,"stroke":"#c0d674","fill":"#c0d674","opacity":0.08,"marker_ring":false}},{"type":"Feature","id":"node-density-grid-5:20:-105","geometry":{"type":"Polygon","coordinates":[[[-105,20],[-100,20],[-100,25],[-105,25],[-105,20]]]},"properties":{"name":"5° Density Cell 20,-105","kind":"density-grid","grid_size_degrees":5,"point_count":2,"intensity":0.003831,"networks":{"ipv4":2},"statuses":{"Unknown":2},"countries":{"MX":2},"sanctioned_nodes":0,"policy_restricted_nodes":0,"threat_infrastructure_nodes":0,"stroke":"#c0d674","fill":"#c0d674","opacity":0.08,"marker_ring":false}},{"type":"Feature","id":"node-density-grid-5:25:-105","geometry":{"type":"Polygon","coordinates":[[[-105,25],[-100,25],[-100,30],[-105,30],[-105,25]]]},"properties":{"name":"5° Density Cell 25,-105","kind":"density-grid","grid_size_degrees":5,"point_count":2,"intensity":0.003831,"networks":{"ipv4":2},"statuses":{"Unknown":2},"countries":{"MX":2},"sanctioned_nodes":0,"policy_restricted_nodes":0,"threat_infrastructure_nodes":0,"stroke":"#c0d674","fill":"#c0d674","opacity":0.08,"marker_ring":false}},{"type":"Feature","id":"node-density-grid-5:25:-95","geometry":{"type":"Polygon","coordinates":[[[-95,25],[-90,25],[-90,30],[-95,30],[-95,25]]]},"properties":{"name":"5° Density Cell 25,-95","kind":"density-grid","grid_size_degrees":5,"point_count":2,"intensity":0.003831,"networks":{"ipv4":2},"statuses":{"duplicate-location":2},"countries":{"US":2},"sanctioned_nodes":0,"policy_restricted_nodes":0,"threat_infrastructure_nodes":0,"stroke":"#c0d674","fill":"#c0d674","opacity":0.08,"marker_ring":false}},{"type":"Feature","id":"node-density-grid-5:25:115","geometry":{"type":"Polygon","coordinates":[[[115,25],[120,25],[120,30],[115,30],[115,25]]]},"properties":{"name":"5° Density Cell 25,115","kind":"density-grid","grid_size_degrees":5,"point_count":2,"intensity":0.003831,"networks":{"ipv4":2},"statuses":{"Unknown":2},"countries":{"CN":2},"sanctioned_nodes":0,"policy_restricted_nodes":0,"threat_infrastructure_nodes":0,"stroke":"#c0d674","fill":"#c0d674","opacity":0.08,"marker_ring":false}},{"type":"Feature","id":"node-density-grid-5:35:-115","geometry":{"type":"Polygon","coordinates":[[[-115,35],[-110,35],[-110,40],[-115,40],[-115,35]]]},"properties":{"name":"5° Density Cell 35,-115","kind":"density-grid","grid_size_degrees":5,"point_count":2,"intensity":0.003831,"networks":{"ipv4":2},"statuses":{"Unknown":2},"countries":{"US":2},"sanctioned_nodes":0,"policy_restricted_nodes":0,"threat_infrastructure_nodes":0,"stroke":"#c0d674","fill":"#c0d674","opacity":0.08,"marker_ring":false}},{"type":"Feature","id":"node-density-grid-5:35:10","geometry":{"type":"Polygon","coordinates":[[[10,35],[15,35],[15,40],[10,40],[10,35]]]},"properties":{"name":"5° Density Cell 35,10","kind":"density-grid","grid_size_degrees":5,"point_count":2,"intensity":0.003831,"networks":{"ipv4":2},"statuses":{"Unknown":2},"countries":{"MT":2},"sanctioned_nodes":0,"policy_restricted_nodes":0,"threat_infrastructure_nodes":0,"stroke":"#c0d674","fill":"#c0d674","opacity":0.08,"marker_ring":false}},{"type":"Feature","id":"node-density-grid-5:35:30","geometry":{"type":"Polygon","coordinates":[[[30,35],[35,35],[35,40],[30,40],[30,35]]]},"properties":{"name":"5° Density Cell 35,30","kind":"density-grid","grid_size_degrees":5,"point_count":2,"intensity":0.003831,"networks":{"ipv4":2},"statuses":{"Unknown":2},"countries":{"TR":2},"sanctioned_nodes":0,"policy_restricted_nodes":0,"threat_infrastructure_nodes":0,"stroke":"#c0d674","fill":"#c0d674","opacity":0.08,"marker_ring":false}},{"type":"Feature","id":"node-density-grid-5:40:-105","geometry":{"type":"Polygon","coordinates":[[[-105,40],[-100,40],[-100,45],[-105,45],[-105,40]]]},"properties":{"name":"5° Density Cell 40,-105","kind":"density-grid","grid_size_degrees":5,"point_count":2,"intensity":0.003831,"networks":{"ipv4":2},"statuses":{"Unknown":2},"countries":{"US":2},"sanctioned_nodes":0,"policy_restricted_nodes":0,"threat_infrastructure_nodes":0,"stroke":"#c0d674","fill":"#c0d674","opacity":0.08,"marker_ring":false}},{"type":"Feature","id":"node-density-grid-5:40:-70","geometry":{"type":"Polygon","coordinates":[[[-70,40],[-65,40],[-65,45],[-70,45],[-70,40]]]},"properties":{"name":"5° Density Cell 40,-70","kind":"density-grid","grid_size_degrees":5,"point_count":2,"intensity":0.003831,"networks":{"ipv4":2},"statuses":{"Unknown":2},"countries":{"CA":1,"US":1},"sanctioned_nodes":0,"policy_restricted_nodes":0,"threat_infrastructure_nodes":0,"stroke":"#c0d674","fill":"#c0d674","opacity":0.08,"marker_ring":false}},{"type":"Feature","id":"node-density-grid-5:40:30","geometry":{"type":"Polygon","coordinates":[[[30,40],[35,40],[35,45],[30,45],[30,40]]]},"properties":{"name":"5° Density Cell 40,30","kind":"density-grid","grid_size_degrees":5,"point_count":2,"intensity":0.003831,"networks":{"ipv4":2},"statuses":{"Unknown":2},"countries":{"RU":1,"UA":1},"sanctioned_nodes":0,"policy_restricted_nodes":0,"threat_infrastructure_nodes":0,"stroke":"#c0d674","fill":"#c0d674","opacity":0.08,"marker_ring":false}},{"type":"Feature","id":"node-density-grid-5:40:75","geometry":{"type":"Polygon","coordinates":[[[75,40],[80,40],[80,45],[75,45],[75,40]]]},"properties":{"name":"5° Density Cell 40,75","kind":"density-grid","grid_size_degrees":5,"point_count":2,"intensity":0.003831,"networks":{"ipv4":2},"statuses":{"Unknown":2},"countries":{"KZ":2},"sanctioned_nodes":0,"policy_restricted_nodes":0,"threat_infrastructure_nodes":0,"stroke":"#c0d674","fill":"#c0d674","opacity":0.08,"marker_ring":false}},{"type":"Feature","id":"node-density-grid-5:45:-105","geometry":{"type":"Polygon","coordinates":[[[-105,45],[-100,45],[-100,50],[-105,50],[-105,45]]]},"properties":{"name":"5° Density Cell 45,-105","kind":"density-grid","grid_size_degrees":5,"point_count":2,"intensity":0.003831,"networks":{"ipv4":2},"statuses":{"Unknown":2},"countries":{"US":2},"sanctioned_nodes":0,"policy_restricted_nodes":0,"threat_infrastructure_nodes":0,"stroke":"#c0d674","fill":"#c0d674","opacity":0.08,"marker_ring":false}},{"type":"Feature","id":"node-density-grid-5:50:70","geometry":{"type":"Polygon","coordinates":[[[70,50],[75,50],[75,55],[70,55],[70,50]]]},"properties":{"name":"5° Density Cell 50,70","kind":"density-grid","grid_size_degrees":5,"point_count":2,"intensity":0.003831,"networks":{"ipv4":2},"statuses":{"Unknown":2},"countries":{"RU":2},"sanctioned_nodes":0,"policy_restricted_nodes":0,"threat_infrastructure_nodes":0,"stroke":"#c0d674","fill":"#c0d674","opacity":0.08,"marker_ring":false}},{"type":"Feature","id":"node-density-grid-5:55:-155","geometry":{"type":"Polygon","coordinates":[[[-155,55],[-150,55],[-150,60],[-155,60],[-155,55]]]},"properties":{"name":"5° Density Cell 55,-155","kind":"density-grid","grid_size_degrees":5,"point_count":2,"intensity":0.003831,"networks":{"ipv4":2},"statuses":{"duplicate-location":2},"countries":{"US":2},"sanctioned_nodes":0,"policy_restricted_nodes":0,"threat_infrastructure_nodes":0,"stroke":"#c0d674","fill":"#c0d674","opacity":0.08,"marker_ring":false}},{"type":"Feature","id":"node-density-grid-5:55:-135","geometry":{"type":"Polygon","coordinates":[[[-135,55],[-130,55],[-130,60],[-135,60],[-135,55]]]},"properties":{"name":"5° Density Cell 55,-135","kind":"density-grid","grid_size_degrees":5,"point_count":2,"intensity":0.003831,"networks":{"ipv4":2},"statuses":{"duplicate-location":2},"countries":{"US":2},"sanctioned_nodes":0,"policy_restricted_nodes":0,"threat_infrastructure_nodes":0,"stroke":"#c0d674","fill":"#c0d674","opacity":0.08,"marker_ring":false}},{"type":"Feature","id":"node-density-grid-5:55:55","geometry":{"type":"Polygon","coordinates":[[[55,55],[60,55],[60,60],[55,60],[55,55]]]},"properties":{"name":"5° Density Cell 55,55","kind":"density-grid","grid_size_degrees":5,"point_count":2,"intensity":0.003831,"networks":{"ipv4":2},"statuses":{"Unknown":2},"countries":{"RU":2},"sanctioned_nodes":0,"policy_restricted_nodes":0,"threat_infrastructure_nodes":0,"stroke":"#c0d674","fill":"#c0d674","opacity":0.08,"marker_ring":false}},{"type":"Feature","id":"node-density-grid-5:60:5","geometry":{"type":"Polygon","coordinates":[[[5,60],[10,60],[10,65],[5,65],[5,60]]]},"properties":{"name":"5° Density Cell 60,5","kind":"density-grid","grid_size_degrees":5,"point_count":2,"intensity":0.003831,"networks":{"ipv4":2},"statuses":{"Unknown":2},"countries":{"NO":2},"sanctioned_nodes":0,"policy_restricted_nodes":0,"threat_infrastructure_nodes":0,"stroke":"#c0d674","fill":"#c0d674","opacity":0.08,"marker_ring":false}},{"type":"Feature","id":"node-density-grid-5:60:10","geometry":{"type":"Polygon","coordinates":[[[10,60],[15,60],[15,65],[10,65],[10,60]]]},"properties":{"name":"5° Density Cell 60,10","kind":"density-grid","grid_size_degrees":5,"point_count":2,"intensity":0.003831,"networks":{"ipv4":2},"statuses":{"Unknown":2},"countries":{"NO":2},"sanctioned_nodes":0,"policy_restricted_nodes":0,"threat_infrastructure_nodes":0,"stroke":"#c0d674","fill":"#c0d674","opacity":0.08,"marker_ring":false}},{"type":"Feature","id":"node-density-grid-5:65:20","geometry":{"type":"Polygon","coordinates":[[[20,65],[25,65],[25,70],[20,70],[20,65]]]},"properties":{"name":"5° Density Cell 65,20","kind":"density-grid","grid_size_degrees":5,"point_count":2,"intensity":0.003831,"networks":{"ipv4":2},"statuses":{"Unknown":2},"countries":{"SE":2},"sanctioned_nodes":0,"policy_restricted_nodes":0,"threat_infrastructure_nodes":0,"stroke":"#c0d674","fill":"#c0d674","opacity":0.08,"marker_ring":false}},{"type":"Feature","id":"node-density-grid-5:-50:-70","geometry":{"type":"Polygon","coordinates":[[[-70,-50],[-65,-50],[-65,-45],[-70,-45],[-70,-50]]]},"properties":{"name":"5° Density Cell -50,-70","kind":"density-grid","grid_size_degrees":5,"point_count":1,"intensity":0.001916,"networks":{"ipv4":1},"statuses":{"Unknown":1},"countries":{"AR":1},"sanctioned_nodes":0,"policy_restricted_nodes":0,"threat_infrastructure_nodes":0,"stroke":"#c0d674","fill":"#c0d674","opacity":0.08,"marker_ring":false}},{"type":"Feature","id":"node-density-grid-5:-50:170","geometry":{"type":"Polygon","coordinates":[[[170,-50],[175,-50],[175,-45],[170,-45],[170,-50]]]},"properties":{"name":"5° Density Cell -50,170","kind":"density-grid","grid_size_degrees":5,"point_count":1,"intensity":0.001916,"networks":{"ipv4":1},"statuses":{"Unknown":1},"countries":{"NZ":1},"sanctioned_nodes":0,"policy_restricted_nodes":0,"threat_infrastructure_nodes":0,"stroke":"#c0d674","fill":"#c0d674","opacity":0.08,"marker_ring":false}},{"type":"Feature","id":"node-density-grid-5:-45:-75","geometry":{"type":"Polygon","coordinates":[[[-75,-45],[-70,-45],[-70,-40],[-75,-40],[-75,-45]]]},"properties":{"name":"5° Density Cell -45,-75","kind":"density-grid","grid_size_degrees":5,"point_count":1,"intensity":0.001916,"networks":{"ipv4":1},"statuses":{"Unknown":1},"countries":{"AR":1},"sanctioned_nodes":0,"policy_restricted_nodes":0,"threat_infrastructure_nodes":0,"stroke":"#c0d674","fill":"#c0d674","opacity":0.08,"marker_ring":false}},{"type":"Feature","id":"node-density-grid-5:-45:145","geometry":{"type":"Polygon","coordinates":[[[145,-45],[150,-45],[150,-40],[145,-40],[145,-45]]]},"properties":{"name":"5° Density Cell -45,145","kind":"density-grid","grid_size_degrees":5,"point_count":1,"intensity":0.001916,"networks":{"ipv4":1},"statuses":{"Unknown":1},"countries":{"AU":1},"sanctioned_nodes":0,"policy_restricted_nodes":0,"threat_infrastructure_nodes":0,"stroke":"#c0d674","fill":"#c0d674","opacity":0.08,"marker_ring":false}},{"type":"Feature","id":"node-density-grid-5:-45:165","geometry":{"type":"Polygon","coordinates":[[[165,-45],[170,-45],[170,-40],[165,-40],[165,-45]]]},"properties":{"name":"5° Density Cell -45,165","kind":"density-grid","grid_size_degrees":5,"point_count":1,"intensity":0.001916,"networks":{"ipv4":1},"statuses":{"Unknown":1},"countries":{"NZ":1},"sanctioned_nodes":0,"policy_restricted_nodes":0,"threat_infrastructure_nodes":0,"stroke":"#c0d674","fill":"#c0d674","opacity":0.08,"marker_ring":false}},{"type":"Feature","id":"node-density-grid-5:-40:-60","geometry":{"type":"Polygon","coordinates":[[[-60,-40],[-55,-40],[-55,-35],[-60,-35],[-60,-40]]]},"properties":{"name":"5° Density Cell -40,-60","kind":"density-grid","grid_size_degrees":5,"point_count":1,"intensity":0.001916,"networks":{"ipv4":1},"statuses":{"Unknown":1},"countries":{"AR":1},"sanctioned_nodes":0,"policy_restricted_nodes":0,"threat_infrastructure_nodes":0,"stroke":"#c0d674","fill":"#c0d674","opacity":0.08,"marker_ring":false}},{"type":"Feature","id":"node-density-grid-5:-40:175","geometry":{"type":"Polygon","coordinates":[[[175,-40],[180.0,-40],[180.0,-35],[175,-35],[175,-40]]]},"properties":{"name":"5° Density Cell -40,175","kind":"density-grid","grid_size_degrees":5,"point_count":1,"intensity":0.001916,"networks":{"ipv4":1},"statuses":{"Unknown":1},"countries":{"NZ":1},"sanctioned_nodes":0,"policy_restricted_nodes":0,"threat_infrastructure_nodes":0,"stroke":"#c0d674","fill":"#c0d674","opacity":0.08,"marker_ring":false}},{"type":"Feature","id":"node-density-grid-5:-35:-65","geometry":{"type":"Polygon","coordinates":[[[-65,-35],[-60,-35],[-60,-30],[-65,-30],[-65,-35]]]},"properties":{"name":"5° Density Cell -35,-65","kind":"density-grid","grid_size_degrees":5,"point_count":1,"intensity":0.001916,"networks":{"ipv4":1},"statuses":{"Unknown":1},"countries":{"AR":1},"sanctioned_nodes":0,"policy_restricted_nodes":0,"threat_infrastructure_nodes":0,"stroke":"#c0d674","fill":"#c0d674","opacity":0.08,"marker_ring":false}},{"type":"Feature","id":"node-density-grid-5:-35:-55","geometry":{"type":"Polygon","coordinates":[[[-55,-35],[-50,-35],[-50,-30],[-55,-30],[-55,-35]]]},"properties":{"name":"5° Density Cell -35,-55","kind":"density-grid","grid_size_degrees":5,"point_count":1,"intensity":0.001916,"networks":{"ipv4":1},"statuses":{"Unknown":1},"countries":{"UY":1},"sanctioned_nodes":0,"policy_restricted_nodes":0,"threat_infrastructure_nodes":0,"stroke":"#c0d674","fill":"#c0d674","opacity":0.08,"marker_ring":false}},{"type":"Feature","id":"node-density-grid-5:-30:30","geometry":{"type":"Polygon","coordinates":[[[30,-30],[35,-30],[35,-25],[30,-25],[30,-30]]]},"properties":{"name":"5° Density Cell -30,30","kind":"density-grid","grid_size_degrees":5,"point_count":1,"intensity":0.001916,"networks":{"ipv4":1},"statuses":{"Unknown":1},"countries":{"ZA":1},"sanctioned_nodes":0,"policy_restricted_nodes":0,"threat_infrastructure_nodes":0,"stroke":"#c0d674","fill":"#c0d674","opacity":0.08,"marker_ring":false}},{"type":"Feature","id":"node-density-grid-5:-25:-60","geometry":{"type":"Polygon","coordinates":[[[-60,-25],[-55,-25],[-55,-20],[-60,-20],[-60,-25]]]},"properties":{"name":"5° Density Cell -25,-60","kind":"density-grid","grid_size_degrees":5,"point_count":1,"intensity":0.001916,"networks":{"ipv4":1},"statuses":{"Unknown":1},"countries":{"BR":1},"sanctioned_nodes":0,"policy_restricted_nodes":0,"threat_infrastructure_nodes":0,"stroke":"#c0d674","fill":"#c0d674","opacity":0.08,"marker_ring":false}},{"type":"Feature","id":"node-density-grid-5:-25:55","geometry":{"type":"Polygon","coordinates":[[[55,-25],[60,-25],[60,-20],[55,-20],[55,-25]]]},"properties":{"name":"5° Density Cell -25,55","kind":"density-grid","grid_size_degrees":5,"point_count":1,"intensity":0.001916,"networks":{"ipv4":1},"statuses":{"Unknown":1},"countries":{"RE":1},"sanctioned_nodes":0,"policy_restricted_nodes":0,"threat_infrastructure_nodes":0,"stroke":"#c0d674","fill":"#c0d674","opacity":0.08,"marker_ring":false}},{"type":"Feature","id":"node-density-grid-5:-25:140","geometry":{"type":"Polygon","coordinates":[[[140,-25],[145,-25],[145,-20],[140,-20],[140,-25]]]},"properties":{"name":"5° Density Cell -25,140","kind":"density-grid","grid_size_degrees":5,"point_count":1,"intensity":0.001916,"networks":{"ipv4":1},"statuses":{"Unknown":1},"countries":{"AU":1},"sanctioned_nodes":0,"policy_restricted_nodes":0,"threat_infrastructure_nodes":0,"stroke":"#c0d674","fill":"#c0d674","opacity":0.08,"marker_ring":false}},{"type":"Feature","id":"node-density-grid-5:-20:-65","geometry":{"type":"Polygon","coordinates":[[[-65,-20],[-60,-20],[-60,-15],[-65,-15],[-65,-20]]]},"properties":{"name":"5° Density Cell -20,-65","kind":"density-grid","grid_size_degrees":5,"point_count":1,"intensity":0.001916,"networks":{"ipv4":1},"statuses":{"Unknown":1},"countries":{"BO":1},"sanctioned_nodes":0,"policy_restricted_nodes":0,"threat_infrastructure_nodes":0,"stroke":"#c0d674","fill":"#c0d674","opacity":0.08,"marker_ring":false}},{"type":"Feature","id":"node-density-grid-5:-20:-55","geometry":{"type":"Polygon","coordinates":[[[-55,-20],[-50,-20],[-50,-15],[-55,-15],[-55,-20]]]},"properties":{"name":"5° Density Cell -20,-55","kind":"density-grid","grid_size_degrees":5,"point_count":1,"intensity":0.001916,"networks":{"ipv4":1},"statuses":{"Unknown":1},"countries":{"BR":1},"sanctioned_nodes":0,"policy_restricted_nodes":0,"threat_infrastructure_nodes":0,"stroke":"#c0d674","fill":"#c0d674","opacity":0.08,"marker_ring":false}},{"type":"Feature","id":"node-density-grid-5:-15:-80","geometry":{"type":"Polygon","coordinates":[[[-80,-15],[-75,-15],[-75,-10],[-80,-10],[-80,-15]]]},"properties":{"name":"5° Density Cell -15,-80","kind":"density-grid","grid_size_degrees":5,"point_count":1,"intensity":0.001916,"networks":{"ipv4":1},"statuses":{"Unknown":1},"countries":{"PE":1},"sanctioned_nodes":0,"policy_restricted_nodes":0,"threat_infrastructure_nodes":0,"stroke":"#c0d674","fill":"#c0d674","opacity":0.08,"marker_ring":false}},{"type":"Feature","id":"node-density-grid-5:-15:130","geometry":{"type":"Polygon","coordinates":[[[130,-15],[135,-15],[135,-10],[130,-10],[130,-15]]]},"properties":{"name":"5° Density Cell -15,130","kind":"density-grid","grid_size_degrees":5,"point_count":1,"intensity":0.001916,"networks":{"ipv4":1},"statuses":{"Unknown":1},"countries":{"AU":1},"sanctioned_nodes":0,"policy_restricted_nodes":0,"threat_infrastructure_nodes":0,"stroke":"#c0d674","fill":"#c0d674","opacity":0.08,"marker_ring":false}},{"type":"Feature","id":"node-density-grid-5:-10:115","geometry":{"type":"Polygon","coordinates":[[[115,-10],[120,-10],[120,-5],[115,-5],[115,-10]]]},"properties":{"name":"5° Density Cell -10,115","kind":"density-grid","grid_size_degrees":5,"point_count":1,"intensity":0.001916,"networks":{"ipv4":1},"statuses":{"Unknown":1},"countries":{"ID":1},"sanctioned_nodes":0,"policy_restricted_nodes":0,"threat_infrastructure_nodes":0,"stroke":"#c0d674","fill":"#c0d674","opacity":0.08,"marker_ring":false}},{"type":"Feature","id":"node-density-grid-5:5:-70","geometry":{"type":"Polygon","coordinates":[[[-70,5],[-65,5],[-65,10],[-70,10],[-70,5]]]},"properties":{"name":"5° Density Cell 5,-70","kind":"density-grid","grid_size_degrees":5,"point_count":1,"intensity":0.001916,"networks":{"ipv4":1},"statuses":{"Unknown":1},"countries":{"VE":1},"sanctioned_nodes":0,"policy_restricted_nodes":0,"threat_infrastructure_nodes":0,"stroke":"#c0d674","fill":"#c0d674","opacity":0.08,"marker_ring":false}},{"type":"Feature","id":"node-density-grid-5:5:95","geometry":{"type":"Polygon","coordinates":[[[95,5],[100,5],[100,10],[95,10],[95,5]]]},"properties":{"name":"5° Density Cell 5,95","kind":"density-grid","grid_size_degrees":5,"point_count":1,"intensity":0.001916,"networks":{"ipv4":1},"statuses":{"Unknown":1},"countries":{"TH":1},"sanctioned_nodes":0,"policy_restricted_nodes":0,"threat_infrastructure_nodes":0,"stroke":"#c0d674","fill":"#c0d674","opacity":0.08,"marker_ring":false}},{"type":"Feature","id":"node-density-grid-5:10:95","geometry":{"type":"Polygon","coordinates":[[[95,10],[100,10],[100,15],[95,15],[95,10]]]},"properties":{"name":"5° Density Cell 10,95","kind":"density-grid","grid_size_degrees":5,"point_count":1,"intensity":0.001916,"networks":{"ipv4":1},"statuses":{"Unknown":1},"countries":{"TH":1},"sanctioned_nodes":0,"policy_restricted_nodes":0,"threat_infrastructure_nodes":0,"stroke":"#c0d674","fill":"#c0d674","opacity":0.08,"marker_ring":false}},{"type":"Feature","id":"node-density-grid-5:15:-70","geometry":{"type":"Polygon","coordinates":[[[-70,15],[-65,15],[-65,20],[-70,20],[-70,15]]]},"properties":{"name":"5° Density Cell 15,-70","kind":"density-grid","grid_size_degrees":5,"point_count":1,"intensity":0.001916,"networks":{"ipv4":1},"statuses":{"Unknown":1},"countries":{"PR":1},"sanctioned_nodes":0,"policy_restricted_nodes":0,"threat_infrastructure_nodes":0,"stroke":"#c0d674","fill":"#c0d674","opacity":0.08,"marker_ring":false}},{"type":"Feature","id":"node-density-grid-5:20:-85","geometry":{"type":"Polygon","coordinates":[[[-85,20],[-80,20],[-80,25],[-85,25],[-85,20]]]},"properties":{"name":"5° Density Cell 20,-85","kind":"density-grid","grid_size_degrees":5,"point_count":1,"intensity":0.001916,"networks":{"ipv4":1},"statuses":{"Unknown":1},"countries":{"US":1},"sanctioned_nodes":0,"policy_restricted_nodes":0,"threat_infrastructure_nodes":0,"stroke":"#c0d674","fill":"#c0d674","opacity":0.08,"marker_ring":false}},{"type":"Feature","id":"node-density-grid-5:20:65","geometry":{"type":"Polygon","coordinates":[[[65,20],[70,20],[70,25],[65,25],[65,20]]]},"properties":{"name":"5° Density Cell 20,65","kind":"density-grid","grid_size_degrees":5,"point_count":1,"intensity":0.001916,"networks":{"ipv4":1},"statuses":{"Unknown":1},"countries":{"PK":1},"sanctioned_nodes":0,"policy_restricted_nodes":0,"threat_infrastructure_nodes":0,"stroke":"#c0d674","fill":"#c0d674","opacity":0.08,"marker_ring":false}},{"type":"Feature","id":"node-density-grid-5:20:70","geometry":{"type":"Polygon","coordinates":[[[70,20],[75,20],[75,25],[70,25],[70,20]]]},"properties":{"name":"5° Density Cell 20,70","kind":"density-grid","grid_size_degrees":5,"point_count":1,"intensity":0.001916,"networks":{"ipv4":1},"statuses":{"Unknown":1},"countries":{"IN":1},"sanctioned_nodes":0,"policy_restricted_nodes":0,"threat_infrastructure_nodes":0,"stroke":"#c0d674","fill":"#c0d674","opacity":0.08,"marker_ring":false}},{"type":"Feature","id":"node-density-grid-5:20:75","geometry":{"type":"Polygon","coordinates":[[[75,20],[80,20],[80,25],[75,25],[75,20]]]},"properties":{"name":"5° Density Cell 20,75","kind":"density-grid","grid_size_degrees":5,"point_count":1,"intensity":0.001916,"networks":{"ipv4":1},"statuses":{"Unknown":1},"countries":{"IN":1},"sanctioned_nodes":0,"policy_restricted_nodes":0,"threat_infrastructure_nodes":0,"stroke":"#c0d674","fill":"#c0d674","opacity":0.08,"marker_ring":false}},{"type":"Feature","id":"node-density-grid-5:20:120","geometry":{"type":"Polygon","coordinates":[[[120,20],[125,20],[125,25],[120,25],[120,20]]]},"properties":{"name":"5° Density Cell 20,120","kind":"density-grid","grid_size_degrees":5,"point_count":1,"intensity":0.001916,"networks":{"ipv4":1},"statuses":{"Unknown":1},"countries":{"TW":1},"sanctioned_nodes":0,"policy_restricted_nodes":0,"threat_infrastructure_nodes":0,"stroke":"#c0d674","fill":"#c0d674","opacity":0.08,"marker_ring":false}},{"type":"Feature","id":"node-density-grid-5:25:-20","geometry":{"type":"Polygon","coordinates":[[[-20,25],[-15,25],[-15,30],[-20,30],[-20,25]]]},"properties":{"name":"5° Density Cell 25,-20","kind":"density-grid","grid_size_degrees":5,"point_count":1,"intensity":0.001916,"networks":{"ipv4":1},"statuses":{"Unknown":1},"countries":{"ES":1},"sanctioned_nodes":0,"policy_restricted_nodes":0,"threat_infrastructure_nodes":0,"stroke":"#c0d674","fill":"#c0d674","opacity":0.08,"marker_ring":false}},{"type":"Feature","id":"node-density-grid-5:25:75","geometry":{"type":"Polygon","coordinates":[[[75,25],[80,25],[80,30],[75,30],[75,25]]]},"properties":{"name":"5° Density Cell 25,75","kind":"density-grid","grid_size_degrees":5,"point_count":1,"intensity":0.001916,"networks":{"ipv4":1},"statuses":{"Unknown":1},"countries":{"IN":1},"sanctioned_nodes":0,"policy_restricted_nodes":0,"threat_infrastructure_nodes":0,"stroke":"#c0d674","fill":"#c0d674","opacity":0.08,"marker_ring":false}},{"type":"Feature","id":"node-density-grid-5:25:80","geometry":{"type":"Polygon","coordinates":[[[80,25],[85,25],[85,30],[80,30],[80,25]]]},"properties":{"name":"5° Density Cell 25,80","kind":"density-grid","grid_size_degrees":5,"point_count":1,"intensity":0.001916,"networks":{"ipv4":1},"statuses":{"Unknown":1},"countries":{"IN":1},"sanctioned_nodes":0,"policy_restricted_nodes":0,"threat_infrastructure_nodes":0,"stroke":"#c0d674","fill":"#c0d674","opacity":0.08,"marker_ring":false}},{"type":"Feature","id":"node-density-grid-5:25:85","geometry":{"type":"Polygon","coordinates":[[[85,25],[90,25],[90,30],[85,30],[85,25]]]},"properties":{"name":"5° Density Cell 25,85","kind":"density-grid","grid_size_degrees":5,"point_count":1,"intensity":0.001916,"networks":{"ipv4":1},"statuses":{"Unknown":1},"countries":{"IN":1},"sanctioned_nodes":0,"policy_restricted_nodes":0,"threat_infrastructure_nodes":0,"stroke":"#c0d674","fill":"#c0d674","opacity":0.08,"marker_ring":false}},{"type":"Feature","id":"node-density-grid-5:25:90","geometry":{"type":"Polygon","coordinates":[[[90,25],[95,25],[95,30],[90,30],[90,25]]]},"properties":{"name":"5° Density Cell 25,90","kind":"density-grid","grid_size_degrees":5,"point_count":1,"intensity":0.001916,"networks":{"ipv4":1},"statuses":{"Unknown":1},"countries":{"IN":1},"sanctioned_nodes":0,"policy_restricted_nodes":0,"threat_infrastructure_nodes":0,"stroke":"#c0d674","fill":"#c0d674","opacity":0.08,"marker_ring":false}},{"type":"Feature","id":"node-density-grid-5:25:110","geometry":{"type":"Polygon","coordinates":[[[110,25],[115,25],[115,30],[110,30],[110,25]]]},"properties":{"name":"5° Density Cell 25,110","kind":"density-grid","grid_size_degrees":5,"point_count":1,"intensity":0.001916,"networks":{"ipv4":1},"statuses":{"Unknown":1},"countries":{"CN":1},"sanctioned_nodes":0,"policy_restricted_nodes":0,"threat_infrastructure_nodes":0,"stroke":"#c0d674","fill":"#c0d674","opacity":0.08,"marker_ring":false}},{"type":"Feature","id":"node-density-grid-5:25:125","geometry":{"type":"Polygon","coordinates":[[[125,25],[130,25],[130,30],[125,30],[125,25]]]},"properties":{"name":"5° Density Cell 25,125","kind":"density-grid","grid_size_degrees":5,"point_count":1,"intensity":0.001916,"networks":{"ipv4":1},"statuses":{"Unknown":1},"countries":{"JP":1},"sanctioned_nodes":0,"policy_restricted_nodes":0,"threat_infrastructure_nodes":0,"stroke":"#c0d674","fill":"#c0d674","opacity":0.08,"marker_ring":false}},{"type":"Feature","id":"node-density-grid-5:30:-125","geometry":{"type":"Polygon","coordinates":[[[-125,30],[-120,30],[-120,35],[-125,35],[-125,30]]]},"properties":{"name":"5° Density Cell 30,-125","kind":"density-grid","grid_size_degrees":5,"point_count":1,"intensity":0.001916,"networks":{"ipv4":1},"statuses":{"Unknown":1},"countries":{"US":1},"sanctioned_nodes":0,"policy_restricted_nodes":0,"threat_infrastructure_nodes":0,"stroke":"#c0d674","fill":"#c0d674","opacity":0.08,"marker_ring":false}},{"type":"Feature","id":"node-density-grid-5:30:115","geometry":{"type":"Polygon","coordinates":[[[115,30],[120,30],[120,35],[115,35],[115,30]]]},"properties":{"name":"5° Density Cell 30,115","kind":"density-grid","grid_size_degrees":5,"point_count":1,"intensity":0.001916,"networks":{"ipv4":1},"statuses":{"Unknown":1},"countries":{"CN":1},"sanctioned_nodes":0,"policy_restricted_nodes":0,"threat_infrastructure_nodes":0,"stroke":"#c0d674","fill":"#c0d674","opacity":0.08,"marker_ring":false}},{"type":"Feature","id":"node-density-grid-5:30:130","geometry":{"type":"Polygon","coordinates":[[[130,30],[135,30],[135,35],[130,35],[130,30]]]},"properties":{"name":"5° Density Cell 30,130","kind":"density-grid","grid_size_degrees":5,"point_count":1,"intensity":0.001916,"networks":{"ipv4":1},"statuses":{"Unknown":1},"countries":{"JP":1},"sanctioned_nodes":0,"policy_restricted_nodes":0,"threat_infrastructure_nodes":0,"stroke":"#c0d674","fill":"#c0d674","opacity":0.08,"marker_ring":false}},{"type":"Feature","id":"node-density-grid-5:35:115","geometry":{"type":"Polygon","coordinates":[[[115,35],[120,35],[120,40],[115,40],[115,35]]]},"properties":{"name":"5° Density Cell 35,115","kind":"density-grid","grid_size_degrees":5,"point_count":1,"intensity":0.001916,"networks":{"ipv4":1},"statuses":{"Unknown":1},"countries":{"CN":1},"sanctioned_nodes":0,"policy_restricted_nodes":0,"threat_infrastructure_nodes":0,"stroke":"#c0d674","fill":"#c0d674","opacity":0.08,"marker_ring":false}},{"type":"Feature","id":"node-density-grid-5:35:120","geometry":{"type":"Polygon","coordinates":[[[120,35],[125,35],[125,40],[120,40],[120,35]]]},"properties":{"name":"5° Density Cell 35,120","kind":"density-grid","grid_size_degrees":5,"point_count":1,"intensity":0.001916,"networks":{"ipv4":1},"statuses":{"Unknown":1},"countries":{"CN":1},"sanctioned_nodes":0,"policy_restricted_nodes":0,"threat_infrastructure_nodes":0,"stroke":"#c0d674","fill":"#c0d674","opacity":0.08,"marker_ring":false}},{"type":"Feature","id":"node-density-grid-5:35:130","geometry":{"type":"Polygon","coordinates":[[[130,35],[135,35],[135,40],[130,40],[130,35]]]},"properties":{"name":"5° Density Cell 35,130","kind":"density-grid","grid_size_degrees":5,"point_count":1,"intensity":0.001916,"networks":{"ipv4":1},"statuses":{"Unknown":1},"countries":{"JP":1},"sanctioned_nodes":0,"policy_restricted_nodes":0,"threat_infrastructure_nodes":0,"stroke":"#c0d674","fill":"#c0d674","opacity":0.08,"marker_ring":false}},{"type":"Feature","id":"node-density-grid-5:35:140","geometry":{"type":"Polygon","coordinates":[[[140,35],[145,35],[145,40],[140,40],[140,35]]]},"properties":{"name":"5° Density Cell 35,140","kind":"density-grid","grid_size_degrees":5,"point_count":1,"intensity":0.001916,"networks":{"ipv4":1},"statuses":{"Unknown":1},"countries":{"JP":1},"sanctioned_nodes":0,"policy_restricted_nodes":0,"threat_infrastructure_nodes":0,"stroke":"#c0d674","fill":"#c0d674","opacity":0.08,"marker_ring":false}},{"type":"Feature","id":"node-density-grid-5:40:35","geometry":{"type":"Polygon","coordinates":[[[35,40],[40,40],[40,45],[35,45],[35,40]]]},"properties":{"name":"5° Density Cell 40,35","kind":"density-grid","grid_size_degrees":5,"point_count":1,"intensity":0.001916,"networks":{"ipv4":1},"statuses":{"Unknown":1},"countries":{"RU":1},"sanctioned_nodes":0,"policy_restricted_nodes":0,"threat_infrastructure_nodes":0,"stroke":"#c0d674","fill":"#c0d674","opacity":0.08,"marker_ring":false}},{"type":"Feature","id":"node-density-grid-5:45:-90","geometry":{"type":"Polygon","coordinates":[[[-90,45],[-85,45],[-85,50],[-90,50],[-90,45]]]},"properties":{"name":"5° Density Cell 45,-90","kind":"density-grid","grid_size_degrees":5,"point_count":1,"intensity":0.001916,"networks":{"ipv4":1},"statuses":{"Unknown":1},"countries":{"US":1},"sanctioned_nodes":0,"policy_restricted_nodes":0,"threat_infrastructure_nodes":0,"stroke":"#c0d674","fill":"#c0d674","opacity":0.08,"marker_ring":false}},{"type":"Feature","id":"node-density-grid-5:45:-85","geometry":{"type":"Polygon","coordinates":[[[-85,45],[-80,45],[-80,50],[-85,50],[-85,45]]]},"properties":{"name":"5° Density Cell 45,-85","kind":"density-grid","grid_size_degrees":5,"point_count":1,"intensity":0.001916,"networks":{"ipv4":1},"statuses":{"Unknown":1},"countries":{"US":1},"sanctioned_nodes":0,"policy_restricted_nodes":0,"threat_infrastructure_nodes":0,"stroke":"#c0d674","fill":"#c0d674","opacity":0.08,"marker_ring":false}},{"type":"Feature","id":"node-density-grid-5:45:-55","geometry":{"type":"Polygon","coordinates":[[[-55,45],[-50,45],[-50,50],[-55,50],[-55,45]]]},"properties":{"name":"5° Density Cell 45,-55","kind":"density-grid","grid_size_degrees":5,"point_count":1,"intensity":0.001916,"networks":{"ipv4":1},"statuses":{"Unknown":1},"countries":{"CA":1},"sanctioned_nodes":0,"policy_restricted_nodes":0,"threat_infrastructure_nodes":0,"stroke":"#c0d674","fill":"#c0d674","opacity":0.08,"marker_ring":false}},{"type":"Feature","id":"node-density-grid-5:50:-125","geometry":{"type":"Polygon","coordinates":[[[-125,50],[-120,50],[-120,55],[-125,55],[-125,50]]]},"properties":{"name":"5° Density Cell 50,-125","kind":"density-grid","grid_size_degrees":5,"point_count":1,"intensity":0.001916,"networks":{"ipv4":1},"statuses":{"Unknown":1},"countries":{"CA":1},"sanctioned_nodes":0,"policy_restricted_nodes":0,"threat_infrastructure_nodes":0,"stroke":"#c0d674","fill":"#c0d674","opacity":0.08,"marker_ring":false}},{"type":"Feature","id":"node-density-grid-5:50:-120","geometry":{"type":"Polygon","coordinates":[[[-120,50],[-115,50],[-115,55],[-120,55],[-120,50]]]},"properties":{"name":"5° Density Cell 50,-120","kind":"density-grid","grid_size_degrees":5,"point_count":1,"intensity":0.001916,"networks":{"ipv4":1},"statuses":{"Unknown":1},"countries":{"CA":1},"sanctioned_nodes":0,"policy_restricted_nodes":0,"threat_infrastructure_nodes":0,"stroke":"#c0d674","fill":"#c0d674","opacity":0.08,"marker_ring":false}},{"type":"Feature","id":"node-density-grid-5:50:-105","geometry":{"type":"Polygon","coordinates":[[[-105,50],[-100,50],[-100,55],[-105,55],[-105,50]]]},"properties":{"name":"5° Density Cell 50,-105","kind":"density-grid","grid_size_degrees":5,"point_count":1,"intensity":0.001916,"networks":{"ipv4":1},"statuses":{"Unknown":1},"countries":{"CA":1},"sanctioned_nodes":0,"policy_restricted_nodes":0,"threat_infrastructure_nodes":0,"stroke":"#c0d674","fill":"#c0d674","opacity":0.08,"marker_ring":false}},{"type":"Feature","id":"node-density-grid-5:50:-95","geometry":{"type":"Polygon","coordinates":[[[-95,50],[-90,50],[-90,55],[-95,55],[-95,50]]]},"properties":{"name":"5° Density Cell 50,-95","kind":"density-grid","grid_size_degrees":5,"point_count":1,"intensity":0.001916,"networks":{"ipv4":1},"statuses":{"Unknown":1},"countries":{"CA":1},"sanctioned_nodes":0,"policy_restricted_nodes":0,"threat_infrastructure_nodes":0,"stroke":"#c0d674","fill":"#c0d674","opacity":0.08,"marker_ring":false}},{"type":"Feature","id":"node-density-grid-5:50:40","geometry":{"type":"Polygon","coordinates":[[[40,50],[45,50],[45,55],[40,55],[40,50]]]},"properties":{"name":"5° Density Cell 50,40","kind":"density-grid","grid_size_degrees":5,"point_count":1,"intensity":0.001916,"networks":{"ipv4":1},"statuses":{"Unknown":1},"countries":{"RU":1},"sanctioned_nodes":0,"policy_restricted_nodes":0,"threat_infrastructure_nodes":0,"stroke":"#c0d674","fill":"#c0d674","opacity":0.08,"marker_ring":false}},{"type":"Feature","id":"node-density-grid-5:50:55","geometry":{"type":"Polygon","coordinates":[[[55,50],[60,50],[60,55],[55,55],[55,50]]]},"properties":{"name":"5° Density Cell 50,55","kind":"density-grid","grid_size_degrees":5,"point_count":1,"intensity":0.001916,"networks":{"ipv4":1},"statuses":{"Unknown":1},"countries":{"RU":1},"sanctioned_nodes":0,"policy_restricted_nodes":0,"threat_infrastructure_nodes":0,"stroke":"#c0d674","fill":"#c0d674","opacity":0.08,"marker_ring":false}},{"type":"Feature","id":"node-density-grid-5:50:80","geometry":{"type":"Polygon","coordinates":[[[80,50],[85,50],[85,55],[80,55],[80,50]]]},"properties":{"name":"5° Density Cell 50,80","kind":"density-grid","grid_size_degrees":5,"point_count":1,"intensity":0.001916,"networks":{"ipv4":1},"statuses":{"Unknown":1},"countries":{"RU":1},"sanctioned_nodes":0,"policy_restricted_nodes":0,"threat_infrastructure_nodes":0,"stroke":"#c0d674","fill":"#c0d674","opacity":0.08,"marker_ring":false}},{"type":"Feature","id":"node-density-grid-5:50:100","geometry":{"type":"Polygon","coordinates":[[[100,50],[105,50],[105,55],[100,55],[100,50]]]},"properties":{"name":"5° Density Cell 50,100","kind":"density-grid","grid_size_degrees":5,"point_count":1,"intensity":0.001916,"networks":{"ipv4":1},"statuses":{"Unknown":1},"countries":{"RU":1},"sanctioned_nodes":0,"policy_restricted_nodes":0,"threat_infrastructure_nodes":0,"stroke":"#c0d674","fill":"#c0d674","opacity":0.08,"marker_ring":false}},{"type":"Feature","id":"node-density-grid-5:55:-120","geometry":{"type":"Polygon","coordinates":[[[-120,55],[-115,55],[-115,60],[-120,60],[-120,55]]]},"properties":{"name":"5° Density Cell 55,-120","kind":"density-grid","grid_size_degrees":5,"point_count":1,"intensity":0.001916,"networks":{"ipv4":1},"statuses":{"Unknown":1},"countries":{"CA":1},"sanctioned_nodes":0,"policy_restricted_nodes":0,"threat_infrastructure_nodes":0,"stroke":"#c0d674","fill":"#c0d674","opacity":0.08,"marker_ring":false}},{"type":"Feature","id":"node-density-grid-5:55:-115","geometry":{"type":"Polygon","coordinates":[[[-115,55],[-110,55],[-110,60],[-115,60],[-115,55]]]},"properties":{"name":"5° Density Cell 55,-115","kind":"density-grid","grid_size_degrees":5,"point_count":1,"intensity":0.001916,"networks":{"ipv4":1},"statuses":{"Unknown":1},"countries":{"CA":1},"sanctioned_nodes":0,"policy_restricted_nodes":0,"threat_infrastructure_nodes":0,"stroke":"#c0d674","fill":"#c0d674","opacity":0.08,"marker_ring":false}},{"type":"Feature","id":"node-density-grid-5:55:40","geometry":{"type":"Polygon","coordinates":[[[40,55],[45,55],[45,60],[40,60],[40,55]]]},"properties":{"name":"5° Density Cell 55,40","kind":"density-grid","grid_size_degrees":5,"point_count":1,"intensity":0.001916,"networks":{"ipv4":1},"statuses":{"Unknown":1},"countries":{"RU":1},"sanctioned_nodes":0,"policy_restricted_nodes":0,"threat_infrastructure_nodes":0,"stroke":"#c0d674","fill":"#c0d674","opacity":0.08,"marker_ring":false}},{"type":"Feature","id":"node-density-grid-5:55:50","geometry":{"type":"Polygon","coordinates":[[[50,55],[55,55],[55,60],[50,60],[50,55]]]},"properties":{"name":"5° Density Cell 55,50","kind":"density-grid","grid_size_degrees":5,"point_count":1,"intensity":0.001916,"networks":{"ipv4":1},"statuses":{"Unknown":1},"countries":{"RU":1},"sanctioned_nodes":0,"policy_restricted_nodes":0,"threat_infrastructure_nodes":0,"stroke":"#c0d674","fill":"#c0d674","opacity":0.08,"marker_ring":false}},{"type":"Feature","id":"node-density-grid-5:55:85","geometry":{"type":"Polygon","coordinates":[[[85,55],[90,55],[90,60],[85,60],[85,55]]]},"properties":{"name":"5° Density Cell 55,85","kind":"density-grid","grid_size_degrees":5,"point_count":1,"intensity":0.001916,"networks":{"ipv4":1},"statuses":{"Unknown":1},"countries":{"RU":1},"sanctioned_nodes":0,"policy_restricted_nodes":0,"threat_infrastructure_nodes":0,"stroke":"#c0d674","fill":"#c0d674","opacity":0.08,"marker_ring":false}},{"type":"Feature","id":"node-density-grid-5:55:120","geometry":{"type":"Polygon","coordinates":[[[120,55],[125,55],[125,60],[120,60],[120,55]]]},"properties":{"name":"5° Density Cell 55,120","kind":"density-grid","grid_size_degrees":5,"point_count":1,"intensity":0.001916,"networks":{"ipv4":1},"statuses":{"Unknown":1},"countries":{"RU":1},"sanctioned_nodes":0,"policy_restricted_nodes":0,"threat_infrastructure_nodes":0,"stroke":"#c0d674","fill":"#c0d674","opacity":0.08,"marker_ring":false}},{"type":"Feature","id":"node-density-grid-5:60:-10","geometry":{"type":"Polygon","coordinates":[[[-10,60],[-5,60],[-5,65],[-10,65],[-10,60]]]},"properties":{"name":"5° Density Cell 60,-10","kind":"density-grid","grid_size_degrees":5,"point_count":1,"intensity":0.001916,"networks":{"ipv4":1},"statuses":{"Unknown":1},"countries":{"FO":1},"sanctioned_nodes":0,"policy_restricted_nodes":0,"threat_infrastructure_nodes":0,"stroke":"#c0d674","fill":"#c0d674","opacity":0.08,"marker_ring":false}},{"type":"Feature","id":"node-density-grid-5:60:15","geometry":{"type":"Polygon","coordinates":[[[15,60],[20,60],[20,65],[15,65],[15,60]]]},"properties":{"name":"5° Density Cell 60,15","kind":"density-grid","grid_size_degrees":5,"point_count":1,"intensity":0.001916,"networks":{"ipv4":1},"statuses":{"Unknown":1},"countries":{"SE":1},"sanctioned_nodes":0,"policy_restricted_nodes":0,"threat_infrastructure_nodes":0,"stroke":"#c0d674","fill":"#c0d674","opacity":0.08,"marker_ring":false}},{"type":"Feature","id":"node-density-grid-5:65:25","geometry":{"type":"Polygon","coordinates":[[[25,65],[30,65],[30,70],[25,70],[25,65]]]},"properties":{"name":"5° Density Cell 65,25","kind":"density-grid","grid_size_degrees":5,"point_count":1,"intensity":0.001916,"networks":{"ipv4":1},"statuses":{"Unknown":1},"countries":{"FI":1},"sanctioned_nodes":0,"policy_restricted_nodes":0,"threat_infrastructure_nodes":0,"stroke":"#c0d674","fill":"#c0d674","opacity":0.08,"marker_ring":false}},{"type":"Feature","id":"node-density-grid-5:70:20","geometry":{"type":"Polygon","coordinates":[[[20,70],[25,70],[25,75],[20,75],[20,70]]]},"properties":{"name":"5° Density Cell 70,20","kind":"density-grid","grid_size_degrees":5,"point_count":1,"intensity":0.001916,"networks":{"ipv4":1},"statuses":{"Unknown":1},"countries":{"NO":1},"sanctioned_nodes":0,"policy_restricted_nodes":0,"threat_infrastructure_nodes":0,"stroke":"#c0d674","fill":"#c0d674","opacity":0.08,"marker_ring":false}},{"type":"Feature","id":"node-density-grid-2:50:8","geometry":{"type":"Polygon","coordinates":[[[8,50],[10,50],[10,52],[8,52],[8,50]]]},"properties":{"name":"2° Density Cell 50,8","kind":"density-grid","grid_size_degrees":2,"point_count":440,"intensity":1.0,"networks":{"ipv4":440},"statuses":{"duplicate-location":429,"Unknown":11},"countries":{"DE":440},"sanctioned_nodes":0,"policy_restricted_nodes":0,"threat_infrastructure_nodes":0,"stroke":"#c0d674","fill":"#c0d674","opacity":0.55,"marker_ring":false}},{"type":"Feature","id":"node-density-grid-2:50:12","geometry":{"type":"Polygon","coordinates":[[[12,50],[14,50],[14,52],[12,52],[12,50]]]},"properties":{"name":"2° Density Cell 50,12","kind":"density-grid","grid_size_degrees":2,"point_count":206,"intensity":0.468182,"networks":{"ipv4":206},"statuses":{"duplicate-location":200,"Unknown":6},"countries":{"DE":206},"sanctioned_nodes":0,"policy_restricted_nodes":0,"threat_infrastructure_nodes":0,"stroke":"#c0d674","fill":"#c0d674","opacity":0.2575,"marker_ring":false}},{"type":"Feature","id":"node-density-grid-2:52:4","geometry":{"type":"Polygon","coordinates":[[[4,52],[6,52],[6,54],[4,54],[4,52]]]},"properties":{"name":"2° Density Cell 52,4","kind":"density-grid","grid_size_degrees":2,"point_count":175,"intensity":0.397727,"networks":{"ipv4":175},"statuses":{"duplicate-location":156,"Unknown":19},"countries":{"NL":175},"sanctioned_nodes":0,"policy_restricted_nodes":0,"threat_infrastructure_nodes":0,"stroke":"#c0d674","fill":"#c0d674","opacity":0.2188,"marker_ring":false}},{"type":"Feature","id":"node-density-grid-2:34:-120","geometry":{"type":"Polygon","coordinates":[[[-120,34],[-118,34],[-118,36],[-120,36],[-120,34]]]},"properties":{"name":"2° Density Cell 34,-120","kind":"density-grid","grid_size_degrees":2,"point_count":159,"intensity":0.361364,"networks":{"ipv4":159},"statuses":{"duplicate-location":149,"Unknown":10},"countries":{"US":159},"sanctioned_nodes":0,"policy_restricted_nodes":0,"threat_infrastructure_nodes":0,"stroke":"#c0d674","fill":"#c0d674","opacity":0.1988,"marker_ring":false}},{"type":"Feature","id":"node-density-grid-2:38:-78","geometry":{"type":"Polygon","coordinates":[[[-78,38],[-76,38],[-76,40],[-78,40],[-78,38]]]},"properties":{"name":"2° Density Cell 38,-78","kind":"density-grid","grid_size_degrees":2,"point_count":145,"intensity":0.329545,"networks":{"ipv4":145},"statuses":{"duplicate-location":135,"Unknown":10},"countries":{"US":145},"sanctioned_nodes":0,"policy_restricted_nodes":0,"threat_infrastructure_nodes":0,"stroke":"#c0d674","fill":"#c0d674","opacity":0.1812,"marker_ring":false}},{"type":"Feature","id":"node-density-grid-2:40:-76","geometry":{"type":"Polygon","coordinates":[[[-76,40],[-74,40],[-74,42],[-76,42],[-76,40]]]},"properties":{"name":"2° Density Cell 40,-76","kind":"density-grid","grid_size_degrees":2,"point_count":130,"intensity":0.295455,"networks":{"ipv4":130},"statuses":{"duplicate-location":117,"Unknown":13},"countries":{"US":130},"sanctioned_nodes":0,"policy_restricted_nodes":0,"threat_infrastructure_nodes":0,"stroke":"#c0d674","fill":"#c0d674","opacity":0.1625,"marker_ring":false}},{"type":"Feature","id":"node-density-grid-2:50:-2","geometry":{"type":"Polygon","coordinates":[[[-2,50],[0,50],[0,52],[-2,52],[-2,50]]]},"properties":{"name":"2° Density Cell 50,-2","kind":"density-grid","grid_size_degrees":2,"point_count":130,"intensity":0.295455,"networks":{"ipv4":130},"statuses":{"duplicate-location":105,"Unknown":25},"countries":{"GB":130},"sanctioned_nodes":0,"policy_restricted_nodes":0,"threat_infrastructure_nodes":0,"stroke":"#c0d674","fill":"#c0d674","opacity":0.1625,"marker_ring":false}},{"type":"Feature","id":"node-density-grid-2:46:-124","geometry":{"type":"Polygon","coordinates":[[[-124,46],[-122,46],[-122,48],[-124,48],[-124,46]]]},"properties":{"name":"2° Density Cell 46,-124","kind":"density-grid","grid_size_degrees":2,"point_count":127,"intensity":0.288636,"networks":{"ipv4":127},"statuses":{"duplicate-location":108,"Unknown":19},"countries":{"US":127},"sanctioned_nodes":0,"policy_restricted_nodes":0,"threat_infrastructure_nodes":0,"stroke":"#c0d674","fill":"#c0d674","opacity":0.1588,"marker_ring":false}},{"type":"Feature","id":"node-density-grid-2:48:10","geometry":{"type":"Polygon","coordinates":[[[10,48],[12,48],[12,50],[10,50],[10,48]]]},"properties":{"name":"2° Density Cell 48,10","kind":"density-grid","grid_size_degrees":2,"point_count":121,"intensity":0.275,"networks":{"ipv4":121},"statuses":{"duplicate-location":111,"Unknown":10},"countries":{"DE":121},"sanctioned_nodes":0,"policy_restricted_nodes":0,"threat_infrastructure_nodes":0,"stroke":"#c0d674","fill":"#c0d674","opacity":0.1513,"marker_ring":false}},{"type":"Feature","id":"node-density-grid-2:0:102","geometry":{"type":"Polygon","coordinates":[[[102,0],[104,0],[104,2],[102,2],[102,0]]]},"properties":{"name":"2° Density Cell 0,102","kind":"density-grid","grid_size_degrees":2,"point_count":120,"intensity":0.272727,"networks":{"ipv4":120},"statuses":{"duplicate-location":109,"Unknown":11},"countries":{"SG":120},"sanctioned_nodes":0,"policy_restricted_nodes":0,"threat_infrastructure_nodes":0,"stroke":"#c0d674","fill":"#c0d674","opacity":0.15,"marker_ring":false}},{"type":"Feature","id":"node-density-grid-2:42:-80","geometry":{"type":"Polygon","coordinates":[[[-80,42],[-78,42],[-78,44],[-80,44],[-80,42]]]},"properties":{"name":"2° Density Cell 42,-80","kind":"density-grid","grid_size_degrees":2,"point_count":108,"intensity":0.245455,"networks":{"ipv4":108},"statuses":{"duplicate-location":96,"Unknown":12},"countries":{"CA":99,"US":9},"sanctioned_nodes":0,"policy_restricted_nodes":0,"threat_infrastructure_nodes":0,"stroke":"#c0d674","fill":"#c0d674","opacity":0.135,"marker_ring":false}},{"type":"Feature","id":"node-density-grid-2:44:-74","geometry":{"type":"Polygon","coordinates":[[[-74,44],[-72,44],[-72,46],[-74,46],[-74,44]]]},"properties":{"name":"2° Density Cell 44,-74","kind":"density-grid","grid_size_degrees":2,"point_count":104,"intensity":0.236364,"networks":{"ipv4":104},"statuses":{"duplicate-location":87,"Unknown":17},"countries":{"CA":103,"US":1},"sanctioned_nodes":0,"policy_restricted_nodes":0,"threat_infrastructure_nodes":0,"stroke":"#c0d674","fill":"#c0d674","opacity":0.13,"marker_ring":false}},{"type":"Feature","id":"node-density-grid-2:40:-88","geometry":{"type":"Polygon","coordinates":[[[-88,40],[-86,40],[-86,42],[-88,42],[-88,40]]]},"properties":{"name":"2° Density Cell 40,-88","kind":"density-grid","grid_size_degrees":2,"point_count":103,"intensity":0.234091,"networks":{"ipv4":103},"statuses":{"duplicate-location":91,"Unknown":12},"countries":{"US":103},"sanctioned_nodes":0,"policy_restricted_nodes":0,"threat_infrastructure_nodes":0,"stroke":"#c0d674","fill":"#c0d674","opacity":0.1288,"marker_ring":false}},{"type":"Feature","id":"node-density-grid-2:36:126","geometry":{"type":"Polygon","coordinates":[[[126,36],[128,36],[128,38],[126,38],[126,36]]]},"properties":{"name":"2° Density Cell 36,126","kind":"density-grid","grid_size_degrees":2,"point_count":99,"intensity":0.225,"networks":{"ipv4":99},"statuses":{"duplicate-location":87,"Unknown":12},"countries":{"KR":99},"sanctioned_nodes":0,"policy_restricted_nodes":0,"threat_infrastructure_nodes":0,"stroke":"#c0d674","fill":"#c0d674","opacity":0.1238,"marker_ring":false}},{"type":"Feature","id":"node-density-grid-2:32:-98","geometry":{"type":"Polygon","coordinates":[[[-98,32],[-96,32],[-96,34],[-98,34],[-98,32]]]},"properties":{"name":"2° Density Cell 32,-98","kind":"density-grid","grid_size_degrees":2,"point_count":95,"intensity":0.215909,"networks":{"ipv4":95},"statuses":{"duplicate-location":83,"Unknown":12},"countries":{"US":95},"sanctioned_nodes":0,"policy_restricted_nodes":0,"threat_infrastructure_nodes":0,"stroke":"#c0d674","fill":"#c0d674","opacity":0.1188,"marker_ring":false}},{"type":"Feature","id":"node-density-grid-2:34:138","geometry":{"type":"Polygon","coordinates":[[[138,34],[140,34],[140,36],[138,36],[138,34]]]},"properties":{"name":"2° Density Cell 34,138","kind":"density-grid","grid_size_degrees":2,"point_count":70,"intensity":0.159091,"networks":{"ipv4":70},"statuses":{"duplicate-location":60,"Unknown":10},"countries":{"JP":70},"sanctioned_nodes":0,"policy_restricted_nodes":0,"threat_infrastructure_nodes":0,"stroke":"#c0d674","fill":"#c0d674","opacity":0.0875,"marker_ring":false}},{"type":"Feature","id":"node-density-grid-2:60:24","geometry":{"type":"Polygon","coordinates":[[[24,60],[26,60],[26,62],[24,62],[24,60]]]},"properties":{"name":"2° Density Cell 60,24","kind":"density-grid","grid_size_degrees":2,"point_count":68,"intensity":0.154545,"networks":{"ipv4":68},"statuses":{"duplicate-location":62,"Unknown":6},"countries":{"FI":68},"sanctioned_nodes":0,"policy_restricted_nodes":0,"threat_infrastructure_nodes":0,"stroke":"#c0d674","fill":"#c0d674","opacity":0.085,"marker_ring":false}},{"type":"Feature","id":"node-density-grid-2:-34:150","geometry":{"type":"Polygon","coordinates":[[[150,-34],[152,-34],[152,-32],[150,-32],[150,-34]]]},"properties":{"name":"2° Density Cell -34,150","kind":"density-grid","grid_size_degrees":2,"point_count":65,"intensity":0.147727,"networks":{"ipv4":65},"statuses":{"duplicate-location":54,"Unknown":11},"countries":{"AU":65},"sanctioned_nodes":0,"policy_restricted_nodes":0,"threat_infrastructure_nodes":0,"stroke":"#c0d674","fill":"#c0d674","opacity":0.0813,"marker_ring":false}},{"type":"Feature","id":"node-density-grid-2:46:8","geometry":{"type":"Polygon","coordinates":[[[8,46],[10,46],[10,48],[8,48],[8,46]]]},"properties":{"name":"2° Density Cell 46,8","kind":"density-grid","grid_size_degrees":2,"point_count":64,"intensity":0.145455,"networks":{"ipv4":64},"statuses":{"duplicate-location":34,"Unknown":30},"countries":{"CH":59,"LI":3,"AT":2},"sanctioned_nodes":0,"policy_restricted_nodes":0,"threat_infrastructure_nodes":0,"stroke":"#c0d674","fill":"#c0d674","opacity":0.08,"marker_ring":false}},{"type":"Feature","id":"node-density-grid-2:48:2","geometry":{"type":"Polygon","coordinates":[[[2,48],[4,48],[4,50],[2,50],[2,48]]]},"properties":{"name":"2° Density Cell 48,2","kind":"density-grid","grid_size_degrees":2,"point_count":61,"intensity":0.138636,"networks":{"ipv4":61},"statuses":{"duplicate-location":52,"Unknown":9},"countries":{"FR":61},"sanctioned_nodes":0,"policy_restricted_nodes":0,"threat_infrastructure_nodes":0,"stroke":"#c0d674","fill":"#c0d674","opacity":0.08,"marker_ring":false}},{"type":"Feature","id":"node-density-grid-2:22:114","geometry":{"type":"Polygon","coordinates":[[[114,22],[116,22],[116,24],[114,24],[114,22]]]},"properties":{"name":"2° Density Cell 22,114","kind":"density-grid","grid_size_degrees":2,"point_count":58,"intensity":0.131818,"networks":{"ipv4":58},"statuses":{"duplicate-location":49,"Unknown":9},"countries":{"HK":58},"sanctioned_nodes":0,"policy_restricted_nodes":0,"threat_infrastructure_nodes":0,"stroke":"#c0d674","fill":"#c0d674","opacity":0.08,"marker_ring":false}},{"type":"Feature","id":"node-density-grid-2:50:2","geometry":{"type":"Polygon","coordinates":[[[2,50],[4,50],[4,52],[2,52],[2,50]]]},"properties":{"name":"2° Density Cell 50,2","kind":"density-grid","grid_size_degrees":2,"point_count":54,"intensity":0.122727,"networks":{"ipv4":54},"statuses":{"duplicate-location":51,"Unknown":3},"countries":{"FR":51,"NL":2,"BE":1},"sanctioned_nodes":0,"policy_restricted_nodes":0,"threat_infrastructure_nodes":0,"stroke":"#c0d674","fill":"#c0d674","opacity":0.08,"marker_ring":false}},{"type":"Feature","id":"node-density-grid-2:36:-122","geometry":{"type":"Polygon","coordinates":[[[-122,36],[-120,36],[-120,38],[-122,38],[-122,36]]]},"properties":{"name":"2° Density Cell 36,-122","kind":"density-grid","grid_size_degrees":2,"point_count":52,"intensity":0.118182,"networks":{"ipv4":52},"statuses":{"duplicate-location":47,"Unknown":5},"countries":{"US":52},"sanctioned_nodes":0,"policy_restricted_nodes":0,"threat_infrastructure_nodes":0,"stroke":"#c0d674","fill":"#c0d674","opacity":0.08,"marker_ring":false}},{"type":"Feature","id":"node-density-grid-2:40:-112","geometry":{"type":"Polygon","coordinates":[[[-112,40],[-110,40],[-110,42],[-112,42],[-112,40]]]},"properties":{"name":"2° Density Cell 40,-112","kind":"density-grid","grid_size_degrees":2,"point_count":48,"intensity":0.109091,"networks":{"ipv4":48},"statuses":{"duplicate-location":38,"Unknown":10},"countries":{"US":48},"sanctioned_nodes":0,"policy_restricted_nodes":0,"threat_infrastructure_nodes":0,"stroke":"#c0d674","fill":"#c0d674","opacity":0.08,"marker_ring":false}},{"type":"Feature","id":"node-density-grid-2:46:6","geometry":{"type":"Polygon","coordinates":[[[6,46],[8,46],[8,48],[6,48],[6,46]]]},"properties":{"name":"2° Density Cell 46,6","kind":"density-grid","grid_size_degrees":2,"point_count":47,"intensity":0.106818,"networks":{"ipv4":47},"statuses":{"Unknown":29,"duplicate-location":18},"countries":{"CH":46,"DE":1},"sanctioned_nodes":0,"policy_restricted_nodes":0,"threat_infrastructure_nodes":0,"stroke":"#c0d674","fill":"#c0d674","opacity":0.08,"marker_ring":false}},{"type":"Feature","id":"node-density-grid-2:44:-124","geometry":{"type":"Polygon","coordinates":[[[-124,44],[-122,44],[-122,46],[-124,46],[-124,44]]]},"properties":{"name":"2° Density Cell 44,-124","kind":"density-grid","grid_size_degrees":2,"point_count":43,"intensity":0.097727,"networks":{"ipv4":43},"statuses":{"duplicate-location":33,"Unknown":10},"countries":{"US":43},"sanctioned_nodes":0,"policy_restricted_nodes":0,"threat_infrastructure_nodes":0,"stroke":"#c0d674","fill":"#c0d674","opacity":0.08,"marker_ring":false}},{"type":"Feature","id":"node-density-grid-2:50:4","geometry":{"type":"Polygon","coordinates":[[[4,50],[6,50],[6,52],[4,52],[4,50]]]},"properties":{"name":"2° Density Cell 50,4","kind":"density-grid","grid_size_degrees":2,"point_count":39,"intensity":0.088636,"networks":{"ipv4":39},"statuses":{"duplicate-location":25,"Unknown":14},"countries":{"NL":25,"BE":14},"sanctioned_nodes":0,"policy_restricted_nodes":0,"threat_infrastructure_nodes":0,"stroke":"#c0d674","fill":"#c0d674","opacity":0.08,"marker_ring":false}},{"type":"Feature","id":"node-density-grid-2:-38:144","geometry":{"type":"Polygon","coordinates":[[[144,-38],[146,-38],[146,-36],[144,-36],[144,-38]]]},"properties":{"name":"2° Density Cell -38,144","kind":"density-grid","grid_size_degrees":2,"point_count":37,"intensity":0.084091,"networks":{"ipv4":37},"statuses":{"duplicate-location":27,"Unknown":10},"countries":{"AU":37},"sanctioned_nodes":0,"policy_restricted_nodes":0,"threat_infrastructure_nodes":0,"stroke":"#c0d674","fill":"#c0d674","opacity":0.08,"marker_ring":false}},{"type":"Feature","id":"node-density-grid-2:50:6","geometry":{"type":"Polygon","coordinates":[[[6,50],[8,50],[8,52],[6,52],[6,50]]]},"properties":{"name":"2° Density Cell 50,6","kind":"density-grid","grid_size_degrees":2,"point_count":37,"intensity":0.084091,"networks":{"ipv4":37},"statuses":{"Unknown":19,"duplicate-location":18},"countries":{"DE":34,"NL":3},"sanctioned_nodes":0,"policy_restricted_nodes":0,"threat_infrastructure_nodes":0,"stroke":"#c0d674","fill":"#c0d674","opacity":0.08,"marker_ring":false}},{"type":"Feature","id":"node-density-grid-2:52:12","geometry":{"type":"Polygon","coordinates":[[[12,52],[14,52],[14,54],[12,54],[12,52]]]},"properties":{"name":"2° Density Cell 52,12","kind":"density-grid","grid_size_degrees":2,"point_count":37,"intensity":0.084091,"networks":{"ipv4":37},"statuses":{"duplicate-location":32,"Unknown":5},"countries":{"DE":37},"sanctioned_nodes":0,"policy_restricted_nodes":0,"threat_infrastructure_nodes":0,"stroke":"#c0d674","fill":"#c0d674","opacity":0.08,"marker_ring":false}},{"type":"Feature","id":"node-density-grid-2:30:-98","geometry":{"type":"Polygon","coordinates":[[[-98,30],[-96,30],[-96,32],[-98,32],[-98,30]]]},"properties":{"name":"2° Density Cell 30,-98","kind":"density-grid","grid_size_degrees":2,"point_count":33,"intensity":0.075,"networks":{"ipv4":33},"statuses":{"duplicate-location":21,"Unknown":12},"countries":{"US":33},"sanctioned_nodes":0,"policy_restricted_nodes":0,"threat_infrastructure_nodes":0,"stroke":"#c0d674","fill":"#c0d674","opacity":0.08,"marker_ring":false}},{"type":"Feature","id":"node-density-grid-2:38:-96","geometry":{"type":"Polygon","coordinates":[[[-96,38],[-94,38],[-94,40],[-96,40],[-96,38]]]},"properties":{"name":"2° Density Cell 38,-96","kind":"density-grid","grid_size_degrees":2,"point_count":31,"intensity":0.070455,"networks":{"ipv4":31},"statuses":{"duplicate-location":21,"Unknown":10},"countries":{"US":31},"sanctioned_nodes":0,"policy_restricted_nodes":0,"threat_infrastructure_nodes":0,"stroke":"#c0d674","fill":"#c0d674","opacity":0.08,"marker_ring":false}},{"type":"Feature","id":"node-density-grid-2:40:-74","geometry":{"type":"Polygon","coordinates":[[[-74,40],[-72,40],[-72,42],[-74,42],[-74,40]]]},"properties":{"name":"2° Density Cell 40,-74","kind":"density-grid","grid_size_degrees":2,"point_count":30,"intensity":0.068182,"networks":{"ipv4":30},"statuses":{"duplicate-location":16,"Unknown":14},"countries":{"US":30},"sanctioned_nodes":0,"policy_restricted_nodes":0,"threat_infrastructure_nodes":0,"stroke":"#c0d674","fill":"#c0d674","opacity":0.08,"marker_ring":false}},{"type":"Feature","id":"node-density-grid-2:58:18","geometry":{"type":"Polygon","coordinates":[[[18,58],[20,58],[20,60],[18,60],[18,58]]]},"properties":{"name":"2° Density Cell 58,18","kind":"density-grid","grid_size_degrees":2,"point_count":30,"intensity":0.068182,"networks":{"ipv4":30},"statuses":{"duplicate-location":26,"Unknown":4},"countries":{"SE":30},"sanctioned_nodes":0,"policy_restricted_nodes":0,"threat_infrastructure_nodes":0,"stroke":"#c0d674","fill":"#c0d674","opacity":0.08,"marker_ring":false}},{"type":"Feature","id":"node-density-grid-2:54:36","geometry":{"type":"Polygon","coordinates":[[[36,54],[38,54],[38,56],[36,56],[36,54]]]},"properties":{"name":"2° Density Cell 54,36","kind":"density-grid","grid_size_degrees":2,"point_count":29,"intensity":0.065909,"networks":{"ipv4":29},"statuses":{"duplicate-location":18,"Unknown":11},"countries":{"RU":29},"sanctioned_nodes":0,"policy_restricted_nodes":0,"threat_infrastructure_nodes":0,"stroke":"#c0d674","fill":"#c0d674","opacity":0.08,"marker_ring":false}},{"type":"Feature","id":"node-density-grid-2:42:-72","geometry":{"type":"Polygon","coordinates":[[[-72,42],[-70,42],[-70,44],[-72,44],[-72,42]]]},"properties":{"name":"2° Density Cell 42,-72","kind":"density-grid","grid_size_degrees":2,"point_count":28,"intensity":0.063636,"networks":{"ipv4":28},"statuses":{"duplicate-location":22,"Unknown":6},"countries":{"US":28},"sanctioned_nodes":0,"policy_restricted_nodes":0,"threat_infrastructure_nodes":0,"stroke":"#c0d674","fill":"#c0d674","opacity":0.08,"marker_ring":false}},{"type":"Feature","id":"node-density-grid-2:48:8","geometry":{"type":"Polygon","coordinates":[[[8,48],[10,48],[10,50],[8,50],[8,48]]]},"properties":{"name":"2° Density Cell 48,8","kind":"density-grid","grid_size_degrees":2,"point_count":27,"intensity":0.061364,"networks":{"ipv4":27},"statuses":{"duplicate-location":15,"Unknown":12},"countries":{"DE":27},"sanctioned_nodes":0,"policy_restricted_nodes":0,"threat_infrastructure_nodes":0,"stroke":"#c0d674","fill":"#c0d674","opacity":0.08,"marker_ring":false}},{"type":"Feature","id":"node-density-grid-2:-24:-48","geometry":{"type":"Polygon","coordinates":[[[-48,-24],[-46,-24],[-46,-22],[-48,-22],[-48,-24]]]},"properties":{"name":"2° Density Cell -24,-48","kind":"density-grid","grid_size_degrees":2,"point_count":26,"intensity":0.059091,"networks":{"ipv4":26},"statuses":{"duplicate-location":19,"Unknown":7},"countries":{"BR":26},"sanctioned_nodes":0,"policy_restricted_nodes":0,"threat_infrastructure_nodes":0,"stroke":"#c0d674","fill":"#c0d674","opacity":0.08,"marker_ring":false}},{"type":"Feature","id":"node-density-grid-2:32:-86","geometry":{"type":"Polygon","coordinates":[[[-86,32],[-84,32],[-84,34],[-86,34],[-86,32]]]},"properties":{"name":"2° Density Cell 32,-86","kind":"density-grid","grid_size_degrees":2,"point_count":26,"intensity":0.059091,"networks":{"ipv4":26},"statuses":{"duplicate-location":18,"Unknown":8},"countries":{"US":26},"sanctioned_nodes":0,"policy_restricted_nodes":0,"threat_infrastructure_nodes":0,"stroke":"#c0d674","fill":"#c0d674","opacity":0.08,"marker_ring":false}},{"type":"Feature","id":"node-density-grid-2:48:-124","geometry":{"type":"Polygon","coordinates":[[[-124,48],[-122,48],[-122,50],[-124,50],[-124,48]]]},"properties":{"name":"2° Density Cell 48,-124","kind":"density-grid","grid_size_degrees":2,"point_count":26,"intensity":0.059091,"networks":{"ipv4":26},"statuses":{"Unknown":14,"duplicate-location":12},"countries":{"CA":25,"US":1},"sanctioned_nodes":0,"policy_restricted_nodes":0,"threat_infrastructure_nodes":0,"stroke":"#c0d674","fill":"#c0d674","opacity":0.08,"marker_ring":false}},{"type":"Feature","id":"node-density-grid-2:48:16","geometry":{"type":"Polygon","coordinates":[[[16,48],[18,48],[18,50],[16,50],[16,48]]]},"properties":{"name":"2° Density Cell 48,16","kind":"density-grid","grid_size_degrees":2,"point_count":25,"intensity":0.056818,"networks":{"ipv4":25},"statuses":{"Unknown":15,"duplicate-location":10},"countries":{"AT":16,"CZ":6,"SK":3},"sanctioned_nodes":0,"policy_restricted_nodes":0,"threat_infrastructure_nodes":0,"stroke":"#c0d674","fill":"#c0d674","opacity":0.08,"marker_ring":false}},{"type":"Feature","id":"node-density-grid-2:32:-118","geometry":{"type":"Polygon","coordinates":[[[-118,32],[-116,32],[-116,34],[-118,34],[-118,32]]]},"properties":{"name":"2° Density Cell 32,-118","kind":"density-grid","grid_size_degrees":2,"point_count":24,"intensity":0.054545,"networks":{"ipv4":24},"statuses":{"Unknown":16,"duplicate-location":8},"countries":{"US":24},"sanctioned_nodes":0,"policy_restricted_nodes":0,"threat_infrastructure_nodes":0,"stroke":"#c0d674","fill":"#c0d674","opacity":0.08,"marker_ring":false}},{"type":"Feature","id":"node-density-grid-2:34:-80","geometry":{"type":"Polygon","coordinates":[[[-80,34],[-78,34],[-78,36],[-80,36],[-80,34]]]},"properties":{"name":"2° Density Cell 34,-80","kind":"density-grid","grid_size_degrees":2,"point_count":23,"intensity":0.052273,"networks":{"ipv4":23},"statuses":{"duplicate-location":18,"Unknown":5},"countries":{"US":23},"sanctioned_nodes":0,"policy_restricted_nodes":0,"threat_infrastructure_nodes":0,"stroke":"#c0d674","fill":"#c0d674","opacity":0.08,"marker_ring":false}},{"type":"Feature","id":"node-density-grid-2:38:-92","geometry":{"type":"Polygon","coordinates":[[[-92,38],[-90,38],[-90,40],[-92,40],[-92,38]]]},"properties":{"name":"2° Density Cell 38,-92","kind":"density-grid","grid_size_degrees":2,"point_count":23,"intensity":0.052273,"networks":{"ipv4":23},"statuses":{"duplicate-location":15,"Unknown":8},"countries":{"US":23},"sanctioned_nodes":0,"policy_restricted_nodes":0,"threat_infrastructure_nodes":0,"stroke":"#c0d674","fill":"#c0d674","opacity":0.08,"marker_ring":false}},{"type":"Feature","id":"node-density-grid-2:34:134","geometry":{"type":"Polygon","coordinates":[[[134,34],[136,34],[136,36],[134,36],[134,34]]]},"properties":{"name":"2° Density Cell 34,134","kind":"density-grid","grid_size_degrees":2,"point_count":22,"intensity":0.05,"networks":{"ipv4":22},"statuses":{"duplicate-location":19,"Unknown":3},"countries":{"JP":22},"sanctioned_nodes":0,"policy_restricted_nodes":0,"threat_infrastructure_nodes":0,"stroke":"#c0d674","fill":"#c0d674","opacity":0.08,"marker_ring":false}},{"type":"Feature","id":"node-density-grid-2:38:-106","geometry":{"type":"Polygon","coordinates":[[[-106,38],[-104,38],[-104,40],[-106,40],[-106,38]]]},"properties":{"name":"2° Density Cell 38,-106","kind":"density-grid","grid_size_degrees":2,"point_count":22,"intensity":0.05,"networks":{"ipv4":22},"statuses":{"Unknown":11,"duplicate-location":11},"countries":{"US":22},"sanctioned_nodes":0,"policy_restricted_nodes":0,"threat_infrastructure_nodes":0,"stroke":"#c0d674","fill":"#c0d674","opacity":0.08,"marker_ring":false}},{"type":"Feature","id":"node-density-grid-2:40:-84","geometry":{"type":"Polygon","coordinates":[[[-84,40],[-82,40],[-82,42],[-84,42],[-84,40]]]},"properties":{"name":"2° Density Cell 40,-84","kind":"density-grid","grid_size_degrees":2,"point_count":21,"intensity":0.047727,"networks":{"ipv4":21},"statuses":{"duplicate-location":18,"Unknown":3},"countries":{"US":21},"sanctioned_nodes":0,"policy_restricted_nodes":0,"threat_infrastructure_nodes":0,"stroke":"#c0d674","fill":"#c0d674","opacity":0.08,"marker_ring":false}},{"type":"Feature","id":"node-density-grid-2:44:8","geometry":{"type":"Polygon","coordinates":[[[8,44],[10,44],[10,46],[8,46],[8,44]]]},"properties":{"name":"2° Density Cell 44,8","kind":"density-grid","grid_size_degrees":2,"point_count":21,"intensity":0.047727,"networks":{"ipv4":21},"statuses":{"duplicate-location":17,"Unknown":4},"countries":{"IT":21},"sanctioned_nodes":0,"policy_restricted_nodes":0,"threat_infrastructure_nodes":0,"stroke":"#c0d674","fill":"#c0d674","opacity":0.08,"marker_ring":false}},{"type":"Feature","id":"node-density-grid-2:-28:152","geometry":{"type":"Polygon","coordinates":[[[152,-28],[154,-28],[154,-26],[152,-26],[152,-28]]]},"properties":{"name":"2° Density Cell -28,152","kind":"density-grid","grid_size_degrees":2,"point_count":19,"intensity":0.043182,"networks":{"ipv4":19},"statuses":{"duplicate-location":15,"Unknown":4},"countries":{"AU":19},"sanctioned_nodes":0,"policy_restricted_nodes":0,"threat_infrastructure_nodes":0,"stroke":"#c0d674","fill":"#c0d674","opacity":0.08,"marker_ring":false}},{"type":"Feature","id":"node-density-grid-2:36:-124","geometry":{"type":"Polygon","coordinates":[[[-124,36],[-122,36],[-122,38],[-124,38],[-124,36]]]},"properties":{"name":"2° Density Cell 36,-124","kind":"density-grid","grid_size_degrees":2,"point_count":19,"intensity":0.043182,"networks":{"ipv4":19},"statuses":{"Unknown":11,"duplicate-location":8},"countries":{"US":19},"sanctioned_nodes":0,"policy_restricted_nodes":0,"threat_infrastructure_nodes":0,"stroke":"#c0d674","fill":"#c0d674","opacity":0.08,"marker_ring":false}},{"type":"Feature","id":"node-density-grid-2:52:6","geometry":{"type":"Polygon","coordinates":[[[6,52],[8,52],[8,54],[6,54],[6,52]]]},"properties":{"name":"2° Density Cell 52,6","kind":"density-grid","grid_size_degrees":2,"point_count":19,"intensity":0.043182,"networks":{"ipv4":19},"statuses":{"duplicate-location":13,"Unknown":6},"countries":{"NL":19},"sanctioned_nodes":0,"policy_restricted_nodes":0,"threat_infrastructure_nodes":0,"stroke":"#c0d674","fill":"#c0d674","opacity":0.08,"marker_ring":false}},{"type":"Feature","id":"node-density-grid-2:40:-96","geometry":{"type":"Polygon","coordinates":[[[-96,40],[-94,40],[-94,42],[-96,42],[-96,40]]]},"properties":{"name":"2° Density Cell 40,-96","kind":"density-grid","grid_size_degrees":2,"point_count":18,"intensity":0.040909,"networks":{"ipv4":18},"statuses":{"duplicate-location":17,"Unknown":1},"countries":{"US":18},"sanctioned_nodes":0,"policy_restricted_nodes":0,"threat_infrastructure_nodes":0,"stroke":"#c0d674","fill":"#c0d674","opacity":0.08,"marker_ring":false}},{"type":"Feature","id":"node-density-grid-2:-38:174","geometry":{"type":"Polygon","coordinates":[[[174,-38],[176,-38],[176,-36],[174,-36],[174,-38]]]},"properties":{"name":"2° Density Cell -38,174","kind":"density-grid","grid_size_degrees":2,"point_count":17,"intensity":0.038636,"networks":{"ipv4":17},"statuses":{"Unknown":9,"duplicate-location":8},"countries":{"NZ":17},"sanctioned_nodes":0,"policy_restricted_nodes":0,"threat_infrastructure_nodes":0,"stroke":"#c0d674","fill":"#c0d674","opacity":0.08,"marker_ring":false}},{"type":"Feature","id":"node-density-grid-2:24:120","geometry":{"type":"Polygon","coordinates":[[[120,24],[122,24],[122,26],[120,26],[120,24]]]},"properties":{"name":"2° Density Cell 24,120","kind":"density-grid","grid_size_degrees":2,"point_count":17,"intensity":0.038636,"networks":{"ipv4":17},"statuses":{"duplicate-location":16,"Unknown":1},"countries":{"TW":17},"sanctioned_nodes":0,"policy_restricted_nodes":0,"threat_infrastructure_nodes":0,"stroke":"#c0d674","fill":"#c0d674","opacity":0.08,"marker_ring":false}},{"type":"Feature","id":"node-density-grid-2:38:-76","geometry":{"type":"Polygon","coordinates":[[[-76,38],[-74,38],[-74,40],[-76,40],[-76,38]]]},"properties":{"name":"2° Density Cell 38,-76","kind":"density-grid","grid_size_degrees":2,"point_count":17,"intensity":0.038636,"networks":{"ipv4":17},"statuses":{"duplicate-location":9,"Unknown":8},"countries":{"US":17},"sanctioned_nodes":0,"policy_restricted_nodes":0,"threat_infrastructure_nodes":0,"stroke":"#c0d674","fill":"#c0d674","opacity":0.08,"marker_ring":false}},{"type":"Feature","id":"node-density-grid-2:50:14","geometry":{"type":"Polygon","coordinates":[[[14,50],[16,50],[16,52],[14,52],[14,50]]]},"properties":{"name":"2° Density Cell 50,14","kind":"density-grid","grid_size_degrees":2,"point_count":17,"intensity":0.038636,"networks":{"ipv4":17},"statuses":{"duplicate-location":10,"Unknown":7},"countries":{"CZ":17},"sanctioned_nodes":0,"policy_restricted_nodes":0,"threat_infrastructure_nodes":0,"stroke":"#c0d674","fill":"#c0d674","opacity":0.08,"marker_ring":false}},{"type":"Feature","id":"node-density-grid-2:18:72","geometry":{"type":"Polygon","coordinates":[[[72,18],[74,18],[74,20],[72,20],[72,18]]]},"properties":{"name":"2° Density Cell 18,72","kind":"density-grid","grid_size_degrees":2,"point_count":16,"intensity":0.036364,"networks":{"ipv4":16},"statuses":{"duplicate-location":15,"Unknown":1},"countries":{"IN":16},"sanctioned_nodes":0,"policy_restricted_nodes":0,"threat_infrastructure_nodes":0,"stroke":"#c0d674","fill":"#c0d674","opacity":0.08,"marker_ring":false}},{"type":"Feature","id":"node-density-grid-2:32:-114","geometry":{"type":"Polygon","coordinates":[[[-114,32],[-112,32],[-112,34],[-114,34],[-114,32]]]},"properties":{"name":"2° Density Cell 32,-114","kind":"density-grid","grid_size_degrees":2,"point_count":16,"intensity":0.036364,"networks":{"ipv4":16},"statuses":{"duplicate-location":14,"Unknown":2},"countries":{"US":16},"sanctioned_nodes":0,"policy_restricted_nodes":0,"threat_infrastructure_nodes":0,"stroke":"#c0d674","fill":"#c0d674","opacity":0.08,"marker_ring":false}},{"type":"Feature","id":"node-density-grid-2:36:-116","geometry":{"type":"Polygon","coordinates":[[[-116,36],[-114,36],[-114,38],[-116,38],[-116,36]]]},"properties":{"name":"2° Density Cell 36,-116","kind":"density-grid","grid_size_degrees":2,"point_count":16,"intensity":0.036364,"networks":{"ipv4":16},"statuses":{"duplicate-location":16},"countries":{"US":16},"sanctioned_nodes":0,"policy_restricted_nodes":0,"threat_infrastructure_nodes":0,"stroke":"#c0d674","fill":"#c0d674","opacity":0.08,"marker_ring":false}},{"type":"Feature","id":"node-density-grid-2:24:-82","geometry":{"type":"Polygon","coordinates":[[[-82,24],[-80,24],[-80,26],[-82,26],[-82,24]]]},"properties":{"name":"2° Density Cell 24,-82","kind":"density-grid","grid_size_degrees":2,"point_count":15,"intensity":0.034091,"networks":{"ipv4":15},"statuses":{"Unknown":8,"duplicate-location":7},"countries":{"US":15},"sanctioned_nodes":0,"policy_restricted_nodes":0,"threat_infrastructure_nodes":0,"stroke":"#c0d674","fill":"#c0d674","opacity":0.08,"marker_ring":false}},{"type":"Feature","id":"node-density-grid-2:38:-86","geometry":{"type":"Polygon","coordinates":[[[-86,38],[-84,38],[-84,40],[-86,40],[-86,38]]]},"properties":{"name":"2° Density Cell 38,-86","kind":"density-grid","grid_size_degrees":2,"point_count":15,"intensity":0.034091,"networks":{"ipv4":15},"statuses":{"Unknown":15},"countries":{"US":15},"sanctioned_nodes":0,"policy_restricted_nodes":0,"threat_infrastructure_nodes":0,"stroke":"#c0d674","fill":"#c0d674","opacity":0.08,"marker_ring":false}},{"type":"Feature","id":"node-density-grid-2:42:22","geometry":{"type":"Polygon","coordinates":[[[22,42],[24,42],[24,44],[22,44],[22,42]]]},"properties":{"name":"2° Density Cell 42,22","kind":"density-grid","grid_size_degrees":2,"point_count":15,"intensity":0.034091,"networks":{"ipv4":15},"statuses":{"duplicate-location":9,"Unknown":6},"countries":{"BG":15},"sanctioned_nodes":0,"policy_restricted_nodes":0,"threat_infrastructure_nodes":0,"stroke":"#c0d674","fill":"#c0d674","opacity":0.08,"marker_ring":false}},{"type":"Feature","id":"node-density-grid-2:50:0","geometry":{"type":"Polygon","coordinates":[[[0,50],[2,50],[2,52],[0,52],[0,50]]]},"properties":{"name":"2° Density Cell 50,0","kind":"density-grid","grid_size_degrees":2,"point_count":15,"intensity":0.034091,"networks":{"ipv4":15},"statuses":{"duplicate-location":9,"Unknown":6},"countries":{"GB":15},"sanctioned_nodes":0,"policy_restricted_nodes":0,"threat_infrastructure_nodes":0,"stroke":"#c0d674","fill":"#c0d674","opacity":0.08,"marker_ring":false}},{"type":"Feature","id":"node-density-grid-2:58:16","geometry":{"type":"Polygon","coordinates":[[[16,58],[18,58],[18,60],[16,60],[16,58]]]},"properties":{"name":"2° Density Cell 58,16","kind":"density-grid","grid_size_degrees":2,"point_count":15,"intensity":0.034091,"networks":{"ipv4":15},"statuses":{"Unknown":10,"duplicate-location":5},"countries":{"SE":15},"sanctioned_nodes":0,"policy_restricted_nodes":0,"threat_infrastructure_nodes":0,"stroke":"#c0d674","fill":"#c0d674","opacity":0.08,"marker_ring":false}},{"type":"Feature","id":"node-density-grid-2:32:-82","geometry":{"type":"Polygon","coordinates":[[[-82,32],[-80,32],[-80,34],[-82,34],[-82,32]]]},"properties":{"name":"2° Density Cell 32,-82","kind":"density-grid","grid_size_degrees":2,"point_count":14,"intensity":0.031818,"networks":{"ipv4":14},"statuses":{"duplicate-location":10,"Unknown":4},"countries":{"US":14},"sanctioned_nodes":0,"policy_restricted_nodes":0,"threat_infrastructure_nodes":0,"stroke":"#c0d674","fill":"#c0d674","opacity":0.08,"marker_ring":false}},{"type":"Feature","id":"node-density-grid-2:42:-90","geometry":{"type":"Polygon","coordinates":[[[-90,42],[-88,42],[-88,44],[-90,44],[-90,42]]]},"properties":{"name":"2° Density Cell 42,-90","kind":"density-grid","grid_size_degrees":2,"point_count":14,"intensity":0.031818,"networks":{"ipv4":14},"statuses":{"Unknown":8,"duplicate-location":6},"countries":{"US":14},"sanctioned_nodes":0,"policy_restricted_nodes":0,"threat_infrastructure_nodes":0,"stroke":"#c0d674","fill":"#c0d674","opacity":0.08,"marker_ring":false}},{"type":"Feature","id":"node-density-grid-2:52:-8","geometry":{"type":"Polygon","coordinates":[[[-8,52],[-6,52],[-6,54],[-8,54],[-8,52]]]},"properties":{"name":"2° Density Cell 52,-8","kind":"density-grid","grid_size_degrees":2,"point_count":14,"intensity":0.031818,"networks":{"ipv4":14},"statuses":{"duplicate-location":11,"Unknown":3},"countries":{"IE":14},"sanctioned_nodes":0,"policy_restricted_nodes":0,"threat_infrastructure_nodes":0,"stroke":"#c0d674","fill":"#c0d674","opacity":0.08,"marker_ring":false}},{"type":"Feature","id":"node-density-grid-2:12:100","geometry":{"type":"Polygon","coordinates":[[[100,12],[102,12],[102,14],[100,14],[100,12]]]},"properties":{"name":"2° Density Cell 12,100","kind":"density-grid","grid_size_degrees":2,"point_count":13,"intensity":0.029545,"networks":{"ipv4":13},"statuses":{"Unknown":9,"duplicate-location":4},"countries":{"TH":13},"sanctioned_nodes":0,"policy_restricted_nodes":0,"threat_infrastructure_nodes":0,"stroke":"#c0d674","fill":"#c0d674","opacity":0.08,"marker_ring":false}},{"type":"Feature","id":"node-density-grid-2:28:-84","geometry":{"type":"Polygon","coordinates":[[[-84,28],[-82,28],[-82,30],[-84,30],[-84,28]]]},"properties":{"name":"2° Density Cell 28,-84","kind":"density-grid","grid_size_degrees":2,"point_count":13,"intensity":0.029545,"networks":{"ipv4":13},"statuses":{"Unknown":7,"duplicate-location":6},"countries":{"US":13},"sanctioned_nodes":0,"policy_restricted_nodes":0,"threat_infrastructure_nodes":0,"stroke":"#c0d674","fill":"#c0d674","opacity":0.08,"marker_ring":false}},{"type":"Feature","id":"node-density-grid-2:40:-82","geometry":{"type":"Polygon","coordinates":[[[-82,40],[-80,40],[-80,42],[-82,42],[-82,40]]]},"properties":{"name":"2° Density Cell 40,-82","kind":"density-grid","grid_size_degrees":2,"point_count":13,"intensity":0.029545,"networks":{"ipv4":13},"statuses":{"Unknown":9,"duplicate-location":4},"countries":{"US":13},"sanctioned_nodes":0,"policy_restricted_nodes":0,"threat_infrastructure_nodes":0,"stroke":"#c0d674","fill":"#c0d674","opacity":0.08,"marker_ring":false}},{"type":"Feature","id":"node-density-grid-2:52:-2","geometry":{"type":"Polygon","coordinates":[[[-2,52],[0,52],[0,54],[-2,54],[-2,52]]]},"properties":{"name":"2° Density Cell 52,-2","kind":"density-grid","grid_size_degrees":2,"point_count":13,"intensity":0.029545,"networks":{"ipv4":13},"statuses":{"Unknown":10,"duplicate-location":3},"countries":{"GB":13},"sanctioned_nodes":0,"policy_restricted_nodes":0,"threat_infrastructure_nodes":0,"stroke":"#c0d674","fill":"#c0d674","opacity":0.08,"marker_ring":false}},{"type":"Feature","id":"node-density-grid-2:58:30","geometry":{"type":"Polygon","coordinates":[[[30,58],[32,58],[32,60],[30,60],[30,58]]]},"properties":{"name":"2° Density Cell 58,30","kind":"density-grid","grid_size_degrees":2,"point_count":13,"intensity":0.029545,"networks":{"ipv4":13},"statuses":{"duplicate-location":11,"Unknown":2},"countries":{"RU":13},"sanctioned_nodes":0,"policy_restricted_nodes":0,"threat_infrastructure_nodes":0,"stroke":"#c0d674","fill":"#c0d674","opacity":0.08,"marker_ring":false}},{"type":"Feature","id":"node-density-grid-2:26:-82","geometry":{"type":"Polygon","coordinates":[[[-82,26],[-80,26],[-80,28],[-82,28],[-82,26]]]},"properties":{"name":"2° Density Cell 26,-82","kind":"density-grid","grid_size_degrees":2,"point_count":12,"intensity":0.027273,"networks":{"ipv4":12},"statuses":{"Unknown":12},"countries":{"US":12},"sanctioned_nodes":0,"policy_restricted_nodes":0,"threat_infrastructure_nodes":0,"stroke":"#c0d674","fill":"#c0d674","opacity":0.08,"marker_ring":false}},{"type":"Feature","id":"node-density-grid-2:28:-96","geometry":{"type":"Polygon","coordinates":[[[-96,28],[-94,28],[-94,30],[-96,30],[-96,28]]]},"properties":{"name":"2° Density Cell 28,-96","kind":"density-grid","grid_size_degrees":2,"point_count":12,"intensity":0.027273,"networks":{"ipv4":12},"statuses":{"Unknown":6,"duplicate-location":6},"countries":{"US":12},"sanctioned_nodes":0,"policy_restricted_nodes":0,"threat_infrastructure_nodes":0,"stroke":"#c0d674","fill":"#c0d674","opacity":0.08,"marker_ring":false}},{"type":"Feature","id":"node-density-grid-2:34:-82","geometry":{"type":"Polygon","coordinates":[[[-82,34],[-80,34],[-80,36],[-82,36],[-82,34]]]},"properties":{"name":"2° Density Cell 34,-82","kind":"density-grid","grid_size_degrees":2,"point_count":12,"intensity":0.027273,"networks":{"ipv4":12},"statuses":{"Unknown":7,"duplicate-location":5},"countries":{"US":12},"sanctioned_nodes":0,"policy_restricted_nodes":0,"threat_infrastructure_nodes":0,"stroke":"#c0d674","fill":"#c0d674","opacity":0.08,"marker_ring":false}},{"type":"Feature","id":"node-density-grid-2:42:2","geometry":{"type":"Polygon","coordinates":[[[2,42],[4,42],[4,44],[2,44],[2,42]]]},"properties":{"name":"2° Density Cell 42,2","kind":"density-grid","grid_size_degrees":2,"point_count":12,"intensity":0.027273,"networks":{"ipv4":12},"statuses":{"duplicate-location":12},"countries":{"FR":12},"sanctioned_nodes":0,"policy_restricted_nodes":0,"threat_infrastructure_nodes":0,"stroke":"#c0d674","fill":"#c0d674","opacity":0.08,"marker_ring":false}},{"type":"Feature","id":"node-density-grid-2:44:-122","geometry":{"type":"Polygon","coordinates":[[[-122,44],[-120,44],[-120,46],[-122,46],[-122,44]]]},"properties":{"name":"2° Density Cell 44,-122","kind":"density-grid","grid_size_degrees":2,"point_count":12,"intensity":0.027273,"networks":{"ipv4":12},"statuses":{"duplicate-location":12},"countries":{"US":12},"sanctioned_nodes":0,"policy_restricted_nodes":0,"threat_infrastructure_nodes":0,"stroke":"#c0d674","fill":"#c0d674","opacity":0.08,"marker_ring":false}},{"type":"Feature","id":"node-density-grid-2:44:4","geometry":{"type":"Polygon","coordinates":[[[4,44],[6,44],[6,46],[4,46],[4,44]]]},"properties":{"name":"2° Density Cell 44,4","kind":"density-grid","grid_size_degrees":2,"point_count":12,"intensity":0.027273,"networks":{"ipv4":12},"statuses":{"duplicate-location":11,"Unknown":1},"countries":{"FR":12},"sanctioned_nodes":0,"policy_restricted_nodes":0,"threat_infrastructure_nodes":0,"stroke":"#c0d674","fill":"#c0d674","opacity":0.08,"marker_ring":false}},{"type":"Feature","id":"node-density-grid-2:50:-116","geometry":{"type":"Polygon","coordinates":[[[-116,50],[-114,50],[-114,52],[-116,52],[-116,50]]]},"properties":{"name":"2° Density Cell 50,-116","kind":"density-grid","grid_size_degrees":2,"point_count":12,"intensity":0.027273,"networks":{"ipv4":12},"statuses":{"Unknown":6,"duplicate-location":6},"countries":{"CA":12},"sanctioned_nodes":0,"policy_restricted_nodes":0,"threat_infrastructure_nodes":0,"stroke":"#c0d674","fill":"#c0d674","opacity":0.08,"marker_ring":false}},{"type":"Feature","id":"node-density-grid-2:50:30","geometry":{"type":"Polygon","coordinates":[[[30,50],[32,50],[32,52],[30,52],[30,50]]]},"properties":{"name":"2° Density Cell 50,30","kind":"density-grid","grid_size_degrees":2,"point_count":12,"intensity":0.027273,"networks":{"ipv4":12},"statuses":{"Unknown":6,"duplicate-location":6},"countries":{"UA":12},"sanctioned_nodes":0,"policy_restricted_nodes":0,"threat_infrastructure_nodes":0,"stroke":"#c0d674","fill":"#c0d674","opacity":0.08,"marker_ring":false}},{"type":"Feature","id":"node-density-grid-2:52:8","geometry":{"type":"Polygon","coordinates":[[[8,52],[10,52],[10,54],[8,54],[8,52]]]},"properties":{"name":"2° Density Cell 52,8","kind":"density-grid","grid_size_degrees":2,"point_count":12,"intensity":0.027273,"networks":{"ipv4":12},"statuses":{"Unknown":6,"duplicate-location":6},"countries":{"DE":12},"sanctioned_nodes":0,"policy_restricted_nodes":0,"threat_infrastructure_nodes":0,"stroke":"#c0d674","fill":"#c0d674","opacity":0.08,"marker_ring":false}},{"type":"Feature","id":"node-density-grid-2:52:20","geometry":{"type":"Polygon","coordinates":[[[20,52],[22,52],[22,54],[20,54],[20,52]]]},"properties":{"name":"2° Density Cell 52,20","kind":"density-grid","grid_size_degrees":2,"point_count":12,"intensity":0.027273,"networks":{"ipv4":12},"statuses":{"duplicate-location":7,"Unknown":5},"countries":{"PL":12},"sanctioned_nodes":0,"policy_restricted_nodes":0,"threat_infrastructure_nodes":0,"stroke":"#c0d674","fill":"#c0d674","opacity":0.08,"marker_ring":false}},{"type":"Feature","id":"node-density-grid-2:42:-88","geometry":{"type":"Polygon","coordinates":[[[-88,42],[-86,42],[-86,44],[-88,44],[-88,42]]]},"properties":{"name":"2° Density Cell 42,-88","kind":"density-grid","grid_size_degrees":2,"point_count":11,"intensity":0.025,"networks":{"ipv4":11},"statuses":{"Unknown":7,"duplicate-location":4},"countries":{"US":11},"sanctioned_nodes":0,"policy_restricted_nodes":0,"threat_infrastructure_nodes":0,"stroke":"#c0d674","fill":"#c0d674","opacity":0.08,"marker_ring":false}},{"type":"Feature","id":"node-density-grid-2:52:-114","geometry":{"type":"Polygon","coordinates":[[[-114,52],[-112,52],[-112,54],[-114,54],[-114,52]]]},"properties":{"name":"2° Density Cell 52,-114","kind":"density-grid","grid_size_degrees":2,"point_count":11,"intensity":0.025,"networks":{"ipv4":11},"statuses":{"duplicate-location":7,"Unknown":4},"countries":{"CA":11},"sanctioned_nodes":0,"policy_restricted_nodes":0,"threat_infrastructure_nodes":0,"stroke":"#c0d674","fill":"#c0d674","opacity":0.08,"marker_ring":false}},{"type":"Feature","id":"node-density-grid-2:-34:18","geometry":{"type":"Polygon","coordinates":[[[18,-34],[20,-34],[20,-32],[18,-32],[18,-34]]]},"properties":{"name":"2° Density Cell -34,18","kind":"density-grid","grid_size_degrees":2,"point_count":10,"intensity":0.022727,"networks":{"ipv4":10},"statuses":{"duplicate-location":6,"Unknown":4},"countries":{"ZA":10},"sanctioned_nodes":0,"policy_restricted_nodes":0,"threat_infrastructure_nodes":0,"stroke":"#c0d674","fill":"#c0d674","opacity":0.08,"marker_ring":false}},{"type":"Feature","id":"node-density-grid-2:34:-100","geometry":{"type":"Polygon","coordinates":[[[-100,34],[-98,34],[-98,36],[-100,36],[-100,34]]]},"properties":{"name":"2° Density Cell 34,-100","kind":"density-grid","grid_size_degrees":2,"point_count":10,"intensity":0.022727,"networks":{"ipv4":10},"statuses":{"duplicate-location":10},"countries":{"US":10},"sanctioned_nodes":0,"policy_restricted_nodes":0,"threat_infrastructure_nodes":0,"stroke":"#c0d674","fill":"#c0d674","opacity":0.08,"marker_ring":false}},{"type":"Feature","id":"node-density-grid-2:34:-84","geometry":{"type":"Polygon","coordinates":[[[-84,34],[-82,34],[-82,36],[-84,36],[-84,34]]]},"properties":{"name":"2° Density Cell 34,-84","kind":"density-grid","grid_size_degrees":2,"point_count":10,"intensity":0.022727,"networks":{"ipv4":10},"statuses":{"duplicate-location":7,"Unknown":3},"countries":{"US":10},"sanctioned_nodes":0,"policy_restricted_nodes":0,"threat_infrastructure_nodes":0,"stroke":"#c0d674","fill":"#c0d674","opacity":0.08,"marker_ring":false}},{"type":"Feature","id":"node-density-grid-2:40:-90","geometry":{"type":"Polygon","coordinates":[[[-90,40],[-88,40],[-88,42],[-90,42],[-90,40]]]},"properties":{"name":"2° Density Cell 40,-90","kind":"density-grid","grid_size_degrees":2,"point_count":10,"intensity":0.022727,"networks":{"ipv4":10},"statuses":{"Unknown":8,"duplicate-location":2},"countries":{"US":10},"sanctioned_nodes":0,"policy_restricted_nodes":0,"threat_infrastructure_nodes":0,"stroke":"#c0d674","fill":"#c0d674","opacity":0.08,"marker_ring":false}},{"type":"Feature","id":"node-density-grid-2:42:-118","geometry":{"type":"Polygon","coordinates":[[[-118,42],[-116,42],[-116,44],[-118,44],[-118,42]]]},"properties":{"name":"2° Density Cell 42,-118","kind":"density-grid","grid_size_degrees":2,"point_count":10,"intensity":0.022727,"networks":{"ipv4":10},"statuses":{"duplicate-location":10},"countries":{"US":10},"sanctioned_nodes":0,"policy_restricted_nodes":0,"threat_infrastructure_nodes":0,"stroke":"#c0d674","fill":"#c0d674","opacity":0.08,"marker_ring":false}},{"type":"Feature","id":"node-density-grid-2:44:-120","geometry":{"type":"Polygon","coordinates":[[[-120,44],[-118,44],[-118,46],[-120,46],[-120,44]]]},"properties":{"name":"2° Density Cell 44,-120","kind":"density-grid","grid_size_degrees":2,"point_count":10,"intensity":0.022727,"networks":{"ipv4":10},"statuses":{"duplicate-location":10},"countries":{"US":10},"sanctioned_nodes":0,"policy_restricted_nodes":0,"threat_infrastructure_nodes":0,"stroke":"#c0d674","fill":"#c0d674","opacity":0.08,"marker_ring":false}},{"type":"Feature","id":"node-density-grid-2:44:-94","geometry":{"type":"Polygon","coordinates":[[[-94,44],[-92,44],[-92,46],[-94,46],[-94,44]]]},"properties":{"name":"2° Density Cell 44,-94","kind":"density-grid","grid_size_degrees":2,"point_count":10,"intensity":0.022727,"networks":{"ipv4":10},"statuses":{"Unknown":6,"duplicate-location":4},"countries":{"US":10},"sanctioned_nodes":0,"policy_restricted_nodes":0,"threat_infrastructure_nodes":0,"stroke":"#c0d674","fill":"#c0d674","opacity":0.08,"marker_ring":false}},{"type":"Feature","id":"node-density-grid-2:46:18","geometry":{"type":"Polygon","coordinates":[[[18,46],[20,46],[20,48],[18,48],[18,46]]]},"properties":{"name":"2° Density Cell 46,18","kind":"density-grid","grid_size_degrees":2,"point_count":10,"intensity":0.022727,"networks":{"ipv4":10},"statuses":{"Unknown":6,"duplicate-location":4},"countries":{"HU":10},"sanctioned_nodes":0,"policy_restricted_nodes":0,"threat_infrastructure_nodes":0,"stroke":"#c0d674","fill":"#c0d674","opacity":0.08,"marker_ring":false}},{"type":"Feature","id":"node-density-grid-2:48:6","geometry":{"type":"Polygon","coordinates":[[[6,48],[8,48],[8,50],[6,50],[6,48]]]},"properties":{"name":"2° Density Cell 48,6","kind":"density-grid","grid_size_degrees":2,"point_count":10,"intensity":0.022727,"networks":{"ipv4":10},"statuses":{"duplicate-location":6,"Unknown":4},"countries":{"DE":5,"FR":4,"LU":1},"sanctioned_nodes":0,"policy_restricted_nodes":0,"threat_infrastructure_nodes":0,"stroke":"#c0d674","fill":"#c0d674","opacity":0.08,"marker_ring":false}},{"type":"Feature","id":"node-density-grid-2:-8:106","geometry":{"type":"Polygon","coordinates":[[[106,-8],[108,-8],[108,-6],[106,-6],[106,-8]]]},"properties":{"name":"2° Density Cell -8,106","kind":"density-grid","grid_size_degrees":2,"point_count":9,"intensity":0.020455,"networks":{"ipv4":9},"statuses":{"duplicate-location":6,"Unknown":3},"countries":{"ID":9},"sanctioned_nodes":0,"policy_restricted_nodes":0,"threat_infrastructure_nodes":0,"stroke":"#c0d674","fill":"#c0d674","opacity":0.08,"marker_ring":false}},{"type":"Feature","id":"node-density-grid-2:26:-84","geometry":{"type":"Polygon","coordinates":[[[-84,26],[-82,26],[-82,28],[-84,28],[-84,26]]]},"properties":{"name":"2° Density Cell 26,-84","kind":"density-grid","grid_size_degrees":2,"point_count":9,"intensity":0.020455,"networks":{"ipv4":9},"statuses":{"Unknown":9},"countries":{"US":9},"sanctioned_nodes":0,"policy_restricted_nodes":0,"threat_infrastructure_nodes":0,"stroke":"#c0d674","fill":"#c0d674","opacity":0.08,"marker_ring":false}},{"type":"Feature","id":"node-density-grid-2:28:-82","geometry":{"type":"Polygon","coordinates":[[[-82,28],[-80,28],[-80,30],[-82,30],[-82,28]]]},"properties":{"name":"2° Density Cell 28,-82","kind":"density-grid","grid_size_degrees":2,"point_count":9,"intensity":0.020455,"networks":{"ipv4":9},"statuses":{"Unknown":9},"countries":{"US":9},"sanctioned_nodes":0,"policy_restricted_nodes":0,"threat_infrastructure_nodes":0,"stroke":"#c0d674","fill":"#c0d674","opacity":0.08,"marker_ring":false}},{"type":"Feature","id":"node-density-grid-2:30:120","geometry":{"type":"Polygon","coordinates":[[[120,30],[122,30],[122,32],[120,32],[120,30]]]},"properties":{"name":"2° Density Cell 30,120","kind":"density-grid","grid_size_degrees":2,"point_count":9,"intensity":0.020455,"networks":{"ipv4":9},"statuses":{"duplicate-location":9},"countries":{"CN":9},"sanctioned_nodes":0,"policy_restricted_nodes":0,"threat_infrastructure_nodes":0,"stroke":"#c0d674","fill":"#c0d674","opacity":0.08,"marker_ring":false}},{"type":"Feature","id":"node-density-grid-2:32:-120","geometry":{"type":"Polygon","coordinates":[[[-120,32],[-118,32],[-118,34],[-120,34],[-120,32]]]},"properties":{"name":"2° Density Cell 32,-120","kind":"density-grid","grid_size_degrees":2,"point_count":9,"intensity":0.020455,"networks":{"ipv4":9},"statuses":{"Unknown":9},"countries":{"US":9},"sanctioned_nodes":0,"policy_restricted_nodes":0,"threat_infrastructure_nodes":0,"stroke":"#c0d674","fill":"#c0d674","opacity":0.08,"marker_ring":false}},{"type":"Feature","id":"node-density-grid-2:38:-84","geometry":{"type":"Polygon","coordinates":[[[-84,38],[-82,38],[-82,40],[-84,40],[-84,38]]]},"properties":{"name":"2° Density Cell 38,-84","kind":"density-grid","grid_size_degrees":2,"point_count":9,"intensity":0.020455,"networks":{"ipv4":9},"statuses":{"duplicate-location":6,"Unknown":3},"countries":{"US":9},"sanctioned_nodes":0,"policy_restricted_nodes":0,"threat_infrastructure_nodes":0,"stroke":"#c0d674","fill":"#c0d674","opacity":0.08,"marker_ring":false}},{"type":"Feature","id":"node-density-grid-2:40:-4","geometry":{"type":"Polygon","coordinates":[[[-4,40],[-2,40],[-2,42],[-4,42],[-4,40]]]},"properties":{"name":"2° Density Cell 40,-4","kind":"density-grid","grid_size_degrees":2,"point_count":9,"intensity":0.020455,"networks":{"ipv4":9},"statuses":{"Unknown":5,"duplicate-location":4},"countries":{"ES":9},"sanctioned_nodes":0,"policy_restricted_nodes":0,"threat_infrastructure_nodes":0,"stroke":"#c0d674","fill":"#c0d674","opacity":0.08,"marker_ring":false}},{"type":"Feature","id":"node-density-grid-2:42:-86","geometry":{"type":"Polygon","coordinates":[[[-86,42],[-84,42],[-84,44],[-86,44],[-86,42]]]},"properties":{"name":"2° Density Cell 42,-86","kind":"density-grid","grid_size_degrees":2,"point_count":9,"intensity":0.020455,"networks":{"ipv4":9},"statuses":{"Unknown":9},"countries":{"US":9},"sanctioned_nodes":0,"policy_restricted_nodes":0,"threat_infrastructure_nodes":0,"stroke":"#c0d674","fill":"#c0d674","opacity":0.08,"marker_ring":false}},{"type":"Feature","id":"node-density-grid-2:42:-78","geometry":{"type":"Polygon","coordinates":[[[-78,42],[-76,42],[-76,44],[-78,44],[-78,42]]]},"properties":{"name":"2° Density Cell 42,-78","kind":"density-grid","grid_size_degrees":2,"point_count":9,"intensity":0.020455,"networks":{"ipv4":9},"statuses":{"duplicate-location":5,"Unknown":4},"countries":{"US":9},"sanctioned_nodes":0,"policy_restricted_nodes":0,"threat_infrastructure_nodes":0,"stroke":"#c0d674","fill":"#c0d674","opacity":0.08,"marker_ring":false}},{"type":"Feature","id":"node-density-grid-2:44:26","geometry":{"type":"Polygon","coordinates":[[[26,44],[28,44],[28,46],[26,46],[26,44]]]},"properties":{"name":"2° Density Cell 44,26","kind":"density-grid","grid_size_degrees":2,"point_count":9,"intensity":0.020455,"networks":{"ipv4":9},"statuses":{"duplicate-location":8,"Unknown":1},"countries":{"RO":9},"sanctioned_nodes":0,"policy_restricted_nodes":0,"threat_infrastructure_nodes":0,"stroke":"#c0d674","fill":"#c0d674","opacity":0.08,"marker_ring":false}},{"type":"Feature","id":"node-density-grid-2:46:14","geometry":{"type":"Polygon","coordinates":[[[14,46],[16,46],[16,48],[14,48],[14,46]]]},"properties":{"name":"2° Density Cell 46,14","kind":"density-grid","grid_size_degrees":2,"point_count":9,"intensity":0.020455,"networks":{"ipv4":9},"statuses":{"duplicate-location":8,"Unknown":1},"countries":{"SI":5,"AT":4},"sanctioned_nodes":0,"policy_restricted_nodes":0,"threat_infrastructure_nodes":0,"stroke":"#c0d674","fill":"#c0d674","opacity":0.08,"marker_ring":false}},{"type":"Feature","id":"node-density-grid-2:52:-4","geometry":{"type":"Polygon","coordinates":[[[-4,52],[-2,52],[-2,54],[-4,54],[-4,52]]]},"properties":{"name":"2° Density Cell 52,-4","kind":"density-grid","grid_size_degrees":2,"point_count":9,"intensity":0.020455,"networks":{"ipv4":9},"statuses":{"Unknown":7,"duplicate-location":2},"countries":{"GB":9},"sanctioned_nodes":0,"policy_restricted_nodes":0,"threat_infrastructure_nodes":0,"stroke":"#c0d674","fill":"#c0d674","opacity":0.08,"marker_ring":false}},{"type":"Feature","id":"node-density-grid-2:-32:114","geometry":{"type":"Polygon","coordinates":[[[114,-32],[116,-32],[116,-30],[114,-30],[114,-32]]]},"properties":{"name":"2° Density Cell -32,114","kind":"density-grid","grid_size_degrees":2,"point_count":8,"intensity":0.018182,"networks":{"ipv4":8},"statuses":{"Unknown":4,"duplicate-location":4},"countries":{"AU":8},"sanctioned_nodes":0,"policy_restricted_nodes":0,"threat_infrastructure_nodes":0,"stroke":"#c0d674","fill":"#c0d674","opacity":0.08,"marker_ring":false}},{"type":"Feature","id":"node-density-grid-2:36:-80","geometry":{"type":"Polygon","coordinates":[[[-80,36],[-78,36],[-78,38],[-80,38],[-80,36]]]},"properties":{"name":"2° Density Cell 36,-80","kind":"density-grid","grid_size_degrees":2,"point_count":8,"intensity":0.018182,"networks":{"ipv4":8},"statuses":{"Unknown":4,"duplicate-location":4},"countries":{"US":8},"sanctioned_nodes":0,"policy_restricted_nodes":0,"threat_infrastructure_nodes":0,"stroke":"#c0d674","fill":"#c0d674","opacity":0.08,"marker_ring":false}},{"type":"Feature","id":"node-density-grid-2:40:-94","geometry":{"type":"Polygon","coordinates":[[[-94,40],[-92,40],[-92,42],[-94,42],[-94,40]]]},"properties":{"name":"2° Density Cell 40,-94","kind":"density-grid","grid_size_degrees":2,"point_count":8,"intensity":0.018182,"networks":{"ipv4":8},"statuses":{"duplicate-location":5,"Unknown":3},"countries":{"US":8},"sanctioned_nodes":0,"policy_restricted_nodes":0,"threat_infrastructure_nodes":0,"stroke":"#c0d674","fill":"#c0d674","opacity":0.08,"marker_ring":false}},{"type":"Feature","id":"node-density-grid-2:42:-82","geometry":{"type":"Polygon","coordinates":[[[-82,42],[-80,42],[-80,44],[-82,44],[-82,42]]]},"properties":{"name":"2° Density Cell 42,-82","kind":"density-grid","grid_size_degrees":2,"point_count":8,"intensity":0.018182,"networks":{"ipv4":8},"statuses":{"Unknown":8},"countries":{"CA":8},"sanctioned_nodes":0,"policy_restricted_nodes":0,"threat_infrastructure_nodes":0,"stroke":"#c0d674","fill":"#c0d674","opacity":0.08,"marker_ring":false}},{"type":"Feature","id":"node-density-grid-2:44:-76","geometry":{"type":"Polygon","coordinates":[[[-76,44],[-74,44],[-74,46],[-76,46],[-76,44]]]},"properties":{"name":"2° Density Cell 44,-76","kind":"density-grid","grid_size_degrees":2,"point_count":8,"intensity":0.018182,"networks":{"ipv4":8},"statuses":{"Unknown":6,"duplicate-location":2},"countries":{"CA":8},"sanctioned_nodes":0,"policy_restricted_nodes":0,"threat_infrastructure_nodes":0,"stroke":"#c0d674","fill":"#c0d674","opacity":0.08,"marker_ring":false}},{"type":"Feature","id":"node-density-grid-2:-36:-60","geometry":{"type":"Polygon","coordinates":[[[-60,-36],[-58,-36],[-58,-34],[-60,-34],[-60,-36]]]},"properties":{"name":"2° Density Cell -36,-60","kind":"density-grid","grid_size_degrees":2,"point_count":7,"intensity":0.015909,"networks":{"ipv4":7},"statuses":{"duplicate-location":5,"Unknown":2},"countries":{"AR":7},"sanctioned_nodes":0,"policy_restricted_nodes":0,"threat_infrastructure_nodes":0,"stroke":"#c0d674","fill":"#c0d674","opacity":0.08,"marker_ring":false}},{"type":"Feature","id":"node-density-grid-2:32:-96","geometry":{"type":"Polygon","coordinates":[[[-96,32],[-94,32],[-94,34],[-96,34],[-96,32]]]},"properties":{"name":"2° Density Cell 32,-96","kind":"density-grid","grid_size_degrees":2,"point_count":7,"intensity":0.015909,"networks":{"ipv4":7},"statuses":{"duplicate-location":5,"Unknown":2},"countries":{"US":7},"sanctioned_nodes":0,"policy_restricted_nodes":0,"threat_infrastructure_nodes":0,"stroke":"#c0d674","fill":"#c0d674","opacity":0.08,"marker_ring":false}},{"type":"Feature","id":"node-density-grid-2:42:-84","geometry":{"type":"Polygon","coordinates":[[[-84,42],[-82,42],[-82,44],[-84,44],[-84,42]]]},"properties":{"name":"2° Density Cell 42,-84","kind":"density-grid","grid_size_degrees":2,"point_count":7,"intensity":0.015909,"networks":{"ipv4":7},"statuses":{"Unknown":7},"countries":{"US":5,"CA":2},"sanctioned_nodes":0,"policy_restricted_nodes":0,"threat_infrastructure_nodes":0,"stroke":"#c0d674","fill":"#c0d674","opacity":0.08,"marker_ring":false}},{"type":"Feature","id":"node-density-grid-2:46:28","geometry":{"type":"Polygon","coordinates":[[[28,46],[30,46],[30,48],[28,48],[28,46]]]},"properties":{"name":"2° Density Cell 46,28","kind":"density-grid","grid_size_degrees":2,"point_count":7,"intensity":0.015909,"networks":{"ipv4":7},"statuses":{"duplicate-location":4,"Unknown":3},"countries":{"MD":7},"sanctioned_nodes":0,"policy_restricted_nodes":0,"threat_infrastructure_nodes":0,"stroke":"#c0d674","fill":"#c0d674","opacity":0.08,"marker_ring":false}},{"type":"Feature","id":"node-density-grid-2:48:-98","geometry":{"type":"Polygon","coordinates":[[[-98,48],[-96,48],[-96,50],[-98,50],[-98,48]]]},"properties":{"name":"2° Density Cell 48,-98","kind":"density-grid","grid_size_degrees":2,"point_count":7,"intensity":0.015909,"networks":{"ipv4":7},"statuses":{"duplicate-location":6,"Unknown":1},"countries":{"CA":7},"sanctioned_nodes":0,"policy_restricted_nodes":0,"threat_infrastructure_nodes":0,"stroke":"#c0d674","fill":"#c0d674","opacity":0.08,"marker_ring":false}},{"type":"Feature","id":"node-density-grid-2:48:-4","geometry":{"type":"Polygon","coordinates":[[[-4,48],[-2,48],[-2,50],[-4,50],[-4,48]]]},"properties":{"name":"2° Density Cell 48,-4","kind":"density-grid","grid_size_degrees":2,"point_count":7,"intensity":0.015909,"networks":{"ipv4":7},"statuses":{"duplicate-location":6,"Unknown":1},"countries":{"FR":6,"JE":1},"sanctioned_nodes":0,"policy_restricted_nodes":0,"threat_infrastructure_nodes":0,"stroke":"#c0d674","fill":"#c0d674","opacity":0.08,"marker_ring":false}},{"type":"Feature","id":"node-density-grid-2:48:36","geometry":{"type":"Polygon","coordinates":[[[36,48],[38,48],[38,50],[36,50],[36,48]]]},"properties":{"name":"2° Density Cell 48,36","kind":"density-grid","grid_size_degrees":2,"point_count":7,"intensity":0.015909,"networks":{"ipv4":7},"statuses":{"duplicate-location":6,"Unknown":1},"countries":{"UA":7},"sanctioned_nodes":0,"policy_restricted_nodes":0,"threat_infrastructure_nodes":0,"stroke":"#c0d674","fill":"#c0d674","opacity":0.08,"marker_ring":false}},{"type":"Feature","id":"node-density-grid-2:58:10","geometry":{"type":"Polygon","coordinates":[[[10,58],[12,58],[12,60],[10,60],[10,58]]]},"properties":{"name":"2° Density Cell 58,10","kind":"density-grid","grid_size_degrees":2,"point_count":7,"intensity":0.015909,"networks":{"ipv4":7},"statuses":{"duplicate-location":7},"countries":{"NO":7},"sanctioned_nodes":0,"policy_restricted_nodes":0,"threat_infrastructure_nodes":0,"stroke":"#c0d674","fill":"#c0d674","opacity":0.08,"marker_ring":false}},{"type":"Feature","id":"node-density-grid-2:32:-88","geometry":{"type":"Polygon","coordinates":[[[-88,32],[-86,32],[-86,34],[-88,34],[-88,32]]]},"properties":{"name":"2° Density Cell 32,-88","kind":"density-grid","grid_size_degrees":2,"point_count":6,"intensity":0.013636,"networks":{"ipv4":6},"statuses":{"Unknown":6},"countries":{"US":6},"sanctioned_nodes":0,"policy_restricted_nodes":0,"threat_infrastructure_nodes":0,"stroke":"#c0d674","fill":"#c0d674","opacity":0.08,"marker_ring":false}},{"type":"Feature","id":"node-density-grid-2:36:-88","geometry":{"type":"Polygon","coordinates":[[[-88,36],[-86,36],[-86,38],[-88,38],[-88,36]]]},"properties":{"name":"2° Density Cell 36,-88","kind":"density-grid","grid_size_degrees":2,"point_count":6,"intensity":0.013636,"networks":{"ipv4":6},"statuses":{"Unknown":6},"countries":{"US":6},"sanctioned_nodes":0,"policy_restricted_nodes":0,"threat_infrastructure_nodes":0,"stroke":"#c0d674","fill":"#c0d674","opacity":0.08,"marker_ring":false}},{"type":"Feature","id":"node-density-grid-2:38:-10","geometry":{"type":"Polygon","coordinates":[[[-10,38],[-8,38],[-8,40],[-10,40],[-10,38]]]},"properties":{"name":"2° Density Cell 38,-10","kind":"density-grid","grid_size_degrees":2,"point_count":6,"intensity":0.013636,"networks":{"ipv4":6},"statuses":{"Unknown":6},"countries":{"PT":6},"sanctioned_nodes":0,"policy_restricted_nodes":0,"threat_infrastructure_nodes":0,"stroke":"#c0d674","fill":"#c0d674","opacity":0.08,"marker_ring":false}},{"type":"Feature","id":"node-density-grid-2:42:-92","geometry":{"type":"Polygon","coordinates":[[[-92,42],[-90,42],[-90,44],[-92,44],[-92,42]]]},"properties":{"name":"2° Density Cell 42,-92","kind":"density-grid","grid_size_degrees":2,"point_count":6,"intensity":0.013636,"networks":{"ipv4":6},"statuses":{"Unknown":4,"duplicate-location":2},"countries":{"US":6},"sanctioned_nodes":0,"policy_restricted_nodes":0,"threat_infrastructure_nodes":0,"stroke":"#c0d674","fill":"#c0d674","opacity":0.08,"marker_ring":false}},{"type":"Feature","id":"node-density-grid-2:48:14","geometry":{"type":"Polygon","coordinates":[[[14,48],[16,48],[16,50],[14,50],[14,48]]]},"properties":{"name":"2° Density Cell 48,14","kind":"density-grid","grid_size_degrees":2,"point_count":6,"intensity":0.013636,"networks":{"ipv4":6},"statuses":{"Unknown":6},"countries":{"CZ":5,"AT":1},"sanctioned_nodes":0,"policy_restricted_nodes":0,"threat_infrastructure_nodes":0,"stroke":"#c0d674","fill":"#c0d674","opacity":0.08,"marker_ring":false}},{"type":"Feature","id":"node-density-grid-2:-36:138","geometry":{"type":"Polygon","coordinates":[[[138,-36],[140,-36],[140,-34],[138,-34],[138,-36]]]},"properties":{"name":"2° Density Cell -36,138","kind":"density-grid","grid_size_degrees":2,"point_count":5,"intensity":0.011364,"networks":{"ipv4":5},"statuses":{"Unknown":5},"countries":{"AU":5},"sanctioned_nodes":0,"policy_restricted_nodes":0,"threat_infrastructure_nodes":0,"stroke":"#c0d674","fill":"#c0d674","opacity":0.08,"marker_ring":false}},{"type":"Feature","id":"node-density-grid-2:-34:-72","geometry":{"type":"Polygon","coordinates":[[[-72,-34],[-70,-34],[-70,-32],[-72,-32],[-72,-34]]]},"properties":{"name":"2° Density Cell -34,-72","kind":"density-grid","grid_size_degrees":2,"point_count":5,"intensity":0.011364,"networks":{"ipv4":5},"statuses":{"Unknown":3,"duplicate-location":2},"countries":{"CL":5},"sanctioned_nodes":0,"policy_restricted_nodes":0,"threat_infrastructure_nodes":0,"stroke":"#c0d674","fill":"#c0d674","opacity":0.08,"marker_ring":false}},{"type":"Feature","id":"node-density-grid-2:2:100","geometry":{"type":"Polygon","coordinates":[[[100,2],[102,2],[102,4],[100,4],[100,2]]]},"properties":{"name":"2° Density Cell 2,100","kind":"density-grid","grid_size_degrees":2,"point_count":5,"intensity":0.011364,"networks":{"ipv4":5},"statuses":{"duplicate-location":3,"Unknown":2},"countries":{"MY":5},"sanctioned_nodes":0,"policy_restricted_nodes":0,"threat_infrastructure_nodes":0,"stroke":"#c0d674","fill":"#c0d674","opacity":0.08,"marker_ring":false}},{"type":"Feature","id":"node-density-grid-2:22:58","geometry":{"type":"Polygon","coordinates":[[[58,22],[60,22],[60,24],[58,24],[58,22]]]},"properties":{"name":"2° Density Cell 22,58","kind":"density-grid","grid_size_degrees":2,"point_count":5,"intensity":0.011364,"networks":{"ipv4":5},"statuses":{"duplicate-location":4,"Unknown":1},"countries":{"OM":5},"sanctioned_nodes":0,"policy_restricted_nodes":0,"threat_infrastructure_nodes":0,"stroke":"#c0d674","fill":"#c0d674","opacity":0.08,"marker_ring":false}},{"type":"Feature","id":"node-density-grid-2:30:-90","geometry":{"type":"Polygon","coordinates":[[[-90,30],[-88,30],[-88,32],[-90,32],[-90,30]]]},"properties":{"name":"2° Density Cell 30,-90","kind":"density-grid","grid_size_degrees":2,"point_count":5,"intensity":0.011364,"networks":{"ipv4":5},"statuses":{"Unknown":3,"duplicate-location":2},"countries":{"US":5},"sanctioned_nodes":0,"policy_restricted_nodes":0,"threat_infrastructure_nodes":0,"stroke":"#c0d674","fill":"#c0d674","opacity":0.08,"marker_ring":false}},{"type":"Feature","id":"node-density-grid-2:32:34","geometry":{"type":"Polygon","coordinates":[[[34,32],[36,32],[36,34],[34,34],[34,32]]]},"properties":{"name":"2° Density Cell 32,34","kind":"density-grid","grid_size_degrees":2,"point_count":5,"intensity":0.011364,"networks":{"ipv4":5},"statuses":{"Unknown":3,"duplicate-location":2},"countries":{"IL":5},"sanctioned_nodes":0,"policy_restricted_nodes":0,"threat_infrastructure_nodes":0,"stroke":"#c0d674","fill":"#c0d674","opacity":0.08,"marker_ring":false}},{"type":"Feature","id":"node-density-grid-2:38:-120","geometry":{"type":"Polygon","coordinates":[[[-120,38],[-118,38],[-118,40],[-120,40],[-120,38]]]},"properties":{"name":"2° Density Cell 38,-120","kind":"density-grid","grid_size_degrees":2,"point_count":5,"intensity":0.011364,"networks":{"ipv4":5},"statuses":{"Unknown":5},"countries":{"US":5},"sanctioned_nodes":0,"policy_restricted_nodes":0,"threat_infrastructure_nodes":0,"stroke":"#c0d674","fill":"#c0d674","opacity":0.08,"marker_ring":false}},{"type":"Feature","id":"node-density-grid-2:40:-106","geometry":{"type":"Polygon","coordinates":[[[-106,40],[-104,40],[-104,42],[-106,42],[-106,40]]]},"properties":{"name":"2° Density Cell 40,-106","kind":"density-grid","grid_size_degrees":2,"point_count":5,"intensity":0.011364,"networks":{"ipv4":5},"statuses":{"Unknown":3,"duplicate-location":2},"countries":{"US":5},"sanctioned_nodes":0,"policy_restricted_nodes":0,"threat_infrastructure_nodes":0,"stroke":"#c0d674","fill":"#c0d674","opacity":0.08,"marker_ring":false}},{"type":"Feature","id":"node-density-grid-2:40:-10","geometry":{"type":"Polygon","coordinates":[[[-10,40],[-8,40],[-8,42],[-10,42],[-10,40]]]},"properties":{"name":"2° Density Cell 40,-10","kind":"density-grid","grid_size_degrees":2,"point_count":5,"intensity":0.011364,"networks":{"ipv4":5},"statuses":{"Unknown":5},"countries":{"PT":5},"sanctioned_nodes":0,"policy_restricted_nodes":0,"threat_infrastructure_nodes":0,"stroke":"#c0d674","fill":"#c0d674","opacity":0.08,"marker_ring":false}},{"type":"Feature","id":"node-density-grid-2:42:-74","geometry":{"type":"Polygon","coordinates":[[[-74,42],[-72,42],[-72,44],[-74,44],[-74,42]]]},"properties":{"name":"2° Density Cell 42,-74","kind":"density-grid","grid_size_degrees":2,"point_count":5,"intensity":0.011364,"networks":{"ipv4":5},"statuses":{"Unknown":5},"countries":{"US":5},"sanctioned_nodes":0,"policy_restricted_nodes":0,"threat_infrastructure_nodes":0,"stroke":"#c0d674","fill":"#c0d674","opacity":0.08,"marker_ring":false}},{"type":"Feature","id":"node-density-grid-2:42:12","geometry":{"type":"Polygon","coordinates":[[[12,42],[14,42],[14,44],[12,44],[12,42]]]},"properties":{"name":"2° Density Cell 42,12","kind":"density-grid","grid_size_degrees":2,"point_count":5,"intensity":0.011364,"networks":{"ipv4":5},"statuses":{"Unknown":5},"countries":{"IT":5},"sanctioned_nodes":0,"policy_restricted_nodes":0,"threat_infrastructure_nodes":0,"stroke":"#c0d674","fill":"#c0d674","opacity":0.08,"marker_ring":false}},{"type":"Feature","id":"node-density-grid-2:46:-118","geometry":{"type":"Polygon","coordinates":[[[-118,46],[-116,46],[-116,48],[-118,48],[-118,46]]]},"properties":{"name":"2° Density Cell 46,-118","kind":"density-grid","grid_size_degrees":2,"point_count":5,"intensity":0.011364,"networks":{"ipv4":5},"statuses":{"duplicate-location":4,"Unknown":1},"countries":{"US":5},"sanctioned_nodes":0,"policy_restricted_nodes":0,"threat_infrastructure_nodes":0,"stroke":"#c0d674","fill":"#c0d674","opacity":0.08,"marker_ring":false}},{"type":"Feature","id":"node-density-grid-2:50:-4","geometry":{"type":"Polygon","coordinates":[[[-4,50],[-2,50],[-2,52],[-4,52],[-4,50]]]},"properties":{"name":"2° Density Cell 50,-4","kind":"density-grid","grid_size_degrees":2,"point_count":5,"intensity":0.011364,"networks":{"ipv4":5},"statuses":{"Unknown":5},"countries":{"GB":5},"sanctioned_nodes":0,"policy_restricted_nodes":0,"threat_infrastructure_nodes":0,"stroke":"#c0d674","fill":"#c0d674","opacity":0.08,"marker_ring":false}},{"type":"Feature","id":"node-density-grid-2:54:12","geometry":{"type":"Polygon","coordinates":[[[12,54],[14,54],[14,56],[12,56],[12,54]]]},"properties":{"name":"2° Density Cell 54,12","kind":"density-grid","grid_size_degrees":2,"point_count":5,"intensity":0.011364,"networks":{"ipv4":5},"statuses":{"Unknown":5},"countries":{"SE":3,"DK":2},"sanctioned_nodes":0,"policy_restricted_nodes":0,"threat_infrastructure_nodes":0,"stroke":"#c0d674","fill":"#c0d674","opacity":0.08,"marker_ring":false}},{"type":"Feature","id":"node-density-grid-2:54:82","geometry":{"type":"Polygon","coordinates":[[[82,54],[84,54],[84,56],[82,56],[82,54]]]},"properties":{"name":"2° Density Cell 54,82","kind":"density-grid","grid_size_degrees":2,"point_count":5,"intensity":0.011364,"networks":{"ipv4":5},"statuses":{"duplicate-location":3,"Unknown":2},"countries":{"RU":5},"sanctioned_nodes":0,"policy_restricted_nodes":0,"threat_infrastructure_nodes":0,"stroke":"#c0d674","fill":"#c0d674","opacity":0.08,"marker_ring":false}},{"type":"Feature","id":"node-density-grid-2:56:10","geometry":{"type":"Polygon","coordinates":[[[10,56],[12,56],[12,58],[10,58],[10,56]]]},"properties":{"name":"2° Density Cell 56,10","kind":"density-grid","grid_size_degrees":2,"point_count":5,"intensity":0.011364,"networks":{"ipv4":5},"statuses":{"Unknown":5},"countries":{"SE":3,"DK":2},"sanctioned_nodes":0,"policy_restricted_nodes":0,"threat_infrastructure_nodes":0,"stroke":"#c0d674","fill":"#c0d674","opacity":0.08,"marker_ring":false}},{"type":"Feature","id":"node-density-grid-2:56:24","geometry":{"type":"Polygon","coordinates":[[[24,56],[26,56],[26,58],[24,58],[24,56]]]},"properties":{"name":"2° Density Cell 56,24","kind":"density-grid","grid_size_degrees":2,"point_count":5,"intensity":0.011364,"networks":{"ipv4":5},"statuses":{"Unknown":3,"duplicate-location":2},"countries":{"LV":5},"sanctioned_nodes":0,"policy_restricted_nodes":0,"threat_infrastructure_nodes":0,"stroke":"#c0d674","fill":"#c0d674","opacity":0.08,"marker_ring":false}},{"type":"Feature","id":"node-density-grid-2:60:28","geometry":{"type":"Polygon","coordinates":[[[28,60],[30,60],[30,62],[28,62],[28,60]]]},"properties":{"name":"2° Density Cell 60,28","kind":"density-grid","grid_size_degrees":2,"point_count":5,"intensity":0.011364,"networks":{"ipv4":5},"statuses":{"duplicate-location":5},"countries":{"FI":5},"sanctioned_nodes":0,"policy_restricted_nodes":0,"threat_infrastructure_nodes":0,"stroke":"#c0d674","fill":"#c0d674","opacity":0.08,"marker_ring":false}},{"type":"Feature","id":"node-density-grid-2:-36:148","geometry":{"type":"Polygon","coordinates":[[[148,-36],[150,-36],[150,-34],[148,-34],[148,-36]]]},"properties":{"name":"2° Density Cell -36,148","kind":"density-grid","grid_size_degrees":2,"point_count":4,"intensity":0.009091,"networks":{"ipv4":4},"statuses":{"Unknown":2,"duplicate-location":2},"countries":{"AU":4},"sanctioned_nodes":0,"policy_restricted_nodes":0,"threat_infrastructure_nodes":0,"stroke":"#c0d674","fill":"#c0d674","opacity":0.08,"marker_ring":false}},{"type":"Feature","id":"node-density-grid-2:-30:-52","geometry":{"type":"Polygon","coordinates":[[[-52,-30],[-50,-30],[-50,-28],[-52,-28],[-52,-30]]]},"properties":{"name":"2° Density Cell -30,-52","kind":"density-grid","grid_size_degrees":2,"point_count":4,"intensity":0.009091,"networks":{"ipv4":4},"statuses":{"Unknown":4},"countries":{"BR":4},"sanctioned_nodes":0,"policy_restricted_nodes":0,"threat_infrastructure_nodes":0,"stroke":"#c0d674","fill":"#c0d674","opacity":0.08,"marker_ring":false}},{"type":"Feature","id":"node-density-grid-2:4:-76","geometry":{"type":"Polygon","coordinates":[[[-76,4],[-74,4],[-74,6],[-76,6],[-76,4]]]},"properties":{"name":"2° Density Cell 4,-76","kind":"density-grid","grid_size_degrees":2,"point_count":4,"intensity":0.009091,"networks":{"ipv4":4},"statuses":{"Unknown":4},"countries":{"CO":4},"sanctioned_nodes":0,"policy_restricted_nodes":0,"threat_infrastructure_nodes":0,"stroke":"#c0d674","fill":"#c0d674","opacity":0.08,"marker_ring":false}},{"type":"Feature","id":"node-density-grid-2:12:76","geometry":{"type":"Polygon","coordinates":[[[76,12],[78,12],[78,14],[76,14],[76,12]]]},"properties":{"name":"2° Density Cell 12,76","kind":"density-grid","grid_size_degrees":2,"point_count":4,"intensity":0.009091,"networks":{"ipv4":4},"statuses":{"duplicate-location":3,"Unknown":1},"countries":{"IN":4},"sanctioned_nodes":0,"policy_restricted_nodes":0,"threat_infrastructure_nodes":0,"stroke":"#c0d674","fill":"#c0d674","opacity":0.08,"marker_ring":false}},{"type":"Feature","id":"node-density-grid-2:18:-100","geometry":{"type":"Polygon","coordinates":[[[-100,18],[-98,18],[-98,20],[-100,20],[-100,18]]]},"properties":{"name":"2° Density Cell 18,-100","kind":"density-grid","grid_size_degrees":2,"point_count":4,"intensity":0.009091,"networks":{"ipv4":4},"statuses":{"Unknown":4},"countries":{"MX":4},"sanctioned_nodes":0,"policy_restricted_nodes":0,"threat_infrastructure_nodes":0,"stroke":"#c0d674","fill":"#c0d674","opacity":0.08,"marker_ring":false}},{"type":"Feature","id":"node-density-grid-2:20:-158","geometry":{"type":"Polygon","coordinates":[[[-158,20],[-156,20],[-156,22],[-158,22],[-158,20]]]},"properties":{"name":"2° Density Cell 20,-158","kind":"density-grid","grid_size_degrees":2,"point_count":4,"intensity":0.009091,"networks":{"ipv4":4},"statuses":{"Unknown":2,"duplicate-location":2},"countries":{"US":4},"sanctioned_nodes":0,"policy_restricted_nodes":0,"threat_infrastructure_nodes":0,"stroke":"#c0d674","fill":"#c0d674","opacity":0.08,"marker_ring":false}},{"type":"Feature","id":"node-density-grid-2:24:54","geometry":{"type":"Polygon","coordinates":[[[54,24],[56,24],[56,26],[54,26],[54,24]]]},"properties":{"name":"2° Density Cell 24,54","kind":"density-grid","grid_size_degrees":2,"point_count":4,"intensity":0.009091,"networks":{"ipv4":4},"statuses":{"Unknown":2,"duplicate-location":2},"countries":{"AE":4},"sanctioned_nodes":0,"policy_restricted_nodes":0,"threat_infrastructure_nodes":0,"stroke":"#c0d674","fill":"#c0d674","opacity":0.08,"marker_ring":false}},{"type":"Feature","id":"node-density-grid-2:28:-98","geometry":{"type":"Polygon","coordinates":[[[-98,28],[-96,28],[-96,30],[-98,30],[-98,28]]]},"properties":{"name":"2° Density Cell 28,-98","kind":"density-grid","grid_size_degrees":2,"point_count":4,"intensity":0.009091,"networks":{"ipv4":4},"statuses":{"duplicate-location":3,"Unknown":1},"countries":{"US":4},"sanctioned_nodes":0,"policy_restricted_nodes":0,"threat_infrastructure_nodes":0,"stroke":"#c0d674","fill":"#c0d674","opacity":0.08,"marker_ring":false}},{"type":"Feature","id":"node-density-grid-2:30:-96","geometry":{"type":"Polygon","coordinates":[[[-96,30],[-94,30],[-94,32],[-96,32],[-96,30]]]},"properties":{"name":"2° Density Cell 30,-96","kind":"density-grid","grid_size_degrees":2,"point_count":4,"intensity":0.009091,"networks":{"ipv4":4},"statuses":{"Unknown":4},"countries":{"US":4},"sanctioned_nodes":0,"policy_restricted_nodes":0,"threat_infrastructure_nodes":0,"stroke":"#c0d674","fill":"#c0d674","opacity":0.08,"marker_ring":false}},{"type":"Feature","id":"node-density-grid-2:30:104","geometry":{"type":"Polygon","coordinates":[[[104,30],[106,30],[106,32],[104,32],[104,30]]]},"properties":{"name":"2° Density Cell 30,104","kind":"density-grid","grid_size_degrees":2,"point_count":4,"intensity":0.009091,"networks":{"ipv4":4},"statuses":{"duplicate-location":4},"countries":{"CN":4},"sanctioned_nodes":0,"policy_restricted_nodes":0,"threat_infrastructure_nodes":0,"stroke":"#c0d674","fill":"#c0d674","opacity":0.08,"marker_ring":false}},{"type":"Feature","id":"node-density-grid-2:34:-86","geometry":{"type":"Polygon","coordinates":[[[-86,34],[-84,34],[-84,36],[-86,36],[-86,34]]]},"properties":{"name":"2° Density Cell 34,-86","kind":"density-grid","grid_size_degrees":2,"point_count":4,"intensity":0.009091,"networks":{"ipv4":4},"statuses":{"Unknown":4},"countries":{"US":4},"sanctioned_nodes":0,"policy_restricted_nodes":0,"threat_infrastructure_nodes":0,"stroke":"#c0d674","fill":"#c0d674","opacity":0.08,"marker_ring":false}},{"type":"Feature","id":"node-density-grid-2:34:126","geometry":{"type":"Polygon","coordinates":[[[126,34],[128,34],[128,36],[126,36],[126,34]]]},"properties":{"name":"2° Density Cell 34,126","kind":"density-grid","grid_size_degrees":2,"point_count":4,"intensity":0.009091,"networks":{"ipv4":4},"statuses":{"duplicate-location":4},"countries":{"KR":4},"sanctioned_nodes":0,"policy_restricted_nodes":0,"threat_infrastructure_nodes":0,"stroke":"#c0d674","fill":"#c0d674","opacity":0.08,"marker_ring":false}},{"type":"Feature","id":"node-density-grid-2:38:-122","geometry":{"type":"Polygon","coordinates":[[[-122,38],[-120,38],[-120,40],[-122,40],[-122,38]]]},"properties":{"name":"2° Density Cell 38,-122","kind":"density-grid","grid_size_degrees":2,"point_count":4,"intensity":0.009091,"networks":{"ipv4":4},"statuses":{"Unknown":4},"countries":{"US":4},"sanctioned_nodes":0,"policy_restricted_nodes":0,"threat_infrastructure_nodes":0,"stroke":"#c0d674","fill":"#c0d674","opacity":0.08,"marker_ring":false}},{"type":"Feature","id":"node-density-grid-2:38:-108","geometry":{"type":"Polygon","coordinates":[[[-108,38],[-106,38],[-106,40],[-108,40],[-108,38]]]},"properties":{"name":"2° Density Cell 38,-108","kind":"density-grid","grid_size_degrees":2,"point_count":4,"intensity":0.009091,"networks":{"ipv4":4},"statuses":{"duplicate-location":3,"Unknown":1},"countries":{"US":4},"sanctioned_nodes":0,"policy_restricted_nodes":0,"threat_infrastructure_nodes":0,"stroke":"#c0d674","fill":"#c0d674","opacity":0.08,"marker_ring":false}},{"type":"Feature","id":"node-density-grid-2:38:-2","geometry":{"type":"Polygon","coordinates":[[[-2,38],[0,38],[0,40],[-2,40],[-2,38]]]},"properties":{"name":"2° Density Cell 38,-2","kind":"density-grid","grid_size_degrees":2,"point_count":4,"intensity":0.009091,"networks":{"ipv4":4},"statuses":{"Unknown":4},"countries":{"ES":4},"sanctioned_nodes":0,"policy_restricted_nodes":0,"threat_infrastructure_nodes":0,"stroke":"#c0d674","fill":"#c0d674","opacity":0.08,"marker_ring":false}},{"type":"Feature","id":"node-density-grid-2:40:-92","geometry":{"type":"Polygon","coordinates":[[[-92,40],[-90,40],[-90,42],[-92,42],[-92,40]]]},"properties":{"name":"2° Density Cell 40,-92","kind":"density-grid","grid_size_degrees":2,"point_count":4,"intensity":0.009091,"networks":{"ipv4":4},"statuses":{"Unknown":4},"countries":{"US":4},"sanctioned_nodes":0,"policy_restricted_nodes":0,"threat_infrastructure_nodes":0,"stroke":"#c0d674","fill":"#c0d674","opacity":0.08,"marker_ring":false}},{"type":"Feature","id":"node-density-grid-2:40:-86","geometry":{"type":"Polygon","coordinates":[[[-86,40],[-84,40],[-84,42],[-86,42],[-86,40]]]},"properties":{"name":"2° Density Cell 40,-86","kind":"density-grid","grid_size_degrees":2,"point_count":4,"intensity":0.009091,"networks":{"ipv4":4},"statuses":{"Unknown":2,"duplicate-location":2},"countries":{"US":4},"sanctioned_nodes":0,"policy_restricted_nodes":0,"threat_infrastructure_nodes":0,"stroke":"#c0d674","fill":"#c0d674","opacity":0.08,"marker_ring":false}},{"type":"Feature","id":"node-density-grid-2:40:-80","geometry":{"type":"Polygon","coordinates":[[[-80,40],[-78,40],[-78,42],[-80,42],[-80,40]]]},"properties":{"name":"2° Density Cell 40,-80","kind":"density-grid","grid_size_degrees":2,"point_count":4,"intensity":0.009091,"networks":{"ipv4":4},"statuses":{"duplicate-location":3,"Unknown":1},"countries":{"US":4},"sanctioned_nodes":0,"policy_restricted_nodes":0,"threat_infrastructure_nodes":0,"stroke":"#c0d674","fill":"#c0d674","opacity":0.08,"marker_ring":false}},{"type":"Feature","id":"node-density-grid-2:40:28","geometry":{"type":"Polygon","coordinates":[[[28,40],[30,40],[30,42],[28,42],[28,40]]]},"properties":{"name":"2° Density Cell 40,28","kind":"density-grid","grid_size_degrees":2,"point_count":4,"intensity":0.009091,"networks":{"ipv4":4},"statuses":{"Unknown":2,"duplicate-location":2},"countries":{"TR":4},"sanctioned_nodes":0,"policy_restricted_nodes":0,"threat_infrastructure_nodes":0,"stroke":"#c0d674","fill":"#c0d674","opacity":0.08,"marker_ring":false}},{"type":"Feature","id":"node-density-grid-2:42:6","geometry":{"type":"Polygon","coordinates":[[[6,42],[8,42],[8,44],[6,44],[6,42]]]},"properties":{"name":"2° Density Cell 42,6","kind":"density-grid","grid_size_degrees":2,"point_count":4,"intensity":0.009091,"networks":{"ipv4":4},"statuses":{"duplicate-location":3,"Unknown":1},"countries":{"FR":4},"sanctioned_nodes":0,"policy_restricted_nodes":0,"threat_infrastructure_nodes":0,"stroke":"#c0d674","fill":"#c0d674","opacity":0.08,"marker_ring":false}},{"type":"Feature","id":"node-density-grid-2:46:-114","geometry":{"type":"Polygon","coordinates":[[[-114,46],[-112,46],[-112,48],[-114,48],[-114,46]]]},"properties":{"name":"2° Density Cell 46,-114","kind":"density-grid","grid_size_degrees":2,"point_count":4,"intensity":0.009091,"networks":{"ipv4":4},"statuses":{"duplicate-location":3,"Unknown":1},"countries":{"US":4},"sanctioned_nodes":0,"policy_restricted_nodes":0,"threat_infrastructure_nodes":0,"stroke":"#c0d674","fill":"#c0d674","opacity":0.08,"marker_ring":false}},{"type":"Feature","id":"node-density-grid-2:46:-74","geometry":{"type":"Polygon","coordinates":[[[-74,46],[-72,46],[-72,48],[-74,48],[-74,46]]]},"properties":{"name":"2° Density Cell 46,-74","kind":"density-grid","grid_size_degrees":2,"point_count":4,"intensity":0.009091,"networks":{"ipv4":4},"statuses":{"Unknown":2,"duplicate-location":2},"countries":{"CA":4},"sanctioned_nodes":0,"policy_restricted_nodes":0,"threat_infrastructure_nodes":0,"stroke":"#c0d674","fill":"#c0d674","opacity":0.08,"marker_ring":false}},{"type":"Feature","id":"node-density-grid-2:48:12","geometry":{"type":"Polygon","coordinates":[[[12,48],[14,48],[14,50],[12,50],[12,48]]]},"properties":{"name":"2° Density Cell 48,12","kind":"density-grid","grid_size_degrees":2,"point_count":4,"intensity":0.009091,"networks":{"ipv4":4},"statuses":{"Unknown":4},"countries":{"AT":2,"CZ":1,"DE":1},"sanctioned_nodes":0,"policy_restricted_nodes":0,"threat_infrastructure_nodes":0,"stroke":"#c0d674","fill":"#c0d674","opacity":0.08,"marker_ring":false}},{"type":"Feature","id":"node-density-grid-2:48:18","geometry":{"type":"Polygon","coordinates":[[[18,48],[20,48],[20,50],[18,50],[18,48]]]},"properties":{"name":"2° Density Cell 48,18","kind":"density-grid","grid_size_degrees":2,"point_count":4,"intensity":0.009091,"networks":{"ipv4":4},"statuses":{"Unknown":4},"countries":{"CZ":3,"SK":1},"sanctioned_nodes":0,"policy_restricted_nodes":0,"threat_infrastructure_nodes":0,"stroke":"#c0d674","fill":"#c0d674","opacity":0.08,"marker_ring":false}},{"type":"Feature","id":"node-density-grid-2:52:10","geometry":{"type":"Polygon","coordinates":[[[10,52],[12,52],[12,54],[10,54],[10,52]]]},"properties":{"name":"2° Density Cell 52,10","kind":"density-grid","grid_size_degrees":2,"point_count":4,"intensity":0.009091,"networks":{"ipv4":4},"statuses":{"Unknown":4},"countries":{"DE":4},"sanctioned_nodes":0,"policy_restricted_nodes":0,"threat_infrastructure_nodes":0,"stroke":"#c0d674","fill":"#c0d674","opacity":0.08,"marker_ring":false}},{"type":"Feature","id":"node-density-grid-2:54:8","geometry":{"type":"Polygon","coordinates":[[[8,54],[10,54],[10,56],[8,56],[8,54]]]},"properties":{"name":"2° Density Cell 54,8","kind":"density-grid","grid_size_degrees":2,"point_count":4,"intensity":0.009091,"networks":{"ipv4":4},"statuses":{"Unknown":2,"duplicate-location":2},"countries":{"DK":3,"DE":1},"sanctioned_nodes":0,"policy_restricted_nodes":0,"threat_infrastructure_nodes":0,"stroke":"#c0d674","fill":"#c0d674","opacity":0.08,"marker_ring":false}},{"type":"Feature","id":"node-density-grid-2:54:22","geometry":{"type":"Polygon","coordinates":[[[22,54],[24,54],[24,56],[22,56],[22,54]]]},"properties":{"name":"2° Density Cell 54,22","kind":"density-grid","grid_size_degrees":2,"point_count":4,"intensity":0.009091,"networks":{"ipv4":4},"statuses":{"duplicate-location":3,"Unknown":1},"countries":{"LT":4},"sanctioned_nodes":0,"policy_restricted_nodes":0,"threat_infrastructure_nodes":0,"stroke":"#c0d674","fill":"#c0d674","opacity":0.08,"marker_ring":false}},{"type":"Feature","id":"node-density-grid-2:56:12","geometry":{"type":"Polygon","coordinates":[[[12,56],[14,56],[14,58],[12,58],[12,56]]]},"properties":{"name":"2° Density Cell 56,12","kind":"density-grid","grid_size_degrees":2,"point_count":4,"intensity":0.009091,"networks":{"ipv4":4},"statuses":{"Unknown":4},"countries":{"SE":4},"sanctioned_nodes":0,"policy_restricted_nodes":0,"threat_infrastructure_nodes":0,"stroke":"#c0d674","fill":"#c0d674","opacity":0.08,"marker_ring":false}},{"type":"Feature","id":"node-density-grid-2:56:60","geometry":{"type":"Polygon","coordinates":[[[60,56],[62,56],[62,58],[60,58],[60,56]]]},"properties":{"name":"2° Density Cell 56,60","kind":"density-grid","grid_size_degrees":2,"point_count":4,"intensity":0.009091,"networks":{"ipv4":4},"statuses":{"duplicate-location":3,"Unknown":1},"countries":{"RU":4},"sanctioned_nodes":0,"policy_restricted_nodes":0,"threat_infrastructure_nodes":0,"stroke":"#c0d674","fill":"#c0d674","opacity":0.08,"marker_ring":false}},{"type":"Feature","id":"node-density-grid-2:-46:168","geometry":{"type":"Polygon","coordinates":[[[168,-46],[170,-46],[170,-44],[168,-44],[168,-46]]]},"properties":{"name":"2° Density Cell -46,168","kind":"density-grid","grid_size_degrees":2,"point_count":3,"intensity":0.006818,"networks":{"ipv4":3},"statuses":{"Unknown":3},"countries":{"NZ":3},"sanctioned_nodes":0,"policy_restricted_nodes":0,"threat_infrastructure_nodes":0,"stroke":"#c0d674","fill":"#c0d674","opacity":0.08,"marker_ring":false}},{"type":"Feature","id":"node-density-grid-2:-30:152","geometry":{"type":"Polygon","coordinates":[[[152,-30],[154,-30],[154,-28],[152,-28],[152,-30]]]},"properties":{"name":"2° Density Cell -30,152","kind":"density-grid","grid_size_degrees":2,"point_count":3,"intensity":0.006818,"networks":{"ipv4":3},"statuses":{"duplicate-location":2,"Unknown":1},"countries":{"AU":3},"sanctioned_nodes":0,"policy_restricted_nodes":0,"threat_infrastructure_nodes":0,"stroke":"#c0d674","fill":"#c0d674","opacity":0.08,"marker_ring":false}},{"type":"Feature","id":"node-density-grid-2:-28:-50","geometry":{"type":"Polygon","coordinates":[[[-50,-28],[-48,-28],[-48,-26],[-50,-26],[-50,-28]]]},"properties":{"name":"2° Density Cell -28,-50","kind":"density-grid","grid_size_degrees":2,"point_count":3,"intensity":0.006818,"networks":{"ipv4":3},"statuses":{"Unknown":3},"countries":{"BR":3},"sanctioned_nodes":0,"policy_restricted_nodes":0,"threat_infrastructure_nodes":0,"stroke":"#c0d674","fill":"#c0d674","opacity":0.08,"marker_ring":false}},{"type":"Feature","id":"node-density-grid-2:-26:28","geometry":{"type":"Polygon","coordinates":[[[28,-26],[30,-26],[30,-24],[28,-24],[28,-26]]]},"properties":{"name":"2° Density Cell -26,28","kind":"density-grid","grid_size_degrees":2,"point_count":3,"intensity":0.006818,"networks":{"ipv4":3},"statuses":{"Unknown":3},"countries":{"ZA":3},"sanctioned_nodes":0,"policy_restricted_nodes":0,"threat_infrastructure_nodes":0,"stroke":"#c0d674","fill":"#c0d674","opacity":0.08,"marker_ring":false}},{"type":"Feature","id":"node-density-grid-2:-20:-44","geometry":{"type":"Polygon","coordinates":[[[-44,-20],[-42,-20],[-42,-18],[-44,-18],[-44,-20]]]},"properties":{"name":"2° Density Cell -20,-44","kind":"density-grid","grid_size_degrees":2,"point_count":3,"intensity":0.006818,"networks":{"ipv4":3},"statuses":{"Unknown":3},"countries":{"BR":3},"sanctioned_nodes":0,"policy_restricted_nodes":0,"threat_infrastructure_nodes":0,"stroke":"#c0d674","fill":"#c0d674","opacity":0.08,"marker_ring":false}},{"type":"Feature","id":"node-density-grid-2:20:104","geometry":{"type":"Polygon","coordinates":[[[104,20],[106,20],[106,22],[104,22],[104,20]]]},"properties":{"name":"2° Density Cell 20,104","kind":"density-grid","grid_size_degrees":2,"point_count":3,"intensity":0.006818,"networks":{"ipv4":3},"statuses":{"duplicate-location":3},"countries":{"VN":3},"sanctioned_nodes":0,"policy_restricted_nodes":0,"threat_infrastructure_nodes":0,"stroke":"#c0d674","fill":"#c0d674","opacity":0.08,"marker_ring":false}},{"type":"Feature","id":"node-density-grid-2:24:46","geometry":{"type":"Polygon","coordinates":[[[46,24],[48,24],[48,26],[46,26],[46,24]]]},"properties":{"name":"2° Density Cell 24,46","kind":"density-grid","grid_size_degrees":2,"point_count":3,"intensity":0.006818,"networks":{"ipv4":3},"statuses":{"duplicate-location":2,"Unknown":1},"countries":{"SA":3},"sanctioned_nodes":0,"policy_restricted_nodes":0,"threat_infrastructure_nodes":0,"stroke":"#c0d674","fill":"#c0d674","opacity":0.08,"marker_ring":false}},{"type":"Feature","id":"node-density-grid-2:28:-100","geometry":{"type":"Polygon","coordinates":[[[-100,28],[-98,28],[-98,30],[-100,30],[-100,28]]]},"properties":{"name":"2° Density Cell 28,-100","kind":"density-grid","grid_size_degrees":2,"point_count":3,"intensity":0.006818,"networks":{"ipv4":3},"statuses":{"duplicate-location":2,"Unknown":1},"countries":{"US":3},"sanctioned_nodes":0,"policy_restricted_nodes":0,"threat_infrastructure_nodes":0,"stroke":"#c0d674","fill":"#c0d674","opacity":0.08,"marker_ring":false}},{"type":"Feature","id":"node-density-grid-2:30:-82","geometry":{"type":"Polygon","coordinates":[[[-82,30],[-80,30],[-80,32],[-82,32],[-82,30]]]},"properties":{"name":"2° Density Cell 30,-82","kind":"density-grid","grid_size_degrees":2,"point_count":3,"intensity":0.006818,"networks":{"ipv4":3},"statuses":{"Unknown":3},"countries":{"US":3},"sanctioned_nodes":0,"policy_restricted_nodes":0,"threat_infrastructure_nodes":0,"stroke":"#c0d674","fill":"#c0d674","opacity":0.08,"marker_ring":false}},{"type":"Feature","id":"node-density-grid-2:32:-80","geometry":{"type":"Polygon","coordinates":[[[-80,32],[-78,32],[-78,34],[-80,34],[-80,32]]]},"properties":{"name":"2° Density Cell 32,-80","kind":"density-grid","grid_size_degrees":2,"point_count":3,"intensity":0.006818,"networks":{"ipv4":3},"statuses":{"Unknown":3},"countries":{"US":3},"sanctioned_nodes":0,"policy_restricted_nodes":0,"threat_infrastructure_nodes":0,"stroke":"#c0d674","fill":"#c0d674","opacity":0.08,"marker_ring":false}},{"type":"Feature","id":"node-density-grid-2:34:-118","geometry":{"type":"Polygon","coordinates":[[[-118,34],[-116,34],[-116,36],[-118,36],[-118,34]]]},"properties":{"name":"2° Density Cell 34,-118","kind":"density-grid","grid_size_degrees":2,"point_count":3,"intensity":0.006818,"networks":{"ipv4":3},"statuses":{"Unknown":3},"countries":{"US":3},"sanctioned_nodes":0,"policy_restricted_nodes":0,"threat_infrastructure_nodes":0,"stroke":"#c0d674","fill":"#c0d674","opacity":0.08,"marker_ring":false}},{"type":"Feature","id":"node-density-grid-2:34:-98","geometry":{"type":"Polygon","coordinates":[[[-98,34],[-96,34],[-96,36],[-98,36],[-98,34]]]},"properties":{"name":"2° Density Cell 34,-98","kind":"density-grid","grid_size_degrees":2,"point_count":3,"intensity":0.006818,"networks":{"ipv4":3},"statuses":{"Unknown":3},"countries":{"US":3},"sanctioned_nodes":0,"policy_restricted_nodes":0,"threat_infrastructure_nodes":0,"stroke":"#c0d674","fill":"#c0d674","opacity":0.08,"marker_ring":false}},{"type":"Feature","id":"node-density-grid-2:34:-94","geometry":{"type":"Polygon","coordinates":[[[-94,34],[-92,34],[-92,36],[-94,36],[-94,34]]]},"properties":{"name":"2° Density Cell 34,-94","kind":"density-grid","grid_size_degrees":2,"point_count":3,"intensity":0.006818,"networks":{"ipv4":3},"statuses":{"duplicate-location":2,"Unknown":1},"countries":{"US":3},"sanctioned_nodes":0,"policy_restricted_nodes":0,"threat_infrastructure_nodes":0,"stroke":"#c0d674","fill":"#c0d674","opacity":0.08,"marker_ring":false}},{"type":"Feature","id":"node-density-grid-2:34:128","geometry":{"type":"Polygon","coordinates":[[[128,34],[130,34],[130,36],[128,36],[128,34]]]},"properties":{"name":"2° Density Cell 34,128","kind":"density-grid","grid_size_degrees":2,"point_count":3,"intensity":0.006818,"networks":{"ipv4":3},"statuses":{"Unknown":3},"countries":{"KR":3},"sanctioned_nodes":0,"policy_restricted_nodes":0,"threat_infrastructure_nodes":0,"stroke":"#c0d674","fill":"#c0d674","opacity":0.08,"marker_ring":false}},{"type":"Feature","id":"node-density-grid-2:36:-120","geometry":{"type":"Polygon","coordinates":[[[-120,36],[-118,36],[-118,38],[-120,38],[-120,36]]]},"properties":{"name":"2° Density Cell 36,-120","kind":"density-grid","grid_size_degrees":2,"point_count":3,"intensity":0.006818,"networks":{"ipv4":3},"statuses":{"Unknown":3},"countries":{"US":3},"sanctioned_nodes":0,"policy_restricted_nodes":0,"threat_infrastructure_nodes":0,"stroke":"#c0d674","fill":"#c0d674","opacity":0.08,"marker_ring":false}},{"type":"Feature","id":"node-density-grid-2:36:-108","geometry":{"type":"Polygon","coordinates":[[[-108,36],[-106,36],[-106,38],[-108,38],[-108,36]]]},"properties":{"name":"2° Density Cell 36,-108","kind":"density-grid","grid_size_degrees":2,"point_count":3,"intensity":0.006818,"networks":{"ipv4":3},"statuses":{"duplicate-location":2,"Unknown":1},"countries":{"US":3},"sanctioned_nodes":0,"policy_restricted_nodes":0,"threat_infrastructure_nodes":0,"stroke":"#c0d674","fill":"#c0d674","opacity":0.08,"marker_ring":false}},{"type":"Feature","id":"node-density-grid-2:36:-90","geometry":{"type":"Polygon","coordinates":[[[-90,36],[-88,36],[-88,38],[-90,38],[-90,36]]]},"properties":{"name":"2° Density Cell 36,-90","kind":"density-grid","grid_size_degrees":2,"point_count":3,"intensity":0.006818,"networks":{"ipv4":3},"statuses":{"Unknown":3},"countries":{"US":3},"sanctioned_nodes":0,"policy_restricted_nodes":0,"threat_infrastructure_nodes":0,"stroke":"#c0d674","fill":"#c0d674","opacity":0.08,"marker_ring":false}},{"type":"Feature","id":"node-density-grid-2:36:-78","geometry":{"type":"Polygon","coordinates":[[[-78,36],[-76,36],[-76,38],[-78,38],[-78,36]]]},"properties":{"name":"2° Density Cell 36,-78","kind":"density-grid","grid_size_degrees":2,"point_count":3,"intensity":0.006818,"networks":{"ipv4":3},"statuses":{"Unknown":3},"countries":{"US":3},"sanctioned_nodes":0,"policy_restricted_nodes":0,"threat_infrastructure_nodes":0,"stroke":"#c0d674","fill":"#c0d674","opacity":0.08,"marker_ring":false}},{"type":"Feature","id":"node-density-grid-2:36:-2","geometry":{"type":"Polygon","coordinates":[[[-2,36],[0,36],[0,38],[-2,38],[-2,36]]]},"properties":{"name":"2° Density Cell 36,-2","kind":"density-grid","grid_size_degrees":2,"point_count":3,"intensity":0.006818,"networks":{"ipv4":3},"statuses":{"Unknown":3},"countries":{"ES":3},"sanctioned_nodes":0,"policy_restricted_nodes":0,"threat_infrastructure_nodes":0,"stroke":"#c0d674","fill":"#c0d674","opacity":0.08,"marker_ring":false}},{"type":"Feature","id":"node-density-grid-2:38:-124","geometry":{"type":"Polygon","coordinates":[[[-124,38],[-122,38],[-122,40],[-124,40],[-124,38]]]},"properties":{"name":"2° Density Cell 38,-124","kind":"density-grid","grid_size_degrees":2,"point_count":3,"intensity":0.006818,"networks":{"ipv4":3},"statuses":{"Unknown":3},"countries":{"US":3},"sanctioned_nodes":0,"policy_restricted_nodes":0,"threat_infrastructure_nodes":0,"stroke":"#c0d674","fill":"#c0d674","opacity":0.08,"marker_ring":false}},{"type":"Feature","id":"node-density-grid-2:40:-98","geometry":{"type":"Polygon","coordinates":[[[-98,40],[-96,40],[-96,42],[-98,42],[-98,40]]]},"properties":{"name":"2° Density Cell 40,-98","kind":"density-grid","grid_size_degrees":2,"point_count":3,"intensity":0.006818,"networks":{"ipv4":3},"statuses":{"duplicate-location":3},"countries":{"US":3},"sanctioned_nodes":0,"policy_restricted_nodes":0,"threat_infrastructure_nodes":0,"stroke":"#c0d674","fill":"#c0d674","opacity":0.08,"marker_ring":false}},{"type":"Feature","id":"node-density-grid-2:40:-78","geometry":{"type":"Polygon","coordinates":[[[-78,40],[-76,40],[-76,42],[-78,42],[-78,40]]]},"properties":{"name":"2° Density Cell 40,-78","kind":"density-grid","grid_size_degrees":2,"point_count":3,"intensity":0.006818,"networks":{"ipv4":3},"statuses":{"Unknown":3},"countries":{"US":3},"sanctioned_nodes":0,"policy_restricted_nodes":0,"threat_infrastructure_nodes":0,"stroke":"#c0d674","fill":"#c0d674","opacity":0.08,"marker_ring":false}},{"type":"Feature","id":"node-density-grid-2:40:2","geometry":{"type":"Polygon","coordinates":[[[2,40],[4,40],[4,42],[2,42],[2,40]]]},"properties":{"name":"2° Density Cell 40,2","kind":"density-grid","grid_size_degrees":2,"point_count":3,"intensity":0.006818,"networks":{"ipv4":3},"statuses":{"Unknown":3},"countries":{"ES":3},"sanctioned_nodes":0,"policy_restricted_nodes":0,"threat_infrastructure_nodes":0,"stroke":"#c0d674","fill":"#c0d674","opacity":0.08,"marker_ring":false}},{"type":"Feature","id":"node-density-grid-2:40:44","geometry":{"type":"Polygon","coordinates":[[[44,40],[46,40],[46,42],[44,42],[44,40]]]},"properties":{"name":"2° Density Cell 40,44","kind":"density-grid","grid_size_degrees":2,"point_count":3,"intensity":0.006818,"networks":{"ipv4":3},"statuses":{"duplicate-location":2,"Unknown":1},"countries":{"GE":3},"sanctioned_nodes":0,"policy_restricted_nodes":0,"threat_infrastructure_nodes":0,"stroke":"#c0d674","fill":"#c0d674","opacity":0.08,"marker_ring":false}},{"type":"Feature","id":"node-density-grid-2:42:4","geometry":{"type":"Polygon","coordinates":[[[4,42],[6,42],[6,44],[4,44],[4,42]]]},"properties":{"name":"2° Density Cell 42,4","kind":"density-grid","grid_size_degrees":2,"point_count":3,"intensity":0.006818,"networks":{"ipv4":3},"statuses":{"duplicate-location":3},"countries":{"FR":3},"sanctioned_nodes":0,"policy_restricted_nodes":0,"threat_infrastructure_nodes":0,"stroke":"#c0d674","fill":"#c0d674","opacity":0.08,"marker_ring":false}},{"type":"Feature","id":"node-density-grid-2:42:10","geometry":{"type":"Polygon","coordinates":[[[10,42],[12,42],[12,44],[10,44],[10,42]]]},"properties":{"name":"2° Density Cell 42,10","kind":"density-grid","grid_size_degrees":2,"point_count":3,"intensity":0.006818,"networks":{"ipv4":3},"statuses":{"duplicate-location":2,"Unknown":1},"countries":{"IT":3},"sanctioned_nodes":0,"policy_restricted_nodes":0,"threat_infrastructure_nodes":0,"stroke":"#c0d674","fill":"#c0d674","opacity":0.08,"marker_ring":false}},{"type":"Feature","id":"node-density-grid-2:42:26","geometry":{"type":"Polygon","coordinates":[[[26,42],[28,42],[28,44],[26,44],[26,42]]]},"properties":{"name":"2° Density Cell 42,26","kind":"density-grid","grid_size_degrees":2,"point_count":3,"intensity":0.006818,"networks":{"ipv4":3},"statuses":{"duplicate-location":3},"countries":{"BG":3},"sanctioned_nodes":0,"policy_restricted_nodes":0,"threat_infrastructure_nodes":0,"stroke":"#c0d674","fill":"#c0d674","opacity":0.08,"marker_ring":false}},{"type":"Feature","id":"node-density-grid-2:44:-86","geometry":{"type":"Polygon","coordinates":[[[-86,44],[-84,44],[-84,46],[-86,46],[-86,44]]]},"properties":{"name":"2° Density Cell 44,-86","kind":"density-grid","grid_size_degrees":2,"point_count":3,"intensity":0.006818,"networks":{"ipv4":3},"statuses":{"Unknown":3},"countries":{"US":3},"sanctioned_nodes":0,"policy_restricted_nodes":0,"threat_infrastructure_nodes":0,"stroke":"#c0d674","fill":"#c0d674","opacity":0.08,"marker_ring":false}},{"type":"Feature","id":"node-density-grid-2:44:-68","geometry":{"type":"Polygon","coordinates":[[[-68,44],[-66,44],[-66,46],[-68,46],[-68,44]]]},"properties":{"name":"2° Density Cell 44,-68","kind":"density-grid","grid_size_degrees":2,"point_count":3,"intensity":0.006818,"networks":{"ipv4":3},"statuses":{"Unknown":3},"countries":{"CA":2,"US":1},"sanctioned_nodes":0,"policy_restricted_nodes":0,"threat_infrastructure_nodes":0,"stroke":"#c0d674","fill":"#c0d674","opacity":0.08,"marker_ring":false}},{"type":"Feature","id":"node-density-grid-2:46:10","geometry":{"type":"Polygon","coordinates":[[[10,46],[12,46],[12,48],[10,48],[10,46]]]},"properties":{"name":"2° Density Cell 46,10","kind":"density-grid","grid_size_degrees":2,"point_count":3,"intensity":0.006818,"networks":{"ipv4":3},"statuses":{"Unknown":3},"countries":{"AT":1,"CH":1,"IT":1},"sanctioned_nodes":0,"policy_restricted_nodes":0,"threat_infrastructure_nodes":0,"stroke":"#c0d674","fill":"#c0d674","opacity":0.08,"marker_ring":false}},{"type":"Feature","id":"node-density-grid-2:46:12","geometry":{"type":"Polygon","coordinates":[[[12,46],[14,46],[14,48],[12,48],[12,46]]]},"properties":{"name":"2° Density Cell 46,12","kind":"density-grid","grid_size_degrees":2,"point_count":3,"intensity":0.006818,"networks":{"ipv4":3},"statuses":{"Unknown":3},"countries":{"DE":2,"AT":1},"sanctioned_nodes":0,"policy_restricted_nodes":0,"threat_infrastructure_nodes":0,"stroke":"#c0d674","fill":"#c0d674","opacity":0.08,"marker_ring":false}},{"type":"Feature","id":"node-density-grid-2:50:10","geometry":{"type":"Polygon","coordinates":[[[10,50],[12,50],[12,52],[10,52],[10,50]]]},"properties":{"name":"2° Density Cell 50,10","kind":"density-grid","grid_size_degrees":2,"point_count":3,"intensity":0.006818,"networks":{"ipv4":3},"statuses":{"Unknown":3},"countries":{"DE":3},"sanctioned_nodes":0,"policy_restricted_nodes":0,"threat_infrastructure_nodes":0,"stroke":"#c0d674","fill":"#c0d674","opacity":0.08,"marker_ring":false}},{"type":"Feature","id":"node-density-grid-2:50:16","geometry":{"type":"Polygon","coordinates":[[[16,50],[18,50],[18,52],[16,52],[16,50]]]},"properties":{"name":"2° Density Cell 50,16","kind":"density-grid","grid_size_degrees":2,"point_count":3,"intensity":0.006818,"networks":{"ipv4":3},"statuses":{"Unknown":3},"countries":{"PL":3},"sanctioned_nodes":0,"policy_restricted_nodes":0,"threat_infrastructure_nodes":0,"stroke":"#c0d674","fill":"#c0d674","opacity":0.08,"marker_ring":false}},{"type":"Feature","id":"node-density-grid-2:54:18","geometry":{"type":"Polygon","coordinates":[[[18,54],[20,54],[20,56],[18,56],[18,54]]]},"properties":{"name":"2° Density Cell 54,18","kind":"density-grid","grid_size_degrees":2,"point_count":3,"intensity":0.006818,"networks":{"ipv4":3},"statuses":{"Unknown":3},"countries":{"PL":3},"sanctioned_nodes":0,"policy_restricted_nodes":0,"threat_infrastructure_nodes":0,"stroke":"#c0d674","fill":"#c0d674","opacity":0.08,"marker_ring":false}},{"type":"Feature","id":"node-density-grid-2:54:24","geometry":{"type":"Polygon","coordinates":[[[24,54],[26,54],[26,56],[24,56],[24,54]]]},"properties":{"name":"2° Density Cell 54,24","kind":"density-grid","grid_size_degrees":2,"point_count":3,"intensity":0.006818,"networks":{"ipv4":3},"statuses":{"duplicate-location":2,"Unknown":1},"countries":{"LT":3},"sanctioned_nodes":0,"policy_restricted_nodes":0,"threat_infrastructure_nodes":0,"stroke":"#c0d674","fill":"#c0d674","opacity":0.08,"marker_ring":false}},{"type":"Feature","id":"node-density-grid-2:56:38","geometry":{"type":"Polygon","coordinates":[[[38,56],[40,56],[40,58],[38,58],[38,56]]]},"properties":{"name":"2° Density Cell 56,38","kind":"density-grid","grid_size_degrees":2,"point_count":3,"intensity":0.006818,"networks":{"ipv4":3},"statuses":{"duplicate-location":2,"Unknown":1},"countries":{"RU":3},"sanctioned_nodes":0,"policy_restricted_nodes":0,"threat_infrastructure_nodes":0,"stroke":"#c0d674","fill":"#c0d674","opacity":0.08,"marker_ring":false}},{"type":"Feature","id":"node-density-grid-2:58:24","geometry":{"type":"Polygon","coordinates":[[[24,58],[26,58],[26,60],[24,60],[24,58]]]},"properties":{"name":"2° Density Cell 58,24","kind":"density-grid","grid_size_degrees":2,"point_count":3,"intensity":0.006818,"networks":{"ipv4":3},"statuses":{"duplicate-location":2,"Unknown":1},"countries":{"EE":3},"sanctioned_nodes":0,"policy_restricted_nodes":0,"threat_infrastructure_nodes":0,"stroke":"#c0d674","fill":"#c0d674","opacity":0.08,"marker_ring":false}},{"type":"Feature","id":"node-density-grid-2:60:30","geometry":{"type":"Polygon","coordinates":[[[30,60],[32,60],[32,62],[30,62],[30,60]]]},"properties":{"name":"2° Density Cell 60,30","kind":"density-grid","grid_size_degrees":2,"point_count":3,"intensity":0.006818,"networks":{"ipv4":3},"statuses":{"Unknown":3},"countries":{"RU":3},"sanctioned_nodes":0,"policy_restricted_nodes":0,"threat_infrastructure_nodes":0,"stroke":"#c0d674","fill":"#c0d674","opacity":0.08,"marker_ring":false}},{"type":"Feature","id":"node-density-grid-2:64:20","geometry":{"type":"Polygon","coordinates":[[[20,64],[22,64],[22,66],[20,66],[20,64]]]},"properties":{"name":"2° Density Cell 64,20","kind":"density-grid","grid_size_degrees":2,"point_count":3,"intensity":0.006818,"networks":{"ipv4":3},"statuses":{"Unknown":3},"countries":{"SE":3},"sanctioned_nodes":0,"policy_restricted_nodes":0,"threat_infrastructure_nodes":0,"stroke":"#c0d674","fill":"#c0d674","opacity":0.08,"marker_ring":false}},{"type":"Feature","id":"node-density-grid-2:-40:144","geometry":{"type":"Polygon","coordinates":[[[144,-40],[146,-40],[146,-38],[144,-38],[144,-40]]]},"properties":{"name":"2° Density Cell -40,144","kind":"density-grid","grid_size_degrees":2,"point_count":2,"intensity":0.004545,"networks":{"ipv4":2},"statuses":{"Unknown":2},"countries":{"AU":2},"sanctioned_nodes":0,"policy_restricted_nodes":0,"threat_infrastructure_nodes":0,"stroke":"#c0d674","fill":"#c0d674","opacity":0.08,"marker_ring":false}},{"type":"Feature","id":"node-density-grid-2:-36:-58","geometry":{"type":"Polygon","coordinates":[[[-58,-36],[-56,-36],[-56,-34],[-58,-34],[-58,-36]]]},"properties":{"name":"2° Density Cell -36,-58","kind":"density-grid","grid_size_degrees":2,"point_count":2,"intensity":0.004545,"networks":{"ipv4":2},"statuses":{"Unknown":2},"countries":{"AR":1,"UY":1},"sanctioned_nodes":0,"policy_restricted_nodes":0,"threat_infrastructure_nodes":0,"stroke":"#c0d674","fill":"#c0d674","opacity":0.08,"marker_ring":false}},{"type":"Feature","id":"node-density-grid-2:-34:-58","geometry":{"type":"Polygon","coordinates":[[[-58,-34],[-56,-34],[-56,-32],[-58,-32],[-58,-34]]]},"properties":{"name":"2° Density Cell -34,-58","kind":"density-grid","grid_size_degrees":2,"point_count":2,"intensity":0.004545,"networks":{"ipv4":2},"statuses":{"duplicate-location":2},"countries":{"UY":2},"sanctioned_nodes":0,"policy_restricted_nodes":0,"threat_infrastructure_nodes":0,"stroke":"#c0d674","fill":"#c0d674","opacity":0.08,"marker_ring":false}},{"type":"Feature","id":"node-density-grid-2:-34:114","geometry":{"type":"Polygon","coordinates":[[[114,-34],[116,-34],[116,-32],[114,-32],[114,-34]]]},"properties":{"name":"2° Density Cell -34,114","kind":"density-grid","grid_size_degrees":2,"point_count":2,"intensity":0.004545,"networks":{"ipv4":2},"statuses":{"Unknown":2},"countries":{"AU":2},"sanctioned_nodes":0,"policy_restricted_nodes":0,"threat_infrastructure_nodes":0,"stroke":"#c0d674","fill":"#c0d674","opacity":0.08,"marker_ring":false}},{"type":"Feature","id":"node-density-grid-2:-26:-50","geometry":{"type":"Polygon","coordinates":[[[-50,-26],[-48,-26],[-48,-24],[-50,-24],[-50,-26]]]},"properties":{"name":"2° Density Cell -26,-50","kind":"density-grid","grid_size_degrees":2,"point_count":2,"intensity":0.004545,"networks":{"ipv4":2},"statuses":{"Unknown":2},"countries":{"BR":2},"sanctioned_nodes":0,"policy_restricted_nodes":0,"threat_infrastructure_nodes":0,"stroke":"#c0d674","fill":"#c0d674","opacity":0.08,"marker_ring":false}},{"type":"Feature","id":"node-density-grid-2:-24:-50","geometry":{"type":"Polygon","coordinates":[[[-50,-24],[-48,-24],[-48,-22],[-50,-22],[-50,-24]]]},"properties":{"name":"2° Density Cell -24,-50","kind":"density-grid","grid_size_degrees":2,"point_count":2,"intensity":0.004545,"networks":{"ipv4":2},"statuses":{"Unknown":2},"countries":{"BR":2},"sanctioned_nodes":0,"policy_restricted_nodes":0,"threat_infrastructure_nodes":0,"stroke":"#c0d674","fill":"#c0d674","opacity":0.08,"marker_ring":false}},{"type":"Feature","id":"node-density-grid-2:-22:148","geometry":{"type":"Polygon","coordinates":[[[148,-22],[150,-22],[150,-20],[148,-20],[148,-22]]]},"properties":{"name":"2° Density Cell -22,148","kind":"density-grid","grid_size_degrees":2,"point_count":2,"intensity":0.004545,"networks":{"ipv4":2},"statuses":{"Unknown":2},"countries":{"AU":2},"sanctioned_nodes":0,"policy_restricted_nodes":0,"threat_infrastructure_nodes":0,"stroke":"#c0d674","fill":"#c0d674","opacity":0.08,"marker_ring":false}},{"type":"Feature","id":"node-density-grid-2:-20:146","geometry":{"type":"Polygon","coordinates":[[[146,-20],[148,-20],[148,-18],[146,-18],[146,-20]]]},"properties":{"name":"2° Density Cell -20,146","kind":"density-grid","grid_size_degrees":2,"point_count":2,"intensity":0.004545,"networks":{"ipv4":2},"statuses":{"Unknown":2},"countries":{"AU":2},"sanctioned_nodes":0,"policy_restricted_nodes":0,"threat_infrastructure_nodes":0,"stroke":"#c0d674","fill":"#c0d674","opacity":0.08,"marker_ring":false}},{"type":"Feature","id":"node-density-grid-2:-8:112","geometry":{"type":"Polygon","coordinates":[[[112,-8],[114,-8],[114,-6],[112,-6],[112,-8]]]},"properties":{"name":"2° Density Cell -8,112","kind":"density-grid","grid_size_degrees":2,"point_count":2,"intensity":0.004545,"networks":{"ipv4":2},"statuses":{"duplicate-location":2},"countries":{"ID":2},"sanctioned_nodes":0,"policy_restricted_nodes":0,"threat_infrastructure_nodes":0,"stroke":"#c0d674","fill":"#c0d674","opacity":0.08,"marker_ring":false}},{"type":"Feature","id":"node-density-grid-2:8:-86","geometry":{"type":"Polygon","coordinates":[[[-86,8],[-84,8],[-84,10],[-86,10],[-86,8]]]},"properties":{"name":"2° Density Cell 8,-86","kind":"density-grid","grid_size_degrees":2,"point_count":2,"intensity":0.004545,"networks":{"ipv4":2},"statuses":{"Unknown":2},"countries":{"CR":2},"sanctioned_nodes":0,"policy_restricted_nodes":0,"threat_infrastructure_nodes":0,"stroke":"#c0d674","fill":"#c0d674","opacity":0.08,"marker_ring":false}},{"type":"Feature","id":"node-density-grid-2:10:104","geometry":{"type":"Polygon","coordinates":[[[104,10],[106,10],[106,12],[104,12],[104,10]]]},"properties":{"name":"2° Density Cell 10,104","kind":"density-grid","grid_size_degrees":2,"point_count":2,"intensity":0.004545,"networks":{"ipv4":2},"statuses":{"Unknown":2},"countries":{"KH":2},"sanctioned_nodes":0,"policy_restricted_nodes":0,"threat_infrastructure_nodes":0,"stroke":"#c0d674","fill":"#c0d674","opacity":0.08,"marker_ring":false}},{"type":"Feature","id":"node-density-grid-2:14:-88","geometry":{"type":"Polygon","coordinates":[[[-88,14],[-86,14],[-86,16],[-88,16],[-88,14]]]},"properties":{"name":"2° Density Cell 14,-88","kind":"density-grid","grid_size_degrees":2,"point_count":2,"intensity":0.004545,"networks":{"ipv4":2},"statuses":{"Unknown":2},"countries":{"HN":2},"sanctioned_nodes":0,"policy_restricted_nodes":0,"threat_infrastructure_nodes":0,"stroke":"#c0d674","fill":"#c0d674","opacity":0.08,"marker_ring":false}},{"type":"Feature","id":"node-density-grid-2:14:120","geometry":{"type":"Polygon","coordinates":[[[120,14],[122,14],[122,16],[120,16],[120,14]]]},"properties":{"name":"2° Density Cell 14,120","kind":"density-grid","grid_size_degrees":2,"point_count":2,"intensity":0.004545,"networks":{"ipv4":2},"statuses":{"Unknown":2},"countries":{"PH":2},"sanctioned_nodes":0,"policy_restricted_nodes":0,"threat_infrastructure_nodes":0,"stroke":"#c0d674","fill":"#c0d674","opacity":0.08,"marker_ring":false}},{"type":"Feature","id":"node-density-grid-2:16:78","geometry":{"type":"Polygon","coordinates":[[[78,16],[80,16],[80,18],[78,18],[78,16]]]},"properties":{"name":"2° Density Cell 16,78","kind":"density-grid","grid_size_degrees":2,"point_count":2,"intensity":0.004545,"networks":{"ipv4":2},"statuses":{"Unknown":2},"countries":{"IN":2},"sanctioned_nodes":0,"policy_restricted_nodes":0,"threat_infrastructure_nodes":0,"stroke":"#c0d674","fill":"#c0d674","opacity":0.08,"marker_ring":false}},{"type":"Feature","id":"node-density-grid-2:22:112","geometry":{"type":"Polygon","coordinates":[[[112,22],[114,22],[114,24],[112,24],[112,22]]]},"properties":{"name":"2° Density Cell 22,112","kind":"density-grid","grid_size_degrees":2,"point_count":2,"intensity":0.004545,"networks":{"ipv4":2},"statuses":{"duplicate-location":2},"countries":{"CN":2},"sanctioned_nodes":0,"policy_restricted_nodes":0,"threat_infrastructure_nodes":0,"stroke":"#c0d674","fill":"#c0d674","opacity":0.08,"marker_ring":false}},{"type":"Feature","id":"node-density-grid-2:24:-102","geometry":{"type":"Polygon","coordinates":[[[-102,24],[-100,24],[-100,26],[-102,26],[-102,24]]]},"properties":{"name":"2° Density Cell 24,-102","kind":"density-grid","grid_size_degrees":2,"point_count":2,"intensity":0.004545,"networks":{"ipv4":2},"statuses":{"Unknown":2},"countries":{"MX":2},"sanctioned_nodes":0,"policy_restricted_nodes":0,"threat_infrastructure_nodes":0,"stroke":"#c0d674","fill":"#c0d674","opacity":0.08,"marker_ring":false}},{"type":"Feature","id":"node-density-grid-2:24:50","geometry":{"type":"Polygon","coordinates":[[[50,24],[52,24],[52,26],[50,26],[50,24]]]},"properties":{"name":"2° Density Cell 24,50","kind":"density-grid","grid_size_degrees":2,"point_count":2,"intensity":0.004545,"networks":{"ipv4":2},"statuses":{"duplicate-location":2},"countries":{"QA":2},"sanctioned_nodes":0,"policy_restricted_nodes":0,"threat_infrastructure_nodes":0,"stroke":"#c0d674","fill":"#c0d674","opacity":0.08,"marker_ring":false}},{"type":"Feature","id":"node-density-grid-2:28:-92","geometry":{"type":"Polygon","coordinates":[[[-92,28],[-90,28],[-90,30],[-92,30],[-92,28]]]},"properties":{"name":"2° Density Cell 28,-92","kind":"density-grid","grid_size_degrees":2,"point_count":2,"intensity":0.004545,"networks":{"ipv4":2},"statuses":{"duplicate-location":2},"countries":{"US":2},"sanctioned_nodes":0,"policy_restricted_nodes":0,"threat_infrastructure_nodes":0,"stroke":"#c0d674","fill":"#c0d674","opacity":0.08,"marker_ring":false}},{"type":"Feature","id":"node-density-grid-2:28:46","geometry":{"type":"Polygon","coordinates":[[[46,28],[48,28],[48,30],[46,30],[46,28]]]},"properties":{"name":"2° Density Cell 28,46","kind":"density-grid","grid_size_degrees":2,"point_count":2,"intensity":0.004545,"networks":{"ipv4":2},"statuses":{"Unknown":2},"countries":{"KW":2},"sanctioned_nodes":0,"policy_restricted_nodes":0,"threat_infrastructure_nodes":0,"stroke":"#c0d674","fill":"#c0d674","opacity":0.08,"marker_ring":false}},{"type":"Feature","id":"node-density-grid-2:30:-92","geometry":{"type":"Polygon","coordinates":[[[-92,30],[-90,30],[-90,32],[-92,32],[-92,30]]]},"properties":{"name":"2° Density Cell 30,-92","kind":"density-grid","grid_size_degrees":2,"point_count":2,"intensity":0.004545,"networks":{"ipv4":2},"statuses":{"Unknown":2},"countries":{"US":2},"sanctioned_nodes":0,"policy_restricted_nodes":0,"threat_infrastructure_nodes":0,"stroke":"#c0d674","fill":"#c0d674","opacity":0.08,"marker_ring":false}},{"type":"Feature","id":"node-density-grid-2:30:-88","geometry":{"type":"Polygon","coordinates":[[[-88,30],[-86,30],[-86,32],[-88,32],[-88,30]]]},"properties":{"name":"2° Density Cell 30,-88","kind":"density-grid","grid_size_degrees":2,"point_count":2,"intensity":0.004545,"networks":{"ipv4":2},"statuses":{"Unknown":2},"countries":{"US":2},"sanctioned_nodes":0,"policy_restricted_nodes":0,"threat_infrastructure_nodes":0,"stroke":"#c0d674","fill":"#c0d674","opacity":0.08,"marker_ring":false}},{"type":"Feature","id":"node-density-grid-2:32:-112","geometry":{"type":"Polygon","coordinates":[[[-112,32],[-110,32],[-110,34],[-112,34],[-112,32]]]},"properties":{"name":"2° Density Cell 32,-112","kind":"density-grid","grid_size_degrees":2,"point_count":2,"intensity":0.004545,"networks":{"ipv4":2},"statuses":{"Unknown":2},"countries":{"US":2},"sanctioned_nodes":0,"policy_restricted_nodes":0,"threat_infrastructure_nodes":0,"stroke":"#c0d674","fill":"#c0d674","opacity":0.08,"marker_ring":false}},{"type":"Feature","id":"node-density-grid-2:32:-92","geometry":{"type":"Polygon","coordinates":[[[-92,32],[-90,32],[-90,34],[-92,34],[-92,32]]]},"properties":{"name":"2° Density Cell 32,-92","kind":"density-grid","grid_size_degrees":2,"point_count":2,"intensity":0.004545,"networks":{"ipv4":2},"statuses":{"duplicate-location":2},"countries":{"US":2},"sanctioned_nodes":0,"policy_restricted_nodes":0,"threat_infrastructure_nodes":0,"stroke":"#c0d674","fill":"#c0d674","opacity":0.08,"marker_ring":false}},{"type":"Feature","id":"node-density-grid-2:32:-84","geometry":{"type":"Polygon","coordinates":[[[-84,32],[-82,32],[-82,34],[-84,34],[-84,32]]]},"properties":{"name":"2° Density Cell 32,-84","kind":"density-grid","grid_size_degrees":2,"point_count":2,"intensity":0.004545,"networks":{"ipv4":2},"statuses":{"Unknown":2},"countries":{"US":2},"sanctioned_nodes":0,"policy_restricted_nodes":0,"threat_infrastructure_nodes":0,"stroke":"#c0d674","fill":"#c0d674","opacity":0.08,"marker_ring":false}},{"type":"Feature","id":"node-density-grid-2:34:-108","geometry":{"type":"Polygon","coordinates":[[[-108,34],[-106,34],[-106,36],[-108,36],[-108,34]]]},"properties":{"name":"2° Density Cell 34,-108","kind":"density-grid","grid_size_degrees":2,"point_count":2,"intensity":0.004545,"networks":{"ipv4":2},"statuses":{"duplicate-location":2},"countries":{"US":2},"sanctioned_nodes":0,"policy_restricted_nodes":0,"threat_infrastructure_nodes":0,"stroke":"#c0d674","fill":"#c0d674","opacity":0.08,"marker_ring":false}},{"type":"Feature","id":"node-density-grid-2:34:-96","geometry":{"type":"Polygon","coordinates":[[[-96,34],[-94,34],[-94,36],[-96,36],[-96,34]]]},"properties":{"name":"2° Density Cell 34,-96","kind":"density-grid","grid_size_degrees":2,"point_count":2,"intensity":0.004545,"networks":{"ipv4":2},"statuses":{"Unknown":2},"countries":{"US":2},"sanctioned_nodes":0,"policy_restricted_nodes":0,"threat_infrastructure_nodes":0,"stroke":"#c0d674","fill":"#c0d674","opacity":0.08,"marker_ring":false}},{"type":"Feature","id":"node-density-grid-2:34:-88","geometry":{"type":"Polygon","coordinates":[[[-88,34],[-86,34],[-86,36],[-88,36],[-88,34]]]},"properties":{"name":"2° Density Cell 34,-88","kind":"density-grid","grid_size_degrees":2,"point_count":2,"intensity":0.004545,"networks":{"ipv4":2},"statuses":{"Unknown":2},"countries":{"US":2},"sanctioned_nodes":0,"policy_restricted_nodes":0,"threat_infrastructure_nodes":0,"stroke":"#c0d674","fill":"#c0d674","opacity":0.08,"marker_ring":false}},{"type":"Feature","id":"node-density-grid-2:34:14","geometry":{"type":"Polygon","coordinates":[[[14,34],[16,34],[16,36],[14,36],[14,34]]]},"properties":{"name":"2° Density Cell 34,14","kind":"density-grid","grid_size_degrees":2,"point_count":2,"intensity":0.004545,"networks":{"ipv4":2},"statuses":{"Unknown":2},"countries":{"MT":2},"sanctioned_nodes":0,"policy_restricted_nodes":0,"threat_infrastructure_nodes":0,"stroke":"#c0d674","fill":"#c0d674","opacity":0.08,"marker_ring":false}},{"type":"Feature","id":"node-density-grid-2:36:-98","geometry":{"type":"Polygon","coordinates":[[[-98,36],[-96,36],[-96,38],[-98,38],[-98,36]]]},"properties":{"name":"2° Density Cell 36,-98","kind":"density-grid","grid_size_degrees":2,"point_count":2,"intensity":0.004545,"networks":{"ipv4":2},"statuses":{"Unknown":2},"countries":{"US":2},"sanctioned_nodes":0,"policy_restricted_nodes":0,"threat_infrastructure_nodes":0,"stroke":"#c0d674","fill":"#c0d674","opacity":0.08,"marker_ring":false}},{"type":"Feature","id":"node-density-grid-2:36:-96","geometry":{"type":"Polygon","coordinates":[[[-96,36],[-94,36],[-94,38],[-96,38],[-96,36]]]},"properties":{"name":"2° Density Cell 36,-96","kind":"density-grid","grid_size_degrees":2,"point_count":2,"intensity":0.004545,"networks":{"ipv4":2},"statuses":{"Unknown":2},"countries":{"US":2},"sanctioned_nodes":0,"policy_restricted_nodes":0,"threat_infrastructure_nodes":0,"stroke":"#c0d674","fill":"#c0d674","opacity":0.08,"marker_ring":false}},{"type":"Feature","id":"node-density-grid-2:36:-94","geometry":{"type":"Polygon","coordinates":[[[-94,36],[-92,36],[-92,38],[-94,38],[-94,36]]]},"properties":{"name":"2° Density Cell 36,-94","kind":"density-grid","grid_size_degrees":2,"point_count":2,"intensity":0.004545,"networks":{"ipv4":2},"statuses":{"duplicate-location":2},"countries":{"US":2},"sanctioned_nodes":0,"policy_restricted_nodes":0,"threat_infrastructure_nodes":0,"stroke":"#c0d674","fill":"#c0d674","opacity":0.08,"marker_ring":false}},{"type":"Feature","id":"node-density-grid-2:36:-86","geometry":{"type":"Polygon","coordinates":[[[-86,36],[-84,36],[-84,38],[-86,38],[-86,36]]]},"properties":{"name":"2° Density Cell 36,-86","kind":"density-grid","grid_size_degrees":2,"point_count":2,"intensity":0.004545,"networks":{"ipv4":2},"statuses":{"Unknown":2},"countries":{"US":2},"sanctioned_nodes":0,"policy_restricted_nodes":0,"threat_infrastructure_nodes":0,"stroke":"#c0d674","fill":"#c0d674","opacity":0.08,"marker_ring":false}},{"type":"Feature","id":"node-density-grid-2:36:-8","geometry":{"type":"Polygon","coordinates":[[[-8,36],[-6,36],[-6,38],[-8,38],[-8,36]]]},"properties":{"name":"2° Density Cell 36,-8","kind":"density-grid","grid_size_degrees":2,"point_count":2,"intensity":0.004545,"networks":{"ipv4":2},"statuses":{"Unknown":2},"countries":{"ES":2},"sanctioned_nodes":0,"policy_restricted_nodes":0,"threat_infrastructure_nodes":0,"stroke":"#c0d674","fill":"#c0d674","opacity":0.08,"marker_ring":false}},{"type":"Feature","id":"node-density-grid-2:36:22","geometry":{"type":"Polygon","coordinates":[[[22,36],[24,36],[24,38],[22,38],[22,36]]]},"properties":{"name":"2° Density Cell 36,22","kind":"density-grid","grid_size_degrees":2,"point_count":2,"intensity":0.004545,"networks":{"ipv4":2},"statuses":{"Unknown":2},"countries":{"GR":2},"sanctioned_nodes":0,"policy_restricted_nodes":0,"threat_infrastructure_nodes":0,"stroke":"#c0d674","fill":"#c0d674","opacity":0.08,"marker_ring":false}},{"type":"Feature","id":"node-density-grid-2:38:-98","geometry":{"type":"Polygon","coordinates":[[[-98,38],[-96,38],[-96,40],[-98,40],[-98,38]]]},"properties":{"name":"2° Density Cell 38,-98","kind":"density-grid","grid_size_degrees":2,"point_count":2,"intensity":0.004545,"networks":{"ipv4":2},"statuses":{"Unknown":2},"countries":{"US":2},"sanctioned_nodes":0,"policy_restricted_nodes":0,"threat_infrastructure_nodes":0,"stroke":"#c0d674","fill":"#c0d674","opacity":0.08,"marker_ring":false}},{"type":"Feature","id":"node-density-grid-2:38:-90","geometry":{"type":"Polygon","coordinates":[[[-90,38],[-88,38],[-88,40],[-90,40],[-90,38]]]},"properties":{"name":"2° Density Cell 38,-90","kind":"density-grid","grid_size_degrees":2,"point_count":2,"intensity":0.004545,"networks":{"ipv4":2},"statuses":{"Unknown":2},"countries":{"US":2},"sanctioned_nodes":0,"policy_restricted_nodes":0,"threat_infrastructure_nodes":0,"stroke":"#c0d674","fill":"#c0d674","opacity":0.08,"marker_ring":false}},{"type":"Feature","id":"node-density-grid-2:40:-114","geometry":{"type":"Polygon","coordinates":[[[-114,40],[-112,40],[-112,42],[-114,42],[-114,40]]]},"properties":{"name":"2° Density Cell 40,-114","kind":"density-grid","grid_size_degrees":2,"point_count":2,"intensity":0.004545,"networks":{"ipv4":2},"statuses":{"Unknown":2},"countries":{"US":2},"sanctioned_nodes":0,"policy_restricted_nodes":0,"threat_infrastructure_nodes":0,"stroke":"#c0d674","fill":"#c0d674","opacity":0.08,"marker_ring":false}},{"type":"Feature","id":"node-density-grid-2:40:-72","geometry":{"type":"Polygon","coordinates":[[[-72,40],[-70,40],[-70,42],[-72,42],[-72,40]]]},"properties":{"name":"2° Density Cell 40,-72","kind":"density-grid","grid_size_degrees":2,"point_count":2,"intensity":0.004545,"networks":{"ipv4":2},"statuses":{"Unknown":2},"countries":{"US":2},"sanctioned_nodes":0,"policy_restricted_nodes":0,"threat_infrastructure_nodes":0,"stroke":"#c0d674","fill":"#c0d674","opacity":0.08,"marker_ring":false}},{"type":"Feature","id":"node-density-grid-2:42:-94","geometry":{"type":"Polygon","coordinates":[[[-94,42],[-92,42],[-92,44],[-94,44],[-94,42]]]},"properties":{"name":"2° Density Cell 42,-94","kind":"density-grid","grid_size_degrees":2,"point_count":2,"intensity":0.004545,"networks":{"ipv4":2},"statuses":{"Unknown":2},"countries":{"US":2},"sanctioned_nodes":0,"policy_restricted_nodes":0,"threat_infrastructure_nodes":0,"stroke":"#c0d674","fill":"#c0d674","opacity":0.08,"marker_ring":false}},{"type":"Feature","id":"node-density-grid-2:42:-76","geometry":{"type":"Polygon","coordinates":[[[-76,42],[-74,42],[-74,44],[-76,44],[-76,42]]]},"properties":{"name":"2° Density Cell 42,-76","kind":"density-grid","grid_size_degrees":2,"point_count":2,"intensity":0.004545,"networks":{"ipv4":2},"statuses":{"Unknown":2},"countries":{"US":2},"sanctioned_nodes":0,"policy_restricted_nodes":0,"threat_infrastructure_nodes":0,"stroke":"#c0d674","fill":"#c0d674","opacity":0.08,"marker_ring":false}},{"type":"Feature","id":"node-density-grid-2:42:76","geometry":{"type":"Polygon","coordinates":[[[76,42],[78,42],[78,44],[76,44],[76,42]]]},"properties":{"name":"2° Density Cell 42,76","kind":"density-grid","grid_size_degrees":2,"point_count":2,"intensity":0.004545,"networks":{"ipv4":2},"statuses":{"Unknown":2},"countries":{"KZ":2},"sanctioned_nodes":0,"policy_restricted_nodes":0,"threat_infrastructure_nodes":0,"stroke":"#c0d674","fill":"#c0d674","opacity":0.08,"marker_ring":false}},{"type":"Feature","id":"node-density-grid-2:44:-90","geometry":{"type":"Polygon","coordinates":[[[-90,44],[-88,44],[-88,46],[-90,46],[-90,44]]]},"properties":{"name":"2° Density Cell 44,-90","kind":"density-grid","grid_size_degrees":2,"point_count":2,"intensity":0.004545,"networks":{"ipv4":2},"statuses":{"Unknown":2},"countries":{"US":2},"sanctioned_nodes":0,"policy_restricted_nodes":0,"threat_infrastructure_nodes":0,"stroke":"#c0d674","fill":"#c0d674","opacity":0.08,"marker_ring":false}},{"type":"Feature","id":"node-density-grid-2:44:-80","geometry":{"type":"Polygon","coordinates":[[[-80,44],[-78,44],[-78,46],[-80,46],[-80,44]]]},"properties":{"name":"2° Density Cell 44,-80","kind":"density-grid","grid_size_degrees":2,"point_count":2,"intensity":0.004545,"networks":{"ipv4":2},"statuses":{"Unknown":2},"countries":{"CA":2},"sanctioned_nodes":0,"policy_restricted_nodes":0,"threat_infrastructure_nodes":0,"stroke":"#c0d674","fill":"#c0d674","opacity":0.08,"marker_ring":false}},{"type":"Feature","id":"node-density-grid-2:44:-66","geometry":{"type":"Polygon","coordinates":[[[-66,44],[-64,44],[-64,46],[-66,46],[-66,44]]]},"properties":{"name":"2° Density Cell 44,-66","kind":"density-grid","grid_size_degrees":2,"point_count":2,"intensity":0.004545,"networks":{"ipv4":2},"statuses":{"Unknown":2},"countries":{"CA":2},"sanctioned_nodes":0,"policy_restricted_nodes":0,"threat_infrastructure_nodes":0,"stroke":"#c0d674","fill":"#c0d674","opacity":0.08,"marker_ring":false}},{"type":"Feature","id":"node-density-grid-2:44:-64","geometry":{"type":"Polygon","coordinates":[[[-64,44],[-62,44],[-62,46],[-64,46],[-64,44]]]},"properties":{"name":"2° Density Cell 44,-64","kind":"density-grid","grid_size_degrees":2,"point_count":2,"intensity":0.004545,"networks":{"ipv4":2},"statuses":{"Unknown":2},"countries":{"CA":2},"sanctioned_nodes":0,"policy_restricted_nodes":0,"threat_infrastructure_nodes":0,"stroke":"#c0d674","fill":"#c0d674","opacity":0.08,"marker_ring":false}},{"type":"Feature","id":"node-density-grid-2:44:6","geometry":{"type":"Polygon","coordinates":[[[6,44],[8,44],[8,46],[6,46],[6,44]]]},"properties":{"name":"2° Density Cell 44,6","kind":"density-grid","grid_size_degrees":2,"point_count":2,"intensity":0.004545,"networks":{"ipv4":2},"statuses":{"Unknown":2},"countries":{"IT":2},"sanctioned_nodes":0,"policy_restricted_nodes":0,"threat_infrastructure_nodes":0,"stroke":"#c0d674","fill":"#c0d674","opacity":0.08,"marker_ring":false}},{"type":"Feature","id":"node-density-grid-2:44:10","geometry":{"type":"Polygon","coordinates":[[[10,44],[12,44],[12,46],[10,46],[10,44]]]},"properties":{"name":"2° Density Cell 44,10","kind":"density-grid","grid_size_degrees":2,"point_count":2,"intensity":0.004545,"networks":{"ipv4":2},"statuses":{"Unknown":2},"countries":{"IT":2},"sanctioned_nodes":0,"policy_restricted_nodes":0,"threat_infrastructure_nodes":0,"stroke":"#c0d674","fill":"#c0d674","opacity":0.08,"marker_ring":false}},{"type":"Feature","id":"node-density-grid-2:44:12","geometry":{"type":"Polygon","coordinates":[[[12,44],[14,44],[14,46],[12,46],[12,44]]]},"properties":{"name":"2° Density Cell 44,12","kind":"density-grid","grid_size_degrees":2,"point_count":2,"intensity":0.004545,"networks":{"ipv4":2},"statuses":{"Unknown":2},"countries":{"IT":2},"sanctioned_nodes":0,"policy_restricted_nodes":0,"threat_infrastructure_nodes":0,"stroke":"#c0d674","fill":"#c0d674","opacity":0.08,"marker_ring":false}},{"type":"Feature","id":"node-density-grid-2:44:14","geometry":{"type":"Polygon","coordinates":[[[14,44],[16,44],[16,46],[14,46],[14,44]]]},"properties":{"name":"2° Density Cell 44,14","kind":"density-grid","grid_size_degrees":2,"point_count":2,"intensity":0.004545,"networks":{"ipv4":2},"statuses":{"Unknown":2},"countries":{"HR":2},"sanctioned_nodes":0,"policy_restricted_nodes":0,"threat_infrastructure_nodes":0,"stroke":"#c0d674","fill":"#c0d674","opacity":0.08,"marker_ring":false}},{"type":"Feature","id":"node-density-grid-2:44:32","geometry":{"type":"Polygon","coordinates":[[[32,44],[34,44],[34,46],[32,46],[32,44]]]},"properties":{"name":"2° Density Cell 44,32","kind":"density-grid","grid_size_degrees":2,"point_count":2,"intensity":0.004545,"networks":{"ipv4":2},"statuses":{"Unknown":2},"countries":{"RU":1,"UA":1},"sanctioned_nodes":0,"policy_restricted_nodes":0,"threat_infrastructure_nodes":0,"stroke":"#c0d674","fill":"#c0d674","opacity":0.08,"marker_ring":false}},{"type":"Feature","id":"node-density-grid-2:46:-66","geometry":{"type":"Polygon","coordinates":[[[-66,46],[-64,46],[-64,48],[-66,48],[-66,46]]]},"properties":{"name":"2° Density Cell 46,-66","kind":"density-grid","grid_size_degrees":2,"point_count":2,"intensity":0.004545,"networks":{"ipv4":2},"statuses":{"Unknown":2},"countries":{"CA":2},"sanctioned_nodes":0,"policy_restricted_nodes":0,"threat_infrastructure_nodes":0,"stroke":"#c0d674","fill":"#c0d674","opacity":0.08,"marker_ring":false}},{"type":"Feature","id":"node-density-grid-2:46:22","geometry":{"type":"Polygon","coordinates":[[[22,46],[24,46],[24,48],[22,48],[22,46]]]},"properties":{"name":"2° Density Cell 46,22","kind":"density-grid","grid_size_degrees":2,"point_count":2,"intensity":0.004545,"networks":{"ipv4":2},"statuses":{"Unknown":2},"countries":{"RO":2},"sanctioned_nodes":0,"policy_restricted_nodes":0,"threat_infrastructure_nodes":0,"stroke":"#c0d674","fill":"#c0d674","opacity":0.08,"marker_ring":false}},{"type":"Feature","id":"node-density-grid-2:46:30","geometry":{"type":"Polygon","coordinates":[[[30,46],[32,46],[32,48],[30,48],[30,46]]]},"properties":{"name":"2° Density Cell 46,30","kind":"density-grid","grid_size_degrees":2,"point_count":2,"intensity":0.004545,"networks":{"ipv4":2},"statuses":{"Unknown":2},"countries":{"UA":2},"sanctioned_nodes":0,"policy_restricted_nodes":0,"threat_infrastructure_nodes":0,"stroke":"#c0d674","fill":"#c0d674","opacity":0.08,"marker_ring":false}},{"type":"Feature","id":"node-density-grid-2:48:-120","geometry":{"type":"Polygon","coordinates":[[[-120,48],[-118,48],[-118,50],[-120,50],[-120,48]]]},"properties":{"name":"2° Density Cell 48,-120","kind":"density-grid","grid_size_degrees":2,"point_count":2,"intensity":0.004545,"networks":{"ipv4":2},"statuses":{"Unknown":2},"countries":{"CA":2},"sanctioned_nodes":0,"policy_restricted_nodes":0,"threat_infrastructure_nodes":0,"stroke":"#c0d674","fill":"#c0d674","opacity":0.08,"marker_ring":false}},{"type":"Feature","id":"node-density-grid-2:48:-6","geometry":{"type":"Polygon","coordinates":[[[-6,48],[-4,48],[-4,50],[-6,50],[-6,48]]]},"properties":{"name":"2° Density Cell 48,-6","kind":"density-grid","grid_size_degrees":2,"point_count":2,"intensity":0.004545,"networks":{"ipv4":2},"statuses":{"duplicate-location":2},"countries":{"FR":2},"sanctioned_nodes":0,"policy_restricted_nodes":0,"threat_infrastructure_nodes":0,"stroke":"#c0d674","fill":"#c0d674","opacity":0.08,"marker_ring":false}},{"type":"Feature","id":"node-density-grid-2:48:-2","geometry":{"type":"Polygon","coordinates":[[[-2,48],[0,48],[0,50],[-2,50],[-2,48]]]},"properties":{"name":"2° Density Cell 48,-2","kind":"density-grid","grid_size_degrees":2,"point_count":2,"intensity":0.004545,"networks":{"ipv4":2},"statuses":{"Unknown":2},"countries":{"FR":2},"sanctioned_nodes":0,"policy_restricted_nodes":0,"threat_infrastructure_nodes":0,"stroke":"#c0d674","fill":"#c0d674","opacity":0.08,"marker_ring":false}},{"type":"Feature","id":"node-density-grid-2:48:34","geometry":{"type":"Polygon","coordinates":[[[34,48],[36,48],[36,50],[34,50],[34,48]]]},"properties":{"name":"2° Density Cell 48,34","kind":"density-grid","grid_size_degrees":2,"point_count":2,"intensity":0.004545,"networks":{"ipv4":2},"statuses":{"Unknown":2},"countries":{"UA":2},"sanctioned_nodes":0,"policy_restricted_nodes":0,"threat_infrastructure_nodes":0,"stroke":"#c0d674","fill":"#c0d674","opacity":0.08,"marker_ring":false}},{"type":"Feature","id":"node-density-grid-2:50:-114","geometry":{"type":"Polygon","coordinates":[[[-114,50],[-112,50],[-112,52],[-114,52],[-114,50]]]},"properties":{"name":"2° Density Cell 50,-114","kind":"density-grid","grid_size_degrees":2,"point_count":2,"intensity":0.004545,"networks":{"ipv4":2},"statuses":{"Unknown":2},"countries":{"CA":2},"sanctioned_nodes":0,"policy_restricted_nodes":0,"threat_infrastructure_nodes":0,"stroke":"#c0d674","fill":"#c0d674","opacity":0.08,"marker_ring":false}},{"type":"Feature","id":"node-density-grid-2:50:18","geometry":{"type":"Polygon","coordinates":[[[18,50],[20,50],[20,52],[18,52],[18,50]]]},"properties":{"name":"2° Density Cell 50,18","kind":"density-grid","grid_size_degrees":2,"point_count":2,"intensity":0.004545,"networks":{"ipv4":2},"statuses":{"Unknown":2},"countries":{"PL":2},"sanctioned_nodes":0,"policy_restricted_nodes":0,"threat_infrastructure_nodes":0,"stroke":"#c0d674","fill":"#c0d674","opacity":0.08,"marker_ring":false}},{"type":"Feature","id":"node-density-grid-2:52:-10","geometry":{"type":"Polygon","coordinates":[[[-10,52],[-8,52],[-8,54],[-10,54],[-10,52]]]},"properties":{"name":"2° Density Cell 52,-10","kind":"density-grid","grid_size_degrees":2,"point_count":2,"intensity":0.004545,"networks":{"ipv4":2},"statuses":{"Unknown":2},"countries":{"IE":2},"sanctioned_nodes":0,"policy_restricted_nodes":0,"threat_infrastructure_nodes":0,"stroke":"#c0d674","fill":"#c0d674","opacity":0.08,"marker_ring":false}},{"type":"Feature","id":"node-density-grid-2:52:16","geometry":{"type":"Polygon","coordinates":[[[16,52],[18,52],[18,54],[16,54],[16,52]]]},"properties":{"name":"2° Density Cell 52,16","kind":"density-grid","grid_size_degrees":2,"point_count":2,"intensity":0.004545,"networks":{"ipv4":2},"statuses":{"Unknown":2},"countries":{"PL":2},"sanctioned_nodes":0,"policy_restricted_nodes":0,"threat_infrastructure_nodes":0,"stroke":"#c0d674","fill":"#c0d674","opacity":0.08,"marker_ring":false}},{"type":"Feature","id":"node-density-grid-2:52:30","geometry":{"type":"Polygon","coordinates":[[[30,52],[32,52],[32,54],[30,54],[30,52]]]},"properties":{"name":"2° Density Cell 52,30","kind":"density-grid","grid_size_degrees":2,"point_count":2,"intensity":0.004545,"networks":{"ipv4":2},"statuses":{"duplicate-location":2},"countries":{"BY":2},"sanctioned_nodes":0,"policy_restricted_nodes":0,"threat_infrastructure_nodes":0,"stroke":"#c0d674","fill":"#c0d674","opacity":0.08,"marker_ring":false}},{"type":"Feature","id":"node-density-grid-2:54:-132","geometry":{"type":"Polygon","coordinates":[[[-132,54],[-130,54],[-130,56],[-132,56],[-132,54]]]},"properties":{"name":"2° Density Cell 54,-132","kind":"density-grid","grid_size_degrees":2,"point_count":2,"intensity":0.004545,"networks":{"ipv4":2},"statuses":{"duplicate-location":2},"countries":{"US":2},"sanctioned_nodes":0,"policy_restricted_nodes":0,"threat_infrastructure_nodes":0,"stroke":"#c0d674","fill":"#c0d674","opacity":0.08,"marker_ring":false}},{"type":"Feature","id":"node-density-grid-2:54:48","geometry":{"type":"Polygon","coordinates":[[[48,54],[50,54],[50,56],[48,56],[48,54]]]},"properties":{"name":"2° Density Cell 54,48","kind":"density-grid","grid_size_degrees":2,"point_count":2,"intensity":0.004545,"networks":{"ipv4":2},"statuses":{"duplicate-location":2},"countries":{"RU":2},"sanctioned_nodes":0,"policy_restricted_nodes":0,"threat_infrastructure_nodes":0,"stroke":"#c0d674","fill":"#c0d674","opacity":0.08,"marker_ring":false}},{"type":"Feature","id":"node-density-grid-2:54:72","geometry":{"type":"Polygon","coordinates":[[[72,54],[74,54],[74,56],[72,56],[72,54]]]},"properties":{"name":"2° Density Cell 54,72","kind":"density-grid","grid_size_degrees":2,"point_count":2,"intensity":0.004545,"networks":{"ipv4":2},"statuses":{"Unknown":2},"countries":{"RU":2},"sanctioned_nodes":0,"policy_restricted_nodes":0,"threat_infrastructure_nodes":0,"stroke":"#c0d674","fill":"#c0d674","opacity":0.08,"marker_ring":false}},{"type":"Feature","id":"node-density-grid-2:56:56","geometry":{"type":"Polygon","coordinates":[[[56,56],[58,56],[58,58],[56,58],[56,56]]]},"properties":{"name":"2° Density Cell 56,56","kind":"density-grid","grid_size_degrees":2,"point_count":2,"intensity":0.004545,"networks":{"ipv4":2},"statuses":{"Unknown":2},"countries":{"RU":2},"sanctioned_nodes":0,"policy_restricted_nodes":0,"threat_infrastructure_nodes":0,"stroke":"#c0d674","fill":"#c0d674","opacity":0.08,"marker_ring":false}},{"type":"Feature","id":"node-density-grid-2:58:-152","geometry":{"type":"Polygon","coordinates":[[[-152,58],[-150,58],[-150,60],[-152,60],[-152,58]]]},"properties":{"name":"2° Density Cell 58,-152","kind":"density-grid","grid_size_degrees":2,"point_count":2,"intensity":0.004545,"networks":{"ipv4":2},"statuses":{"duplicate-location":2},"countries":{"US":2},"sanctioned_nodes":0,"policy_restricted_nodes":0,"threat_infrastructure_nodes":0,"stroke":"#c0d674","fill":"#c0d674","opacity":0.08,"marker_ring":false}},{"type":"Feature","id":"node-density-grid-2:60:-150","geometry":{"type":"Polygon","coordinates":[[[-150,60],[-148,60],[-148,62],[-150,62],[-150,60]]]},"properties":{"name":"2° Density Cell 60,-150","kind":"density-grid","grid_size_degrees":2,"point_count":2,"intensity":0.004545,"networks":{"ipv4":2},"statuses":{"Unknown":2},"countries":{"US":2},"sanctioned_nodes":0,"policy_restricted_nodes":0,"threat_infrastructure_nodes":0,"stroke":"#c0d674","fill":"#c0d674","opacity":0.08,"marker_ring":false}},{"type":"Feature","id":"node-density-grid-2:62:8","geometry":{"type":"Polygon","coordinates":[[[8,62],[10,62],[10,64],[8,64],[8,62]]]},"properties":{"name":"2° Density Cell 62,8","kind":"density-grid","grid_size_degrees":2,"point_count":2,"intensity":0.004545,"networks":{"ipv4":2},"statuses":{"Unknown":2},"countries":{"NO":2},"sanctioned_nodes":0,"policy_restricted_nodes":0,"threat_infrastructure_nodes":0,"stroke":"#c0d674","fill":"#c0d674","opacity":0.08,"marker_ring":false}},{"type":"Feature","id":"node-density-grid-2:64:-22","geometry":{"type":"Polygon","coordinates":[[[-22,64],[-20,64],[-20,66],[-22,66],[-22,64]]]},"properties":{"name":"2° Density Cell 64,-22","kind":"density-grid","grid_size_degrees":2,"point_count":2,"intensity":0.004545,"networks":{"ipv4":2},"statuses":{"Unknown":2},"countries":{"IS":2},"sanctioned_nodes":0,"policy_restricted_nodes":0,"threat_infrastructure_nodes":0,"stroke":"#c0d674","fill":"#c0d674","opacity":0.08,"marker_ring":false}},{"type":"Feature","id":"node-density-grid-2:-46:-68","geometry":{"type":"Polygon","coordinates":[[[-68,-46],[-66,-46],[-66,-44],[-68,-44],[-68,-46]]]},"properties":{"name":"2° Density Cell -46,-68","kind":"density-grid","grid_size_degrees":2,"point_count":1,"intensity":0.002273,"networks":{"ipv4":1},"statuses":{"Unknown":1},"countries":{"AR":1},"sanctioned_nodes":0,"policy_restricted_nodes":0,"threat_infrastructure_nodes":0,"stroke":"#c0d674","fill":"#c0d674","opacity":0.08,"marker_ring":false}},{"type":"Feature","id":"node-density-grid-2:-46:170","geometry":{"type":"Polygon","coordinates":[[[170,-46],[172,-46],[172,-44],[170,-44],[170,-46]]]},"properties":{"name":"2° Density Cell -46,170","kind":"density-grid","grid_size_degrees":2,"point_count":1,"intensity":0.002273,"networks":{"ipv4":1},"statuses":{"Unknown":1},"countries":{"NZ":1},"sanctioned_nodes":0,"policy_restricted_nodes":0,"threat_infrastructure_nodes":0,"stroke":"#c0d674","fill":"#c0d674","opacity":0.08,"marker_ring":false}},{"type":"Feature","id":"node-density-grid-2:-44:146","geometry":{"type":"Polygon","coordinates":[[[146,-44],[148,-44],[148,-42],[146,-42],[146,-44]]]},"properties":{"name":"2° Density Cell -44,146","kind":"density-grid","grid_size_degrees":2,"point_count":1,"intensity":0.002273,"networks":{"ipv4":1},"statuses":{"Unknown":1},"countries":{"AU":1},"sanctioned_nodes":0,"policy_restricted_nodes":0,"threat_infrastructure_nodes":0,"stroke":"#c0d674","fill":"#c0d674","opacity":0.08,"marker_ring":false}},{"type":"Feature","id":"node-density-grid-2:-44:172","geometry":{"type":"Polygon","coordinates":[[[172,-44],[174,-44],[174,-42],[172,-42],[172,-44]]]},"properties":{"name":"2° Density Cell -44,172","kind":"density-grid","grid_size_degrees":2,"point_count":1,"intensity":0.002273,"networks":{"ipv4":1},"statuses":{"Unknown":1},"countries":{"NZ":1},"sanctioned_nodes":0,"policy_restricted_nodes":0,"threat_infrastructure_nodes":0,"stroke":"#c0d674","fill":"#c0d674","opacity":0.08,"marker_ring":false}},{"type":"Feature","id":"node-density-grid-2:-42:-72","geometry":{"type":"Polygon","coordinates":[[[-72,-42],[-70,-42],[-70,-40],[-72,-40],[-72,-42]]]},"properties":{"name":"2° Density Cell -42,-72","kind":"density-grid","grid_size_degrees":2,"point_count":1,"intensity":0.002273,"networks":{"ipv4":1},"statuses":{"Unknown":1},"countries":{"AR":1},"sanctioned_nodes":0,"policy_restricted_nodes":0,"threat_infrastructure_nodes":0,"stroke":"#c0d674","fill":"#c0d674","opacity":0.08,"marker_ring":false}},{"type":"Feature","id":"node-density-grid-2:-42:172","geometry":{"type":"Polygon","coordinates":[[[172,-42],[174,-42],[174,-40],[172,-40],[172,-42]]]},"properties":{"name":"2° Density Cell -42,172","kind":"density-grid","grid_size_degrees":2,"point_count":1,"intensity":0.002273,"networks":{"ipv4":1},"statuses":{"Unknown":1},"countries":{"NZ":1},"sanctioned_nodes":0,"policy_restricted_nodes":0,"threat_infrastructure_nodes":0,"stroke":"#c0d674","fill":"#c0d674","opacity":0.08,"marker_ring":false}},{"type":"Feature","id":"node-density-grid-2:-42:174","geometry":{"type":"Polygon","coordinates":[[[174,-42],[176,-42],[176,-40],[174,-40],[174,-42]]]},"properties":{"name":"2° Density Cell -42,174","kind":"density-grid","grid_size_degrees":2,"point_count":1,"intensity":0.002273,"networks":{"ipv4":1},"statuses":{"Unknown":1},"countries":{"NZ":1},"sanctioned_nodes":0,"policy_restricted_nodes":0,"threat_infrastructure_nodes":0,"stroke":"#c0d674","fill":"#c0d674","opacity":0.08,"marker_ring":false}},{"type":"Feature","id":"node-density-grid-2:-40:146","geometry":{"type":"Polygon","coordinates":[[[146,-40],[148,-40],[148,-38],[146,-38],[146,-40]]]},"properties":{"name":"2° Density Cell -40,146","kind":"density-grid","grid_size_degrees":2,"point_count":1,"intensity":0.002273,"networks":{"ipv4":1},"statuses":{"Unknown":1},"countries":{"AU":1},"sanctioned_nodes":0,"policy_restricted_nodes":0,"threat_infrastructure_nodes":0,"stroke":"#c0d674","fill":"#c0d674","opacity":0.08,"marker_ring":false}},{"type":"Feature","id":"node-density-grid-2:-40:176","geometry":{"type":"Polygon","coordinates":[[[176,-40],[178,-40],[178,-38],[176,-38],[176,-40]]]},"properties":{"name":"2° Density Cell -40,176","kind":"density-grid","grid_size_degrees":2,"point_count":1,"intensity":0.002273,"networks":{"ipv4":1},"statuses":{"Unknown":1},"countries":{"NZ":1},"sanctioned_nodes":0,"policy_restricted_nodes":0,"threat_infrastructure_nodes":0,"stroke":"#c0d674","fill":"#c0d674","opacity":0.08,"marker_ring":false}},{"type":"Feature","id":"node-density-grid-2:-38:-58","geometry":{"type":"Polygon","coordinates":[[[-58,-38],[-56,-38],[-56,-36],[-58,-36],[-58,-38]]]},"properties":{"name":"2° Density Cell -38,-58","kind":"density-grid","grid_size_degrees":2,"point_count":1,"intensity":0.002273,"networks":{"ipv4":1},"statuses":{"Unknown":1},"countries":{"AR":1},"sanctioned_nodes":0,"policy_restricted_nodes":0,"threat_infrastructure_nodes":0,"stroke":"#c0d674","fill":"#c0d674","opacity":0.08,"marker_ring":false}},{"type":"Feature","id":"node-density-grid-2:-38:140","geometry":{"type":"Polygon","coordinates":[[[140,-38],[142,-38],[142,-36],[140,-36],[140,-38]]]},"properties":{"name":"2° Density Cell -38,140","kind":"density-grid","grid_size_degrees":2,"point_count":1,"intensity":0.002273,"networks":{"ipv4":1},"statuses":{"Unknown":1},"countries":{"AU":1},"sanctioned_nodes":0,"policy_restricted_nodes":0,"threat_infrastructure_nodes":0,"stroke":"#c0d674","fill":"#c0d674","opacity":0.08,"marker_ring":false}},{"type":"Feature","id":"node-density-grid-2:-38:142","geometry":{"type":"Polygon","coordinates":[[[142,-38],[144,-38],[144,-36],[142,-36],[142,-38]]]},"properties":{"name":"2° Density Cell -38,142","kind":"density-grid","grid_size_degrees":2,"point_count":1,"intensity":0.002273,"networks":{"ipv4":1},"statuses":{"Unknown":1},"countries":{"AU":1},"sanctioned_nodes":0,"policy_restricted_nodes":0,"threat_infrastructure_nodes":0,"stroke":"#c0d674","fill":"#c0d674","opacity":0.08,"marker_ring":false}},{"type":"Feature","id":"node-density-grid-2:-36:-56","geometry":{"type":"Polygon","coordinates":[[[-56,-36],[-54,-36],[-54,-34],[-56,-34],[-56,-36]]]},"properties":{"name":"2° Density Cell -36,-56","kind":"density-grid","grid_size_degrees":2,"point_count":1,"intensity":0.002273,"networks":{"ipv4":1},"statuses":{"Unknown":1},"countries":{"UY":1},"sanctioned_nodes":0,"policy_restricted_nodes":0,"threat_infrastructure_nodes":0,"stroke":"#c0d674","fill":"#c0d674","opacity":0.08,"marker_ring":false}},{"type":"Feature","id":"node-density-grid-2:-36:18","geometry":{"type":"Polygon","coordinates":[[[18,-36],[20,-36],[20,-34],[18,-34],[18,-36]]]},"properties":{"name":"2° Density Cell -36,18","kind":"density-grid","grid_size_degrees":2,"point_count":1,"intensity":0.002273,"networks":{"ipv4":1},"statuses":{"Unknown":1},"countries":{"ZA":1},"sanctioned_nodes":0,"policy_restricted_nodes":0,"threat_infrastructure_nodes":0,"stroke":"#c0d674","fill":"#c0d674","opacity":0.08,"marker_ring":false}},{"type":"Feature","id":"node-density-grid-2:-36:150","geometry":{"type":"Polygon","coordinates":[[[150,-36],[152,-36],[152,-34],[150,-34],[150,-36]]]},"properties":{"name":"2° Density Cell -36,150","kind":"density-grid","grid_size_degrees":2,"point_count":1,"intensity":0.002273,"networks":{"ipv4":1},"statuses":{"Unknown":1},"countries":{"AU":1},"sanctioned_nodes":0,"policy_restricted_nodes":0,"threat_infrastructure_nodes":0,"stroke":"#c0d674","fill":"#c0d674","opacity":0.08,"marker_ring":false}},{"type":"Feature","id":"node-density-grid-2:-32:-62","geometry":{"type":"Polygon","coordinates":[[[-62,-32],[-60,-32],[-60,-30],[-62,-30],[-62,-32]]]},"properties":{"name":"2° Density Cell -32,-62","kind":"density-grid","grid_size_degrees":2,"point_count":1,"intensity":0.002273,"networks":{"ipv4":1},"statuses":{"Unknown":1},"countries":{"AR":1},"sanctioned_nodes":0,"policy_restricted_nodes":0,"threat_infrastructure_nodes":0,"stroke":"#c0d674","fill":"#c0d674","opacity":0.08,"marker_ring":false}},{"type":"Feature","id":"node-density-grid-2:-32:116","geometry":{"type":"Polygon","coordinates":[[[116,-32],[118,-32],[118,-30],[116,-30],[116,-32]]]},"properties":{"name":"2° Density Cell -32,116","kind":"density-grid","grid_size_degrees":2,"point_count":1,"intensity":0.002273,"networks":{"ipv4":1},"statuses":{"Unknown":1},"countries":{"AU":1},"sanctioned_nodes":0,"policy_restricted_nodes":0,"threat_infrastructure_nodes":0,"stroke":"#c0d674","fill":"#c0d674","opacity":0.08,"marker_ring":false}},{"type":"Feature","id":"node-density-grid-2:-30:30","geometry":{"type":"Polygon","coordinates":[[[30,-30],[32,-30],[32,-28],[30,-28],[30,-30]]]},"properties":{"name":"2° Density Cell -30,30","kind":"density-grid","grid_size_degrees":2,"point_count":1,"intensity":0.002273,"networks":{"ipv4":1},"statuses":{"Unknown":1},"countries":{"ZA":1},"sanctioned_nodes":0,"policy_restricted_nodes":0,"threat_infrastructure_nodes":0,"stroke":"#c0d674","fill":"#c0d674","opacity":0.08,"marker_ring":false}},{"type":"Feature","id":"node-density-grid-2:-28:-54","geometry":{"type":"Polygon","coordinates":[[[-54,-28],[-52,-28],[-52,-26],[-54,-26],[-54,-28]]]},"properties":{"name":"2° Density Cell -28,-54","kind":"density-grid","grid_size_degrees":2,"point_count":1,"intensity":0.002273,"networks":{"ipv4":1},"statuses":{"Unknown":1},"countries":{"BR":1},"sanctioned_nodes":0,"policy_restricted_nodes":0,"threat_infrastructure_nodes":0,"stroke":"#c0d674","fill":"#c0d674","opacity":0.08,"marker_ring":false}},{"type":"Feature","id":"node-density-grid-2:-28:26","geometry":{"type":"Polygon","coordinates":[[[26,-28],[28,-28],[28,-26],[26,-26],[26,-28]]]},"properties":{"name":"2° Density Cell -28,26","kind":"density-grid","grid_size_degrees":2,"point_count":1,"intensity":0.002273,"networks":{"ipv4":1},"statuses":{"Unknown":1},"countries":{"ZA":1},"sanctioned_nodes":0,"policy_restricted_nodes":0,"threat_infrastructure_nodes":0,"stroke":"#c0d674","fill":"#c0d674","opacity":0.08,"marker_ring":false}},{"type":"Feature","id":"node-density-grid-2:-28:28","geometry":{"type":"Polygon","coordinates":[[[28,-28],[30,-28],[30,-26],[28,-26],[28,-28]]]},"properties":{"name":"2° Density Cell -28,28","kind":"density-grid","grid_size_degrees":2,"point_count":1,"intensity":0.002273,"networks":{"ipv4":1},"statuses":{"Unknown":1},"countries":{"ZA":1},"sanctioned_nodes":0,"policy_restricted_nodes":0,"threat_infrastructure_nodes":0,"stroke":"#c0d674","fill":"#c0d674","opacity":0.08,"marker_ring":false}},{"type":"Feature","id":"node-density-grid-2:-28:150","geometry":{"type":"Polygon","coordinates":[[[150,-28],[152,-28],[152,-26],[150,-26],[150,-28]]]},"properties":{"name":"2° Density Cell -28,150","kind":"density-grid","grid_size_degrees":2,"point_count":1,"intensity":0.002273,"networks":{"ipv4":1},"statuses":{"Unknown":1},"countries":{"AU":1},"sanctioned_nodes":0,"policy_restricted_nodes":0,"threat_infrastructure_nodes":0,"stroke":"#c0d674","fill":"#c0d674","opacity":0.08,"marker_ring":false}},{"type":"Feature","id":"node-density-grid-2:-26:-54","geometry":{"type":"Polygon","coordinates":[[[-54,-26],[-52,-26],[-52,-24],[-54,-24],[-54,-26]]]},"properties":{"name":"2° Density Cell -26,-54","kind":"density-grid","grid_size_degrees":2,"point_count":1,"intensity":0.002273,"networks":{"ipv4":1},"statuses":{"Unknown":1},"countries":{"BR":1},"sanctioned_nodes":0,"policy_restricted_nodes":0,"threat_infrastructure_nodes":0,"stroke":"#c0d674","fill":"#c0d674","opacity":0.08,"marker_ring":false}},{"type":"Feature","id":"node-density-grid-2:-24:-56","geometry":{"type":"Polygon","coordinates":[[[-56,-24],[-54,-24],[-54,-22],[-56,-22],[-56,-24]]]},"properties":{"name":"2° Density Cell -24,-56","kind":"density-grid","grid_size_degrees":2,"point_count":1,"intensity":0.002273,"networks":{"ipv4":1},"statuses":{"Unknown":1},"countries":{"BR":1},"sanctioned_nodes":0,"policy_restricted_nodes":0,"threat_infrastructure_nodes":0,"stroke":"#c0d674","fill":"#c0d674","opacity":0.08,"marker_ring":false}},{"type":"Feature","id":"node-density-grid-2:-24:-54","geometry":{"type":"Polygon","coordinates":[[[-54,-24],[-52,-24],[-52,-22],[-54,-22],[-54,-24]]]},"properties":{"name":"2° Density Cell -24,-54","kind":"density-grid","grid_size_degrees":2,"point_count":1,"intensity":0.002273,"networks":{"ipv4":1},"statuses":{"Unknown":1},"countries":{"BR":1},"sanctioned_nodes":0,"policy_restricted_nodes":0,"threat_infrastructure_nodes":0,"stroke":"#c0d674","fill":"#c0d674","opacity":0.08,"marker_ring":false}},{"type":"Feature","id":"node-density-grid-2:-24:-44","geometry":{"type":"Polygon","coordinates":[[[-44,-24],[-42,-24],[-42,-22],[-44,-22],[-44,-24]]]},"properties":{"name":"2° Density Cell -24,-44","kind":"density-grid","grid_size_degrees":2,"point_count":1,"intensity":0.002273,"networks":{"ipv4":1},"statuses":{"Unknown":1},"countries":{"BR":1},"sanctioned_nodes":0,"policy_restricted_nodes":0,"threat_infrastructure_nodes":0,"stroke":"#c0d674","fill":"#c0d674","opacity":0.08,"marker_ring":false}},{"type":"Feature","id":"node-density-grid-2:-24:144","geometry":{"type":"Polygon","coordinates":[[[144,-24],[146,-24],[146,-22],[144,-22],[144,-24]]]},"properties":{"name":"2° Density Cell -24,144","kind":"density-grid","grid_size_degrees":2,"point_count":1,"intensity":0.002273,"networks":{"ipv4":1},"statuses":{"Unknown":1},"countries":{"AU":1},"sanctioned_nodes":0,"policy_restricted_nodes":0,"threat_infrastructure_nodes":0,"stroke":"#c0d674","fill":"#c0d674","opacity":0.08,"marker_ring":false}},{"type":"Feature","id":"node-density-grid-2:-22:-52","geometry":{"type":"Polygon","coordinates":[[[-52,-22],[-50,-22],[-50,-20],[-52,-20],[-52,-22]]]},"properties":{"name":"2° Density Cell -22,-52","kind":"density-grid","grid_size_degrees":2,"point_count":1,"intensity":0.002273,"networks":{"ipv4":1},"statuses":{"Unknown":1},"countries":{"BR":1},"sanctioned_nodes":0,"policy_restricted_nodes":0,"threat_infrastructure_nodes":0,"stroke":"#c0d674","fill":"#c0d674","opacity":0.08,"marker_ring":false}},{"type":"Feature","id":"node-density-grid-2:-22:-48","geometry":{"type":"Polygon","coordinates":[[[-48,-22],[-46,-22],[-46,-20],[-48,-20],[-48,-22]]]},"properties":{"name":"2° Density Cell -22,-48","kind":"density-grid","grid_size_degrees":2,"point_count":1,"intensity":0.002273,"networks":{"ipv4":1},"statuses":{"Unknown":1},"countries":{"BR":1},"sanctioned_nodes":0,"policy_restricted_nodes":0,"threat_infrastructure_nodes":0,"stroke":"#c0d674","fill":"#c0d674","opacity":0.08,"marker_ring":false}},{"type":"Feature","id":"node-density-grid-2:-22:-44","geometry":{"type":"Polygon","coordinates":[[[-44,-22],[-42,-22],[-42,-20],[-44,-20],[-44,-22]]]},"properties":{"name":"2° Density Cell -22,-44","kind":"density-grid","grid_size_degrees":2,"point_count":1,"intensity":0.002273,"networks":{"ipv4":1},"statuses":{"Unknown":1},"countries":{"BR":1},"sanctioned_nodes":0,"policy_restricted_nodes":0,"threat_infrastructure_nodes":0,"stroke":"#c0d674","fill":"#c0d674","opacity":0.08,"marker_ring":false}},{"type":"Feature","id":"node-density-grid-2:-22:54","geometry":{"type":"Polygon","coordinates":[[[54,-22],[56,-22],[56,-20],[54,-20],[54,-22]]]},"properties":{"name":"2° Density Cell -22,54","kind":"density-grid","grid_size_degrees":2,"point_count":1,"intensity":0.002273,"networks":{"ipv4":1},"statuses":{"Unknown":1},"countries":{"RE":1},"sanctioned_nodes":0,"policy_restricted_nodes":0,"threat_infrastructure_nodes":0,"stroke":"#c0d674","fill":"#c0d674","opacity":0.08,"marker_ring":false}},{"type":"Feature","id":"node-density-grid-2:-20:-50","geometry":{"type":"Polygon","coordinates":[[[-50,-20],[-48,-20],[-48,-18],[-50,-18],[-50,-20]]]},"properties":{"name":"2° Density Cell -20,-50","kind":"density-grid","grid_size_degrees":2,"point_count":1,"intensity":0.002273,"networks":{"ipv4":1},"statuses":{"Unknown":1},"countries":{"BR":1},"sanctioned_nodes":0,"policy_restricted_nodes":0,"threat_infrastructure_nodes":0,"stroke":"#c0d674","fill":"#c0d674","opacity":0.08,"marker_ring":false}},{"type":"Feature","id":"node-density-grid-2:-20:-42","geometry":{"type":"Polygon","coordinates":[[[-42,-20],[-40,-20],[-40,-18],[-42,-18],[-42,-20]]]},"properties":{"name":"2° Density Cell -20,-42","kind":"density-grid","grid_size_degrees":2,"point_count":1,"intensity":0.002273,"networks":{"ipv4":1},"statuses":{"Unknown":1},"countries":{"BR":1},"sanctioned_nodes":0,"policy_restricted_nodes":0,"threat_infrastructure_nodes":0,"stroke":"#c0d674","fill":"#c0d674","opacity":0.08,"marker_ring":false}},{"type":"Feature","id":"node-density-grid-2:-18:-64","geometry":{"type":"Polygon","coordinates":[[[-64,-18],[-62,-18],[-62,-16],[-64,-16],[-64,-18]]]},"properties":{"name":"2° Density Cell -18,-64","kind":"density-grid","grid_size_degrees":2,"point_count":1,"intensity":0.002273,"networks":{"ipv4":1},"statuses":{"Unknown":1},"countries":{"BO":1},"sanctioned_nodes":0,"policy_restricted_nodes":0,"threat_infrastructure_nodes":0,"stroke":"#c0d674","fill":"#c0d674","opacity":0.08,"marker_ring":false}},{"type":"Feature","id":"node-density-grid-2:-18:-52","geometry":{"type":"Polygon","coordinates":[[[-52,-18],[-50,-18],[-50,-16],[-52,-16],[-52,-18]]]},"properties":{"name":"2° Density Cell -18,-52","kind":"density-grid","grid_size_degrees":2,"point_count":1,"intensity":0.002273,"networks":{"ipv4":1},"statuses":{"Unknown":1},"countries":{"BR":1},"sanctioned_nodes":0,"policy_restricted_nodes":0,"threat_infrastructure_nodes":0,"stroke":"#c0d674","fill":"#c0d674","opacity":0.08,"marker_ring":false}},{"type":"Feature","id":"node-density-grid-2:-18:144","geometry":{"type":"Polygon","coordinates":[[[144,-18],[146,-18],[146,-16],[144,-16],[144,-18]]]},"properties":{"name":"2° Density Cell -18,144","kind":"density-grid","grid_size_degrees":2,"point_count":1,"intensity":0.002273,"networks":{"ipv4":1},"statuses":{"Unknown":1},"countries":{"AU":1},"sanctioned_nodes":0,"policy_restricted_nodes":0,"threat_infrastructure_nodes":0,"stroke":"#c0d674","fill":"#c0d674","opacity":0.08,"marker_ring":false}},{"type":"Feature","id":"node-density-grid-2:-16:-48","geometry":{"type":"Polygon","coordinates":[[[-48,-16],[-46,-16],[-46,-14],[-48,-14],[-48,-16]]]},"properties":{"name":"2° Density Cell -16,-48","kind":"density-grid","grid_size_degrees":2,"point_count":1,"intensity":0.002273,"networks":{"ipv4":1},"statuses":{"Unknown":1},"countries":{"BR":1},"sanctioned_nodes":0,"policy_restricted_nodes":0,"threat_infrastructure_nodes":0,"stroke":"#c0d674","fill":"#c0d674","opacity":0.08,"marker_ring":false}},{"type":"Feature","id":"node-density-grid-2:-14:-78","geometry":{"type":"Polygon","coordinates":[[[-78,-14],[-76,-14],[-76,-12],[-78,-12],[-78,-14]]]},"properties":{"name":"2° Density Cell -14,-78","kind":"density-grid","grid_size_degrees":2,"point_count":1,"intensity":0.002273,"networks":{"ipv4":1},"statuses":{"Unknown":1},"countries":{"PE":1},"sanctioned_nodes":0,"policy_restricted_nodes":0,"threat_infrastructure_nodes":0,"stroke":"#c0d674","fill":"#c0d674","opacity":0.08,"marker_ring":false}},{"type":"Feature","id":"node-density-grid-2:-14:130","geometry":{"type":"Polygon","coordinates":[[[130,-14],[132,-14],[132,-12],[130,-12],[130,-14]]]},"properties":{"name":"2° Density Cell -14,130","kind":"density-grid","grid_size_degrees":2,"point_count":1,"intensity":0.002273,"networks":{"ipv4":1},"statuses":{"Unknown":1},"countries":{"AU":1},"sanctioned_nodes":0,"policy_restricted_nodes":0,"threat_infrastructure_nodes":0,"stroke":"#c0d674","fill":"#c0d674","opacity":0.08,"marker_ring":false}},{"type":"Feature","id":"node-density-grid-2:-10:114","geometry":{"type":"Polygon","coordinates":[[[114,-10],[116,-10],[116,-8],[114,-8],[114,-10]]]},"properties":{"name":"2° Density Cell -10,114","kind":"density-grid","grid_size_degrees":2,"point_count":1,"intensity":0.002273,"networks":{"ipv4":1},"statuses":{"Unknown":1},"countries":{"ID":1},"sanctioned_nodes":0,"policy_restricted_nodes":0,"threat_infrastructure_nodes":0,"stroke":"#c0d674","fill":"#c0d674","opacity":0.08,"marker_ring":false}},{"type":"Feature","id":"node-density-grid-2:-8:108","geometry":{"type":"Polygon","coordinates":[[[108,-8],[110,-8],[110,-6],[108,-6],[108,-8]]]},"properties":{"name":"2° Density Cell -8,108","kind":"density-grid","grid_size_degrees":2,"point_count":1,"intensity":0.002273,"networks":{"ipv4":1},"statuses":{"Unknown":1},"countries":{"ID":1},"sanctioned_nodes":0,"policy_restricted_nodes":0,"threat_infrastructure_nodes":0,"stroke":"#c0d674","fill":"#c0d674","opacity":0.08,"marker_ring":false}},{"type":"Feature","id":"node-density-grid-2:-8:110","geometry":{"type":"Polygon","coordinates":[[[110,-8],[112,-8],[112,-6],[110,-6],[110,-8]]]},"properties":{"name":"2° Density Cell -8,110","kind":"density-grid","grid_size_degrees":2,"point_count":1,"intensity":0.002273,"networks":{"ipv4":1},"statuses":{"Unknown":1},"countries":{"ID":1},"sanctioned_nodes":0,"policy_restricted_nodes":0,"threat_infrastructure_nodes":0,"stroke":"#c0d674","fill":"#c0d674","opacity":0.08,"marker_ring":false}},{"type":"Feature","id":"node-density-grid-2:6:-76","geometry":{"type":"Polygon","coordinates":[[[-76,6],[-74,6],[-74,8],[-76,8],[-76,6]]]},"properties":{"name":"2° Density Cell 6,-76","kind":"density-grid","grid_size_degrees":2,"point_count":1,"intensity":0.002273,"networks":{"ipv4":1},"statuses":{"Unknown":1},"countries":{"CO":1},"sanctioned_nodes":0,"policy_restricted_nodes":0,"threat_infrastructure_nodes":0,"stroke":"#c0d674","fill":"#c0d674","opacity":0.08,"marker_ring":false}},{"type":"Feature","id":"node-density-grid-2:8:-84","geometry":{"type":"Polygon","coordinates":[[[-84,8],[-82,8],[-82,10],[-84,10],[-84,8]]]},"properties":{"name":"2° Density Cell 8,-84","kind":"density-grid","grid_size_degrees":2,"point_count":1,"intensity":0.002273,"networks":{"ipv4":1},"statuses":{"Unknown":1},"countries":{"CR":1},"sanctioned_nodes":0,"policy_restricted_nodes":0,"threat_infrastructure_nodes":0,"stroke":"#c0d674","fill":"#c0d674","opacity":0.08,"marker_ring":false}},{"type":"Feature","id":"node-density-grid-2:8:-80","geometry":{"type":"Polygon","coordinates":[[[-80,8],[-78,8],[-78,10],[-80,10],[-80,8]]]},"properties":{"name":"2° Density Cell 8,-80","kind":"density-grid","grid_size_degrees":2,"point_count":1,"intensity":0.002273,"networks":{"ipv4":1},"statuses":{"Unknown":1},"countries":{"PA":1},"sanctioned_nodes":0,"policy_restricted_nodes":0,"threat_infrastructure_nodes":0,"stroke":"#c0d674","fill":"#c0d674","opacity":0.08,"marker_ring":false}},{"type":"Feature","id":"node-density-grid-2:8:-66","geometry":{"type":"Polygon","coordinates":[[[-66,8],[-64,8],[-64,10],[-66,10],[-66,8]]]},"properties":{"name":"2° Density Cell 8,-66","kind":"density-grid","grid_size_degrees":2,"point_count":1,"intensity":0.002273,"networks":{"ipv4":1},"statuses":{"Unknown":1},"countries":{"VE":1},"sanctioned_nodes":0,"policy_restricted_nodes":0,"threat_infrastructure_nodes":0,"stroke":"#c0d674","fill":"#c0d674","opacity":0.08,"marker_ring":false}},{"type":"Feature","id":"node-density-grid-2:8:98","geometry":{"type":"Polygon","coordinates":[[[98,8],[100,8],[100,10],[98,10],[98,8]]]},"properties":{"name":"2° Density Cell 8,98","kind":"density-grid","grid_size_degrees":2,"point_count":1,"intensity":0.002273,"networks":{"ipv4":1},"statuses":{"Unknown":1},"countries":{"TH":1},"sanctioned_nodes":0,"policy_restricted_nodes":0,"threat_infrastructure_nodes":0,"stroke":"#c0d674","fill":"#c0d674","opacity":0.08,"marker_ring":false}},{"type":"Feature","id":"node-density-grid-2:10:-70","geometry":{"type":"Polygon","coordinates":[[[-70,10],[-68,10],[-68,12],[-70,12],[-70,10]]]},"properties":{"name":"2° Density Cell 10,-70","kind":"density-grid","grid_size_degrees":2,"point_count":1,"intensity":0.002273,"networks":{"ipv4":1},"statuses":{"Unknown":1},"countries":{"VE":1},"sanctioned_nodes":0,"policy_restricted_nodes":0,"threat_infrastructure_nodes":0,"stroke":"#c0d674","fill":"#c0d674","opacity":0.08,"marker_ring":false}},{"type":"Feature","id":"node-density-grid-2:10:-68","geometry":{"type":"Polygon","coordinates":[[[-68,10],[-66,10],[-66,12],[-68,12],[-68,10]]]},"properties":{"name":"2° Density Cell 10,-68","kind":"density-grid","grid_size_degrees":2,"point_count":1,"intensity":0.002273,"networks":{"ipv4":1},"statuses":{"Unknown":1},"countries":{"VE":1},"sanctioned_nodes":0,"policy_restricted_nodes":0,"threat_infrastructure_nodes":0,"stroke":"#c0d674","fill":"#c0d674","opacity":0.08,"marker_ring":false}},{"type":"Feature","id":"node-density-grid-2:12:-70","geometry":{"type":"Polygon","coordinates":[[[-70,12],[-68,12],[-68,14],[-70,14],[-70,12]]]},"properties":{"name":"2° Density Cell 12,-70","kind":"density-grid","grid_size_degrees":2,"point_count":1,"intensity":0.002273,"networks":{"ipv4":1},"statuses":{"Unknown":1},"countries":{"CW":1},"sanctioned_nodes":0,"policy_restricted_nodes":0,"threat_infrastructure_nodes":0,"stroke":"#c0d674","fill":"#c0d674","opacity":0.08,"marker_ring":false}},{"type":"Feature","id":"node-density-grid-2:12:98","geometry":{"type":"Polygon","coordinates":[[[98,12],[100,12],[100,14],[98,14],[98,12]]]},"properties":{"name":"2° Density Cell 12,98","kind":"density-grid","grid_size_degrees":2,"point_count":1,"intensity":0.002273,"networks":{"ipv4":1},"statuses":{"Unknown":1},"countries":{"TH":1},"sanctioned_nodes":0,"policy_restricted_nodes":0,"threat_infrastructure_nodes":0,"stroke":"#c0d674","fill":"#c0d674","opacity":0.08,"marker_ring":false}},{"type":"Feature","id":"node-density-grid-2:14:102","geometry":{"type":"Polygon","coordinates":[[[102,14],[104,14],[104,16],[102,16],[102,14]]]},"properties":{"name":"2° Density Cell 14,102","kind":"density-grid","grid_size_degrees":2,"point_count":1,"intensity":0.002273,"networks":{"ipv4":1},"statuses":{"Unknown":1},"countries":{"TH":1},"sanctioned_nodes":0,"policy_restricted_nodes":0,"threat_infrastructure_nodes":0,"stroke":"#c0d674","fill":"#c0d674","opacity":0.08,"marker_ring":false}},{"type":"Feature","id":"node-density-grid-2:14:104","geometry":{"type":"Polygon","coordinates":[[[104,14],[106,14],[106,16],[104,16],[104,14]]]},"properties":{"name":"2° Density Cell 14,104","kind":"density-grid","grid_size_degrees":2,"point_count":1,"intensity":0.002273,"networks":{"ipv4":1},"statuses":{"Unknown":1},"countries":{"TH":1},"sanctioned_nodes":0,"policy_restricted_nodes":0,"threat_infrastructure_nodes":0,"stroke":"#c0d674","fill":"#c0d674","opacity":0.08,"marker_ring":false}},{"type":"Feature","id":"node-density-grid-2:18:-68","geometry":{"type":"Polygon","coordinates":[[[-68,18],[-66,18],[-66,20],[-68,20],[-68,18]]]},"properties":{"name":"2° Density Cell 18,-68","kind":"density-grid","grid_size_degrees":2,"point_count":1,"intensity":0.002273,"networks":{"ipv4":1},"statuses":{"Unknown":1},"countries":{"PR":1},"sanctioned_nodes":0,"policy_restricted_nodes":0,"threat_infrastructure_nodes":0,"stroke":"#c0d674","fill":"#c0d674","opacity":0.08,"marker_ring":false}},{"type":"Feature","id":"node-density-grid-2:20:-104","geometry":{"type":"Polygon","coordinates":[[[-104,20],[-102,20],[-102,22],[-104,22],[-104,20]]]},"properties":{"name":"2° Density Cell 20,-104","kind":"density-grid","grid_size_degrees":2,"point_count":1,"intensity":0.002273,"networks":{"ipv4":1},"statuses":{"Unknown":1},"countries":{"MX":1},"sanctioned_nodes":0,"policy_restricted_nodes":0,"threat_infrastructure_nodes":0,"stroke":"#c0d674","fill":"#c0d674","opacity":0.08,"marker_ring":false}},{"type":"Feature","id":"node-density-grid-2:20:-102","geometry":{"type":"Polygon","coordinates":[[[-102,20],[-100,20],[-100,22],[-102,22],[-102,20]]]},"properties":{"name":"2° Density Cell 20,-102","kind":"density-grid","grid_size_degrees":2,"point_count":1,"intensity":0.002273,"networks":{"ipv4":1},"statuses":{"Unknown":1},"countries":{"MX":1},"sanctioned_nodes":0,"policy_restricted_nodes":0,"threat_infrastructure_nodes":0,"stroke":"#c0d674","fill":"#c0d674","opacity":0.08,"marker_ring":false}},{"type":"Feature","id":"node-density-grid-2:22:72","geometry":{"type":"Polygon","coordinates":[[[72,22],[74,22],[74,24],[72,24],[72,22]]]},"properties":{"name":"2° Density Cell 22,72","kind":"density-grid","grid_size_degrees":2,"point_count":1,"intensity":0.002273,"networks":{"ipv4":1},"statuses":{"Unknown":1},"countries":{"IN":1},"sanctioned_nodes":0,"policy_restricted_nodes":0,"threat_infrastructure_nodes":0,"stroke":"#c0d674","fill":"#c0d674","opacity":0.08,"marker_ring":false}},{"type":"Feature","id":"node-density-grid-2:22:74","geometry":{"type":"Polygon","coordinates":[[[74,22],[76,22],[76,24],[74,24],[74,22]]]},"properties":{"name":"2° Density Cell 22,74","kind":"density-grid","grid_size_degrees":2,"point_count":1,"intensity":0.002273,"networks":{"ipv4":1},"statuses":{"Unknown":1},"countries":{"IN":1},"sanctioned_nodes":0,"policy_restricted_nodes":0,"threat_infrastructure_nodes":0,"stroke":"#c0d674","fill":"#c0d674","opacity":0.08,"marker_ring":false}},{"type":"Feature","id":"node-density-grid-2:24:-98","geometry":{"type":"Polygon","coordinates":[[[-98,24],[-96,24],[-96,26],[-98,26],[-98,24]]]},"properties":{"name":"2° Density Cell 24,-98","kind":"density-grid","grid_size_degrees":2,"point_count":1,"intensity":0.002273,"networks":{"ipv4":1},"statuses":{"Unknown":1},"countries":{"US":1},"sanctioned_nodes":0,"policy_restricted_nodes":0,"threat_infrastructure_nodes":0,"stroke":"#c0d674","fill":"#c0d674","opacity":0.08,"marker_ring":false}},{"type":"Feature","id":"node-density-grid-2:24:66","geometry":{"type":"Polygon","coordinates":[[[66,24],[68,24],[68,26],[66,26],[66,24]]]},"properties":{"name":"2° Density Cell 24,66","kind":"density-grid","grid_size_degrees":2,"point_count":1,"intensity":0.002273,"networks":{"ipv4":1},"statuses":{"Unknown":1},"countries":{"PK":1},"sanctioned_nodes":0,"policy_restricted_nodes":0,"threat_infrastructure_nodes":0,"stroke":"#c0d674","fill":"#c0d674","opacity":0.08,"marker_ring":false}},{"type":"Feature","id":"node-density-grid-2:24:82","geometry":{"type":"Polygon","coordinates":[[[82,24],[84,24],[84,26],[82,26],[82,24]]]},"properties":{"name":"2° Density Cell 24,82","kind":"density-grid","grid_size_degrees":2,"point_count":1,"intensity":0.002273,"networks":{"ipv4":1},"statuses":{"Unknown":1},"countries":{"IN":1},"sanctioned_nodes":0,"policy_restricted_nodes":0,"threat_infrastructure_nodes":0,"stroke":"#c0d674","fill":"#c0d674","opacity":0.08,"marker_ring":false}},{"type":"Feature","id":"node-density-grid-2:24:84","geometry":{"type":"Polygon","coordinates":[[[84,24],[86,24],[86,26],[84,26],[84,24]]]},"properties":{"name":"2° Density Cell 24,84","kind":"density-grid","grid_size_degrees":2,"point_count":1,"intensity":0.002273,"networks":{"ipv4":1},"statuses":{"Unknown":1},"countries":{"IN":1},"sanctioned_nodes":0,"policy_restricted_nodes":0,"threat_infrastructure_nodes":0,"stroke":"#c0d674","fill":"#c0d674","opacity":0.08,"marker_ring":false}},{"type":"Feature","id":"node-density-grid-2:26:-100","geometry":{"type":"Polygon","coordinates":[[[-100,26],[-98,26],[-98,28],[-100,28],[-100,26]]]},"properties":{"name":"2° Density Cell 26,-100","kind":"density-grid","grid_size_degrees":2,"point_count":1,"intensity":0.002273,"networks":{"ipv4":1},"statuses":{"Unknown":1},"countries":{"US":1},"sanctioned_nodes":0,"policy_restricted_nodes":0,"threat_infrastructure_nodes":0,"stroke":"#c0d674","fill":"#c0d674","opacity":0.08,"marker_ring":false}},{"type":"Feature","id":"node-density-grid-2:26:-98","geometry":{"type":"Polygon","coordinates":[[[-98,26],[-96,26],[-96,28],[-98,28],[-98,26]]]},"properties":{"name":"2° Density Cell 26,-98","kind":"density-grid","grid_size_degrees":2,"point_count":1,"intensity":0.002273,"networks":{"ipv4":1},"statuses":{"Unknown":1},"countries":{"US":1},"sanctioned_nodes":0,"policy_restricted_nodes":0,"threat_infrastructure_nodes":0,"stroke":"#c0d674","fill":"#c0d674","opacity":0.08,"marker_ring":false}},{"type":"Feature","id":"node-density-grid-2:26:50","geometry":{"type":"Polygon","coordinates":[[[50,26],[52,26],[52,28],[50,28],[50,26]]]},"properties":{"name":"2° Density Cell 26,50","kind":"density-grid","grid_size_degrees":2,"point_count":1,"intensity":0.002273,"networks":{"ipv4":1},"statuses":{"Unknown":1},"countries":{"BH":1},"sanctioned_nodes":0,"policy_restricted_nodes":0,"threat_infrastructure_nodes":0,"stroke":"#c0d674","fill":"#c0d674","opacity":0.08,"marker_ring":false}},{"type":"Feature","id":"node-density-grid-2:26:94","geometry":{"type":"Polygon","coordinates":[[[94,26],[96,26],[96,28],[94,28],[94,26]]]},"properties":{"name":"2° Density Cell 26,94","kind":"density-grid","grid_size_degrees":2,"point_count":1,"intensity":0.002273,"networks":{"ipv4":1},"statuses":{"Unknown":1},"countries":{"IN":1},"sanctioned_nodes":0,"policy_restricted_nodes":0,"threat_infrastructure_nodes":0,"stroke":"#c0d674","fill":"#c0d674","opacity":0.08,"marker_ring":false}},{"type":"Feature","id":"node-density-grid-2:26:118","geometry":{"type":"Polygon","coordinates":[[[118,26],[120,26],[120,28],[118,28],[118,26]]]},"properties":{"name":"2° Density Cell 26,118","kind":"density-grid","grid_size_degrees":2,"point_count":1,"intensity":0.002273,"networks":{"ipv4":1},"statuses":{"Unknown":1},"countries":{"CN":1},"sanctioned_nodes":0,"policy_restricted_nodes":0,"threat_infrastructure_nodes":0,"stroke":"#c0d674","fill":"#c0d674","opacity":0.08,"marker_ring":false}},{"type":"Feature","id":"node-density-grid-2:26:126","geometry":{"type":"Polygon","coordinates":[[[126,26],[128,26],[128,28],[126,28],[126,26]]]},"properties":{"name":"2° Density Cell 26,126","kind":"density-grid","grid_size_degrees":2,"point_count":1,"intensity":0.002273,"networks":{"ipv4":1},"statuses":{"Unknown":1},"countries":{"JP":1},"sanctioned_nodes":0,"policy_restricted_nodes":0,"threat_infrastructure_nodes":0,"stroke":"#c0d674","fill":"#c0d674","opacity":0.08,"marker_ring":false}},{"type":"Feature","id":"node-density-grid-2:28:-16","geometry":{"type":"Polygon","coordinates":[[[-16,28],[-14,28],[-14,30],[-16,30],[-16,28]]]},"properties":{"name":"2° Density Cell 28,-16","kind":"density-grid","grid_size_degrees":2,"point_count":1,"intensity":0.002273,"networks":{"ipv4":1},"statuses":{"Unknown":1},"countries":{"ES":1},"sanctioned_nodes":0,"policy_restricted_nodes":0,"threat_infrastructure_nodes":0,"stroke":"#c0d674","fill":"#c0d674","opacity":0.08,"marker_ring":false}},{"type":"Feature","id":"node-density-grid-2:28:48","geometry":{"type":"Polygon","coordinates":[[[48,28],[50,28],[50,30],[48,30],[48,28]]]},"properties":{"name":"2° Density Cell 28,48","kind":"density-grid","grid_size_degrees":2,"point_count":1,"intensity":0.002273,"networks":{"ipv4":1},"statuses":{"Unknown":1},"countries":{"KW":1},"sanctioned_nodes":0,"policy_restricted_nodes":0,"threat_infrastructure_nodes":0,"stroke":"#c0d674","fill":"#c0d674","opacity":0.08,"marker_ring":false}},{"type":"Feature","id":"node-density-grid-2:28:76","geometry":{"type":"Polygon","coordinates":[[[76,28],[78,28],[78,30],[76,30],[76,28]]]},"properties":{"name":"2° Density Cell 28,76","kind":"density-grid","grid_size_degrees":2,"point_count":1,"intensity":0.002273,"networks":{"ipv4":1},"statuses":{"Unknown":1},"countries":{"IN":1},"sanctioned_nodes":0,"policy_restricted_nodes":0,"threat_infrastructure_nodes":0,"stroke":"#c0d674","fill":"#c0d674","opacity":0.08,"marker_ring":false}},{"type":"Feature","id":"node-density-grid-2:28:112","geometry":{"type":"Polygon","coordinates":[[[112,28],[114,28],[114,30],[112,30],[112,28]]]},"properties":{"name":"2° Density Cell 28,112","kind":"density-grid","grid_size_degrees":2,"point_count":1,"intensity":0.002273,"networks":{"ipv4":1},"statuses":{"Unknown":1},"countries":{"CN":1},"sanctioned_nodes":0,"policy_restricted_nodes":0,"threat_infrastructure_nodes":0,"stroke":"#c0d674","fill":"#c0d674","opacity":0.08,"marker_ring":false}},{"type":"Feature","id":"node-density-grid-2:28:118","geometry":{"type":"Polygon","coordinates":[[[118,28],[120,28],[120,30],[118,30],[118,28]]]},"properties":{"name":"2° Density Cell 28,118","kind":"density-grid","grid_size_degrees":2,"point_count":1,"intensity":0.002273,"networks":{"ipv4":1},"statuses":{"Unknown":1},"countries":{"CN":1},"sanctioned_nodes":0,"policy_restricted_nodes":0,"threat_infrastructure_nodes":0,"stroke":"#c0d674","fill":"#c0d674","opacity":0.08,"marker_ring":false}},{"type":"Feature","id":"node-density-grid-2:28:120","geometry":{"type":"Polygon","coordinates":[[[120,28],[122,28],[122,30],[120,30],[120,28]]]},"properties":{"name":"2° Density Cell 28,120","kind":"density-grid","grid_size_degrees":2,"point_count":1,"intensity":0.002273,"networks":{"ipv4":1},"statuses":{"Unknown":1},"countries":{"CN":1},"sanctioned_nodes":0,"policy_restricted_nodes":0,"threat_infrastructure_nodes":0,"stroke":"#c0d674","fill":"#c0d674","opacity":0.08,"marker_ring":false}},{"type":"Feature","id":"node-density-grid-2:30:-104","geometry":{"type":"Polygon","coordinates":[[[-104,30],[-102,30],[-102,32],[-104,32],[-104,30]]]},"properties":{"name":"2° Density Cell 30,-104","kind":"density-grid","grid_size_degrees":2,"point_count":1,"intensity":0.002273,"networks":{"ipv4":1},"statuses":{"Unknown":1},"countries":{"US":1},"sanctioned_nodes":0,"policy_restricted_nodes":0,"threat_infrastructure_nodes":0,"stroke":"#c0d674","fill":"#c0d674","opacity":0.08,"marker_ring":false}},{"type":"Feature","id":"node-density-grid-2:30:-94","geometry":{"type":"Polygon","coordinates":[[[-94,30],[-92,30],[-92,32],[-94,32],[-94,30]]]},"properties":{"name":"2° Density Cell 30,-94","kind":"density-grid","grid_size_degrees":2,"point_count":1,"intensity":0.002273,"networks":{"ipv4":1},"statuses":{"Unknown":1},"countries":{"US":1},"sanctioned_nodes":0,"policy_restricted_nodes":0,"threat_infrastructure_nodes":0,"stroke":"#c0d674","fill":"#c0d674","opacity":0.08,"marker_ring":false}},{"type":"Feature","id":"node-density-grid-2:30:-86","geometry":{"type":"Polygon","coordinates":[[[-86,30],[-84,30],[-84,32],[-86,32],[-86,30]]]},"properties":{"name":"2° Density Cell 30,-86","kind":"density-grid","grid_size_degrees":2,"point_count":1,"intensity":0.002273,"networks":{"ipv4":1},"statuses":{"Unknown":1},"countries":{"US":1},"sanctioned_nodes":0,"policy_restricted_nodes":0,"threat_infrastructure_nodes":0,"stroke":"#c0d674","fill":"#c0d674","opacity":0.08,"marker_ring":false}},{"type":"Feature","id":"node-density-grid-2:30:-84","geometry":{"type":"Polygon","coordinates":[[[-84,30],[-82,30],[-82,32],[-84,32],[-84,30]]]},"properties":{"name":"2° Density Cell 30,-84","kind":"density-grid","grid_size_degrees":2,"point_count":1,"intensity":0.002273,"networks":{"ipv4":1},"statuses":{"Unknown":1},"countries":{"US":1},"sanctioned_nodes":0,"policy_restricted_nodes":0,"threat_infrastructure_nodes":0,"stroke":"#c0d674","fill":"#c0d674","opacity":0.08,"marker_ring":false}},{"type":"Feature","id":"node-density-grid-2:32:-104","geometry":{"type":"Polygon","coordinates":[[[-104,32],[-102,32],[-102,34],[-104,34],[-104,32]]]},"properties":{"name":"2° Density Cell 32,-104","kind":"density-grid","grid_size_degrees":2,"point_count":1,"intensity":0.002273,"networks":{"ipv4":1},"statuses":{"Unknown":1},"countries":{"US":1},"sanctioned_nodes":0,"policy_restricted_nodes":0,"threat_infrastructure_nodes":0,"stroke":"#c0d674","fill":"#c0d674","opacity":0.08,"marker_ring":false}},{"type":"Feature","id":"node-density-grid-2:32:-102","geometry":{"type":"Polygon","coordinates":[[[-102,32],[-100,32],[-100,34],[-102,34],[-102,32]]]},"properties":{"name":"2° Density Cell 32,-102","kind":"density-grid","grid_size_degrees":2,"point_count":1,"intensity":0.002273,"networks":{"ipv4":1},"statuses":{"Unknown":1},"countries":{"US":1},"sanctioned_nodes":0,"policy_restricted_nodes":0,"threat_infrastructure_nodes":0,"stroke":"#c0d674","fill":"#c0d674","opacity":0.08,"marker_ring":false}},{"type":"Feature","id":"node-density-grid-2:32:-100","geometry":{"type":"Polygon","coordinates":[[[-100,32],[-98,32],[-98,34],[-100,34],[-100,32]]]},"properties":{"name":"2° Density Cell 32,-100","kind":"density-grid","grid_size_degrees":2,"point_count":1,"intensity":0.002273,"networks":{"ipv4":1},"statuses":{"Unknown":1},"countries":{"US":1},"sanctioned_nodes":0,"policy_restricted_nodes":0,"threat_infrastructure_nodes":0,"stroke":"#c0d674","fill":"#c0d674","opacity":0.08,"marker_ring":false}},{"type":"Feature","id":"node-density-grid-2:32:-94","geometry":{"type":"Polygon","coordinates":[[[-94,32],[-92,32],[-92,34],[-94,34],[-94,32]]]},"properties":{"name":"2° Density Cell 32,-94","kind":"density-grid","grid_size_degrees":2,"point_count":1,"intensity":0.002273,"networks":{"ipv4":1},"statuses":{"Unknown":1},"countries":{"US":1},"sanctioned_nodes":0,"policy_restricted_nodes":0,"threat_infrastructure_nodes":0,"stroke":"#c0d674","fill":"#c0d674","opacity":0.08,"marker_ring":false}},{"type":"Feature","id":"node-density-grid-2:32:-90","geometry":{"type":"Polygon","coordinates":[[[-90,32],[-88,32],[-88,34],[-90,34],[-90,32]]]},"properties":{"name":"2° Density Cell 32,-90","kind":"density-grid","grid_size_degrees":2,"point_count":1,"intensity":0.002273,"networks":{"ipv4":1},"statuses":{"Unknown":1},"countries":{"US":1},"sanctioned_nodes":0,"policy_restricted_nodes":0,"threat_infrastructure_nodes":0,"stroke":"#c0d674","fill":"#c0d674","opacity":0.08,"marker_ring":false}},{"type":"Feature","id":"node-density-grid-2:32:118","geometry":{"type":"Polygon","coordinates":[[[118,32],[120,32],[120,34],[118,34],[118,32]]]},"properties":{"name":"2° Density Cell 32,118","kind":"density-grid","grid_size_degrees":2,"point_count":1,"intensity":0.002273,"networks":{"ipv4":1},"statuses":{"Unknown":1},"countries":{"CN":1},"sanctioned_nodes":0,"policy_restricted_nodes":0,"threat_infrastructure_nodes":0,"stroke":"#c0d674","fill":"#c0d674","opacity":0.08,"marker_ring":false}},{"type":"Feature","id":"node-density-grid-2:32:130","geometry":{"type":"Polygon","coordinates":[[[130,32],[132,32],[132,34],[130,34],[130,32]]]},"properties":{"name":"2° Density Cell 32,130","kind":"density-grid","grid_size_degrees":2,"point_count":1,"intensity":0.002273,"networks":{"ipv4":1},"statuses":{"Unknown":1},"countries":{"JP":1},"sanctioned_nodes":0,"policy_restricted_nodes":0,"threat_infrastructure_nodes":0,"stroke":"#c0d674","fill":"#c0d674","opacity":0.08,"marker_ring":false}},{"type":"Feature","id":"node-density-grid-2:34:-122","geometry":{"type":"Polygon","coordinates":[[[-122,34],[-120,34],[-120,36],[-122,36],[-122,34]]]},"properties":{"name":"2° Density Cell 34,-122","kind":"density-grid","grid_size_degrees":2,"point_count":1,"intensity":0.002273,"networks":{"ipv4":1},"statuses":{"Unknown":1},"countries":{"US":1},"sanctioned_nodes":0,"policy_restricted_nodes":0,"threat_infrastructure_nodes":0,"stroke":"#c0d674","fill":"#c0d674","opacity":0.08,"marker_ring":false}},{"type":"Feature","id":"node-density-grid-2:34:-114","geometry":{"type":"Polygon","coordinates":[[[-114,34],[-112,34],[-112,36],[-114,36],[-114,34]]]},"properties":{"name":"2° Density Cell 34,-114","kind":"density-grid","grid_size_degrees":2,"point_count":1,"intensity":0.002273,"networks":{"ipv4":1},"statuses":{"Unknown":1},"countries":{"US":1},"sanctioned_nodes":0,"policy_restricted_nodes":0,"threat_infrastructure_nodes":0,"stroke":"#c0d674","fill":"#c0d674","opacity":0.08,"marker_ring":false}},{"type":"Feature","id":"node-density-grid-2:34:-112","geometry":{"type":"Polygon","coordinates":[[[-112,34],[-110,34],[-110,36],[-112,36],[-112,34]]]},"properties":{"name":"2° Density Cell 34,-112","kind":"density-grid","grid_size_degrees":2,"point_count":1,"intensity":0.002273,"networks":{"ipv4":1},"statuses":{"Unknown":1},"countries":{"US":1},"sanctioned_nodes":0,"policy_restricted_nodes":0,"threat_infrastructure_nodes":0,"stroke":"#c0d674","fill":"#c0d674","opacity":0.08,"marker_ring":false}},{"type":"Feature","id":"node-density-grid-2:34:-102","geometry":{"type":"Polygon","coordinates":[[[-102,34],[-100,34],[-100,36],[-102,36],[-102,34]]]},"properties":{"name":"2° Density Cell 34,-102","kind":"density-grid","grid_size_degrees":2,"point_count":1,"intensity":0.002273,"networks":{"ipv4":1},"statuses":{"Unknown":1},"countries":{"US":1},"sanctioned_nodes":0,"policy_restricted_nodes":0,"threat_infrastructure_nodes":0,"stroke":"#c0d674","fill":"#c0d674","opacity":0.08,"marker_ring":false}},{"type":"Feature","id":"node-density-grid-2:34:-90","geometry":{"type":"Polygon","coordinates":[[[-90,34],[-88,34],[-88,36],[-90,36],[-90,34]]]},"properties":{"name":"2° Density Cell 34,-90","kind":"density-grid","grid_size_degrees":2,"point_count":1,"intensity":0.002273,"networks":{"ipv4":1},"statuses":{"Unknown":1},"countries":{"US":1},"sanctioned_nodes":0,"policy_restricted_nodes":0,"threat_infrastructure_nodes":0,"stroke":"#c0d674","fill":"#c0d674","opacity":0.08,"marker_ring":false}},{"type":"Feature","id":"node-density-grid-2:34:32","geometry":{"type":"Polygon","coordinates":[[[32,34],[34,34],[34,36],[32,36],[32,34]]]},"properties":{"name":"2° Density Cell 34,32","kind":"density-grid","grid_size_degrees":2,"point_count":1,"intensity":0.002273,"networks":{"ipv4":1},"statuses":{"Unknown":1},"countries":{"CY":1},"sanctioned_nodes":0,"policy_restricted_nodes":0,"threat_infrastructure_nodes":0,"stroke":"#c0d674","fill":"#c0d674","opacity":0.08,"marker_ring":false}},{"type":"Feature","id":"node-density-grid-2:34:140","geometry":{"type":"Polygon","coordinates":[[[140,34],[142,34],[142,36],[140,36],[140,34]]]},"properties":{"name":"2° Density Cell 34,140","kind":"density-grid","grid_size_degrees":2,"point_count":1,"intensity":0.002273,"networks":{"ipv4":1},"statuses":{"Unknown":1},"countries":{"JP":1},"sanctioned_nodes":0,"policy_restricted_nodes":0,"threat_infrastructure_nodes":0,"stroke":"#c0d674","fill":"#c0d674","opacity":0.08,"marker_ring":false}},{"type":"Feature","id":"node-density-grid-2:36:-106","geometry":{"type":"Polygon","coordinates":[[[-106,36],[-104,36],[-104,38],[-106,38],[-106,36]]]},"properties":{"name":"2° Density Cell 36,-106","kind":"density-grid","grid_size_degrees":2,"point_count":1,"intensity":0.002273,"networks":{"ipv4":1},"statuses":{"Unknown":1},"countries":{"US":1},"sanctioned_nodes":0,"policy_restricted_nodes":0,"threat_infrastructure_nodes":0,"stroke":"#c0d674","fill":"#c0d674","opacity":0.08,"marker_ring":false}},{"type":"Feature","id":"node-density-grid-2:36:-100","geometry":{"type":"Polygon","coordinates":[[[-100,36],[-98,36],[-98,38],[-100,38],[-100,36]]]},"properties":{"name":"2° Density Cell 36,-100","kind":"density-grid","grid_size_degrees":2,"point_count":1,"intensity":0.002273,"networks":{"ipv4":1},"statuses":{"Unknown":1},"countries":{"US":1},"sanctioned_nodes":0,"policy_restricted_nodes":0,"threat_infrastructure_nodes":0,"stroke":"#c0d674","fill":"#c0d674","opacity":0.08,"marker_ring":false}},{"type":"Feature","id":"node-density-grid-2:36:-84","geometry":{"type":"Polygon","coordinates":[[[-84,36],[-82,36],[-82,38],[-84,38],[-84,36]]]},"properties":{"name":"2° Density Cell 36,-84","kind":"density-grid","grid_size_degrees":2,"point_count":1,"intensity":0.002273,"networks":{"ipv4":1},"statuses":{"Unknown":1},"countries":{"US":1},"sanctioned_nodes":0,"policy_restricted_nodes":0,"threat_infrastructure_nodes":0,"stroke":"#c0d674","fill":"#c0d674","opacity":0.08,"marker_ring":false}},{"type":"Feature","id":"node-density-grid-2:36:-82","geometry":{"type":"Polygon","coordinates":[[[-82,36],[-80,36],[-80,38],[-82,38],[-82,36]]]},"properties":{"name":"2° Density Cell 36,-82","kind":"density-grid","grid_size_degrees":2,"point_count":1,"intensity":0.002273,"networks":{"ipv4":1},"statuses":{"Unknown":1},"countries":{"US":1},"sanctioned_nodes":0,"policy_restricted_nodes":0,"threat_infrastructure_nodes":0,"stroke":"#c0d674","fill":"#c0d674","opacity":0.08,"marker_ring":false}},{"type":"Feature","id":"node-density-grid-2:36:-6","geometry":{"type":"Polygon","coordinates":[[[-6,36],[-4,36],[-4,38],[-6,38],[-6,36]]]},"properties":{"name":"2° Density Cell 36,-6","kind":"density-grid","grid_size_degrees":2,"point_count":1,"intensity":0.002273,"networks":{"ipv4":1},"statuses":{"Unknown":1},"countries":{"ES":1},"sanctioned_nodes":0,"policy_restricted_nodes":0,"threat_infrastructure_nodes":0,"stroke":"#c0d674","fill":"#c0d674","opacity":0.08,"marker_ring":false}},{"type":"Feature","id":"node-density-grid-2:36:34","geometry":{"type":"Polygon","coordinates":[[[34,36],[36,36],[36,38],[34,38],[34,36]]]},"properties":{"name":"2° Density Cell 36,34","kind":"density-grid","grid_size_degrees":2,"point_count":1,"intensity":0.002273,"networks":{"ipv4":1},"statuses":{"Unknown":1},"countries":{"TR":1},"sanctioned_nodes":0,"policy_restricted_nodes":0,"threat_infrastructure_nodes":0,"stroke":"#c0d674","fill":"#c0d674","opacity":0.08,"marker_ring":false}},{"type":"Feature","id":"node-density-grid-2:36:120","geometry":{"type":"Polygon","coordinates":[[[120,36],[122,36],[122,38],[120,38],[120,36]]]},"properties":{"name":"2° Density Cell 36,120","kind":"density-grid","grid_size_degrees":2,"point_count":1,"intensity":0.002273,"networks":{"ipv4":1},"statuses":{"Unknown":1},"countries":{"CN":1},"sanctioned_nodes":0,"policy_restricted_nodes":0,"threat_infrastructure_nodes":0,"stroke":"#c0d674","fill":"#c0d674","opacity":0.08,"marker_ring":false}},{"type":"Feature","id":"node-density-grid-2:36:128","geometry":{"type":"Polygon","coordinates":[[[128,36],[130,36],[130,38],[128,38],[128,36]]]},"properties":{"name":"2° Density Cell 36,128","kind":"density-grid","grid_size_degrees":2,"point_count":1,"intensity":0.002273,"networks":{"ipv4":1},"statuses":{"Unknown":1},"countries":{"KR":1},"sanctioned_nodes":0,"policy_restricted_nodes":0,"threat_infrastructure_nodes":0,"stroke":"#c0d674","fill":"#c0d674","opacity":0.08,"marker_ring":false}},{"type":"Feature","id":"node-density-grid-2:36:138","geometry":{"type":"Polygon","coordinates":[[[138,36],[140,36],[140,38],[138,38],[138,36]]]},"properties":{"name":"2° Density Cell 36,138","kind":"density-grid","grid_size_degrees":2,"point_count":1,"intensity":0.002273,"networks":{"ipv4":1},"statuses":{"Unknown":1},"countries":{"JP":1},"sanctioned_nodes":0,"policy_restricted_nodes":0,"threat_infrastructure_nodes":0,"stroke":"#c0d674","fill":"#c0d674","opacity":0.08,"marker_ring":false}},{"type":"Feature","id":"node-density-grid-2:38:-112","geometry":{"type":"Polygon","coordinates":[[[-112,38],[-110,38],[-110,40],[-112,40],[-112,38]]]},"properties":{"name":"2° Density Cell 38,-112","kind":"density-grid","grid_size_degrees":2,"point_count":1,"intensity":0.002273,"networks":{"ipv4":1},"statuses":{"Unknown":1},"countries":{"US":1},"sanctioned_nodes":0,"policy_restricted_nodes":0,"threat_infrastructure_nodes":0,"stroke":"#c0d674","fill":"#c0d674","opacity":0.08,"marker_ring":false}},{"type":"Feature","id":"node-density-grid-2:38:-88","geometry":{"type":"Polygon","coordinates":[[[-88,38],[-86,38],[-86,40],[-88,40],[-88,38]]]},"properties":{"name":"2° Density Cell 38,-88","kind":"density-grid","grid_size_degrees":2,"point_count":1,"intensity":0.002273,"networks":{"ipv4":1},"statuses":{"Unknown":1},"countries":{"US":1},"sanctioned_nodes":0,"policy_restricted_nodes":0,"threat_infrastructure_nodes":0,"stroke":"#c0d674","fill":"#c0d674","opacity":0.08,"marker_ring":false}},{"type":"Feature","id":"node-density-grid-2:38:-80","geometry":{"type":"Polygon","coordinates":[[[-80,38],[-78,38],[-78,40],[-80,40],[-80,38]]]},"properties":{"name":"2° Density Cell 38,-80","kind":"density-grid","grid_size_degrees":2,"point_count":1,"intensity":0.002273,"networks":{"ipv4":1},"statuses":{"Unknown":1},"countries":{"US":1},"sanctioned_nodes":0,"policy_restricted_nodes":0,"threat_infrastructure_nodes":0,"stroke":"#c0d674","fill":"#c0d674","opacity":0.08,"marker_ring":false}},{"type":"Feature","id":"node-density-grid-2:38:22","geometry":{"type":"Polygon","coordinates":[[[22,38],[24,38],[24,40],[22,40],[22,38]]]},"properties":{"name":"2° Density Cell 38,22","kind":"density-grid","grid_size_degrees":2,"point_count":1,"intensity":0.002273,"networks":{"ipv4":1},"statuses":{"Unknown":1},"countries":{"GR":1},"sanctioned_nodes":0,"policy_restricted_nodes":0,"threat_infrastructure_nodes":0,"stroke":"#c0d674","fill":"#c0d674","opacity":0.08,"marker_ring":false}},{"type":"Feature","id":"node-density-grid-2:38:32","geometry":{"type":"Polygon","coordinates":[[[32,38],[34,38],[34,40],[32,40],[32,38]]]},"properties":{"name":"2° Density Cell 38,32","kind":"density-grid","grid_size_degrees":2,"point_count":1,"intensity":0.002273,"networks":{"ipv4":1},"statuses":{"Unknown":1},"countries":{"TR":1},"sanctioned_nodes":0,"policy_restricted_nodes":0,"threat_infrastructure_nodes":0,"stroke":"#c0d674","fill":"#c0d674","opacity":0.08,"marker_ring":false}},{"type":"Feature","id":"node-density-grid-2:38:116","geometry":{"type":"Polygon","coordinates":[[[116,38],[118,38],[118,40],[116,40],[116,38]]]},"properties":{"name":"2° Density Cell 38,116","kind":"density-grid","grid_size_degrees":2,"point_count":1,"intensity":0.002273,"networks":{"ipv4":1},"statuses":{"Unknown":1},"countries":{"CN":1},"sanctioned_nodes":0,"policy_restricted_nodes":0,"threat_infrastructure_nodes":0,"stroke":"#c0d674","fill":"#c0d674","opacity":0.08,"marker_ring":false}},{"type":"Feature","id":"node-density-grid-2:40:-126","geometry":{"type":"Polygon","coordinates":[[[-126,40],[-124,40],[-124,42],[-126,42],[-126,40]]]},"properties":{"name":"2° Density Cell 40,-126","kind":"density-grid","grid_size_degrees":2,"point_count":1,"intensity":0.002273,"networks":{"ipv4":1},"statuses":{"Unknown":1},"countries":{"US":1},"sanctioned_nodes":0,"policy_restricted_nodes":0,"threat_infrastructure_nodes":0,"stroke":"#c0d674","fill":"#c0d674","opacity":0.08,"marker_ring":false}},{"type":"Feature","id":"node-density-grid-2:40:-124","geometry":{"type":"Polygon","coordinates":[[[-124,40],[-122,40],[-122,42],[-124,42],[-124,40]]]},"properties":{"name":"2° Density Cell 40,-124","kind":"density-grid","grid_size_degrees":2,"point_count":1,"intensity":0.002273,"networks":{"ipv4":1},"statuses":{"Unknown":1},"countries":{"US":1},"sanctioned_nodes":0,"policy_restricted_nodes":0,"threat_infrastructure_nodes":0,"stroke":"#c0d674","fill":"#c0d674","opacity":0.08,"marker_ring":false}},{"type":"Feature","id":"node-density-grid-2:40:-110","geometry":{"type":"Polygon","coordinates":[[[-110,40],[-108,40],[-108,42],[-110,42],[-110,40]]]},"properties":{"name":"2° Density Cell 40,-110","kind":"density-grid","grid_size_degrees":2,"point_count":1,"intensity":0.002273,"networks":{"ipv4":1},"statuses":{"Unknown":1},"countries":{"US":1},"sanctioned_nodes":0,"policy_restricted_nodes":0,"threat_infrastructure_nodes":0,"stroke":"#c0d674","fill":"#c0d674","opacity":0.08,"marker_ring":false}},{"type":"Feature","id":"node-density-grid-2:40:-6","geometry":{"type":"Polygon","coordinates":[[[-6,40],[-4,40],[-4,42],[-6,42],[-6,40]]]},"properties":{"name":"2° Density Cell 40,-6","kind":"density-grid","grid_size_degrees":2,"point_count":1,"intensity":0.002273,"networks":{"ipv4":1},"statuses":{"Unknown":1},"countries":{"ES":1},"sanctioned_nodes":0,"policy_restricted_nodes":0,"threat_infrastructure_nodes":0,"stroke":"#c0d674","fill":"#c0d674","opacity":0.08,"marker_ring":false}},{"type":"Feature","id":"node-density-grid-2:40:8","geometry":{"type":"Polygon","coordinates":[[[8,40],[10,40],[10,42],[8,42],[8,40]]]},"properties":{"name":"2° Density Cell 40,8","kind":"density-grid","grid_size_degrees":2,"point_count":1,"intensity":0.002273,"networks":{"ipv4":1},"statuses":{"Unknown":1},"countries":{"FR":1},"sanctioned_nodes":0,"policy_restricted_nodes":0,"threat_infrastructure_nodes":0,"stroke":"#c0d674","fill":"#c0d674","opacity":0.08,"marker_ring":false}},{"type":"Feature","id":"node-density-grid-2:40:22","geometry":{"type":"Polygon","coordinates":[[[22,40],[24,40],[24,42],[22,42],[22,40]]]},"properties":{"name":"2° Density Cell 40,22","kind":"density-grid","grid_size_degrees":2,"point_count":1,"intensity":0.002273,"networks":{"ipv4":1},"statuses":{"Unknown":1},"countries":{"GR":1},"sanctioned_nodes":0,"policy_restricted_nodes":0,"threat_infrastructure_nodes":0,"stroke":"#c0d674","fill":"#c0d674","opacity":0.08,"marker_ring":false}},{"type":"Feature","id":"node-density-grid-2:40:24","geometry":{"type":"Polygon","coordinates":[[[24,40],[26,40],[26,42],[24,42],[24,40]]]},"properties":{"name":"2° Density Cell 40,24","kind":"density-grid","grid_size_degrees":2,"point_count":1,"intensity":0.002273,"networks":{"ipv4":1},"statuses":{"Unknown":1},"countries":{"BG":1},"sanctioned_nodes":0,"policy_restricted_nodes":0,"threat_infrastructure_nodes":0,"stroke":"#c0d674","fill":"#c0d674","opacity":0.08,"marker_ring":false}},{"type":"Feature","id":"node-density-grid-2:42:-98","geometry":{"type":"Polygon","coordinates":[[[-98,42],[-96,42],[-96,44],[-98,44],[-98,42]]]},"properties":{"name":"2° Density Cell 42,-98","kind":"density-grid","grid_size_degrees":2,"point_count":1,"intensity":0.002273,"networks":{"ipv4":1},"statuses":{"Unknown":1},"countries":{"US":1},"sanctioned_nodes":0,"policy_restricted_nodes":0,"threat_infrastructure_nodes":0,"stroke":"#c0d674","fill":"#c0d674","opacity":0.08,"marker_ring":false}},{"type":"Feature","id":"node-density-grid-2:42:-10","geometry":{"type":"Polygon","coordinates":[[[-10,42],[-8,42],[-8,44],[-10,44],[-10,42]]]},"properties":{"name":"2° Density Cell 42,-10","kind":"density-grid","grid_size_degrees":2,"point_count":1,"intensity":0.002273,"networks":{"ipv4":1},"statuses":{"Unknown":1},"countries":{"ES":1},"sanctioned_nodes":0,"policy_restricted_nodes":0,"threat_infrastructure_nodes":0,"stroke":"#c0d674","fill":"#c0d674","opacity":0.08,"marker_ring":false}},{"type":"Feature","id":"node-density-grid-2:42:-6","geometry":{"type":"Polygon","coordinates":[[[-6,42],[-4,42],[-4,44],[-6,44],[-6,42]]]},"properties":{"name":"2° Density Cell 42,-6","kind":"density-grid","grid_size_degrees":2,"point_count":1,"intensity":0.002273,"networks":{"ipv4":1},"statuses":{"Unknown":1},"countries":{"ES":1},"sanctioned_nodes":0,"policy_restricted_nodes":0,"threat_infrastructure_nodes":0,"stroke":"#c0d674","fill":"#c0d674","opacity":0.08,"marker_ring":false}},{"type":"Feature","id":"node-density-grid-2:42:-4","geometry":{"type":"Polygon","coordinates":[[[-4,42],[-2,42],[-2,44],[-4,44],[-4,42]]]},"properties":{"name":"2° Density Cell 42,-4","kind":"density-grid","grid_size_degrees":2,"point_count":1,"intensity":0.002273,"networks":{"ipv4":1},"statuses":{"Unknown":1},"countries":{"ES":1},"sanctioned_nodes":0,"policy_restricted_nodes":0,"threat_infrastructure_nodes":0,"stroke":"#c0d674","fill":"#c0d674","opacity":0.08,"marker_ring":false}},{"type":"Feature","id":"node-density-grid-2:42:-2","geometry":{"type":"Polygon","coordinates":[[[-2,42],[0,42],[0,44],[-2,44],[-2,42]]]},"properties":{"name":"2° Density Cell 42,-2","kind":"density-grid","grid_size_degrees":2,"point_count":1,"intensity":0.002273,"networks":{"ipv4":1},"statuses":{"Unknown":1},"countries":{"ES":1},"sanctioned_nodes":0,"policy_restricted_nodes":0,"threat_infrastructure_nodes":0,"stroke":"#c0d674","fill":"#c0d674","opacity":0.08,"marker_ring":false}},{"type":"Feature","id":"node-density-grid-2:42:0","geometry":{"type":"Polygon","coordinates":[[[0,42],[2,42],[2,44],[0,44],[0,42]]]},"properties":{"name":"2° Density Cell 42,0","kind":"density-grid","grid_size_degrees":2,"point_count":1,"intensity":0.002273,"networks":{"ipv4":1},"statuses":{"Unknown":1},"countries":{"AD":1},"sanctioned_nodes":0,"policy_restricted_nodes":0,"threat_infrastructure_nodes":0,"stroke":"#c0d674","fill":"#c0d674","opacity":0.08,"marker_ring":false}},{"type":"Feature","id":"node-density-grid-2:42:14","geometry":{"type":"Polygon","coordinates":[[[14,42],[16,42],[16,44],[14,44],[14,42]]]},"properties":{"name":"2° Density Cell 42,14","kind":"density-grid","grid_size_degrees":2,"point_count":1,"intensity":0.002273,"networks":{"ipv4":1},"statuses":{"Unknown":1},"countries":{"IT":1},"sanctioned_nodes":0,"policy_restricted_nodes":0,"threat_infrastructure_nodes":0,"stroke":"#c0d674","fill":"#c0d674","opacity":0.08,"marker_ring":false}},{"type":"Feature","id":"node-density-grid-2:42:24","geometry":{"type":"Polygon","coordinates":[[[24,42],[26,42],[26,44],[24,44],[24,42]]]},"properties":{"name":"2° Density Cell 42,24","kind":"density-grid","grid_size_degrees":2,"point_count":1,"intensity":0.002273,"networks":{"ipv4":1},"statuses":{"Unknown":1},"countries":{"BG":1},"sanctioned_nodes":0,"policy_restricted_nodes":0,"threat_infrastructure_nodes":0,"stroke":"#c0d674","fill":"#c0d674","opacity":0.08,"marker_ring":false}},{"type":"Feature","id":"node-density-grid-2:44:-118","geometry":{"type":"Polygon","coordinates":[[[-118,44],[-116,44],[-116,46],[-118,46],[-118,44]]]},"properties":{"name":"2° Density Cell 44,-118","kind":"density-grid","grid_size_degrees":2,"point_count":1,"intensity":0.002273,"networks":{"ipv4":1},"statuses":{"Unknown":1},"countries":{"US":1},"sanctioned_nodes":0,"policy_restricted_nodes":0,"threat_infrastructure_nodes":0,"stroke":"#c0d674","fill":"#c0d674","opacity":0.08,"marker_ring":false}},{"type":"Feature","id":"node-density-grid-2:44:-112","geometry":{"type":"Polygon","coordinates":[[[-112,44],[-110,44],[-110,46],[-112,46],[-112,44]]]},"properties":{"name":"2° Density Cell 44,-112","kind":"density-grid","grid_size_degrees":2,"point_count":1,"intensity":0.002273,"networks":{"ipv4":1},"statuses":{"Unknown":1},"countries":{"US":1},"sanctioned_nodes":0,"policy_restricted_nodes":0,"threat_infrastructure_nodes":0,"stroke":"#c0d674","fill":"#c0d674","opacity":0.08,"marker_ring":false}},{"type":"Feature","id":"node-density-grid-2:44:-98","geometry":{"type":"Polygon","coordinates":[[[-98,44],[-96,44],[-96,46],[-98,46],[-98,44]]]},"properties":{"name":"2° Density Cell 44,-98","kind":"density-grid","grid_size_degrees":2,"point_count":1,"intensity":0.002273,"networks":{"ipv4":1},"statuses":{"Unknown":1},"countries":{"US":1},"sanctioned_nodes":0,"policy_restricted_nodes":0,"threat_infrastructure_nodes":0,"stroke":"#c0d674","fill":"#c0d674","opacity":0.08,"marker_ring":false}},{"type":"Feature","id":"node-density-grid-2:44:-96","geometry":{"type":"Polygon","coordinates":[[[-96,44],[-94,44],[-94,46],[-96,46],[-96,44]]]},"properties":{"name":"2° Density Cell 44,-96","kind":"density-grid","grid_size_degrees":2,"point_count":1,"intensity":0.002273,"networks":{"ipv4":1},"statuses":{"Unknown":1},"countries":{"US":1},"sanctioned_nodes":0,"policy_restricted_nodes":0,"threat_infrastructure_nodes":0,"stroke":"#c0d674","fill":"#c0d674","opacity":0.08,"marker_ring":false}},{"type":"Feature","id":"node-density-grid-2:44:0","geometry":{"type":"Polygon","coordinates":[[[0,44],[2,44],[2,46],[0,46],[0,44]]]},"properties":{"name":"2° Density Cell 44,0","kind":"density-grid","grid_size_degrees":2,"point_count":1,"intensity":0.002273,"networks":{"ipv4":1},"statuses":{"Unknown":1},"countries":{"FR":1},"sanctioned_nodes":0,"policy_restricted_nodes":0,"threat_infrastructure_nodes":0,"stroke":"#c0d674","fill":"#c0d674","opacity":0.08,"marker_ring":false}},{"type":"Feature","id":"node-density-grid-2:44:38","geometry":{"type":"Polygon","coordinates":[[[38,44],[40,44],[40,46],[38,46],[38,44]]]},"properties":{"name":"2° Density Cell 44,38","kind":"density-grid","grid_size_degrees":2,"point_count":1,"intensity":0.002273,"networks":{"ipv4":1},"statuses":{"Unknown":1},"countries":{"RU":1},"sanctioned_nodes":0,"policy_restricted_nodes":0,"threat_infrastructure_nodes":0,"stroke":"#c0d674","fill":"#c0d674","opacity":0.08,"marker_ring":false}},{"type":"Feature","id":"node-density-grid-2:46:-120","geometry":{"type":"Polygon","coordinates":[[[-120,46],[-118,46],[-118,48],[-120,48],[-120,46]]]},"properties":{"name":"2° Density Cell 46,-120","kind":"density-grid","grid_size_degrees":2,"point_count":1,"intensity":0.002273,"networks":{"ipv4":1},"statuses":{"Unknown":1},"countries":{"US":1},"sanctioned_nodes":0,"policy_restricted_nodes":0,"threat_infrastructure_nodes":0,"stroke":"#c0d674","fill":"#c0d674","opacity":0.08,"marker_ring":false}},{"type":"Feature","id":"node-density-grid-2:46:-112","geometry":{"type":"Polygon","coordinates":[[[-112,46],[-110,46],[-110,48],[-112,48],[-112,46]]]},"properties":{"name":"2° Density Cell 46,-112","kind":"density-grid","grid_size_degrees":2,"point_count":1,"intensity":0.002273,"networks":{"ipv4":1},"statuses":{"Unknown":1},"countries":{"US":1},"sanctioned_nodes":0,"policy_restricted_nodes":0,"threat_infrastructure_nodes":0,"stroke":"#c0d674","fill":"#c0d674","opacity":0.08,"marker_ring":false}},{"type":"Feature","id":"node-density-grid-2:46:-104","geometry":{"type":"Polygon","coordinates":[[[-104,46],[-102,46],[-102,48],[-104,48],[-104,46]]]},"properties":{"name":"2° Density Cell 46,-104","kind":"density-grid","grid_size_degrees":2,"point_count":1,"intensity":0.002273,"networks":{"ipv4":1},"statuses":{"Unknown":1},"countries":{"US":1},"sanctioned_nodes":0,"policy_restricted_nodes":0,"threat_infrastructure_nodes":0,"stroke":"#c0d674","fill":"#c0d674","opacity":0.08,"marker_ring":false}},{"type":"Feature","id":"node-density-grid-2:46:-102","geometry":{"type":"Polygon","coordinates":[[[-102,46],[-100,46],[-100,48],[-102,48],[-102,46]]]},"properties":{"name":"2° Density Cell 46,-102","kind":"density-grid","grid_size_degrees":2,"point_count":1,"intensity":0.002273,"networks":{"ipv4":1},"statuses":{"Unknown":1},"countries":{"US":1},"sanctioned_nodes":0,"policy_restricted_nodes":0,"threat_infrastructure_nodes":0,"stroke":"#c0d674","fill":"#c0d674","opacity":0.08,"marker_ring":false}},{"type":"Feature","id":"node-density-grid-2:46:-98","geometry":{"type":"Polygon","coordinates":[[[-98,46],[-96,46],[-96,48],[-98,48],[-98,46]]]},"properties":{"name":"2° Density Cell 46,-98","kind":"density-grid","grid_size_degrees":2,"point_count":1,"intensity":0.002273,"networks":{"ipv4":1},"statuses":{"Unknown":1},"countries":{"US":1},"sanctioned_nodes":0,"policy_restricted_nodes":0,"threat_infrastructure_nodes":0,"stroke":"#c0d674","fill":"#c0d674","opacity":0.08,"marker_ring":false}},{"type":"Feature","id":"node-density-grid-2:46:-88","geometry":{"type":"Polygon","coordinates":[[[-88,46],[-86,46],[-86,48],[-88,48],[-88,46]]]},"properties":{"name":"2° Density Cell 46,-88","kind":"density-grid","grid_size_degrees":2,"point_count":1,"intensity":0.002273,"networks":{"ipv4":1},"statuses":{"Unknown":1},"countries":{"US":1},"sanctioned_nodes":0,"policy_restricted_nodes":0,"threat_infrastructure_nodes":0,"stroke":"#c0d674","fill":"#c0d674","opacity":0.08,"marker_ring":false}},{"type":"Feature","id":"node-density-grid-2:46:-72","geometry":{"type":"Polygon","coordinates":[[[-72,46],[-70,46],[-70,48],[-72,48],[-72,46]]]},"properties":{"name":"2° Density Cell 46,-72","kind":"density-grid","grid_size_degrees":2,"point_count":1,"intensity":0.002273,"networks":{"ipv4":1},"statuses":{"Unknown":1},"countries":{"CA":1},"sanctioned_nodes":0,"policy_restricted_nodes":0,"threat_infrastructure_nodes":0,"stroke":"#c0d674","fill":"#c0d674","opacity":0.08,"marker_ring":false}},{"type":"Feature","id":"node-density-grid-2:46:-68","geometry":{"type":"Polygon","coordinates":[[[-68,46],[-66,46],[-66,48],[-68,48],[-68,46]]]},"properties":{"name":"2° Density Cell 46,-68","kind":"density-grid","grid_size_degrees":2,"point_count":1,"intensity":0.002273,"networks":{"ipv4":1},"statuses":{"Unknown":1},"countries":{"CA":1},"sanctioned_nodes":0,"policy_restricted_nodes":0,"threat_infrastructure_nodes":0,"stroke":"#c0d674","fill":"#c0d674","opacity":0.08,"marker_ring":false}},{"type":"Feature","id":"node-density-grid-2:46:-62","geometry":{"type":"Polygon","coordinates":[[[-62,46],[-60,46],[-60,48],[-62,48],[-62,46]]]},"properties":{"name":"2° Density Cell 46,-62","kind":"density-grid","grid_size_degrees":2,"point_count":1,"intensity":0.002273,"networks":{"ipv4":1},"statuses":{"Unknown":1},"countries":{"CA":1},"sanctioned_nodes":0,"policy_restricted_nodes":0,"threat_infrastructure_nodes":0,"stroke":"#c0d674","fill":"#c0d674","opacity":0.08,"marker_ring":false}},{"type":"Feature","id":"node-density-grid-2:46:-54","geometry":{"type":"Polygon","coordinates":[[[-54,46],[-52,46],[-52,48],[-54,48],[-54,46]]]},"properties":{"name":"2° Density Cell 46,-54","kind":"density-grid","grid_size_degrees":2,"point_count":1,"intensity":0.002273,"networks":{"ipv4":1},"statuses":{"Unknown":1},"countries":{"CA":1},"sanctioned_nodes":0,"policy_restricted_nodes":0,"threat_infrastructure_nodes":0,"stroke":"#c0d674","fill":"#c0d674","opacity":0.08,"marker_ring":false}},{"type":"Feature","id":"node-density-grid-2:46:-4","geometry":{"type":"Polygon","coordinates":[[[-4,46],[-2,46],[-2,48],[-4,48],[-4,46]]]},"properties":{"name":"2° Density Cell 46,-4","kind":"density-grid","grid_size_degrees":2,"point_count":1,"intensity":0.002273,"networks":{"ipv4":1},"statuses":{"Unknown":1},"countries":{"FR":1},"sanctioned_nodes":0,"policy_restricted_nodes":0,"threat_infrastructure_nodes":0,"stroke":"#c0d674","fill":"#c0d674","opacity":0.08,"marker_ring":false}},{"type":"Feature","id":"node-density-grid-2:46:0","geometry":{"type":"Polygon","coordinates":[[[0,46],[2,46],[2,48],[0,48],[0,46]]]},"properties":{"name":"2° Density Cell 46,0","kind":"density-grid","grid_size_degrees":2,"point_count":1,"intensity":0.002273,"networks":{"ipv4":1},"statuses":{"Unknown":1},"countries":{"FR":1},"sanctioned_nodes":0,"policy_restricted_nodes":0,"threat_infrastructure_nodes":0,"stroke":"#c0d674","fill":"#c0d674","opacity":0.08,"marker_ring":false}},{"type":"Feature","id":"node-density-grid-2:46:24","geometry":{"type":"Polygon","coordinates":[[[24,46],[26,46],[26,48],[24,48],[24,46]]]},"properties":{"name":"2° Density Cell 46,24","kind":"density-grid","grid_size_degrees":2,"point_count":1,"intensity":0.002273,"networks":{"ipv4":1},"statuses":{"Unknown":1},"countries":{"RO":1},"sanctioned_nodes":0,"policy_restricted_nodes":0,"threat_infrastructure_nodes":0,"stroke":"#c0d674","fill":"#c0d674","opacity":0.08,"marker_ring":false}},{"type":"Feature","id":"node-density-grid-2:46:26","geometry":{"type":"Polygon","coordinates":[[[26,46],[28,46],[28,48],[26,48],[26,46]]]},"properties":{"name":"2° Density Cell 46,26","kind":"density-grid","grid_size_degrees":2,"point_count":1,"intensity":0.002273,"networks":{"ipv4":1},"statuses":{"Unknown":1},"countries":{"RO":1},"sanctioned_nodes":0,"policy_restricted_nodes":0,"threat_infrastructure_nodes":0,"stroke":"#c0d674","fill":"#c0d674","opacity":0.08,"marker_ring":false}},{"type":"Feature","id":"node-density-grid-2:46:32","geometry":{"type":"Polygon","coordinates":[[[32,46],[34,46],[34,48],[32,48],[32,46]]]},"properties":{"name":"2° Density Cell 46,32","kind":"density-grid","grid_size_degrees":2,"point_count":1,"intensity":0.002273,"networks":{"ipv4":1},"statuses":{"Unknown":1},"countries":{"UA":1},"sanctioned_nodes":0,"policy_restricted_nodes":0,"threat_infrastructure_nodes":0,"stroke":"#c0d674","fill":"#c0d674","opacity":0.08,"marker_ring":false}},{"type":"Feature","id":"node-density-grid-2:48:-126","geometry":{"type":"Polygon","coordinates":[[[-126,48],[-124,48],[-124,50],[-126,50],[-126,48]]]},"properties":{"name":"2° Density Cell 48,-126","kind":"density-grid","grid_size_degrees":2,"point_count":1,"intensity":0.002273,"networks":{"ipv4":1},"statuses":{"Unknown":1},"countries":{"CA":1},"sanctioned_nodes":0,"policy_restricted_nodes":0,"threat_infrastructure_nodes":0,"stroke":"#c0d674","fill":"#c0d674","opacity":0.08,"marker_ring":false}},{"type":"Feature","id":"node-density-grid-2:48:-122","geometry":{"type":"Polygon","coordinates":[[[-122,48],[-120,48],[-120,50],[-122,50],[-122,48]]]},"properties":{"name":"2° Density Cell 48,-122","kind":"density-grid","grid_size_degrees":2,"point_count":1,"intensity":0.002273,"networks":{"ipv4":1},"statuses":{"Unknown":1},"countries":{"CA":1},"sanctioned_nodes":0,"policy_restricted_nodes":0,"threat_infrastructure_nodes":0,"stroke":"#c0d674","fill":"#c0d674","opacity":0.08,"marker_ring":false}},{"type":"Feature","id":"node-density-grid-2:48:-96","geometry":{"type":"Polygon","coordinates":[[[-96,48],[-94,48],[-94,50],[-96,50],[-96,48]]]},"properties":{"name":"2° Density Cell 48,-96","kind":"density-grid","grid_size_degrees":2,"point_count":1,"intensity":0.002273,"networks":{"ipv4":1},"statuses":{"Unknown":1},"countries":{"US":1},"sanctioned_nodes":0,"policy_restricted_nodes":0,"threat_infrastructure_nodes":0,"stroke":"#c0d674","fill":"#c0d674","opacity":0.08,"marker_ring":false}},{"type":"Feature","id":"node-density-grid-2:48:-70","geometry":{"type":"Polygon","coordinates":[[[-70,48],[-68,48],[-68,50],[-70,50],[-70,48]]]},"properties":{"name":"2° Density Cell 48,-70","kind":"density-grid","grid_size_degrees":2,"point_count":1,"intensity":0.002273,"networks":{"ipv4":1},"statuses":{"Unknown":1},"countries":{"CA":1},"sanctioned_nodes":0,"policy_restricted_nodes":0,"threat_infrastructure_nodes":0,"stroke":"#c0d674","fill":"#c0d674","opacity":0.08,"marker_ring":false}},{"type":"Feature","id":"node-density-grid-2:48:4","geometry":{"type":"Polygon","coordinates":[[[4,48],[6,48],[6,50],[4,50],[4,48]]]},"properties":{"name":"2° Density Cell 48,4","kind":"density-grid","grid_size_degrees":2,"point_count":1,"intensity":0.002273,"networks":{"ipv4":1},"statuses":{"Unknown":1},"countries":{"LU":1},"sanctioned_nodes":0,"policy_restricted_nodes":0,"threat_infrastructure_nodes":0,"stroke":"#c0d674","fill":"#c0d674","opacity":0.08,"marker_ring":false}},{"type":"Feature","id":"node-density-grid-2:48:20","geometry":{"type":"Polygon","coordinates":[[[20,48],[22,48],[22,50],[20,50],[20,48]]]},"properties":{"name":"2° Density Cell 48,20","kind":"density-grid","grid_size_degrees":2,"point_count":1,"intensity":0.002273,"networks":{"ipv4":1},"statuses":{"Unknown":1},"countries":{"PL":1},"sanctioned_nodes":0,"policy_restricted_nodes":0,"threat_infrastructure_nodes":0,"stroke":"#c0d674","fill":"#c0d674","opacity":0.08,"marker_ring":false}},{"type":"Feature","id":"node-density-grid-2:48:24","geometry":{"type":"Polygon","coordinates":[[[24,48],[26,48],[26,50],[24,50],[24,48]]]},"properties":{"name":"2° Density Cell 48,24","kind":"density-grid","grid_size_degrees":2,"point_count":1,"intensity":0.002273,"networks":{"ipv4":1},"statuses":{"Unknown":1},"countries":{"UA":1},"sanctioned_nodes":0,"policy_restricted_nodes":0,"threat_infrastructure_nodes":0,"stroke":"#c0d674","fill":"#c0d674","opacity":0.08,"marker_ring":false}},{"type":"Feature","id":"node-density-grid-2:48:28","geometry":{"type":"Polygon","coordinates":[[[28,48],[30,48],[30,50],[28,50],[28,48]]]},"properties":{"name":"2° Density Cell 48,28","kind":"density-grid","grid_size_degrees":2,"point_count":1,"intensity":0.002273,"networks":{"ipv4":1},"statuses":{"Unknown":1},"countries":{"UA":1},"sanctioned_nodes":0,"policy_restricted_nodes":0,"threat_infrastructure_nodes":0,"stroke":"#c0d674","fill":"#c0d674","opacity":0.08,"marker_ring":false}},{"type":"Feature","id":"node-density-grid-2:50:-122","geometry":{"type":"Polygon","coordinates":[[[-122,50],[-120,50],[-120,52],[-122,52],[-122,50]]]},"properties":{"name":"2° Density Cell 50,-122","kind":"density-grid","grid_size_degrees":2,"point_count":1,"intensity":0.002273,"networks":{"ipv4":1},"statuses":{"Unknown":1},"countries":{"CA":1},"sanctioned_nodes":0,"policy_restricted_nodes":0,"threat_infrastructure_nodes":0,"stroke":"#c0d674","fill":"#c0d674","opacity":0.08,"marker_ring":false}},{"type":"Feature","id":"node-density-grid-2:50:-120","geometry":{"type":"Polygon","coordinates":[[[-120,50],[-118,50],[-118,52],[-120,52],[-120,50]]]},"properties":{"name":"2° Density Cell 50,-120","kind":"density-grid","grid_size_degrees":2,"point_count":1,"intensity":0.002273,"networks":{"ipv4":1},"statuses":{"Unknown":1},"countries":{"CA":1},"sanctioned_nodes":0,"policy_restricted_nodes":0,"threat_infrastructure_nodes":0,"stroke":"#c0d674","fill":"#c0d674","opacity":0.08,"marker_ring":false}},{"type":"Feature","id":"node-density-grid-2:50:-106","geometry":{"type":"Polygon","coordinates":[[[-106,50],[-104,50],[-104,52],[-106,52],[-106,50]]]},"properties":{"name":"2° Density Cell 50,-106","kind":"density-grid","grid_size_degrees":2,"point_count":1,"intensity":0.002273,"networks":{"ipv4":1},"statuses":{"Unknown":1},"countries":{"CA":1},"sanctioned_nodes":0,"policy_restricted_nodes":0,"threat_infrastructure_nodes":0,"stroke":"#c0d674","fill":"#c0d674","opacity":0.08,"marker_ring":false}},{"type":"Feature","id":"node-density-grid-2:50:-94","geometry":{"type":"Polygon","coordinates":[[[-94,50],[-92,50],[-92,52],[-94,52],[-94,50]]]},"properties":{"name":"2° Density Cell 50,-94","kind":"density-grid","grid_size_degrees":2,"point_count":1,"intensity":0.002273,"networks":{"ipv4":1},"statuses":{"Unknown":1},"countries":{"CA":1},"sanctioned_nodes":0,"policy_restricted_nodes":0,"threat_infrastructure_nodes":0,"stroke":"#c0d674","fill":"#c0d674","opacity":0.08,"marker_ring":false}},{"type":"Feature","id":"node-density-grid-2:52:14","geometry":{"type":"Polygon","coordinates":[[[14,52],[16,52],[16,54],[14,54],[14,52]]]},"properties":{"name":"2° Density Cell 52,14","kind":"density-grid","grid_size_degrees":2,"point_count":1,"intensity":0.002273,"networks":{"ipv4":1},"statuses":{"Unknown":1},"countries":{"DE":1},"sanctioned_nodes":0,"policy_restricted_nodes":0,"threat_infrastructure_nodes":0,"stroke":"#c0d674","fill":"#c0d674","opacity":0.08,"marker_ring":false}},{"type":"Feature","id":"node-density-grid-2:52:34","geometry":{"type":"Polygon","coordinates":[[[34,52],[36,52],[36,54],[34,54],[34,52]]]},"properties":{"name":"2° Density Cell 52,34","kind":"density-grid","grid_size_degrees":2,"point_count":1,"intensity":0.002273,"networks":{"ipv4":1},"statuses":{"Unknown":1},"countries":{"RU":1},"sanctioned_nodes":0,"policy_restricted_nodes":0,"threat_infrastructure_nodes":0,"stroke":"#c0d674","fill":"#c0d674","opacity":0.08,"marker_ring":false}},{"type":"Feature","id":"node-density-grid-2:52:40","geometry":{"type":"Polygon","coordinates":[[[40,52],[42,52],[42,54],[40,54],[40,52]]]},"properties":{"name":"2° Density Cell 52,40","kind":"density-grid","grid_size_degrees":2,"point_count":1,"intensity":0.002273,"networks":{"ipv4":1},"statuses":{"Unknown":1},"countries":{"RU":1},"sanctioned_nodes":0,"policy_restricted_nodes":0,"threat_infrastructure_nodes":0,"stroke":"#c0d674","fill":"#c0d674","opacity":0.08,"marker_ring":false}},{"type":"Feature","id":"node-density-grid-2:52:58","geometry":{"type":"Polygon","coordinates":[[[58,52],[60,52],[60,54],[58,54],[58,52]]]},"properties":{"name":"2° Density Cell 52,58","kind":"density-grid","grid_size_degrees":2,"point_count":1,"intensity":0.002273,"networks":{"ipv4":1},"statuses":{"Unknown":1},"countries":{"RU":1},"sanctioned_nodes":0,"policy_restricted_nodes":0,"threat_infrastructure_nodes":0,"stroke":"#c0d674","fill":"#c0d674","opacity":0.08,"marker_ring":false}},{"type":"Feature","id":"node-density-grid-2:52:104","geometry":{"type":"Polygon","coordinates":[[[104,52],[106,52],[106,54],[104,54],[104,52]]]},"properties":{"name":"2° Density Cell 52,104","kind":"density-grid","grid_size_degrees":2,"point_count":1,"intensity":0.002273,"networks":{"ipv4":1},"statuses":{"Unknown":1},"countries":{"RU":1},"sanctioned_nodes":0,"policy_restricted_nodes":0,"threat_infrastructure_nodes":0,"stroke":"#c0d674","fill":"#c0d674","opacity":0.08,"marker_ring":false}},{"type":"Feature","id":"node-density-grid-2:54:-10","geometry":{"type":"Polygon","coordinates":[[[-10,54],[-8,54],[-8,56],[-10,56],[-10,54]]]},"properties":{"name":"2° Density Cell 54,-10","kind":"density-grid","grid_size_degrees":2,"point_count":1,"intensity":0.002273,"networks":{"ipv4":1},"statuses":{"Unknown":1},"countries":{"IE":1},"sanctioned_nodes":0,"policy_restricted_nodes":0,"threat_infrastructure_nodes":0,"stroke":"#c0d674","fill":"#c0d674","opacity":0.08,"marker_ring":false}},{"type":"Feature","id":"node-density-grid-2:54:-4","geometry":{"type":"Polygon","coordinates":[[[-4,54],[-2,54],[-2,56],[-4,56],[-4,54]]]},"properties":{"name":"2° Density Cell 54,-4","kind":"density-grid","grid_size_degrees":2,"point_count":1,"intensity":0.002273,"networks":{"ipv4":1},"statuses":{"Unknown":1},"countries":{"GB":1},"sanctioned_nodes":0,"policy_restricted_nodes":0,"threat_infrastructure_nodes":0,"stroke":"#c0d674","fill":"#c0d674","opacity":0.08,"marker_ring":false}},{"type":"Feature","id":"node-density-grid-2:54:-2","geometry":{"type":"Polygon","coordinates":[[[-2,54],[0,54],[0,56],[-2,56],[-2,54]]]},"properties":{"name":"2° Density Cell 54,-2","kind":"density-grid","grid_size_degrees":2,"point_count":1,"intensity":0.002273,"networks":{"ipv4":1},"statuses":{"Unknown":1},"countries":{"GB":1},"sanctioned_nodes":0,"policy_restricted_nodes":0,"threat_infrastructure_nodes":0,"stroke":"#c0d674","fill":"#c0d674","opacity":0.08,"marker_ring":false}},{"type":"Feature","id":"node-density-grid-2:54:86","geometry":{"type":"Polygon","coordinates":[[[86,54],[88,54],[88,56],[86,56],[86,54]]]},"properties":{"name":"2° Density Cell 54,86","kind":"density-grid","grid_size_degrees":2,"point_count":1,"intensity":0.002273,"networks":{"ipv4":1},"statuses":{"Unknown":1},"countries":{"RU":1},"sanctioned_nodes":0,"policy_restricted_nodes":0,"threat_infrastructure_nodes":0,"stroke":"#c0d674","fill":"#c0d674","opacity":0.08,"marker_ring":false}},{"type":"Feature","id":"node-density-grid-2:54:124","geometry":{"type":"Polygon","coordinates":[[[124,54],[126,54],[126,56],[124,56],[124,54]]]},"properties":{"name":"2° Density Cell 54,124","kind":"density-grid","grid_size_degrees":2,"point_count":1,"intensity":0.002273,"networks":{"ipv4":1},"statuses":{"Unknown":1},"countries":{"RU":1},"sanctioned_nodes":0,"policy_restricted_nodes":0,"threat_infrastructure_nodes":0,"stroke":"#c0d674","fill":"#c0d674","opacity":0.08,"marker_ring":false}},{"type":"Feature","id":"node-density-grid-2:56:-112","geometry":{"type":"Polygon","coordinates":[[[-112,56],[-110,56],[-110,58],[-112,58],[-112,56]]]},"properties":{"name":"2° Density Cell 56,-112","kind":"density-grid","grid_size_degrees":2,"point_count":1,"intensity":0.002273,"networks":{"ipv4":1},"statuses":{"Unknown":1},"countries":{"CA":1},"sanctioned_nodes":0,"policy_restricted_nodes":0,"threat_infrastructure_nodes":0,"stroke":"#c0d674","fill":"#c0d674","opacity":0.08,"marker_ring":false}},{"type":"Feature","id":"node-density-grid-2:56:8","geometry":{"type":"Polygon","coordinates":[[[8,56],[10,56],[10,58],[8,58],[8,56]]]},"properties":{"name":"2° Density Cell 56,8","kind":"density-grid","grid_size_degrees":2,"point_count":1,"intensity":0.002273,"networks":{"ipv4":1},"statuses":{"Unknown":1},"countries":{"DK":1},"sanctioned_nodes":0,"policy_restricted_nodes":0,"threat_infrastructure_nodes":0,"stroke":"#c0d674","fill":"#c0d674","opacity":0.08,"marker_ring":false}},{"type":"Feature","id":"node-density-grid-2:56:14","geometry":{"type":"Polygon","coordinates":[[[14,56],[16,56],[16,58],[14,58],[14,56]]]},"properties":{"name":"2° Density Cell 56,14","kind":"density-grid","grid_size_degrees":2,"point_count":1,"intensity":0.002273,"networks":{"ipv4":1},"statuses":{"Unknown":1},"countries":{"SE":1},"sanctioned_nodes":0,"policy_restricted_nodes":0,"threat_infrastructure_nodes":0,"stroke":"#c0d674","fill":"#c0d674","opacity":0.08,"marker_ring":false}},{"type":"Feature","id":"node-density-grid-2:56:34","geometry":{"type":"Polygon","coordinates":[[[34,56],[36,56],[36,58],[34,58],[34,56]]]},"properties":{"name":"2° Density Cell 56,34","kind":"density-grid","grid_size_degrees":2,"point_count":1,"intensity":0.002273,"networks":{"ipv4":1},"statuses":{"Unknown":1},"countries":{"RU":1},"sanctioned_nodes":0,"policy_restricted_nodes":0,"threat_infrastructure_nodes":0,"stroke":"#c0d674","fill":"#c0d674","opacity":0.08,"marker_ring":false}},{"type":"Feature","id":"node-density-grid-2:56:36","geometry":{"type":"Polygon","coordinates":[[[36,56],[38,56],[38,58],[36,58],[36,56]]]},"properties":{"name":"2° Density Cell 56,36","kind":"density-grid","grid_size_degrees":2,"point_count":1,"intensity":0.002273,"networks":{"ipv4":1},"statuses":{"Unknown":1},"countries":{"RU":1},"sanctioned_nodes":0,"policy_restricted_nodes":0,"threat_infrastructure_nodes":0,"stroke":"#c0d674","fill":"#c0d674","opacity":0.08,"marker_ring":false}},{"type":"Feature","id":"node-density-grid-2:56:44","geometry":{"type":"Polygon","coordinates":[[[44,56],[46,56],[46,58],[44,58],[44,56]]]},"properties":{"name":"2° Density Cell 56,44","kind":"density-grid","grid_size_degrees":2,"point_count":1,"intensity":0.002273,"networks":{"ipv4":1},"statuses":{"Unknown":1},"countries":{"RU":1},"sanctioned_nodes":0,"policy_restricted_nodes":0,"threat_infrastructure_nodes":0,"stroke":"#c0d674","fill":"#c0d674","opacity":0.08,"marker_ring":false}},{"type":"Feature","id":"node-density-grid-2:56:52","geometry":{"type":"Polygon","coordinates":[[[52,56],[54,56],[54,58],[52,58],[52,56]]]},"properties":{"name":"2° Density Cell 56,52","kind":"density-grid","grid_size_degrees":2,"point_count":1,"intensity":0.002273,"networks":{"ipv4":1},"statuses":{"Unknown":1},"countries":{"RU":1},"sanctioned_nodes":0,"policy_restricted_nodes":0,"threat_infrastructure_nodes":0,"stroke":"#c0d674","fill":"#c0d674","opacity":0.08,"marker_ring":false}},{"type":"Feature","id":"node-density-grid-2:58:-120","geometry":{"type":"Polygon","coordinates":[[[-120,58],[-118,58],[-118,60],[-120,60],[-120,58]]]},"properties":{"name":"2° Density Cell 58,-120","kind":"density-grid","grid_size_degrees":2,"point_count":1,"intensity":0.002273,"networks":{"ipv4":1},"statuses":{"Unknown":1},"countries":{"CA":1},"sanctioned_nodes":0,"policy_restricted_nodes":0,"threat_infrastructure_nodes":0,"stroke":"#c0d674","fill":"#c0d674","opacity":0.08,"marker_ring":false}},{"type":"Feature","id":"node-density-grid-2:58:6","geometry":{"type":"Polygon","coordinates":[[[6,58],[8,58],[8,60],[6,60],[6,58]]]},"properties":{"name":"2° Density Cell 58,6","kind":"density-grid","grid_size_degrees":2,"point_count":1,"intensity":0.002273,"networks":{"ipv4":1},"statuses":{"Unknown":1},"countries":{"NO":1},"sanctioned_nodes":0,"policy_restricted_nodes":0,"threat_infrastructure_nodes":0,"stroke":"#c0d674","fill":"#c0d674","opacity":0.08,"marker_ring":false}},{"type":"Feature","id":"node-density-grid-2:58:8","geometry":{"type":"Polygon","coordinates":[[[8,58],[10,58],[10,60],[8,60],[8,58]]]},"properties":{"name":"2° Density Cell 58,8","kind":"density-grid","grid_size_degrees":2,"point_count":1,"intensity":0.002273,"networks":{"ipv4":1},"statuses":{"Unknown":1},"countries":{"NO":1},"sanctioned_nodes":0,"policy_restricted_nodes":0,"threat_infrastructure_nodes":0,"stroke":"#c0d674","fill":"#c0d674","opacity":0.08,"marker_ring":false}},{"type":"Feature","id":"node-density-grid-2:58:12","geometry":{"type":"Polygon","coordinates":[[[12,58],[14,58],[14,60],[12,60],[12,58]]]},"properties":{"name":"2° Density Cell 58,12","kind":"density-grid","grid_size_degrees":2,"point_count":1,"intensity":0.002273,"networks":{"ipv4":1},"statuses":{"Unknown":1},"countries":{"SE":1},"sanctioned_nodes":0,"policy_restricted_nodes":0,"threat_infrastructure_nodes":0,"stroke":"#c0d674","fill":"#c0d674","opacity":0.08,"marker_ring":false}},{"type":"Feature","id":"node-density-grid-2:58:14","geometry":{"type":"Polygon","coordinates":[[[14,58],[16,58],[16,60],[14,60],[14,58]]]},"properties":{"name":"2° Density Cell 58,14","kind":"density-grid","grid_size_degrees":2,"point_count":1,"intensity":0.002273,"networks":{"ipv4":1},"statuses":{"Unknown":1},"countries":{"SE":1},"sanctioned_nodes":0,"policy_restricted_nodes":0,"threat_infrastructure_nodes":0,"stroke":"#c0d674","fill":"#c0d674","opacity":0.08,"marker_ring":false}},{"type":"Feature","id":"node-density-grid-2:58:48","geometry":{"type":"Polygon","coordinates":[[[48,58],[50,58],[50,60],[48,60],[48,58]]]},"properties":{"name":"2° Density Cell 58,48","kind":"density-grid","grid_size_degrees":2,"point_count":1,"intensity":0.002273,"networks":{"ipv4":1},"statuses":{"Unknown":1},"countries":{"RU":1},"sanctioned_nodes":0,"policy_restricted_nodes":0,"threat_infrastructure_nodes":0,"stroke":"#c0d674","fill":"#c0d674","opacity":0.08,"marker_ring":false}},{"type":"Feature","id":"node-density-grid-2:60:-148","geometry":{"type":"Polygon","coordinates":[[[-148,60],[-146,60],[-146,62],[-148,62],[-148,60]]]},"properties":{"name":"2° Density Cell 60,-148","kind":"density-grid","grid_size_degrees":2,"point_count":1,"intensity":0.002273,"networks":{"ipv4":1},"statuses":{"Unknown":1},"countries":{"US":1},"sanctioned_nodes":0,"policy_restricted_nodes":0,"threat_infrastructure_nodes":0,"stroke":"#c0d674","fill":"#c0d674","opacity":0.08,"marker_ring":false}},{"type":"Feature","id":"node-density-grid-2:60:10","geometry":{"type":"Polygon","coordinates":[[[10,60],[12,60],[12,62],[10,62],[10,60]]]},"properties":{"name":"2° Density Cell 60,10","kind":"density-grid","grid_size_degrees":2,"point_count":1,"intensity":0.002273,"networks":{"ipv4":1},"statuses":{"Unknown":1},"countries":{"NO":1},"sanctioned_nodes":0,"policy_restricted_nodes":0,"threat_infrastructure_nodes":0,"stroke":"#c0d674","fill":"#c0d674","opacity":0.08,"marker_ring":false}},{"type":"Feature","id":"node-density-grid-2:60:16","geometry":{"type":"Polygon","coordinates":[[[16,60],[18,60],[18,62],[16,62],[16,60]]]},"properties":{"name":"2° Density Cell 60,16","kind":"density-grid","grid_size_degrees":2,"point_count":1,"intensity":0.002273,"networks":{"ipv4":1},"statuses":{"Unknown":1},"countries":{"SE":1},"sanctioned_nodes":0,"policy_restricted_nodes":0,"threat_infrastructure_nodes":0,"stroke":"#c0d674","fill":"#c0d674","opacity":0.08,"marker_ring":false}},{"type":"Feature","id":"node-density-grid-2:60:22","geometry":{"type":"Polygon","coordinates":[[[22,60],[24,60],[24,62],[22,62],[22,60]]]},"properties":{"name":"2° Density Cell 60,22","kind":"density-grid","grid_size_degrees":2,"point_count":1,"intensity":0.002273,"networks":{"ipv4":1},"statuses":{"Unknown":1},"countries":{"FI":1},"sanctioned_nodes":0,"policy_restricted_nodes":0,"threat_infrastructure_nodes":0,"stroke":"#c0d674","fill":"#c0d674","opacity":0.08,"marker_ring":false}},{"type":"Feature","id":"node-density-grid-2:62:-8","geometry":{"type":"Polygon","coordinates":[[[-8,62],[-6,62],[-6,64],[-8,64],[-8,62]]]},"properties":{"name":"2° Density Cell 62,-8","kind":"density-grid","grid_size_degrees":2,"point_count":1,"intensity":0.002273,"networks":{"ipv4":1},"statuses":{"Unknown":1},"countries":{"FO":1},"sanctioned_nodes":0,"policy_restricted_nodes":0,"threat_infrastructure_nodes":0,"stroke":"#c0d674","fill":"#c0d674","opacity":0.08,"marker_ring":false}},{"type":"Feature","id":"node-density-grid-2:62:20","geometry":{"type":"Polygon","coordinates":[[[20,62],[22,62],[22,64],[20,64],[20,62]]]},"properties":{"name":"2° Density Cell 62,20","kind":"density-grid","grid_size_degrees":2,"point_count":1,"intensity":0.002273,"networks":{"ipv4":1},"statuses":{"Unknown":1},"countries":{"SE":1},"sanctioned_nodes":0,"policy_restricted_nodes":0,"threat_infrastructure_nodes":0,"stroke":"#c0d674","fill":"#c0d674","opacity":0.08,"marker_ring":false}},{"type":"Feature","id":"node-density-grid-2:62:24","geometry":{"type":"Polygon","coordinates":[[[24,62],[26,62],[26,64],[24,64],[24,62]]]},"properties":{"name":"2° Density Cell 62,24","kind":"density-grid","grid_size_degrees":2,"point_count":1,"intensity":0.002273,"networks":{"ipv4":1},"statuses":{"Unknown":1},"countries":{"FI":1},"sanctioned_nodes":0,"policy_restricted_nodes":0,"threat_infrastructure_nodes":0,"stroke":"#c0d674","fill":"#c0d674","opacity":0.08,"marker_ring":false}},{"type":"Feature","id":"node-density-grid-2:64:-24","geometry":{"type":"Polygon","coordinates":[[[-24,64],[-22,64],[-22,66],[-24,66],[-24,64]]]},"properties":{"name":"2° Density Cell 64,-24","kind":"density-grid","grid_size_degrees":2,"point_count":1,"intensity":0.002273,"networks":{"ipv4":1},"statuses":{"Unknown":1},"countries":{"IS":1},"sanctioned_nodes":0,"policy_restricted_nodes":0,"threat_infrastructure_nodes":0,"stroke":"#c0d674","fill":"#c0d674","opacity":0.08,"marker_ring":false}},{"type":"Feature","id":"node-density-grid-2:64:10","geometry":{"type":"Polygon","coordinates":[[[10,64],[12,64],[12,66],[10,66],[10,64]]]},"properties":{"name":"2° Density Cell 64,10","kind":"density-grid","grid_size_degrees":2,"point_count":1,"intensity":0.002273,"networks":{"ipv4":1},"statuses":{"Unknown":1},"countries":{"NO":1},"sanctioned_nodes":0,"policy_restricted_nodes":0,"threat_infrastructure_nodes":0,"stroke":"#c0d674","fill":"#c0d674","opacity":0.08,"marker_ring":false}},{"type":"Feature","id":"node-density-grid-2:64:24","geometry":{"type":"Polygon","coordinates":[[[24,64],[26,64],[26,66],[24,66],[24,64]]]},"properties":{"name":"2° Density Cell 64,24","kind":"density-grid","grid_size_degrees":2,"point_count":1,"intensity":0.002273,"networks":{"ipv4":1},"statuses":{"Unknown":1},"countries":{"FI":1},"sanctioned_nodes":0,"policy_restricted_nodes":0,"threat_infrastructure_nodes":0,"stroke":"#c0d674","fill":"#c0d674","opacity":0.08,"marker_ring":false}},{"type":"Feature","id":"node-density-grid-2:70:22","geometry":{"type":"Polygon","coordinates":[[[22,70],[24,70],[24,72],[22,72],[22,70]]]},"properties":{"name":"2° Density Cell 70,22","kind":"density-grid","grid_size_degrees":2,"point_count":1,"intensity":0.002273,"networks":{"ipv4":1},"statuses":{"Unknown":1},"countries":{"NO":1},"sanctioned_nodes":0,"policy_restricted_nodes":0,"threat_infrastructure_nodes":0,"stroke":"#c0d674","fill":"#c0d674","opacity":0.08,"marker_ring":false}},{"type":"Feature","id":"country-footprint:US","geometry":{"type":"Polygon","coordinates":[[[-108.87092544109277,26.561322481502565],[-84.87092544109277,26.561322481502565],[-84.87092544109277,50.561322481502565],[-108.87092544109277,50.561322481502565],[-108.87092544109277,26.561322481502565]]]},"properties":{"name":"US Node Footprint","kind":"country-footprint","country":"US","point_count":1757,"center_latitude":38.561322481502565,"center_longitude":-96.87092544109277,"sanctioned_nodes":0,"policy_restricted_nodes":0,"threat_infrastructure_nodes":0,"stroke":"#e6a42b","fill":"#e6a42b","opacity":0.12,"marker_ring":false}},{"type":"Feature","id":"country-footprint:DE","geometry":{"type":"Polygon","coordinates":[[[5.177668597765363,46.23032988826816],[14.881718597765362,46.23032988826816],[14.881718597765362,54.233229888268156],[5.177668597765363,54.233229888268156],[5.177668597765363,46.23032988826816]]]},"properties":{"name":"DE Node Footprint","kind":"country-footprint","country":"DE","point_count":895,"center_latitude":50.23177988826816,"center_longitude":10.029693597765363,"sanctioned_nodes":0,"policy_restricted_nodes":0,"threat_infrastructure_nodes":0,"stroke":"#e6a42b","fill":"#e6a42b","opacity":0.12,"marker_ring":false}},{"type":"Feature","id":"country-footprint:CA","geometry":{"type":"Polygon","coordinates":[[[-96.64887810457516,37.02699607843137],[-72.64887810457516,37.02699607843137],[-72.64887810457516,54.953596078431374],[-96.64887810457516,54.953596078431374],[-96.64887810457516,37.02699607843137]]]},"properties":{"name":"CA Node Footprint","kind":"country-footprint","country":"CA","point_count":306,"center_latitude":45.99029607843137,"center_longitude":-84.64887810457516,"sanctioned_nodes":0,"policy_restricted_nodes":0,"threat_infrastructure_nodes":0,"stroke":"#e6a42b","fill":"#e6a42b","opacity":0.12,"marker_ring":false}},{"type":"Feature","id":"country-footprint:NL","geometry":{"type":"Polygon","coordinates":[[[2.7630820089285715,50.327662946428575],[7.2379120089285705,50.327662946428575],[7.2379120089285705,54.30806294642858],[2.7630820089285715,54.30806294642858],[2.7630820089285715,50.327662946428575]]]},"properties":{"name":"NL Node Footprint","kind":"country-footprint","country":"NL","point_count":224,"center_latitude":52.317862946428576,"center_longitude":5.000497008928571,"sanctioned_nodes":0,"policy_restricted_nodes":0,"threat_infrastructure_nodes":0,"stroke":"#e6a42b","fill":"#e6a42b","opacity":0.12,"marker_ring":false}},{"type":"Feature","id":"country-footprint:GB","geometry":{"type":"Polygon","coordinates":[[[-3.5866966959770115,48.97783678160919],[2.733603304022988,48.97783678160919],[2.733603304022988,54.429136781609195],[-3.5866966959770115,54.429136781609195],[-3.5866966959770115,48.97783678160919]]]},"properties":{"name":"GB Node Footprint","kind":"country-footprint","country":"GB","point_count":174,"center_latitude":51.70348678160919,"center_longitude":-0.4265466959770115,"sanctioned_nodes":0,"policy_restricted_nodes":0,"threat_infrastructure_nodes":0,"stroke":"#e6a42b","fill":"#e6a42b","opacity":0.12,"marker_ring":false}},{"type":"Feature","id":"country-footprint:FR","geometry":{"type":"Polygon","coordinates":[[[-4.776375776397516,43.00977981366459],[10.121644223602484,43.00977981366459],[10.121644223602484,53.7946798136646],[-4.776375776397516,53.7946798136646],[-4.776375776397516,43.00977981366459]]]},"properties":{"name":"FR Node Footprint","kind":"country-footprint","country":"FR","point_count":161,"center_latitude":48.4022298136646,"center_longitude":2.6726342236024845,"sanctioned_nodes":0,"policy_restricted_nodes":0,"threat_infrastructure_nodes":0,"stroke":"#e6a42b","fill":"#e6a42b","opacity":0.12,"marker_ring":false}},{"type":"Feature","id":"country-footprint:AU","geometry":{"type":"Polygon","coordinates":[[[134.57474842767294,-45.33018742138365],[158.57474842767294,-45.33018742138365],[158.57474842767294,-21.33018742138365],[134.57474842767294,-21.33018742138365],[134.57474842767294,-45.33018742138365]]]},"properties":{"name":"AU Node Footprint","kind":"country-footprint","country":"AU","point_count":159,"center_latitude":-33.33018742138365,"center_longitude":146.57474842767294,"sanctioned_nodes":0,"policy_restricted_nodes":0,"threat_infrastructure_nodes":0,"stroke":"#e6a42b","fill":"#e6a42b","opacity":0.12,"marker_ring":false}},{"type":"Feature","id":"country-footprint:SG","geometry":{"type":"Polygon","coordinates":[[[102.80895833333332,0.3398365000000001],[104.80895833333332,0.3398365000000001],[104.80895833333332,2.3398365],[102.80895833333332,2.3398365],[102.80895833333332,0.3398365000000001]]]},"properties":{"name":"SG Node Footprint","kind":"country-footprint","country":"SG","point_count":120,"center_latitude":1.3398365,"center_longitude":103.80895833333332,"sanctioned_nodes":0,"policy_restricted_nodes":0,"threat_infrastructure_nodes":0,"stroke":"#e6a42b","fill":"#e6a42b","opacity":0.12,"marker_ring":false}},{"type":"Feature","id":"country-footprint:KR","geometry":{"type":"Polygon","coordinates":[[[125.25314018691589,35.291335046728975],[128.85914018691588,35.291335046728975],[128.85914018691588,39.36683504672898],[125.25314018691589,39.36683504672898],[125.25314018691589,35.291335046728975]]]},"properties":{"name":"KR Node Footprint","kind":"country-footprint","country":"KR","point_count":107,"center_latitude":37.32908504672898,"center_longitude":127.05614018691588,"sanctioned_nodes":0,"policy_restricted_nodes":0,"threat_infrastructure_nodes":0,"stroke":"#e6a42b","fill":"#e6a42b","opacity":0.12,"marker_ring":false}},{"type":"Feature","id":"country-footprint:CH","geometry":{"type":"Polygon","coordinates":[[[5.196594622641509,45.549515094339625],[10.68224462264151,45.549515094339625],[10.68224462264151,48.60611509433963],[5.196594622641509,48.60611509433963],[5.196594622641509,45.549515094339625]]]},"properties":{"name":"CH Node Footprint","kind":"country-footprint","country":"CH","point_count":106,"center_latitude":47.07781509433963,"center_longitude":7.93941962264151,"sanctioned_nodes":0,"policy_restricted_nodes":0,"threat_infrastructure_nodes":0,"stroke":"#e6a42b","fill":"#e6a42b","opacity":0.12,"marker_ring":false}},{"type":"Feature","id":"country-footprint:JP","geometry":{"type":"Polygon","coordinates":[[[131.59562499999998,29.65641145833333],[145.414625,29.65641145833333],[145.414625,41.02541145833333],[131.59562499999998,41.02541145833333],[131.59562499999998,29.65641145833333]]]},"properties":{"name":"JP Node Footprint","kind":"country-footprint","country":"JP","point_count":96,"center_latitude":35.34091145833333,"center_longitude":138.505125,"sanctioned_nodes":0,"policy_restricted_nodes":0,"threat_infrastructure_nodes":0,"stroke":"#e6a42b","fill":"#e6a42b","opacity":0.12,"marker_ring":false}},{"type":"Feature","id":"country-footprint:FI","geometry":{"type":"Polygon","coordinates":[[[21.413094736842105,57.16645263157895],[28.833994736842108,57.16645263157895],[28.833994736842108,63.51305263157896],[21.413094736842105,63.51305263157896],[21.413094736842105,57.16645263157895]]]},"properties":{"name":"FI Node Footprint","kind":"country-footprint","country":"FI","point_count":76,"center_latitude":60.33975263157895,"center_longitude":25.123544736842106,"sanctioned_nodes":0,"policy_restricted_nodes":0,"threat_infrastructure_nodes":0,"stroke":"#e6a42b","fill":"#e6a42b","opacity":0.12,"marker_ring":false}},{"type":"Feature","id":"country-footprint:RU","geometry":{"type":"Polygon","coordinates":[[[33.38255657894737,47.87458947368421],[57.38255657894737,47.87458947368421],[57.38255657894737,64.90468947368421],[33.38255657894737,64.90468947368421],[33.38255657894737,47.87458947368421]]]},"properties":{"name":"RU Node Footprint","kind":"country-footprint","country":"RU","point_count":76,"center_latitude":56.38963947368421,"center_longitude":45.38255657894737,"sanctioned_nodes":0,"policy_restricted_nodes":0,"threat_infrastructure_nodes":0,"stroke":"#e6a42b","fill":"#e6a42b","opacity":0.12,"marker_ring":false}},{"type":"Feature","id":"country-footprint:SE","geometry":{"type":"Polygon","coordinates":[[[11.299245238095239,53.479671428571436],[22.905945238095242,53.479671428571436],[22.905945238095242,65.03447142857144],[11.299245238095239,65.03447142857144],[11.299245238095239,53.479671428571436]]]},"properties":{"name":"SE Node Footprint","kind":"country-footprint","country":"SE","point_count":63,"center_latitude":59.257071428571436,"center_longitude":17.10259523809524,"sanctioned_nodes":0,"policy_restricted_nodes":0,"threat_infrastructure_nodes":0,"stroke":"#e6a42b","fill":"#e6a42b","opacity":0.12,"marker_ring":false}},{"type":"Feature","id":"country-footprint:HK","geometry":{"type":"Polygon","coordinates":[[[113.16589655172413,21.32673793103448],[115.16589655172413,21.32673793103448],[115.16589655172413,23.32673793103448],[113.16589655172413,23.32673793103448],[113.16589655172413,21.32673793103448]]]},"properties":{"name":"HK Node Footprint","kind":"country-footprint","country":"HK","point_count":58,"center_latitude":22.32673793103448,"center_longitude":114.16589655172413,"sanctioned_nodes":0,"policy_restricted_nodes":0,"threat_infrastructure_nodes":0,"stroke":"#e6a42b","fill":"#e6a42b","opacity":0.12,"marker_ring":false}},{"type":"Feature","id":"country-footprint:BR","geometry":{"type":"Polygon","coordinates":[[[-55.95058846153846,-31.262],[-39.35558846153846,-31.262],[-39.35558846153846,-15.6417],[-55.95058846153846,-15.6417],[-55.95058846153846,-31.262]]]},"properties":{"name":"BR Node Footprint","kind":"country-footprint","country":"BR","point_count":52,"center_latitude":-23.45185,"center_longitude":-47.65308846153846,"sanctioned_nodes":0,"policy_restricted_nodes":0,"threat_infrastructure_nodes":0,"stroke":"#e6a42b","fill":"#e6a42b","opacity":0.12,"marker_ring":false}},{"type":"Feature","id":"country-footprint:IT","geometry":{"type":"Polygon","coordinates":[[[6.1750475675675665,41.864627027027026],[14.329567567567565,41.864627027027026],[14.329567567567565,47.90202702702703],[6.1750475675675665,47.90202702702703],[6.1750475675675665,41.864627027027026]]]},"properties":{"name":"IT Node Footprint","kind":"country-footprint","country":"IT","point_count":37,"center_latitude":44.88332702702703,"center_longitude":10.252307567567566,"sanctioned_nodes":0,"policy_restricted_nodes":0,"threat_infrastructure_nodes":0,"stroke":"#e6a42b","fill":"#e6a42b","opacity":0.12,"marker_ring":false}},{"type":"Feature","id":"country-footprint:CZ","geometry":{"type":"Polygon","coordinates":[[[11.957481249999999,48.124615625],[18.775581250000002,48.124615625],[18.775581250000002,51.552015625],[11.957481249999999,51.552015625],[11.957481249999999,48.124615625]]]},"properties":{"name":"CZ Node Footprint","kind":"country-footprint","country":"CZ","point_count":32,"center_latitude":49.838315625,"center_longitude":15.36653125,"sanctioned_nodes":0,"policy_restricted_nodes":0,"threat_infrastructure_nodes":0,"stroke":"#e6a42b","fill":"#e6a42b","opacity":0.12,"marker_ring":false}},{"type":"Feature","id":"country-footprint:ES","geometry":{"type":"Polygon","coordinates":[[[-12.669898214285714,31.369110714285718],[6.404791785714286,31.369110714285718],[6.404791785714286,48.06411071428571],[-12.669898214285714,48.06411071428571],[-12.669898214285714,31.369110714285718]]]},"properties":{"name":"ES Node Footprint","kind":"country-footprint","country":"ES","point_count":28,"center_latitude":39.716610714285714,"center_longitude":-3.132553214285714,"sanctioned_nodes":0,"policy_restricted_nodes":0,"threat_infrastructure_nodes":0,"stroke":"#e6a42b","fill":"#e6a42b","opacity":0.12,"marker_ring":false}},{"type":"Feature","id":"country-footprint:IN","geometry":{"type":"Polygon","coordinates":[[[63.90094285714285,10.858010714285715],[87.73484285714285,10.858010714285715],[87.73484285714285,27.901410714285714],[63.90094285714285,27.901410714285714],[63.90094285714285,10.858010714285715]]]},"properties":{"name":"IN Node Footprint","kind":"country-footprint","country":"IN","point_count":28,"center_latitude":19.379710714285714,"center_longitude":75.81789285714285,"sanctioned_nodes":0,"policy_restricted_nodes":0,"threat_infrastructure_nodes":0,"stroke":"#e6a42b","fill":"#e6a42b","opacity":0.12,"marker_ring":false}},{"type":"Feature","id":"country-footprint:AT","geometry":{"type":"Polygon","coordinates":[[[10.752645555555555,46.27635185185186],[19.097105555555558,46.27635185185186],[19.097105555555558,49.45815185185185],[10.752645555555555,49.45815185185185],[10.752645555555555,46.27635185185186]]]},"properties":{"name":"AT Node Footprint","kind":"country-footprint","country":"AT","point_count":27,"center_latitude":47.867251851851854,"center_longitude":14.924875555555555,"sanctioned_nodes":0,"policy_restricted_nodes":0,"threat_infrastructure_nodes":0,"stroke":"#e6a42b","fill":"#e6a42b","opacity":0.12,"marker_ring":false}},{"type":"Feature","id":"country-footprint:UA","geometry":{"type":"Polygon","coordinates":[[[25.618653703703703,45.71935925925926],[38.78895370370371,45.71935925925926],[38.78895370370371,53.13035925925926],[25.618653703703703,53.13035925925926],[25.618653703703703,45.71935925925926]]]},"properties":{"name":"UA Node Footprint","kind":"country-footprint","country":"UA","point_count":27,"center_latitude":49.42485925925926,"center_longitude":32.203803703703706,"sanctioned_nodes":0,"policy_restricted_nodes":0,"threat_infrastructure_nodes":0,"stroke":"#e6a42b","fill":"#e6a42b","opacity":0.12,"marker_ring":false}},{"type":"Feature","id":"country-footprint:NZ","geometry":{"type":"Polygon","coordinates":[[[168.95121999999998,-44.375168],[178.64022,-44.375168],[178.64022,-33.383368000000004],[168.95121999999998,-33.383368000000004],[168.95121999999998,-44.375168]]]},"properties":{"name":"NZ Node Footprint","kind":"country-footprint","country":"NZ","point_count":25,"center_latitude":-38.879268,"center_longitude":173.79572,"sanctioned_nodes":0,"policy_restricted_nodes":0,"threat_infrastructure_nodes":0,"stroke":"#e6a42b","fill":"#e6a42b","opacity":0.12,"marker_ring":false}},{"type":"Feature","id":"country-footprint:PL","geometry":{"type":"Polygon","coordinates":[[[16.16870652173913,49.140669565217394],[23.21580652173913,49.140669565217394],[23.21580652173913,55.192469565217394],[16.16870652173913,55.192469565217394],[16.16870652173913,49.140669565217394]]]},"properties":{"name":"PL Node Footprint","kind":"country-footprint","country":"PL","point_count":23,"center_latitude":52.166569565217394,"center_longitude":19.69225652173913,"sanctioned_nodes":0,"policy_restricted_nodes":0,"threat_infrastructure_nodes":0,"stroke":"#e6a42b","fill":"#e6a42b","opacity":0.12,"marker_ring":false}},{"type":"Feature","id":"country-footprint:CN","geometry":{"type":"Polygon","coordinates":[[[106.78127272727272,21.104572727272725],[125.68827272727273,21.104572727272725],[125.68827272727273,39.39647272727272],[106.78127272727272,39.39647272727272],[106.78127272727272,21.104572727272725]]]},"properties":{"name":"CN Node Footprint","kind":"country-footprint","country":"CN","point_count":22,"center_latitude":30.250522727272724,"center_longitude":116.23477272727273,"sanctioned_nodes":0,"policy_restricted_nodes":0,"threat_infrastructure_nodes":0,"stroke":"#e6a42b","fill":"#e6a42b","opacity":0.12,"marker_ring":false}},{"type":"Feature","id":"country-footprint:BG","geometry":{"type":"Polygon","coordinates":[[[20.890545,40.906475],[27.418345,40.906475],[27.418345,44.66477499999999],[20.890545,44.66477499999999],[20.890545,40.906475]]]},"properties":{"name":"BG Node Footprint","kind":"country-footprint","country":"BG","point_count":20,"center_latitude":42.785624999999996,"center_longitude":24.154445,"sanctioned_nodes":0,"policy_restricted_nodes":0,"threat_infrastructure_nodes":0,"stroke":"#e6a42b","fill":"#e6a42b","opacity":0.12,"marker_ring":false}},{"type":"Feature","id":"country-footprint:IE","geometry":{"type":"Polygon","coordinates":[[[-8.843243823529413,51.89342352941177],[-4.574913823529412,51.89342352941177],[-4.574913823529412,54.859023529411765],[-8.843243823529413,54.859023529411765],[-8.843243823529413,51.89342352941177]]]},"properties":{"name":"IE Node Footprint","kind":"country-footprint","country":"IE","point_count":17,"center_latitude":53.37622352941177,"center_longitude":-6.7090788235294125,"sanctioned_nodes":0,"policy_restricted_nodes":0,"threat_infrastructure_nodes":0,"stroke":"#e6a42b","fill":"#e6a42b","opacity":0.12,"marker_ring":false}},{"type":"Feature","id":"country-footprint:TH","geometry":{"type":"Polygon","coordinates":[[[98.18275882352941,9.411022647058822],[103.8289588235294,9.411022647058822],[103.8289588235294,17.472992647058824],[98.18275882352941,17.472992647058824],[98.18275882352941,9.411022647058822]]]},"properties":{"name":"TH Node Footprint","kind":"country-footprint","country":"TH","point_count":17,"center_latitude":13.442007647058823,"center_longitude":101.00585882352941,"sanctioned_nodes":0,"policy_restricted_nodes":0,"threat_infrastructure_nodes":0,"stroke":"#e6a42b","fill":"#e6a42b","opacity":0.12,"marker_ring":false}},{"type":"Feature","id":"country-footprint:TW","geometry":{"type":"Polygon","coordinates":[[[120.36223529411764,24.058135294117648],[122.36223529411764,24.058135294117648],[122.36223529411764,26.058135294117648],[120.36223529411764,26.058135294117648],[120.36223529411764,24.058135294117648]]]},"properties":{"name":"TW Node Footprint","kind":"country-footprint","country":"TW","point_count":17,"center_latitude":25.058135294117648,"center_longitude":121.36223529411764,"sanctioned_nodes":0,"policy_restricted_nodes":0,"threat_infrastructure_nodes":0,"stroke":"#e6a42b","fill":"#e6a42b","opacity":0.12,"marker_ring":false}},{"type":"Feature","id":"country-footprint:ZA","geometry":{"type":"Polygon","coordinates":[[[14.984408823529412,-36.23470882352941],[29.05750882352941,-36.23470882352941],[29.05750882352941,-26.53420882352941],[14.984408823529412,-26.53420882352941],[14.984408823529412,-36.23470882352941]]]},"properties":{"name":"ZA Node Footprint","kind":"country-footprint","country":"ZA","point_count":17,"center_latitude":-31.38445882352941,"center_longitude":22.020958823529412,"sanctioned_nodes":0,"policy_restricted_nodes":0,"threat_infrastructure_nodes":0,"stroke":"#e6a42b","fill":"#e6a42b","opacity":0.12,"marker_ring":false}},{"type":"Feature","id":"country-footprint:BE","geometry":{"type":"Polygon","coordinates":[[[3.1320646666666674,49.79072],[5.494924666666667,49.79072],[5.494924666666667,51.79072],[3.1320646666666674,51.79072],[3.1320646666666674,49.79072]]]},"properties":{"name":"BE Node Footprint","kind":"country-footprint","country":"BE","point_count":15,"center_latitude":50.79072,"center_longitude":4.313494666666667,"sanctioned_nodes":0,"policy_restricted_nodes":0,"threat_infrastructure_nodes":0,"stroke":"#e6a42b","fill":"#e6a42b","opacity":0.12,"marker_ring":false}},{"type":"Feature","id":"country-footprint:ID","geometry":{"type":"Polygon","coordinates":[[[103.73064285714287,-8.783050714285714],[113.62664285714285,-8.783050714285714],[113.62664285714285,-4.773350714285715],[103.73064285714287,-4.773350714285715],[103.73064285714287,-8.783050714285714]]]},"properties":{"name":"ID Node Footprint","kind":"country-footprint","country":"ID","point_count":14,"center_latitude":-6.778200714285715,"center_longitude":108.67864285714286,"sanctioned_nodes":0,"policy_restricted_nodes":0,"threat_infrastructure_nodes":0,"stroke":"#e6a42b","fill":"#e6a42b","opacity":0.12,"marker_ring":false}},{"type":"Feature","id":"country-footprint:NO","geometry":{"type":"Polygon","coordinates":[[[2.244611428571428,54.12538571428571],[19.972091428571428,54.12538571428571],[19.972091428571428,68.26108571428571],[2.244611428571428,68.26108571428571],[2.244611428571428,54.12538571428571]]]},"properties":{"name":"NO Node Footprint","kind":"country-footprint","country":"NO","point_count":14,"center_latitude":61.19323571428571,"center_longitude":11.108351428571428,"sanctioned_nodes":0,"policy_restricted_nodes":0,"threat_infrastructure_nodes":0,"stroke":"#e6a42b","fill":"#e6a42b","opacity":0.12,"marker_ring":false}},{"type":"Feature","id":"country-footprint:RO","geometry":{"type":"Polygon","coordinates":[[[23.601665384615387,43.10107692307692],[27.607965384615383,43.10107692307692],[27.607965384615383,47.224276923076914],[23.601665384615387,47.224276923076914],[23.601665384615387,43.10107692307692]]]},"properties":{"name":"RO Node Footprint","kind":"country-footprint","country":"RO","point_count":13,"center_latitude":45.162676923076916,"center_longitude":25.604815384615385,"sanctioned_nodes":0,"policy_restricted_nodes":0,"threat_infrastructure_nodes":0,"stroke":"#e6a42b","fill":"#e6a42b","opacity":0.12,"marker_ring":false}},{"type":"Feature","id":"country-footprint:AR","geometry":{"type":"Polygon","coordinates":[[[-67.941425,-43.899924999999996],[-52.69562500000001,-43.899924999999996],[-52.69562500000001,-28.270025],[-67.941425,-28.270025],[-67.941425,-43.899924999999996]]]},"properties":{"name":"AR Node Footprint","kind":"country-footprint","country":"AR","point_count":12,"center_latitude":-36.084975,"center_longitude":-60.318525,"sanctioned_nodes":0,"policy_restricted_nodes":0,"threat_infrastructure_nodes":0,"stroke":"#e6a42b","fill":"#e6a42b","opacity":0.12,"marker_ring":false}},{"type":"Feature","id":"country-footprint:PT","geometry":{"type":"Polygon","coordinates":[[[-10.155399090909093,37.861722727272735],[-7.367559090909091,37.861722727272735],[-7.367559090909091,41.992422727272725],[-10.155399090909093,41.992422727272725],[-10.155399090909093,37.861722727272735]]]},"properties":{"name":"PT Node Footprint","kind":"country-footprint","country":"PT","point_count":11,"center_latitude":39.92707272727273,"center_longitude":-8.761479090909091,"sanctioned_nodes":0,"policy_restricted_nodes":0,"threat_infrastructure_nodes":0,"stroke":"#e6a42b","fill":"#e6a42b","opacity":0.12,"marker_ring":false}},{"type":"Feature","id":"country-footprint:HU","geometry":{"type":"Polygon","coordinates":[[[17.88393,45.858050000000006],[20.14653,45.858050000000006],[20.14653,48.81815],[17.88393,48.81815],[17.88393,45.858050000000006]]]},"properties":{"name":"HU Node Footprint","kind":"country-footprint","country":"HU","point_count":10,"center_latitude":47.338100000000004,"center_longitude":19.01523,"sanctioned_nodes":0,"policy_restricted_nodes":0,"threat_infrastructure_nodes":0,"stroke":"#e6a42b","fill":"#e6a42b","opacity":0.12,"marker_ring":false}},{"type":"Feature","id":"country-footprint:DK","geometry":{"type":"Polygon","coordinates":[[[7.8716550000000005,53.817275],[12.903935,53.817275],[12.903935,58.127975],[7.8716550000000005,58.127975],[7.8716550000000005,53.817275]]]},"properties":{"name":"DK Node Footprint","kind":"country-footprint","country":"DK","point_count":8,"center_latitude":55.972625,"center_longitude":10.387795,"sanctioned_nodes":0,"policy_restricted_nodes":0,"threat_infrastructure_nodes":0,"stroke":"#e6a42b","fill":"#e6a42b","opacity":0.12,"marker_ring":false}},{"type":"Feature","id":"country-footprint:MX","geometry":{"type":"Polygon","coordinates":[[[-102.3474,17.52905],[-97.50880000000001,17.52905],[-97.50880000000001,25.32035],[-102.3474,25.32035],[-102.3474,17.52905]]]},"properties":{"name":"MX Node Footprint","kind":"country-footprint","country":"MX","point_count":8,"center_latitude":21.4247,"center_longitude":-99.9281,"sanctioned_nodes":0,"policy_restricted_nodes":0,"threat_infrastructure_nodes":0,"stroke":"#e6a42b","fill":"#e6a42b","opacity":0.12,"marker_ring":false}},{"type":"Feature","id":"country-footprint:LT","geometry":{"type":"Polygon","coordinates":[[[22.398857142857143,54.023492857142855],[25.901857142857143,54.023492857142855],[25.901857142857143,56.77119285714285],[22.398857142857143,56.77119285714285],[22.398857142857143,54.023492857142855]]]},"properties":{"name":"LT Node Footprint","kind":"country-footprint","country":"LT","point_count":7,"center_latitude":55.39734285714285,"center_longitude":24.150357142857143,"sanctioned_nodes":0,"policy_restricted_nodes":0,"threat_infrastructure_nodes":0,"stroke":"#e6a42b","fill":"#e6a42b","opacity":0.12,"marker_ring":false}},{"type":"Feature","id":"country-footprint:MD","geometry":{"type":"Polygon","coordinates":[[[27.838300000000004,45.998828571428575],[30.110500000000002,45.998828571428575],[30.110500000000002,47.998828571428575],[27.838300000000004,47.998828571428575],[27.838300000000004,45.998828571428575]]]},"properties":{"name":"MD Node Footprint","kind":"country-footprint","country":"MD","point_count":7,"center_latitude":46.998828571428575,"center_longitude":28.974400000000003,"sanctioned_nodes":0,"policy_restricted_nodes":0,"threat_infrastructure_nodes":0,"stroke":"#e6a42b","fill":"#e6a42b","opacity":0.12,"marker_ring":false}},{"type":"Feature","id":"country-footprint:TR","geometry":{"type":"Polygon","coordinates":[[[26.851333333333333,37.25385],[34.21993333333333,37.25385],[34.21993333333333,43.04705],[26.851333333333333,43.04705],[26.851333333333333,37.25385]]]},"properties":{"name":"TR Node Footprint","kind":"country-footprint","country":"TR","point_count":6,"center_latitude":40.15045,"center_longitude":30.535633333333333,"sanctioned_nodes":0,"policy_restricted_nodes":0,"threat_infrastructure_nodes":0,"stroke":"#e6a42b","fill":"#e6a42b","opacity":0.12,"marker_ring":false}},{"type":"Feature","id":"country-footprint:CL","geometry":{"type":"Polygon","coordinates":[[[-71.70400000000001,-34.486959999999996],[-69.70400000000001,-34.486959999999996],[-69.70400000000001,-32.486959999999996],[-71.70400000000001,-32.486959999999996],[-71.70400000000001,-34.486959999999996]]]},"properties":{"name":"CL Node Footprint","kind":"country-footprint","country":"CL","point_count":5,"center_latitude":-33.486959999999996,"center_longitude":-70.70400000000001,"sanctioned_nodes":0,"policy_restricted_nodes":0,"threat_infrastructure_nodes":0,"stroke":"#e6a42b","fill":"#e6a42b","opacity":0.12,"marker_ring":false}},{"type":"Feature","id":"country-footprint:CO","geometry":{"type":"Polygon","coordinates":[[[-75.89597,3.4912709999999993],[-72.85387,3.4912709999999993],[-72.85387,6.518960999999999],[-75.89597,6.518960999999999],[-75.89597,3.4912709999999993]]]},"properties":{"name":"CO Node Footprint","kind":"country-footprint","country":"CO","point_count":5,"center_latitude":5.005115999999999,"center_longitude":-74.37492,"sanctioned_nodes":0,"policy_restricted_nodes":0,"threat_infrastructure_nodes":0,"stroke":"#e6a42b","fill":"#e6a42b","opacity":0.12,"marker_ring":false}},{"type":"Feature","id":"country-footprint:IL","geometry":{"type":"Polygon","coordinates":[[[33.878460000000004,31.08858],[35.878460000000004,31.08858],[35.878460000000004,33.08858],[33.878460000000004,33.08858],[33.878460000000004,31.08858]]]},"properties":{"name":"IL Node Footprint","kind":"country-footprint","country":"IL","point_count":5,"center_latitude":32.08858,"center_longitude":34.878460000000004,"sanctioned_nodes":0,"policy_restricted_nodes":0,"threat_infrastructure_nodes":0,"stroke":"#e6a42b","fill":"#e6a42b","opacity":0.12,"marker_ring":false}},{"type":"Feature","id":"country-footprint:LV","geometry":{"type":"Polygon","coordinates":[[[23.1315,55.958360000000006],[25.1315,55.958360000000006],[25.1315,57.958360000000006],[23.1315,57.958360000000006],[23.1315,55.958360000000006]]]},"properties":{"name":"LV Node Footprint","kind":"country-footprint","country":"LV","point_count":5,"center_latitude":56.958360000000006,"center_longitude":24.1315,"sanctioned_nodes":0,"policy_restricted_nodes":0,"threat_infrastructure_nodes":0,"stroke":"#e6a42b","fill":"#e6a42b","opacity":0.12,"marker_ring":false}},{"type":"Feature","id":"country-footprint:MY","geometry":{"type":"Polygon","coordinates":[[[100.6804,2.1121679999999996],[102.6804,2.1121679999999996],[102.6804,4.112168],[100.6804,4.112168],[100.6804,2.1121679999999996]]]},"properties":{"name":"MY Node Footprint","kind":"country-footprint","country":"MY","point_count":5,"center_latitude":3.1121679999999996,"center_longitude":101.6804,"sanctioned_nodes":0,"policy_restricted_nodes":0,"threat_infrastructure_nodes":0,"stroke":"#e6a42b","fill":"#e6a42b","opacity":0.12,"marker_ring":false}},{"type":"Feature","id":"country-footprint:OM","geometry":{"type":"Polygon","coordinates":[[[57.5441,22.599339999999998],[59.5441,22.599339999999998],[59.5441,24.599339999999998],[57.5441,24.599339999999998],[57.5441,22.599339999999998]]]},"properties":{"name":"OM Node Footprint","kind":"country-footprint","country":"OM","point_count":5,"center_latitude":23.599339999999998,"center_longitude":58.5441,"sanctioned_nodes":0,"policy_restricted_nodes":0,"threat_infrastructure_nodes":0,"stroke":"#e6a42b","fill":"#e6a42b","opacity":0.12,"marker_ring":false}},{"type":"Feature","id":"country-footprint:SI","geometry":{"type":"Polygon","coordinates":[[[13.51988,45.05972],[15.51988,45.05972],[15.51988,47.05972],[13.51988,47.05972],[13.51988,45.05972]]]},"properties":{"name":"SI Node Footprint","kind":"country-footprint","country":"SI","point_count":5,"center_latitude":46.05972,"center_longitude":14.51988,"sanctioned_nodes":0,"policy_restricted_nodes":0,"threat_infrastructure_nodes":0,"stroke":"#e6a42b","fill":"#e6a42b","opacity":0.12,"marker_ring":false}},{"type":"Feature","id":"country-footprint:AE","geometry":{"type":"Polygon","coordinates":[[[54.30185,24.23955],[56.30185,24.23955],[56.30185,26.23955],[54.30185,26.23955],[54.30185,24.23955]]]},"properties":{"name":"AE Node Footprint","kind":"country-footprint","country":"AE","point_count":4,"center_latitude":25.23955,"center_longitude":55.30185,"sanctioned_nodes":0,"policy_restricted_nodes":0,"threat_infrastructure_nodes":0,"stroke":"#e6a42b","fill":"#e6a42b","opacity":0.12,"marker_ring":false}},{"type":"Feature","id":"country-footprint:GR","geometry":{"type":"Polygon","coordinates":[[[22.025374999999997,36.629374999999996],[24.818975000000002,36.629374999999996],[24.818975000000002,40.464175],[22.025374999999997,40.464175],[22.025374999999997,36.629374999999996]]]},"properties":{"name":"GR Node Footprint","kind":"country-footprint","country":"GR","point_count":4,"center_latitude":38.546775,"center_longitude":23.422175,"sanctioned_nodes":0,"policy_restricted_nodes":0,"threat_infrastructure_nodes":0,"stroke":"#e6a42b","fill":"#e6a42b","opacity":0.12,"marker_ring":false}},{"type":"Feature","id":"country-footprint:SK","geometry":{"type":"Polygon","coordinates":[[[16.172925,47.310625],[19.364125,47.310625],[19.364125,49.764525000000006],[16.172925,49.764525000000006],[16.172925,47.310625]]]},"properties":{"name":"SK Node Footprint","kind":"country-footprint","country":"SK","point_count":4,"center_latitude":48.537575000000004,"center_longitude":17.768525,"sanctioned_nodes":0,"policy_restricted_nodes":0,"threat_infrastructure_nodes":0,"stroke":"#e6a42b","fill":"#e6a42b","opacity":0.12,"marker_ring":false}},{"type":"Feature","id":"country-footprint:UY","geometry":{"type":"Polygon","coordinates":[[[-58.864925,-35.593149999999994],[-53.920424999999994,-35.593149999999994],[-53.920424999999994,-31.561649999999997],[-58.864925,-31.561649999999997],[-58.864925,-35.593149999999994]]]},"properties":{"name":"UY Node Footprint","kind":"country-footprint","country":"UY","point_count":4,"center_latitude":-33.5774,"center_longitude":-56.392675,"sanctioned_nodes":0,"policy_restricted_nodes":0,"threat_infrastructure_nodes":0,"stroke":"#e6a42b","fill":"#e6a42b","opacity":0.12,"marker_ring":false}},{"type":"Feature","id":"country-footprint:CR","geometry":{"type":"Polygon","coordinates":[[[-85.022,8.91916],[-83.022,8.91916],[-83.022,10.91916],[-85.022,10.91916],[-85.022,8.91916]]]},"properties":{"name":"CR Node Footprint","kind":"country-footprint","country":"CR","point_count":3,"center_latitude":9.91916,"center_longitude":-84.022,"sanctioned_nodes":0,"policy_restricted_nodes":0,"threat_infrastructure_nodes":0,"stroke":"#e6a42b","fill":"#e6a42b","opacity":0.12,"marker_ring":false}},{"type":"Feature","id":"country-footprint:EE","geometry":{"type":"Polygon","coordinates":[[[23.75283333333333,58.435066666666664],[25.75283333333333,58.435066666666664],[25.75283333333333,60.435066666666664],[23.75283333333333,60.435066666666664],[23.75283333333333,58.435066666666664]]]},"properties":{"name":"EE Node Footprint","kind":"country-footprint","country":"EE","point_count":3,"center_latitude":59.435066666666664,"center_longitude":24.75283333333333,"sanctioned_nodes":0,"policy_restricted_nodes":0,"threat_infrastructure_nodes":0,"stroke":"#e6a42b","fill":"#e6a42b","opacity":0.12,"marker_ring":false}},{"type":"Feature","id":"country-footprint:GE","geometry":{"type":"Polygon","coordinates":[[[43.79866666666666,40.6992],[45.79866666666666,40.6992],[45.79866666666666,42.6992],[43.79866666666666,42.6992],[43.79866666666666,40.6992]]]},"properties":{"name":"GE Node Footprint","kind":"country-footprint","country":"GE","point_count":3,"center_latitude":41.6992,"center_longitude":44.79866666666666,"sanctioned_nodes":0,"policy_restricted_nodes":0,"threat_infrastructure_nodes":0,"stroke":"#e6a42b","fill":"#e6a42b","opacity":0.12,"marker_ring":false}},{"type":"Feature","id":"country-footprint:IS","geometry":{"type":"Polygon","coordinates":[[[-23.208783333333336,63.0732],[-21.084083333333332,63.0732],[-21.084083333333332,65.0732],[-23.208783333333336,65.0732],[-23.208783333333336,63.0732]]]},"properties":{"name":"IS Node Footprint","kind":"country-footprint","country":"IS","point_count":3,"center_latitude":64.0732,"center_longitude":-22.146433333333334,"sanctioned_nodes":0,"policy_restricted_nodes":0,"threat_infrastructure_nodes":0,"stroke":"#e6a42b","fill":"#e6a42b","opacity":0.12,"marker_ring":false}},{"type":"Feature","id":"country-footprint:KW","geometry":{"type":"Polygon","coordinates":[[[47.02066666666667,28.3329],[49.02066666666667,28.3329],[49.02066666666667,30.3329],[47.02066666666667,30.3329],[47.02066666666667,28.3329]]]},"properties":{"name":"KW Node Footprint","kind":"country-footprint","country":"KW","point_count":3,"center_latitude":29.3329,"center_longitude":48.02066666666667,"sanctioned_nodes":0,"policy_restricted_nodes":0,"threat_infrastructure_nodes":0,"stroke":"#e6a42b","fill":"#e6a42b","opacity":0.12,"marker_ring":false}},{"type":"Feature","id":"country-footprint:LI","geometry":{"type":"Polygon","coordinates":[[[8.509363333333333,46.15906666666667],[10.509363333333333,46.15906666666667],[10.509363333333333,48.15906666666667],[8.509363333333333,48.15906666666667],[8.509363333333333,46.15906666666667]]]},"properties":{"name":"LI Node Footprint","kind":"country-footprint","country":"LI","point_count":3,"center_latitude":47.15906666666667,"center_longitude":9.509363333333333,"sanctioned_nodes":0,"policy_restricted_nodes":0,"threat_infrastructure_nodes":0,"stroke":"#e6a42b","fill":"#e6a42b","opacity":0.12,"marker_ring":false}},{"type":"Feature","id":"country-footprint:SA","geometry":{"type":"Polygon","coordinates":[[[45.70636666666667,23.69633333333333],[47.70636666666667,23.69633333333333],[47.70636666666667,25.69633333333333],[45.70636666666667,25.69633333333333],[45.70636666666667,23.69633333333333]]]},"properties":{"name":"SA Node Footprint","kind":"country-footprint","country":"SA","point_count":3,"center_latitude":24.69633333333333,"center_longitude":46.70636666666667,"sanctioned_nodes":0,"policy_restricted_nodes":0,"threat_infrastructure_nodes":0,"stroke":"#e6a42b","fill":"#e6a42b","opacity":0.12,"marker_ring":false}},{"type":"Feature","id":"country-footprint:VE","geometry":{"type":"Polygon","coordinates":[[[-69.8167,8.5944],[-64.8041,8.5944],[-64.8041,11.25556],[-69.8167,11.25556],[-69.8167,8.5944]]]},"properties":{"name":"VE Node Footprint","kind":"country-footprint","country":"VE","point_count":3,"center_latitude":9.92498,"center_longitude":-67.3104,"sanctioned_nodes":0,"policy_restricted_nodes":0,"threat_infrastructure_nodes":0,"stroke":"#e6a42b","fill":"#e6a42b","opacity":0.12,"marker_ring":false}},{"type":"Feature","id":"country-footprint:VN","geometry":{"type":"Polygon","coordinates":[[[104.834,20.0278],[106.834,20.0278],[106.834,22.0278],[104.834,22.0278],[104.834,20.0278]]]},"properties":{"name":"VN Node Footprint","kind":"country-footprint","country":"VN","point_count":3,"center_latitude":21.0278,"center_longitude":105.834,"sanctioned_nodes":0,"policy_restricted_nodes":0,"threat_infrastructure_nodes":0,"stroke":"#e6a42b","fill":"#e6a42b","opacity":0.12,"marker_ring":false}},{"type":"Feature","id":"country-footprint:BY","geometry":{"type":"Polygon","coordinates":[[[29.9937,51.4313],[31.9937,51.4313],[31.9937,53.4313],[29.9937,53.4313],[29.9937,51.4313]]]},"properties":{"name":"BY Node Footprint","kind":"country-footprint","country":"BY","point_count":2,"center_latitude":52.4313,"center_longitude":30.9937,"sanctioned_nodes":0,"policy_restricted_nodes":0,"threat_infrastructure_nodes":0,"stroke":"#e6a42b","fill":"#e6a42b","opacity":0.12,"marker_ring":false}},{"type":"Feature","id":"country-footprint:HN","geometry":{"type":"Polygon","coordinates":[[[-88.19999999999999,13.095199999999998],[-86.19999999999999,13.095199999999998],[-86.19999999999999,15.095199999999998],[-88.19999999999999,15.095199999999998],[-88.19999999999999,13.095199999999998]]]},"properties":{"name":"HN Node Footprint","kind":"country-footprint","country":"HN","point_count":2,"center_latitude":14.095199999999998,"center_longitude":-87.19999999999999,"sanctioned_nodes":0,"policy_restricted_nodes":0,"threat_infrastructure_nodes":0,"stroke":"#e6a42b","fill":"#e6a42b","opacity":0.12,"marker_ring":false}},{"type":"Feature","id":"country-footprint:HR","geometry":{"type":"Polygon","coordinates":[[[14.9671,44.79565],[16.967100000000002,44.79565],[16.967100000000002,46.79565],[14.9671,46.79565],[14.9671,44.79565]]]},"properties":{"name":"HR Node Footprint","kind":"country-footprint","country":"HR","point_count":2,"center_latitude":45.79565,"center_longitude":15.9671,"sanctioned_nodes":0,"policy_restricted_nodes":0,"threat_infrastructure_nodes":0,"stroke":"#e6a42b","fill":"#e6a42b","opacity":0.12,"marker_ring":false}},{"type":"Feature","id":"country-footprint:KH","geometry":{"type":"Polygon","coordinates":[[[103.922,10.55945],[105.922,10.55945],[105.922,12.55945],[103.922,12.55945],[103.922,10.55945]]]},"properties":{"name":"KH Node Footprint","kind":"country-footprint","country":"KH","point_count":2,"center_latitude":11.55945,"center_longitude":104.922,"sanctioned_nodes":0,"policy_restricted_nodes":0,"threat_infrastructure_nodes":0,"stroke":"#e6a42b","fill":"#e6a42b","opacity":0.12,"marker_ring":false}},{"type":"Feature","id":"country-footprint:KZ","geometry":{"type":"Polygon","coordinates":[[[75.86705,42.230000000000004],[77.86705,42.230000000000004],[77.86705,44.230000000000004],[75.86705,44.230000000000004],[75.86705,42.230000000000004]]]},"properties":{"name":"KZ Node Footprint","kind":"country-footprint","country":"KZ","point_count":2,"center_latitude":43.230000000000004,"center_longitude":76.86705,"sanctioned_nodes":0,"policy_restricted_nodes":0,"threat_infrastructure_nodes":0,"stroke":"#e6a42b","fill":"#e6a42b","opacity":0.12,"marker_ring":false}},{"type":"Feature","id":"country-footprint:LU","geometry":{"type":"Polygon","coordinates":[[[5.02555,48.6365],[7.02555,48.6365],[7.02555,50.6365],[5.02555,50.6365],[5.02555,48.6365]]]},"properties":{"name":"LU Node Footprint","kind":"country-footprint","country":"LU","point_count":2,"center_latitude":49.6365,"center_longitude":6.02555,"sanctioned_nodes":0,"policy_restricted_nodes":0,"threat_infrastructure_nodes":0,"stroke":"#e6a42b","fill":"#e6a42b","opacity":0.12,"marker_ring":false}},{"type":"Feature","id":"country-footprint:MT","geometry":{"type":"Polygon","coordinates":[[[13.472100000000001,34.9011],[15.472100000000001,34.9011],[15.472100000000001,36.9011],[13.472100000000001,36.9011],[13.472100000000001,34.9011]]]},"properties":{"name":"MT Node Footprint","kind":"country-footprint","country":"MT","point_count":2,"center_latitude":35.9011,"center_longitude":14.472100000000001,"sanctioned_nodes":0,"policy_restricted_nodes":0,"threat_infrastructure_nodes":0,"stroke":"#e6a42b","fill":"#e6a42b","opacity":0.12,"marker_ring":false}},{"type":"Feature","id":"country-footprint:PH","geometry":{"type":"Polygon","coordinates":[[[120.12700000000001,13.52575],[122.12700000000001,13.52575],[122.12700000000001,15.52575],[120.12700000000001,15.52575],[120.12700000000001,13.52575]]]},"properties":{"name":"PH Node Footprint","kind":"country-footprint","country":"PH","point_count":2,"center_latitude":14.52575,"center_longitude":121.12700000000001,"sanctioned_nodes":0,"policy_restricted_nodes":0,"threat_infrastructure_nodes":0,"stroke":"#e6a42b","fill":"#e6a42b","opacity":0.12,"marker_ring":false}},{"type":"Feature","id":"country-footprint:QA","geometry":{"type":"Polygon","coordinates":[[[50.531,24.2854],[52.531,24.2854],[52.531,26.2854],[50.531,26.2854],[50.531,24.2854]]]},"properties":{"name":"QA Node Footprint","kind":"country-footprint","country":"QA","point_count":2,"center_latitude":25.2854,"center_longitude":51.531,"sanctioned_nodes":0,"policy_restricted_nodes":0,"threat_infrastructure_nodes":0,"stroke":"#e6a42b","fill":"#e6a42b","opacity":0.12,"marker_ring":false}},{"type":"Feature","id":"country-footprint:AD","geometry":{"type":"Polygon","coordinates":[[[0.6536200000000001,41.5795],[2.65362,41.5795],[2.65362,43.5795],[0.6536200000000001,43.5795],[0.6536200000000001,41.5795]]]},"properties":{"name":"AD Node Footprint","kind":"country-footprint","country":"AD","point_count":1,"center_latitude":42.5795,"center_longitude":1.65362,"sanctioned_nodes":0,"policy_restricted_nodes":0,"threat_infrastructure_nodes":0,"stroke":"#e6a42b","fill":"#e6a42b","opacity":0.12,"marker_ring":false}},{"type":"Feature","id":"country-footprint:BH","geometry":{"type":"Polygon","coordinates":[[[49.5876,25.2235],[51.5876,25.2235],[51.5876,27.2235],[49.5876,27.2235],[49.5876,25.2235]]]},"properties":{"name":"BH Node Footprint","kind":"country-footprint","country":"BH","point_count":1,"center_latitude":26.2235,"center_longitude":50.5876,"sanctioned_nodes":0,"policy_restricted_nodes":0,"threat_infrastructure_nodes":0,"stroke":"#e6a42b","fill":"#e6a42b","opacity":0.12,"marker_ring":false}},{"type":"Feature","id":"country-footprint:BO","geometry":{"type":"Polygon","coordinates":[[[-64.03960000000001,-18.9082],[-62.0396,-18.9082],[-62.0396,-16.9082],[-64.03960000000001,-16.9082],[-64.03960000000001,-18.9082]]]},"properties":{"name":"BO Node Footprint","kind":"country-footprint","country":"BO","point_count":1,"center_latitude":-17.9082,"center_longitude":-63.0396,"sanctioned_nodes":0,"policy_restricted_nodes":0,"threat_infrastructure_nodes":0,"stroke":"#e6a42b","fill":"#e6a42b","opacity":0.12,"marker_ring":false}},{"type":"Feature","id":"country-footprint:CW","geometry":{"type":"Polygon","coordinates":[[[-69.9282,11.1106],[-67.9282,11.1106],[-67.9282,13.1106],[-69.9282,13.1106],[-69.9282,11.1106]]]},"properties":{"name":"CW Node Footprint","kind":"country-footprint","country":"CW","point_count":1,"center_latitude":12.1106,"center_longitude":-68.9282,"sanctioned_nodes":0,"policy_restricted_nodes":0,"threat_infrastructure_nodes":0,"stroke":"#e6a42b","fill":"#e6a42b","opacity":0.12,"marker_ring":false}},{"type":"Feature","id":"country-footprint:CY","geometry":{"type":"Polygon","coordinates":[[[32.6279,33.9221],[34.6279,33.9221],[34.6279,35.9221],[32.6279,35.9221],[32.6279,33.9221]]]},"properties":{"name":"CY Node Footprint","kind":"country-footprint","country":"CY","point_count":1,"center_latitude":34.9221,"center_longitude":33.6279,"sanctioned_nodes":0,"policy_restricted_nodes":0,"threat_infrastructure_nodes":0,"stroke":"#e6a42b","fill":"#e6a42b","opacity":0.12,"marker_ring":false}},{"type":"Feature","id":"country-footprint:FO","geometry":{"type":"Polygon","coordinates":[[[-7.78127,61.0341],[-5.78127,61.0341],[-5.78127,63.0341],[-7.78127,63.0341],[-7.78127,61.0341]]]},"properties":{"name":"FO Node Footprint","kind":"country-footprint","country":"FO","point_count":1,"center_latitude":62.0341,"center_longitude":-6.78127,"sanctioned_nodes":0,"policy_restricted_nodes":0,"threat_infrastructure_nodes":0,"stroke":"#e6a42b","fill":"#e6a42b","opacity":0.12,"marker_ring":false}},{"type":"Feature","id":"country-footprint:JE","geometry":{"type":"Polygon","coordinates":[[[-3.10491,48.188],[-1.1049099999999998,48.188],[-1.1049099999999998,50.188],[-3.10491,50.188],[-3.10491,48.188]]]},"properties":{"name":"JE Node Footprint","kind":"country-footprint","country":"JE","point_count":1,"center_latitude":49.188,"center_longitude":-2.10491,"sanctioned_nodes":0,"policy_restricted_nodes":0,"threat_infrastructure_nodes":0,"stroke":"#e6a42b","fill":"#e6a42b","opacity":0.12,"marker_ring":false}},{"type":"Feature","id":"country-footprint:PA","geometry":{"type":"Polygon","coordinates":[[[-80.5254,7.98475],[-78.5254,7.98475],[-78.5254,9.98475],[-80.5254,9.98475],[-80.5254,7.98475]]]},"properties":{"name":"PA Node Footprint","kind":"country-footprint","country":"PA","point_count":1,"center_latitude":8.98475,"center_longitude":-79.5254,"sanctioned_nodes":0,"policy_restricted_nodes":0,"threat_infrastructure_nodes":0,"stroke":"#e6a42b","fill":"#e6a42b","opacity":0.12,"marker_ring":false}},{"type":"Feature","id":"country-footprint:PE","geometry":{"type":"Polygon","coordinates":[[[-78.098,-13.0535],[-76.098,-13.0535],[-76.098,-11.0535],[-78.098,-11.0535],[-78.098,-13.0535]]]},"properties":{"name":"PE Node Footprint","kind":"country-footprint","country":"PE","point_count":1,"center_latitude":-12.0535,"center_longitude":-77.098,"sanctioned_nodes":0,"policy_restricted_nodes":0,"threat_infrastructure_nodes":0,"stroke":"#e6a42b","fill":"#e6a42b","opacity":0.12,"marker_ring":false}},{"type":"Feature","id":"country-footprint:PK","geometry":{"type":"Polygon","coordinates":[[[66.026,23.8549],[68.026,23.8549],[68.026,25.8549],[66.026,25.8549],[66.026,23.8549]]]},"properties":{"name":"PK Node Footprint","kind":"country-footprint","country":"PK","point_count":1,"center_latitude":24.8549,"center_longitude":67.026,"sanctioned_nodes":0,"policy_restricted_nodes":0,"threat_infrastructure_nodes":0,"stroke":"#e6a42b","fill":"#e6a42b","opacity":0.12,"marker_ring":false}},{"type":"Feature","id":"country-footprint:PR","geometry":{"type":"Polygon","coordinates":[[[-67.3975,17.447],[-65.3975,17.447],[-65.3975,19.447],[-67.3975,19.447],[-67.3975,17.447]]]},"properties":{"name":"PR Node Footprint","kind":"country-footprint","country":"PR","point_count":1,"center_latitude":18.447,"center_longitude":-66.3975,"sanctioned_nodes":0,"policy_restricted_nodes":0,"threat_infrastructure_nodes":0,"stroke":"#e6a42b","fill":"#e6a42b","opacity":0.12,"marker_ring":false}},{"type":"Feature","id":"country-footprint:RE","geometry":{"type":"Polygon","coordinates":[[[54.3024,-21.9522],[56.3024,-21.9522],[56.3024,-19.9522],[54.3024,-19.9522],[54.3024,-21.9522]]]},"properties":{"name":"RE Node Footprint","kind":"country-footprint","country":"RE","point_count":1,"center_latitude":-20.9522,"center_longitude":55.3024,"sanctioned_nodes":0,"policy_restricted_nodes":0,"threat_infrastructure_nodes":0,"stroke":"#e6a42b","fill":"#e6a42b","opacity":0.12,"marker_ring":false}},{"type":"Feature","id":"tor-overlay-zone","geometry":{"type":"Polygon","coordinates":[[[-42.0,-12.0],[-22.0,-12.0],[-22.0,12.0],[-42.0,12.0],[-42.0,-12.0]]]},"properties":{"name":"Tor Atlantic Overlay Zone","kind":"overlay-zone","network":"tor","symbolic":true,"stroke":"#9d67ad","fill":"#9d67ad","opacity":0.18,"note":"TOR nodes are symbolically plotted because physical attribution is intentionally ambiguous."}},{"type":"Feature","id":"i2p-overlay-zone","geometry":{"type":"Polygon","coordinates":[[[22.0,-12.0],[42.0,-12.0],[42.0,12.0],[22.0,12.0],[22.0,-12.0]]]},"properties":{"name":"I2P Indian Ocean Overlay Zone","kind":"overlay-zone","network":"i2p","symbolic":true,"stroke":"#b889ff","fill":"#b889ff","opacity":0.18,"note":"I2P nodes are symbolically plotted because physical attribution is intentionally ambiguous."}}]}
